tree
version=v4
num_class=1
num_tree_per_iteration=1
label_index=0
max_feature_idx=48
objective=regression
feature_names=Column_0 Column_1 Column_2 Column_3 Column_4 Column_5 Column_6 Column_7 Column_8 Column_9 Column_10 Column_11 Column_12 Column_13 Column_14 Column_15 Column_16 Column_17 Column_18 Column_19 Column_20 Column_21 Column_22 Column_23 Column_24 Column_25 Column_26 Column_27 Column_28 Column_29 Column_30 Column_31 Column_32 Column_33 Column_34 Column_35 Column_36 Column_37 Column_38 Column_39 Column_40 Column_41 Column_42 Column_43 Column_44 Column_45 Column_46 Column_47 Column_48
feature_infos=[12:298] [-64:64] [-1:1] [0:50] [0:54] [0:0.80000000000000004] [0:0.81818181818181823] [0:30] [0:30] [0:16] [0:19] [0:0.68965517241379315] [0:42] [0:43] [0:80] [0:84] [0:13] [0:4] [0:4] [0:6] [0:2] [1:54] [1:53] [0:0.16666666666666666] [0:0.2929600950367654] [0:1.1944444444444444] [0:70] [0:0.21944444444444444] [0:5.927777777777778] [0:0.21944444444444444] [0:0.16666666666666666] [-0.07079365079365077:0.074867724867724861] [0:0.13819444444444445] [0:0.22187441918237702] [0:0.96111111111111114] [0:70] [0:0.1788888888888889] [0:5.416666666666667] [0:0.1788888888888889] [0:0.16500000000000001] [-0.07079365079365077:0.079999999999999974] none [0:30] [0:1] [0:1] [0:1] [0:1] [0:1] [0:1]
tree_sizes=13808 13952 13954 13905 13978 13919 13923 13971 13930 13948 13923 13932 13921 13922 13961 13984 13951 13876 13938 13958 13926 13914 13949 13963 13871

Tree=0
num_leaves=127
num_cat=0
split_feature=27 38 38 1 1 1 34 30 1 12 0 1 30 33 27 1 11 27 25 27 11 12 1 1 38 27 5 43 30 25 11 11 38 11 31 30 11 0 1 12 1 37 27 34 11 1 39 12 34 37 11 11 31 27 39 27 33 15 5 27 15 39 30 11 1 27 38 27 27 25 38 38 0 1 1 42 25 2 25 23 39 1 38 5 25 11 0 25 24 1 34 4 25 25 1 28 4 30 3 1 38 1 31 0 25 11 27 5 38 1 10 25 47 27 37 27 25 30 33 25 33 37 38 2 1 7
split_gain=2.95699e+09 5.79299e+08 5.53744e+08 2.17041e+08 1.75156e+08 1.56837e+08 1.42212e+08 1.24127e+08 1.1301e+08 1.10707e+08 1.09504e+08 7.56494e+07 9.03627e+07 7.22611e+07 6.12687e+07 5.87249e+07 5.43173e+07 4.85541e+07 4.67086e+07 4.64411e+07 3.65944e+07 3.31257e+07 3.20924e+07 3.15536e+07 3.11961e+07 2.93961e+07 2.93827e+07 2.86801e+07 2.77019e+07 2.53956e+07 2.50976e+07 2.33133e+07 2.25876e+07 2.21939e+07 2.0722e+07 2.05183e+07 1.94522e+07 1.93265e+07 1.86289e+07 1.83329e+07 1.79041e+07 1.9656e+07 1.7762e+07 1.71304e+07 1.70994e+07 1.69304e+07 1.64178e+07 1.62351e+07 1.61756e+07 1.60124e+07 1.59171e+07 1.58246e+07 1.57823e+07 1.52023e+07 1.49972e+07 1.49419e+07 1.48753e+07 1.46991e+07 1.45586e+07 1.44723e+07 1.43518e+07 1.70059e+07 1.36646e+07 1.36153e+07 1.31893e+07 1.30204e+07 1.29908e+07 1.2627e+07 1.25571e+07 1.22187e+07 1.22033e+07 1.18847e+07 1.1852e+07 1.16755e+07 1.14053e+07 1.13235e+07 1.10585e+07 1.05211e+07 1.05177e+07 1.06024e+07 1.02839e+07 1.02671e+07 1.02266e+07 1.01813e+07 1.22663e+07 1.00773e+07 1.00323e+07 1.00261e+07 9.9975e+06 9.95338e+06 9.88989e+06 9.87995e+06 9.86718e+06 9.69475e+06 9.57965e+06 9.51609e+06 9.3934e+06 9.37093e+06 9.25313e+06 9.247e+06 9.227e+06 9.00608e+06 8.94986e+06 8.82666e+06 8.78164e+06 8.70077e+06 8.62015e+06 8.39973e+06 8.34008e+06 8.29174e+06 8.2095e+06 7.98706e+06 7.92151e+06 7.79062e+06 7.76631e+06 7.75468e+06 9.9542e+06 7.70127e+06 7.7622e+06 7.45078e+06 7.41987e+06 7.12972e+06 7.08168e+06 7.03559e+06 7.0095e+06 6.97997e+06
threshold=0.012870370370370372 0.0089583333333333338 0.015648148148148151 -6.4999999999999991 -5.4999999999999991 -6.4999999999999991 0.069444444444444461 0.012870370370370372 6.5000000000000009 1.0000000180025095e-35 38.500000000000007 8.5000000000000018 0.020069444444444449 0.017934132703163307 0.0071825396825396836 -6.4999999999999991 0.26589011580931865 0.0099382716049382733 0.34722222222222227 0.0061419753086419766 0.25543735224586289 1.0000000180025095e-35 10.500000000000002 -6.4999999999999991 0.0094841269841269855 0.023981481481481482 0.10275263951734541 1.0000000180025095e-35 0.003402777777777778 0.49722222222222229 0.259437321937322 0.26425937974409025 0.0077083333333333335 0.27228596646072378 0.00062380453426666568 0.011970899470899472 0.25872210953346864 16.500000000000004 -4.4999999999999991 1.0000000180025095e-35 -14.499999999999998 0.25277777777777782 0.0081790123456790143 0.18055555555555558 0.23616579177602801 -14.499999999999998 0.0039285714285714297 1.0000000180025095e-35 0.15277777777777782 0.93611111111111123 0.27435167615433276 0.26539642405634828 0.00048622928333073287 0.018425925925925932 0.0049691358024691367 0.0078571428571428594 0.013967618863294213 9.5000000000000018 0.066228070175438608 0.0093518518518518542 11.500000000000002 0.016388888888888894 0.0071825396825396836 0.25824574121058358 8.5000000000000018 0.019598765432098767 0.011970899470899472 0.0084876543209876556 0.0073148148148148157 0.069444444444444461 0.035092592592592599 0.019920634920634925 24.500000000000004 10.500000000000002 16.500000000000004 1.5000000000000002 0.23611111111111113 -1.0000000180025095e-35 0.10277777777777779 0.017621784345922282 0.003402777777777778 -10.499999999999998 0.019598765432098767 0.17883795309168446 0.052777777777777785 0.26488306165839837 42.500000000000007 0.075000000000000011 0.042990766125970054 5.5000000000000009 0.16944444444444448 1.0000000180025095e-35 0.13611111111111115 0.15833333333333335 14.500000000000002 0.79166666666666674 1.0000000180025095e-35 0.0039285714285714297 1.5000000000000002 8.5000000000000018 0.0064153439153439165 7.5000000000000009 0.00041869938046849631 57.500000000000007 0.13611111111111115 0.29280610987928063 0.019598765432098767 0.11922530206112296 0.040648148148148149 3.5000000000000004 12.500000000000002 0.12500000000000003 1.0000000180025095e-35 0.018293650793650796 0.3083333333333334 0.026150793650793657 0.24722222222222226 0.030079365079365084 0.015408789406865421 0.10277777777777779 0.042665045521900209 0.18055555555555558 0.0045370370370370382 1.0000000180025095e-35 10.500000000000002 12.500000000000002
decision_type=2 2 2 2 2 2 2 2 2 2 2 2 2 2 2 2 2 2 2 2 2 2 2 2 2 2 2 2 2 2 2 2 2 2 2 2 2 2 2 2 2 2 2 2 2 2 2 2 2 2 2 2 2 2 2 2 2 2 2 2 2 2 2 2 2 2 2 2 2 2 2 2 2 2 2 2 2 2 2 2 2 2 2 2 2 2 2 2 2 2 2 2 2 2 2 2 2 2 2 2 2 2 2 2 2 2 2 2 2 2 2 2 2 2 2 2 2 2 2 2 2 2 2 2 2 2
left_child=1 6 3 27 21 16 15 18 10 35 37 12 60 24 38 67 28 30 22 122 42 62 56 -16 49 43 32 93 -3 46 52 72 -15 71 44 57 112 -7 97 69 -23 105 121 58 -34 -18 -13 -26 85 107 124 80 110 -36 -24 74 -5 -6 91 82 61 63 -4 -11 100 89 -28 -1 -41 -30 -50 78 -21 119 -22 87 -67 104 117 -80 -25 -38 -39 84 -44 86 96 -58 -46 92 -57 -14 -37 -2 103 -63 -27 -8 -95 102 -40 -33 -82 -48 -32 -42 -64 -9 123 -68 -12 -47 -29 -56 -53 -43 -117 118 -19 -74 -84 -10 -17 -62 -49 -86
right_child=2 5 4 7 9 8 14 13 20 11 17 29 25 26 23 19 45 33 -20 31 55 40 54 51 47 48 66 36 39 -31 77 101 34 -35 53 65 81 59 64 68 41 115 83 -45 88 111 94 50 70 -51 -52 114 -54 -55 113 90 75 -59 -60 -61 108 95 106 -65 -66 76 109 -69 -70 -71 -72 -73 73 -75 -76 -77 -78 -79 79 -81 99 -83 120 -85 125 -87 -88 -89 -90 -91 -92 -93 -94 98 -96 -97 -98 -99 -100 -101 -102 -103 -104 -105 -106 -107 -108 -109 -110 -111 -112 -113 -114 -115 -116 116 -118 -119 -120 -121 -122 -123 -124 -125 -126 -127
leaf_value=1689.4231535662282 1666.8641336314499 1700.3851489364561 1678.9215081009027 1686.7791256903995 1694.4771216419556 1672.9146759063044 1709.7986748893759 1687.4705027691571 1696.6917394341979 1699.3822986807786 1702.846851717266 1689.8565197620692 1684.9117330665945 1697.0308182652491 1691.3597275384602 1703.6108610094138 1666.6176181051692 1687.4273883506344 1704.2052213869863 1685.8597279820794 1687.6437567257985 1663.0961177057322 1696.1472939206296 1710.5497096757929 1671.2661913603397 1674.5083916306805 1685.7288238216436 1682.4829400449855 1671.0752407286755 1694.0823303325967 1687.504719339124 1690.1053608155419 1696.6816740561649 1685.7115200993658 1687.295845637906 1672.2033601139167 1666.7827212968994 1691.2559239617381 1708.1874305007602 1690.4769815376535 1677.1674120519942 1669.7908943694811 1678.2937331667599 1685.0664912912305 1685.1040549835748 1675.6439793694069 1667.9711733571039 1682.797835252961 1682.6299365605723 1672.3278324292814 1673.0988917613072 1700.1792382985439 1696.0873371059222 1678.4664899354491 1684.7789918348681 1676.2298940270693 1690.7919379533387 1673.6461985069227 1673.7581699393766 1682.5769428021943 1679.7528270524699 1687.1787767550932 1665.1399652248517 1686.2556205063399 1700.4226080217011 1665.4597923474862 1682.558425802868 1681.1942885839705 1683.3305737997039 1683.5100131638617 1671.776399141688 1687.5032791956241 1695.6971450563758 1687.7583215515488 1669.5949132503893 1690.1251906717016 1676.7184007411088 1695.4120121679925 1711.4944542564563 1695.9283662896753 1704.0439340947516 1676.4660233832813 1676.6282544410533 1678.7615600415554 1688.0256093569558 1666.0329836160372 1678.2971823176583 1702.1965454946326 1700.2227650423347 1666.3026407102279 1687.9136158821357 1677.4893135179905 1685.5958761725294 1670.2158387698446 1665.5269125317184 1675.9722417177388 1662.4856938232631 1698.52977653176 1689.6182117074882 1695.7488183386008 1704.1163117168635 1681.1369905103063 1699.5015814892763 1674.4349932640475 1698.2366513112738 1666.2544239544552 1659.2191556484431 1679.2471292682233 1669.9156371711786 1673.3855131158309 1696.5108711240607 1684.7505638441107 1672.3125969696982 1674.1985998446194 1693.2748267498791 1661.824165711718 1678.4754091461309 1684.5832588593842 1695.2747547107463 1701.3848659099117 1693.153166367397 1688.8999581161695 1698.8413944248955 1689.1555513179931 1670.303372662341 1700.1848358640254
leaf_weight=1367.8577103316784 1584.4070341289043 267.38637053966522 110.37423178553581 512.99200594425201 118.32435750961304 323.361810952425 208.89953574538231 1379.1555205583572 601.02251100540161 509.59110769629478 2035.9672301113605 99.263396799564362 703.96789914369583 729.81334567070007 1334.6045548021793 1108.4050624370575 480.11084246635437 442.61326688528061 825.73944261670113 311.75133714079857 753.74490767717361 1194.4878421425819 165.90664067864418 270.69078996777534 1147.2143424451351 350.28399297595024 992.89710587263107 1091.0761590898037 415.82396900653839 111.48490539193153 1059.4862367212772 1448.0661678016186 824.07847490906715 1612.4185285568237 1331.6482258737087 1177.0525423884392 540.19482550024986 1249.0901930332184 3401.6065297424793 897.42242899537086 1023.082517772913 1315.7343536615372 317.49154695868492 876.79890882968903 884.17680743336678 1306.8867759108543 1054.2553307116032 1323.4851638972759 555.10990378260612 259.66625833511353 844.50284197926521 621.19055917859077 3233.9725909531116 769.08217307925224 343.40163615345955 1624.076891630888 253.11643314361572 297.88844940066338 1615.8543313443661 1742.7920505106449 530.73817628622055 984.11070755124092 879.10492610931396 322.5931376516819 1047.7086201012135 3262.5171957910061 459.11638727784157 707.21709272265434 1951.0446622371674 376.36148065328598 485.48845398426056 894.52966099977493 2588.3333880901337 384.33024987578392 99.027342706918716 466.15530639886856 233.73154020309448 1712.57040604949 119.34915912151337 1311.2313812673092 1914.5545766353607 554.9725986123085 236.3016220331192 474.58677470684052 1157.3458494544029 922.88041803240776 508.61606100201607 807.54324442148209 124.77679771184921 671.35413211584091 203.8554835319519 1234.6454215049744 155.72989732027054 171.8056326508522 1142.9434172213078 234.58955869078636 302.99759986996651 1578.4849595725536 95.66660350561142 840.35204139351845 2355.5917099118233 347.01136329770088 2500.9766884446144 1058.3559258878231 232.43427768349648 222.33921554684639 2044.2433632016182 400.76822432875633 135.41084805130959 531.63294899463654 682.66672939062119 295.15649497509003 232.20638081431389 352.65657413005829 1182.7971769869328 782.18836537003517 101.38783878087997 328.81137782335281 1093.9976397752762 740.52589306235313 95.335508048534393 573.95491728186607 2613.1151411533356 318.23338651657104 122.65436995029449 131.43041145801544
leaf_count=2164 1376 306 97 700 138 352 194 1904 849 569 2355 123 890 934 1958 1376 421 665 992 398 1064 852 195 240 1173 332 1269 1514 479 160 1479 2129 1035 2203 1801 1145 509 1743 3417 1354 1262 1302 417 1154 1129 1670 984 1735 674 285 911 763 4442 945 465 2067 311 306 1802 2274 636 1246 667 447 1343 2438 574 1020 2793 468 520 1168 3675 600 103 688 272 2292 92 1737 2166 687 280 611 1611 777 563 880 157 557 298 1491 193 189 917 275 209 2229 126 1221 2724 483 3370 1207 319 194 1142 509 128 600 926 417 254 369 1711 513 130 435 1449 928 130 826 3575 433 140 159
internal_value=1685.98 1693.45 1676.73 1683.04 1672.14 1688.62 1698.52 1685.73 1690.41 1674.6 1692.34 1677.02 1679.12 1683.28 1701.4 1694.24 1681.38 1694.26 1693.71 1695.9 1684.41 1665.71 1690.73 1698.43 1679.03 1676.19 1686.78 1673.03 1684.85 1670.61 1696.57 1693.11 1688.95 1690.7 1687.45 1668.86 1676.62 1684.58 1704.39 1683.71 1668.37 1670.2 1687.97 1678.81 1691.34 1674.85 1669.83 1676.12 1672.47 1683.93 1678.55 1699.72 1698.45 1684.06 1682.64 1680.08 1694.15 1679.57 1677.26 1685.72 1686.4 1688.78 1661.65 1694.29 1705.58 1668.05 1681.69 1686.62 1685.58 1676.98 1677.57 1692.61 1695.22 1696.01 1685.55 1696.62 1666.21 1692.84 1694 1697.23 1701.05 1671.69 1689.18 1685.2 1687.1 1669.93 1673.03 1699.47 1686.97 1671.27 1677.53 1680.18 1673.77 1668.35 1669.21 1685.02 1668.93 1699.85 1677.16 1700.56 1706.52 1688.37 1701.47 1671.21 1689.44 1675.22 1661 1685.62 1681.44 1677.64 1701.26 1677.32 1680.7 1679.42 1695.65 1667.36 1663.73 1691.53 1693.01 1696.96 1681.38 1692.89 1700.26 1683.28 1681.74 1689.27
internal_weight=106978 59207.7 47770.3 20122.5 27647.8 30333.7 28874.1 15852.2 24343.5 19974.8 18406.9 14058.2 10591.9 12124.7 17257.5 11616.6 5990.19 14760 3727.51 9541.54 5936.54 7672.94 2901.77 8665.17 5477.45 7556.64 6647.22 4270.33 3908.04 3466.3 8957.1 5820.02 4663.58 5802.95 3933.76 5916.6 2418.45 3646.88 8592.29 3640.65 4639.22 3444.73 3255.83 4431.27 1833.03 2082.15 3354.82 3437.86 3125.38 2039.59 2290.64 7330.56 5952.61 2100.73 861.965 2680.7 2039.81 416.213 3554.47 3323.52 3035.27 2050.88 3033.72 832.184 6804.91 5500.39 1983.65 2075.07 2848.47 792.185 1040.6 4190.53 4024.94 3713.19 852.772 1526.81 3496.25 3004.49 3296 1430.58 5526.57 1095.17 1580.73 2080.85 1606.27 2084.78 1161.9 1060.66 1008.95 2004.14 1827.93 1938.61 1332.78 1851.88 3255.55 1218.7 653.282 1787.38 267.472 5255.88 5757.2 1795.08 4415.53 2112.61 1291.92 1245.42 2923.35 1779.92 984.382 990.749 2718.63 1602.04 1323.28 696.058 1803.99 2199.31 883.576 1865.42 1536.61 3328.86 331.637 1174.98 3721.52 848.972 1446.14 1288.78
internal_count=129039 77938 51101 24356 26745 40254 37684 19701 32346 20586 24341 15537 12146 15101 21336 16348 7908 19562 4600 13164 8005 6159 3608 11429 6657 8412 8444 4655 5400 3391 11813 8213 6001 7749 5067 5049 2964 4779 9907 5094 4253 3401 4473 5337 2321 2508 3231 3959 3075 2698 2786 9471 7723 2746 1029 3532 2579 444 4183 4427 3734 2537 1906 1016 7484 4605 2443 3184 4147 947 1194 5546 5601 5203 1167 1879 2710 4090 4378 1829 6997 1196 2153 2798 2187 1881 1104 1191 1286 1895 2365 2381 1338 1691 3108 1521 541 2423 315 6757 6141 2612 5536 2191 1798 1456 1809 2413 1197 1174 3281 2087 1768 834 2474 1945 643 2549 2114 4603 410 1675 4951 1069 1875 1770
is_linear=0
shrinkage=1


Tree=1
num_leaves=127
num_cat=0
split_feature=29 36 36 12 34 36 11 11 34 29 36 30 12 29 29 33 25 11 29 34 34 25 36 33 11 25 6 29 2 2 29 25 23 24 11 25 29 2 33 6 33 30 25 6 32 5 25 6 12 34 36 2 25 30 5 6 36 6 2 6 14 24 23 29 30 30 25 6 6 13 15 6 33 25 23 24 23 5 34 6 24 12 32 11 33 42 2 14 30 29 24 6 29 11 24 34 25 5 11 14 5 3 34 6 24 23 30 29 24 25 6 33 25 29 6 7 24 23 29 24 25 23 29 29 42 34
split_gain=2.67309e+09 5.98447e+08 4.21867e+08 1.95878e+08 1.19163e+08 1.13265e+08 1.07734e+08 9.43784e+07 7.69871e+07 6.47968e+07 6.35441e+07 5.06988e+07 4.82143e+07 4.78558e+07 4.59762e+07 3.93132e+07 3.73402e+07 3.73061e+07 3.48507e+07 3.47211e+07 3.19549e+07 2.89395e+07 2.82043e+07 3.0287e+07 2.73198e+07 2.61869e+07 2.55133e+07 2.38344e+07 2.17763e+07 2.157e+07 2.10314e+07 2.35868e+07 2.07548e+07 2.04579e+07 1.99759e+07 1.72417e+07 1.68821e+07 1.684e+07 1.59428e+07 1.57749e+07 1.5521e+07 1.52067e+07 1.5116e+07 1.4892e+07 1.45016e+07 1.44932e+07 1.42673e+07 1.41756e+07 1.40973e+07 1.40235e+07 1.32466e+07 1.49154e+07 1.3207e+07 1.30003e+07 1.27168e+07 1.2665e+07 1.21864e+07 1.21121e+07 1.20755e+07 1.20358e+07 1.18495e+07 1.12643e+07 1.09147e+07 1.07657e+07 1.07499e+07 1.06296e+07 1.06008e+07 1.04712e+07 1.02812e+07 1.00658e+07 9.98803e+06 9.89536e+06 9.8766e+06 9.82972e+06 1.21784e+07 1.11663e+07 9.59881e+06 9.56577e+06 9.54251e+06 9.50137e+06 9.48672e+06 9.46921e+06 9.42991e+06 9.4044e+06 9.39267e+06 9.31457e+06 9.09797e+06 9.03474e+06 8.66058e+06 8.63869e+06 8.72886e+06 8.62685e+06 8.50579e+06 8.14252e+06 8.05688e+06 8.02272e+06 8.02052e+06 8.70075e+06 7.98295e+06 7.9017e+06 7.89129e+06 7.70916e+06 7.6076e+06 7.54119e+06 7.53196e+06 1.09192e+07 7.52302e+06 8.99249e+06 8.07569e+06 7.52078e+06 7.47249e+06 7.39546e+06 7.36836e+06 7.35404e+06 7.32368e+06 7.30751e+06 7.29934e+06 7.27678e+06 7.25598e+06 7.25151e+06 7.22735e+06 7.22419e+06 7.16838e+06 7.14535e+06 7.12955e+06 7.11065e+06
threshold=0.011697530864197532 0.01404320987654321 0.0089583333333333338 1.0000000180025095e-35 0.069444444444444461 0.0089583333333333338 0.27093068535825549 0.27435167615433276 0.10277777777777779 0.0078571428571428594 0.021635802469135806 0.012283950617283953 1.0000000180025095e-35 0.0071825396825396836 0.0061419753086419766 0.012192294837886681 0.069444444444444461 0.24712491738268344 0.019598765432098767 0.16944444444444448 0.11944444444444445 0.069444444444444461 0.01404320987654321 0.016643851199538772 0.26944684528954194 0.32500000000000007 0.1082709215239336 0.02675925925925926 -1.0000000180025095e-35 -1.0000000180025095e-35 0.016388888888888894 0.20277777777777781 0.019562701288244774 0.018798043422353514 0.24712491738268344 0.20833333333333334 0.019598765432098767 -1.0000000180025095e-35 0.026915670937379007 0.23845060412224592 0.021644209128337522 0.02194444444444445 0.45833333333333343 0.060120481927710849 0.029220164609053502 0.17521929824561405 0.19166666666666668 0.21076774505070017 1.0000000180025095e-35 0.13055555555555556 0.018293650793650796 1.0000000180025095e-35 0.12500000000000003 0.026150793650793657 0.15821566110397947 0.080229885057471279 0.0064153439153439165 0.18127053669222346 1.0000000180025095e-35 0.10557275541795667 15.500000000000002 0.016522762415609221 0.018916181099725409 0.032314814814814817 0.031706349206349217 0.021635802469135806 0.17500000000000002 0.23845060412224592 0.1045643873654981 1.0000000180025095e-35 16.500000000000004 0.069204980842911892 0.015408789406865421 0.21944444444444447 0.019562701288244774 0.018240426071478365 0.047924741602067188 0.10275263951734541 0.14722222222222223 0.11796331435800128 0.01767987262623677 4.5000000000000009 0.023021094402673355 0.25652371227592469 0.016737375726538214 1.5000000000000002 -1.0000000180025095e-35 12.500000000000002 0.018425925925925932 0.018293650793650796 0.021911638125364761 0.13536417773705914 0.01404320987654321 0.2103356216628528 0.025021941431270938 0.11944444444444445 0.46388888888888896 0.10673139158576053 0.26539642405634828 7.5000000000000009 0.100561797752809 3.5000000000000004 0.080555555555555561 0.16754385964912283 0.029937993933832504 0.014693349263241737 0.040648148148148149 0.018293650793650796 0.022135286471199493 0.48611111111111116 0.097800095648015326 0.020265489025062165 0.10833333333333335 0.0084876543209876556 0.034286833855799378 10.500000000000002 0.012578403835399756 0.029139391605698887 0.0094841269841269855 0.020411923454544394 0.10277777777777779 0.016027392461818692 0.0089583333333333338 0.0073148148148148157 1.5000000000000002 0.063888888888888898
decision_type=2 2 2 2 2 2 2 2 2 2 2 2 2 2 2 2 2 2 2 2 2 2 2 2 2 2 2 2 2 2 2 2 2 2 2 2 2 2 2 2 2 2 2 2 2 2 2 2 2 2 2 2 2 2 2 2 2 2 2 2 2 2 2 2 2 2 2 2 2 2 2 2 2 2 2 2 2 2 2 2 2 2 2 2 2 2 2 2 2 2 2 2 2 2 2 2 2 2 2 2 2 2 2 2 2 2 2 2 2 2 2 2 2 2 2 2 2 2 2 2 2 2 2 2 2 2
left_child=2 5 4 18 14 11 9 10 12 21 20 33 73 56 86 81 26 41 40 27 29 48 23 -8 59 32 50 67 79 89 102 58 60 57 43 36 54 98 62 45 -3 61 71 64 -42 53 63 65 -4 123 51 122 117 68 125 96 78 -2 -32 69 111 87 80 110 100 93 91 92 115 -16 82 -19 -53 74 75 -7 -54 -39 -6 119 -17 -13 -22 106 -47 -35 116 -14 101 90 -5 -34 -12 -23 -95 -79 97 -21 103 113 -10 -60 -9 -15 105 -25 108 -108 -64 -33 -36 -20 -94 -26 -55 -18 -1 -29 -51 -24 -71 -86 -11 -30 -37 -31
right_child=1 3 6 7 13 8 22 30 34 16 19 15 17 37 24 38 39 42 25 55 70 47 28 104 99 -27 -28 52 49 35 31 109 66 85 46 124 -38 77 -40 -41 44 -43 -44 -45 -46 84 -48 -49 -50 118 -52 72 76 114 -56 -57 -58 -59 88 -61 -62 -63 83 -65 -66 -67 -68 -69 -70 120 -72 -73 -74 -75 -76 -77 -78 95 -80 -81 -82 -83 -84 -85 121 -87 -88 -89 -90 -91 -92 -93 112 94 -96 -97 -98 -99 -100 -101 -102 -103 -104 -105 -106 -107 107 -109 -110 -111 -112 -113 -114 -115 -116 -117 -118 -119 -120 -121 -122 -123 -124 -125 -126 -127
leaf_value=5.6996793295378678 6.172715059402428 -17.353510045681507 -1.4005225384834135 -10.917004560200887 17.871221609244206 -11.473414942224469 -3.5776483849939247 -13.85550920485834 15.080961713694457 4.4603041832035846 -3.7852048618379786 -10.791682550402978 2.4004705842996534 11.752489442823094 3.5298809458750364 4.3501869720376209 8.7934073964576349 -6.8964429461913754 -9.9596259877308668 -1.2329846591632336 12.794545447186506 17.939712240848731 -9.827024988695312 9.6695000952270203 5.5081943952868047 -1.5513824587451488 -8.5511262237667278 -14.368512282434535 1.8306354107778162 -5.1836839560804329 -19.317953036562944 -9.9731564431135187 -20.469221755262918 15.53633931465307 -1.0618663155121515 18.28702392854024 -10.086264147444139 15.621482704526663 8.6696994652079269 -7.8256394293013436 -6.5324240673114788 -4.3809908016075045 8.1931187467380227 -0.017447600647869276 -14.869318531079296 -12.085379419057368 7.8288754720902354 -1.23912659267433 6.7601515539303012 9.0274820738303951 -4.2899287942232824 0.78878986216481328 -11.356342054065941 6.7580930587958719 -8.864842807274508 -10.611801189122327 15.252012808677794 -12.99273943697591 -1.7957993888993258 1.9219165881595388 -20.669344802143854 6.2972642479107916 0.30762231992309619 -22.189928140139976 1.6224673974038297 9.3325749375766645 -16.110282297771118 -23.922765998114372 3.7413703100973517 8.7104685313102603 -6.7141668172959399 -12.964513628332956 9.3239098329878143 1.4676847402402926 -16.816254215501388 4.6893548600080743 -22.135756982274085 7.9863320446506041 23.023239529567345 -14.139315676637693 19.697310321037587 -2.6200673957419007 1.1092229273358964 -3.655921080424883 21.281503184320954 2.1525319588511715 14.246267449223362 -9.6284705732268474 -15.809291381159646 -12.785244161490818 -1.6436418151337062 -24.719777914188601 -12.903619323949151 9.433548357570908 17.417015168457059 14.972520080199846 8.721739970595392 -8.8318886243268473 4.9262378043531836 -6.2701114967420084 5.2707713579638629 -14.433744710183518 -7.5633268735848631 2.7301061910794799 11.06517129167365 1.140307858364807 1.8925600225915298 -19.777302376606347 8.7641459075427584 2.0821333252513221 -9.1916473079276386 10.107214185490621 -7.8629047310635842 -1.4253241981022753 1.2578520791040488 15.641826517879347 11.793533268411119 -25.588271162593188 -1.8615619300086399 -1.0494597650766391 14.586129233163446 -0.091963046828764453 -5.1533855667413562 -6.281229177875062 -1.0998825766185196 4.2208570595429142
leaf_weight=738.17966759204865 695.74779704213142 1959.941611379385 659.22332984209061 527.97589182853699 3851.9773822128773 761.3090293109417 1794.8787991702557 728.53624621033669 548.33108967542648 285.78570032119751 543.82162979245186 568.81671059131622 408.47676983475685 2019.7364999055862 746.57002165913582 417.26343968510628 1835.6299582719803 1860.2501241564751 91.668850392103195 1035.8175117075443 189.49412062764168 879.76421868801117 565.15483725070953 538.0806725025177 751.47867628931999 184.9299301803112 870.52883222699165 202.31217783689499 364.66082710027695 269.86938682198524 2421.638974994421 610.10303875803947 2954.3513115644455 1182.6502119600773 1055.4516335725784 126.45970785617828 792.20901477336884 3055.0632868409157 1173.6181938648224 225.59729665517807 936.33703470230103 1344.2063461244106 132.2910290658474 932.42492562532425 1177.662760168314 160.68857905268669 292.79462039470673 218.77379390597343 2683.1487012803555 385.3232421875 836.76501068472862 538.56955593824387 925.69117251038551 1087.2740448415279 377.98542618751526 800.67953085899353 3568.0170297622681 93.517809063196182 232.78346440196037 783.07830852270126 109.83761683106422 953.07991802692413 569.53449037671089 79.051548182964325 412.34958252310753 2260.072110414505 839.29443988204002 131.09136617183685 821.5080526471138 2366.9630171954632 373.67144304513931 1051.6654047071934 914.43706223368645 111.99485525488853 1292.4351152777672 124.30981948971748 265.82898345589638 975.4845342040062 1172.2969430983067 610.02176487445831 132.72203823924065 941.00155135989189 1942.274464070797 931.1236851811409 43.892716318368912 146.05469438433647 2307.0674284994602 252.64920130372047 1988.2619236111641 1150.9479494690895 488.58962821960449 2003.0581875741482 1583.4157619476318 1034.2853390574455 455.07583329081535 710.07599529623985 134.18012565374374 591.99078550934792 804.88376560807228 358.19609817862511 327.37848523259163 250.54361909627914 1410.2997858226299 261.59610107541084 434.46466219425201 1239.9826903641224 134.26811426877975 74.404771447181702 559.81364151835442 164.19131925702095 386.02649793028831 91.988716900348663 1337.255168825388 778.75075960159302 1365.0238260924816 494.43830320239067 1469.9458974897861 505.85558065772057 253.72658744454384 403.14747235178947 671.94067898392677 398.1918066740036 603.0859095454216 1062.2797185480595 75.876299291849136 787.47519293427467
leaf_count=1163 932 1721 899 673 4445 813 2463 777 673 371 706 611 538 2786 1031 568 2436 2245 81 1327 209 964 704 706 1118 243 1131 192 457 337 1979 672 2128 1401 1376 144 863 3673 1562 274 1043 1770 176 1208 1092 199 399 280 3881 525 1052 795 939 1520 441 925 4387 87 267 1194 73 1285 777 60 593 3146 747 94 1136 3442 441 1189 1194 126 1193 160 176 1415 1075 660 136 1312 2523 1222 36 221 3013 322 1912 1217 606 1168 1661 1395 479 853 179 712 1163 481 417 259 1667 395 588 1758 183 72 801 233 437 82 1540 1141 1888 583 2020 292 347 541 850 552 803 1328 102 995
internal_value=1.75817e-08 -7.93712 7.8704 -12.038 12.2143 -1.08763 3.35032 -9.46448 -4.0501 5.398 -7.16454 3.70425 -6.80604 14.9102 8.18001 1.17406 2.79427 -4.45119 -17.7494 -10.2037 -3.71673 8.73006 -1.64642 1.24842 5.47347 -20.0873 -0.967102 -12.445 -4.82968 -6.1925 -13.9312 -15.5255 -20.6501 10.2778 1.61554 -2.95784 -4.22722 12.0819 3.77292 5.1621 -14.1483 -0.452692 -8.337 4.79519 -11.1767 5.63417 -2.27806 11.1979 5.1506 -1.45145 1.10992 3.03931 -16.9753 6.42659 -0.993415 -5.39747 17.4865 3.90186 -16.8086 7.56447 -7.67818 2.81854 1.73437 -4.22426 8.27906 11.7856 -21.3069 -10.0515 8.55094 8.73171 0.826208 -9.08798 6.16029 -12.9785 -13.7213 -9.20473 -13.7612 13.9532 19.0733 -9.25169 8.05374 -5.69868 2.14794 0.202702 -1.73282 14.0652 12.0505 -2.19639 -14.35 -9.81869 -6.45997 -22.1867 -9.52664 14.1258 11.8729 10.9294 -3.02798 -3.9965 9.20744 0.414837 11.4135 -8.34697 -9.70659 10.7179 5.16349 3.72143 2.8879 -5.83408 4.49949 -7.4168 -3.23901 0.0912688 -10.5957 1.97965 3.69649 10.2466 9.75635 -22.383 4.70413 -6.17253 10.0097 2.03012 -2.06244 -4.20821 11.0169 1.82051
internal_weight=106978 53263.2 53714.8 33316.2 27391.3 19947 26323.5 22967.1 12326.5 18671.8 15160.8 7620.54 8292.67 16419.1 10972.2 5502.57 10481.4 6002.62 10349.1 8057.94 7102.83 8190.34 7651.72 4007.41 6456.98 6275.13 4049.17 5495.27 3644.31 4597.39 7806.36 5667.52 6090.2 2117.97 4033.81 2429.88 2227.54 7826.84 3992.75 6432.24 4073.94 2958.41 3044.21 2220.48 2114 6206.65 1813.32 4847.97 3342.37 2065.99 3178.64 2341.88 1899.69 5603.87 1435.33 2562.67 8592.29 789.266 4893.23 4568.55 293.495 1614.21 2819.13 1520.53 1288.06 4629.2 5796.7 3595.58 3151.58 3785.47 2505.44 2911.92 1453.01 2290.05 2178.05 885.619 1191.52 4740.62 5024.27 1578.32 549.985 1509.82 2131.77 2269.14 602.773 1328.7 4515.19 661.126 2471.59 2167.51 1016.57 4957.41 3464.49 2369.13 1489.36 1685.56 1761.99 1627.81 3086.22 1888.43 875.71 483.327 2138.84 2281.33 2212.53 1778.06 1338.02 208.673 1129.35 774.294 1441.48 183.658 2920.67 1530.23 2452.3 2330.07 2208.13 708.168 639.05 968.302 3038.9 442.085 888.872 1426.94 202.336 1057.34
internal_count=129039 58303 70736 33438 35645 24865 35091 25060 14980 25014 17294 9885 9817 20192 15453 7244 13970 7525 8378 8743 8551 11044 10077 5515 9257 4522 5346 5600 4562 5378 7766 5322 4279 2641 5163 2882 2636 10285 5321 8624 3856 3915 3610 2891 2135 8350 2272 6264 4780 2657 4215 3163 1599 7563 1773 3143 9907 1019 4417 6517 236 2145 3759 1873 1683 5984 4043 4001 4155 5323 3173 3434 1989 2292 2166 973 1115 5941 5520 1905 704 1923 2732 3055 787 1622 6196 860 2438 2496 1279 3296 3907 2838 1874 2268 2218 2039 4344 2740 1090 526 2444 3181 3052 2464 1833 255 1578 905 1813 163 3201 2259 3408 3019 3183 484 872 1245 4292 588 1174 1785 246 1332
is_linear=0
shrinkage=0.05


Tree=2
num_leaves=127
num_cat=0
split_feature=29 36 36 1 34 1 30 1 1 44 37 29 1 1 30 34 25 29 11 36 1 36 6 1 43 34 11 44 44 11 1 30 25 36 1 29 1 11 34 34 34 11 11 35 23 25 34 30 29 1 37 24 36 29 39 39 6 31 39 6 14 11 39 30 6 36 39 1 1 6 31 30 36 1 25 1 15 11 30 44 36 36 14 24 14 16 36 34 37 36 1 29 36 29 11 23 24 29 14 25 33 34 37 6 1 1 34 29 7 23 29 29 1 13 11 30 37 43 36 39 11 3 1 29 31 11
split_gain=2.41724e+09 4.7323e+08 4.53501e+08 2.19543e+08 1.45896e+08 1.29474e+08 1.12445e+08 1.10382e+08 8.72123e+07 8.35065e+07 7.15637e+07 6.85018e+07 6.80709e+07 6.26817e+07 7.15626e+07 6.04817e+07 4.51767e+07 4.22717e+07 3.83163e+07 3.69371e+07 3.62723e+07 3.37915e+07 3.28622e+07 2.90843e+07 2.71321e+07 2.6814e+07 2.61429e+07 2.41939e+07 2.24751e+07 2.19336e+07 2.16978e+07 2.11811e+07 2.10982e+07 2.03768e+07 1.84543e+07 1.79159e+07 1.78867e+07 1.73644e+07 1.68949e+07 1.64993e+07 1.63896e+07 1.6389e+07 1.62574e+07 1.53314e+07 1.48203e+07 1.56014e+07 1.45881e+07 1.4563e+07 1.44863e+07 1.44834e+07 1.74992e+07 1.44116e+07 1.40841e+07 1.37919e+07 1.35552e+07 1.3221e+07 1.31994e+07 1.31298e+07 1.25746e+07 1.33976e+07 1.23734e+07 1.24898e+07 1.27632e+07 1.20999e+07 1.2047e+07 1.19666e+07 1.16398e+07 1.24013e+07 1.10927e+07 1.10836e+07 1.10258e+07 1.04332e+07 1.03836e+07 1.02813e+07 9.92004e+06 9.8782e+06 9.83498e+06 1.10312e+07 9.82212e+06 9.78044e+06 9.40967e+06 9.37656e+06 9.14594e+06 9.07958e+06 9.05096e+06 8.93599e+06 8.92646e+06 1.05391e+07 1.03411e+07 8.92039e+06 8.70051e+06 8.64248e+06 8.63576e+06 8.51875e+06 8.50768e+06 1.00728e+07 1.11392e+07 8.36494e+06 8.33375e+06 8.16088e+06 8.15376e+06 8.12958e+06 8.08962e+06 7.99826e+06 7.95733e+06 7.87717e+06 7.84345e+06 7.64261e+06 7.41075e+06 7.40715e+06 7.33198e+06 7.31074e+06 7.30865e+06 7.28255e+06 7.29214e+06 7.19605e+06 7.15439e+06 7.12614e+06 7.04067e+06 6.934e+06 6.8948e+06 6.88382e+06 6.83142e+06 6.80343e+06 6.68379e+06 8.3192e+06
threshold=0.012870370370370372 0.010833333333333335 0.016944444444444446 -6.4999999999999991 0.069444444444444461 -5.4999999999999991 0.013412698412698413 -7.4999999999999991 6.5000000000000009 1.0000000180025095e-35 0.50277777777777788 0.0071825396825396836 -5.4999999999999991 8.5000000000000018 0.020069444444444449 0.063888888888888898 0.16944444444444448 0.0061419753086419766 0.27435167615433276 0.0099382716049382733 -6.4999999999999991 0.018968253968253971 0.048900047824007663 9.5000000000000018 1.0000000180025095e-35 0.11944444444444445 0.26425937974409025 1.0000000180025095e-35 1.0000000180025095e-35 0.27228596646072378 9.5000000000000018 0.0029320987654320994 0.49722222222222229 0.014365079365079367 -4.4999999999999991 0.0071825396825396836 14.500000000000002 0.25652371227592469 0.11944444444444445 0.058333333333333341 0.17500000000000002 0.26794918998527251 0.24583217560433457 2.5000000000000004 0.024776276276276279 0.14722222222222223 0.075000000000000011 0.022808641975308644 0.0078571428571428594 -13.499999999999998 0.25277777777777782 0.024456371346843402 0.0064153439153439165 0.021635802469135806 0.0039285714285714297 0.0049691358024691367 0.10063291139240509 0.00048622928333073287 0.022808641975308644 0.034286833855799378 17.500000000000004 0.25824574121058358 0.019598765432098767 0.0064153439153439165 0.15643825301204822 0.019920634920634925 0.003402777777777778 11.500000000000002 10.500000000000002 0.066300366300366315 0.00041869938046849631 0.0039285714285714297 0.0205952380952381 -10.499999999999998 0.15833333333333335 7.5000000000000009 15.500000000000002 0.22264957264957266 0.022500000000000003 1.0000000180025095e-35 0.0071825396825396836 0.035092592592592599 6.5000000000000009 0.019196366015124793 10.500000000000002 3.5000000000000004 0.021203703703703707 0.12500000000000003 0.77500000000000013 0.0058333333333333345 -14.499999999999998 0.0071825396825396836 0.040648148148148149 0.019598765432098767 0.30655913978494626 0.0326953601953602 0.042368214293301197 0.018968253968253971 6.5000000000000009 0.091666666666666688 0.025269167022135244 0.14166666666666669 0.87500000000000011 0.047905909351692491 8.5000000000000018 10.500000000000002 0.10277777777777779 0.017253086419753091 6.5000000000000009 0.018381155881155884 0.0078571428571428594 0.039166666666666676 -11.499999999999998 16.500000000000004 0.19601218865924749 0.0029320987654320994 0.29166666666666669 1.0000000180025095e-35 0.031180555555555559 0.0071825396825396836 0.28642149929278643 1.5000000000000002 -3.4999999999999996 0.016388888888888894 0.00062380453426666568 0.19063283208020051
decision_type=2 2 2 2 2 2 2 2 2 2 2 2 2 2 2 2 2 2 2 2 2 2 2 2 2 2 2 2 2 2 2 2 2 2 2 2 2 2 2 2 2 2 2 2 2 2 2 2 2 2 2 2 2 2 2 2 2 2 2 2 2 2 2 2 2 2 2 2 2 2 2 2 2 2 2 2 2 2 2 2 2 2 2 2 2 2 2 2 2 2 2 2 2 2 2 2 2 2 2 2 2 2 2 2 2 2 2 2 2 2 2 2 2 2 2 2 2 2 2 2 2 2 2 2 2 2
left_child=1 4 3 24 12 27 16 18 10 13 21 34 42 14 60 28 23 89 31 94 116 35 40 39 74 36 68 49 41 66 38 -3 54 69 71 -9 43 115 44 -5 72 78 110 48 103 97 117 51 -10 119 -51 -11 104 -24 -15 -25 57 83 118 -60 61 62 82 -29 86 108 -22 70 79 102 84 -6 98 -39 107 -28 77 -41 -8 -19 -43 -42 -7 -37 -68 -49 88 -88 122 -14 -20 -48 -62 -57 95 -17 -97 -46 106 -44 -59 -55 -12 -21 -36 -31 -16 -2 -27 -85 -1 -18 -65 114 -93 -26 -13 -33 -23 -4 -56 -76 -35 -30 125 -40
right_child=2 7 5 6 11 9 15 8 25 47 33 20 17 32 22 19 111 26 90 30 29 58 53 55 37 65 75 63 123 105 -32 46 -34 64 52 56 -38 73 124 76 81 80 99 -45 45 -47 91 85 -50 50 -52 -53 -54 101 120 93 -58 100 59 -61 92 -63 -64 112 -66 -67 67 -69 -70 -71 -72 -73 -74 -75 121 -77 -78 -79 -80 -81 -82 -83 -84 109 -86 -87 87 -89 -90 -91 -92 113 -94 -95 -96 96 -98 -99 -100 -101 -102 -103 -104 -105 -106 -107 -108 -109 -110 -111 -112 -113 -114 -115 -116 -117 -118 -119 -120 -121 -122 -123 -124 -125 -126 -127
leaf_value=6.1764527408870951 -14.560521408431937 15.5393089880184 -11.833424557598306 -2.4678068899208814 21.748657688620341 16.783877059035913 2.704596929754421 13.311008828060992 1.0773673582686283 -14.905926255148671 6.8969963699974732 6.6414831690979561 15.073371216387716 3.9423098471592812 -6.0076090980726082 7.3495594094552672 8.900192958884988 9.844546838614697 -20.274946256855447 4.0150216687925662 21.882797114074005 8.8030330803184462 -9.4057067784123287 8.480411384159229 10.526198774347733 1.4507234883991007 3.1863497578413726 -4.2208690945395881 -7.1734319577252963 7.9027690362752132 -10.47257430949136 -13.847272601680212 8.4723641189934842 -5.6024866333386036 20.135789773982449 8.776502569203835 -12.518438536060314 -17.918893478222156 16.40081729387375 19.008362884933387 2.8565311624547833 2.6074021282122075 -5.7987713708342907 10.911675809563633 -5.156107132587378 -0.32582832434372566 5.0155436206134425 -16.596938280241599 -7.3367583223217769 -9.1919953093074351 -17.245610605056154 -5.0868403223724181 14.98579776023456 -19.219683199579762 -14.26545515986037 -3.0414155680030888 2.7936174421158668 2.5001190394173149 5.0169582319063828 -4.705336658020129 -4.0484633826745196 -2.5606637472600577 -1.5747315658747079 -25.696090244023111 -13.774083093974211 -2.6595253994117818 17.479342912475087 5.5405677285046471 0.86492964509681747 -2.2260400373360407 11.183852074088328 10.584592548509235 -10.210084765429677 -9.0099475113182717 -14.068633125376497 -5.0480626413831926 3.170397270969052 7.9869938115967365 -4.7719594765365345 3.3074516412131936 -11.008946549239516 -6.813720613159429 5.3348204354515838 24.274593121077103 11.780436176216872 -22.984930832361073 -10.491332845593258 4.7011441380989778 -6.84418883928842 10.347596673367931 -10.937574128295738 6.1047328644146441 -22.371204206687764 -13.849268554674092 -3.6504186024467709 -8.4671117846833219 9.3637112176201498 -13.581739479536845 -14.632590352237694 2.6436048154753395 8.9109675865697149 -11.837802088748044 -3.129543506602293 -3.8181700440293476 13.813509688793438 -3.0317318963969755 3.857552552932793 -21.062878314233465 10.961092395363321 13.19259113399972 -0.63742458629303544 16.529011411308161 -20.500940126858708 -13.268998344288466 -3.7864151704462694 -6.2751691040020221 0.30133088658027529 -5.0773241683121535 1.5749403152030204 -22.30893738705818 -19.437620655525556 1.8222098530112547 3.9114555991088267 -14.2478138506281 -0.53176490954215516 3.253943184850816
leaf_weight=990.81175744533539 809.89183706045151 145.72903111577034 184.93418121337891 409.62907734513283 235.80719494819641 243.4497709274292 706.06848707795143 1841.2008602917194 748.89172050356865 1536.9036822617054 1381.8817339539528 1005.1082593202591 1738.5631320178509 88.973586171865463 497.38681209087372 1834.9117165505886 480.68699598312378 3690.1819416582584 346.26072260737419 711.31526553630829 336.44093129038811 864.70468246936798 1245.8861592113972 170.41527625918388 66.85057657957077 384.13317075371742 1777.1944044828415 89.599210023880005 483.26936808228493 1829.8047612607479 738.61988922953606 428.05143538117409 96.281000316143036 232.57430160045624 3401.6065297424793 1045.9024579823017 728.73014712333679 649.9402202963829 139.74612265825272 340.6525741815567 636.20253950357437 143.87169393897057 1149.3434305787086 169.17072749137878 521.92392268776894 657.34717461466789 406.51074022054672 2796.0837476551533 1613.994090795517 1044.683917671442 1903.4199359416962 493.73893114924431 3906.2318977117538 988.32935321331024 2091.4388425648212 515.7889167368412 1131.9266526699066 880.3453816473484 610.02091836929321 845.45193338394165 330.78200706839561 954.11779144406319 483.64549535512924 1255.4985577762127 247.500148832798 623.90656599402428 1806.8664652109146 609.03664001822472 485.60443660616875 666.15886321663857 3714.4341801404953 1859.8151401281357 2068.4948059618473 645.44540137052536 187.98924222588539 458.08982229232788 511.70506531000137 680.7039355635643 1162.5806433260441 677.17297205328941 1074.3144825100899 413.6620828807354 615.29618683457375 195.30823823809624 1133.9477238953114 680.75030171871185 511.48119315505028 146.94851660728455 435.92609313130379 2346.0607497692108 892.58323621749878 228.34894907474518 79.826243340969086 282.00412330031395 265.10896053910255 230.06513801217079 141.43683978915215 676.26207342743874 155.04651737213135 381.18898177146912 1136.001367777586 599.02803173661232 235.44730290770531 601.40838858485222 582.98872810602188 180.99942940473557 338.67495504021645 1022.3297953903675 438.85112646222115 661.41826939582825 656.30581799149513 905.84890794754028 1469.2160227000713 161.01279643177986 1012.8323886692524 1365.3204735517502 798.3939516544342 504.79435506463051 551.95665124058723 1083.4213354885578 931.24737787246704 106.90932643413544 999.7744292318821 1145.2017523646355 1122.5720476806164 866.10806947946548
leaf_count=1524 813 173 182 557 220 265 965 2327 1035 1356 1916 1462 2223 110 565 2412 637 5112 275 944 310 1089 1502 203 82 567 2597 75 611 2543 840 483 143 304 3417 1361 878 607 171 361 818 191 1638 194 690 843 605 2357 2107 1245 1663 522 4697 792 2074 664 1590 1252 801 1059 403 1208 607 630 260 863 1999 903 750 919 5035 2641 2271 781 213 642 647 850 1500 903 1205 492 791 154 1502 416 564 203 562 3242 1096 301 55 281 343 277 191 699 153 598 1535 630 310 755 753 282 423 740 575 804 976 1096 1031 170 1416 1793 1183 752 870 756 761 137 1416 1079 1476 1151
internal_value=-1.39512e-08 6.75107 -8.36745 -3.17719 10.3718 -12.9401 -0.569994 1.23229 2.81702 -10.7312 4.72269 12.9873 6.47117 -8.52461 -6.51176 -2.85365 6.45626 8.30765 -6.19166 -0.335964 10.3414 7.18992 -9.20046 2.91812 -12.586 -3.10196 5.97302 -18.7101 -7.39579 11.5623 -2.44435 -3.03553 -14.5795 -0.236587 16.0116 9.08873 -5.6156 -9.28508 -1.32482 6.44645 -6.34416 -4.88853 0.0139379 -3.62895 -3.63936 -6.5157 -4.02289 -15.8828 -4.66999 -16.3139 -14.3917 -12.5185 17.1193 -13.3434 -15.2927 -4.16139 7.54959 8.92326 2.63346 -0.630507 0.383718 1.81307 4.92175 -22.3002 -3.28659 2.56292 12.7908 12.3697 8.03384 3.20172 12.9947 11.8408 -8.19384 -13.4799 -16.8188 1.49882 8.8283 11.6629 -1.94694 8.83095 -9.40081 -0.95369 8.58057 11.9026 15.2819 -17.8477 -2.171 -7.10067 -0.225372 12.3591 -13.5474 -1.40355 -7.61058 -6.86178 4.81259 5.82945 -1.67863 -9.91158 -3.98582 -3.69614 6.11196 -16.434 5.43735 0.42634 19.2108 6.91852 -2.01139 -18.1887 6.52207 15.719 3.46141 13.8842 -22.8948 -3.26451 -1.96667 -5.49092 3.83476 -9.10156 5.98684 -20.7815 -15.8589 -8.30774 2.11594 -12.1484 2.12047 5.08047
internal_weight=106978 59207.7 47770.3 22374.2 35752 25396 17519.6 23455.7 19329.6 18365.2 14621.9 21401.5 14350.5 12857.8 9649.83 13222.1 4297.43 11172.9 4126.12 8506.83 11415 9764.24 6942.71 2910.9 4854.68 4707.68 7088.24 7030.77 4715.31 9611.53 6035.3 2887.28 3207.94 4857.69 9986.45 6892.1 3260.79 2727.56 5296.68 1942.69 4109.47 3086.84 3177.65 2532.06 3168.26 1855.53 2741.55 5507.48 2362.89 4216.46 2948.1 2030.64 7890.83 2833.24 3111.66 968.208 5050.9 3918.98 2872.13 1455.47 2707.12 2296.51 1342.39 2814.31 2574.2 1446.89 7600.73 7264.29 4852.96 2283.49 6655.25 2095.62 3059.6 1295.39 2127.12 2235.28 1533.06 1021.36 1868.65 4367.35 1218.19 1049.86 858.746 1902.63 2940.81 3476.83 2326.7 658.43 1668.27 4084.62 1238.84 1808.7 410.608 797.793 2471.52 2206.41 371.502 1198.19 991.108 1530.53 2016.35 1587.36 1617.33 1312.72 3984.6 2010.8 836.062 1832.22 822.984 856.727 1647.12 1386.54 2724.71 1402.19 1241.18 1432.17 1803.5 932.846 1416.66 1268.36 3022.69 294.899 1232.35 1628.47 2128.43 1005.85
internal_count=129039 77938 51101 26805 47152 24296 21639 30786 25515 18714 19296 26947 20205 14063 10975 16343 5296 15469 5271 10792 15219 12842 7646 3563 5166 6219 10004 5582 5551 12574 7569 3900 3088 6454 11728 9023 4214 3263 6729 2415 4722 3861 4736 3336 3931 2232 3727 4651 3142 3846 2908 1878 8867 2924 2945 1148 6696 5106 3819 1860 3329 2871 1663 1736 3309 2005 9749 9439 6765 3145 8536 2861 3412 1388 1903 3239 1858 1211 2465 6015 1396 1310 1056 2319 3501 2773 3049 767 2282 5465 1371 2492 458 945 3223 2880 468 1389 1141 2236 2787 1422 2226 1699 4170 2825 988 1553 1142 958 2500 1733 1661 1887 1717 1875 2645 1235 1959 938 2835 350 1720 1690 2798 1322
is_linear=0
shrinkage=0.05


Tree=3
num_leaves=127
num_cat=0
split_feature=27 1 27 0 5 1 11 25 27 27 1 0 42 25 1 25 25 25 1 1 11 11 1 12 12 6 12 37 1 23 12 6 23 1 6 2 12 11 31 18 24 5 0 5 1 31 1 26 1 14 0 0 6 14 1 27 1 1 35 23 33 32 6 4 2 1 1 11 23 1 17 34 11 11 25 31 1 23 11 33 32 24 23 32 24 27 0 24 23 25 32 33 27 11 1 1 31 27 14 1 5 0 27 31 0 24 33 24 32 25 34 1 24 21 25 23 23 24 23 6 0 14 34 25 33 1
split_gain=2.18556e+09 3.69972e+08 2.65361e+08 2.37572e+08 1.46316e+08 1.31651e+08 9.37329e+07 9.14114e+07 1.23673e+08 7.84725e+07 6.99083e+07 6.13006e+07 5.57053e+07 4.32029e+07 4.29393e+07 4.16288e+07 3.7808e+07 3.67623e+07 3.63283e+07 3.54265e+07 3.22881e+07 3.08651e+07 2.99208e+07 2.88247e+07 2.8744e+07 2.82219e+07 2.80294e+07 2.65344e+07 2.41469e+07 2.35241e+07 2.34065e+07 2.31709e+07 2.3168e+07 2.2369e+07 2.1163e+07 2.02832e+07 2.01642e+07 2.00185e+07 1.971e+07 1.96705e+07 1.86666e+07 1.74858e+07 1.72804e+07 1.68027e+07 1.66572e+07 1.7673e+07 1.65008e+07 1.57458e+07 1.44835e+07 1.4266e+07 1.3146e+07 1.29256e+07 1.23644e+07 1.22695e+07 1.21882e+07 1.20959e+07 1.20848e+07 1.2067e+07 1.1927e+07 1.1842e+07 1.18082e+07 2.33265e+07 1.17279e+07 1.17133e+07 1.16427e+07 1.14885e+07 1.13552e+07 1.07673e+07 1.0545e+07 1.05751e+07 1.04739e+07 1.04683e+07 1.04267e+07 1.01268e+07 1.01162e+07 9.8933e+06 9.7684e+06 9.75893e+06 1.07427e+07 9.46806e+06 9.39298e+06 9.37657e+06 9.29794e+06 9.17131e+06 8.99871e+06 8.84837e+06 8.76223e+06 8.68145e+06 8.67507e+06 8.62386e+06 8.62046e+06 1.47402e+07 8.4314e+06 8.3882e+06 8.27352e+06 9.57768e+06 8.08625e+06 8.07246e+06 7.85235e+06 7.76345e+06 7.73697e+06 7.67744e+06 7.85638e+06 7.6703e+06 7.66807e+06 7.62949e+06 7.62429e+06 7.57682e+06 7.53277e+06 7.45878e+06 7.37148e+06 7.32763e+06 7.31639e+06 7.28254e+06 7.26552e+06 7.20976e+06 7.18762e+06 7.13422e+06 1.12518e+07 7.11885e+06 7.07055e+06 9.97985e+06 7.05297e+06 7.03316e+06 7.01795e+06 7.00091e+06
threshold=0.011697530864197532 -5.4999999999999991 0.0067283950617283957 53.500000000000007 0.1202409638554217 -9.4999999999999982 0.27228596646072378 0.48611111111111116 0.018968253968253971 0.017253086419753091 -6.4999999999999991 40.500000000000007 1.5000000000000002 0.063888888888888898 8.5000000000000018 0.49722222222222229 0.16944444444444448 0.23611111111111113 5.5000000000000009 7.5000000000000009 0.27602627257799678 0.24583217560433457 7.5000000000000009 1.0000000180025095e-35 1.0000000180025095e-35 0.10215677179962897 1.0000000180025095e-35 0.2305555555555556 8.5000000000000018 0.01652947154471545 1.0000000180025095e-35 0.048900047824007663 0.02111721611721612 -3.4999999999999996 0.061381475667189961 -1.0000000180025095e-35 4.5000000000000009 0.25652371227592469 0.00043589743589743602 2.5000000000000004 0.017869832513537361 0.052289815447710192 30.500000000000004 0.16024691358024692 11.500000000000002 0.0011906487232574193 -12.499999999999998 4.5000000000000009 8.5000000000000018 6.5000000000000009 66.500000000000014 32.500000000000007 0.037855266300453792 10.500000000000002 15.500000000000002 0.0205952380952381 12.500000000000002 -14.499999999999998 4.5000000000000009 0.028178210678210681 0.027080041193178282 0.021748722087705143 0.2561121049493143 6.5000000000000009 -1.0000000180025095e-35 9.5000000000000018 -16.499999999999996 0.25324894514767943 0.019294184535412609 15.500000000000002 1.0000000180025095e-35 0.10833333333333335 0.26425937974409025 0.26339712918660291 0.12500000000000003 -0.00021589965297822591 14.500000000000002 0.025371752349364295 0.31158186076218869 0.024559622260944717 0.020558748403575994 0.022716795605147874 0.024325461825461827 0.027184650455927054 0.021345372931331624 0.0093518518518518542 45.500000000000007 0.019695251518517705 0.020096300931720209 0.080555555555555561 0.02357874134296899 0.021528292087480486 0.0099382716049382733 0.23616579177602801 -4.4999999999999991 3.5000000000000004 -0.00013986042773341334 0.0093518518518518542 3.5000000000000004 -14.499999999999998 0.27823315118397091 24.500000000000004 0.014907407407407409 0.00055434143669437779 68.500000000000014 0.032563823560520504 0.026290225084070775 0.016612728197736834 0.024210092842168313 0.063888888888888898 0.14166666666666669 12.500000000000002 0.028472545933180656 30.500000000000004 0.10277777777777779 0.019632166412988334 0.015368400315208827 0.027213117664754278 0.03195582877959928 0.09039836567926457 63.500000000000007 8.5000000000000018 0.069444444444444461 0.13055555555555556 0.079887970553026669 15.500000000000002
decision_type=2 2 2 2 2 2 2 2 2 2 2 2 2 2 2 2 2 2 2 2 2 2 2 2 2 2 2 2 2 2 2 2 2 2 2 2 2 2 2 2 2 2 2 2 2 2 2 2 2 2 2 2 2 2 2 2 2 2 2 2 2 2 2 2 2 2 2 2 2 2 2 2 2 2 2 2 2 2 2 2 2 2 2 2 2 2 2 2 2 2 2 2 2 2 2 2 2 2 2 2 2 2 2 2 2 2 2 2 2 2 2 2 2 2 2 2 2 2 2 2 2 2 2 2 2 2
left_child=2 9 10 7 12 27 11 8 18 24 21 36 16 48 25 19 20 30 23 35 32 47 33 108 -2 38 90 58 34 -21 88 41 40 123 67 -6 70 66 53 101 54 98 -35 96 45 72 -32 62 51 92 -48 -12 -53 94 63 93 60 86 74 -19 61 -34 109 -5 -9 77 -26 -14 -43 -70 -7 83 112 106 -4 -45 -31 78 87 -47 -73 -41 -83 -27 97 -77 -23 -22 107 -51 91 117 -40 -37 -13 122 -16 -44 -28 -29 -46 -25 -103 -104 -62 -39 -36 -11 -3 -1 -69 -24 116 -79 -55 -116 -15 -10 -119 120 -57 -122 -96 -8 -54 -20
right_child=1 3 5 4 15 6 22 64 26 17 13 14 28 44 43 -17 -18 59 125 29 65 57 111 39 37 71 31 99 -30 76 46 -33 56 42 73 55 -38 105 49 81 -42 68 84 75 100 79 50 -49 -50 89 -52 52 124 114 -56 119 -58 -59 -60 -61 104 -63 -64 -65 -66 -67 -68 110 69 -71 -72 80 -74 -75 -76 85 -78 113 -80 -81 -82 82 -84 -85 -86 -87 -88 -89 -90 -91 -92 -93 -94 -95 95 -97 -98 -99 -100 -101 -102 102 103 -105 -106 -107 -108 -109 -110 -111 -112 -113 -114 -115 115 -117 -118 118 -120 -121 121 -123 -124 -125 -126 -127
leaf_value=3.6922597862511282 -15.122590188270408 -5.7256460341342574 -4.7615519756386506 8.499669788305404 -11.123349620798752 -17.737694035780564 -3.9158484134579519 -2.2294637876413077 -18.32385695211978 -20.919541768426484 4.9070240752378247 7.8515287100971367 5.7909515337600261 19.099799279772444 10.434565900593576 10.393988638208318 13.549797659487991 2.2955148529027443 -9.563469180630717 -2.3459925354979956 0.52838266470274398 -26.026947009571206 -3.0003152511701829 -6.7496787907780122 -11.764683520982102 3.5988704311165414 -2.4597471218906577 -13.054265517039628 -9.4631383526799819 -10.368218240774048 -20.225106224883305 -15.161879676300501 6.4553525290167091 -4.6252986515384151 -6.038318761544577 5.2850703984169343 3.8268835495149731 -12.429008749606661 11.215397876256127 -7.3675184151733184 14.311566670667705 9.0644325402693848 6.3732840550878702 8.4323002236251128 8.8914156706272234 9.4938928291204743 -16.178260796806157 21.690307099340778 4.0782256971078743 -3.3465911838590801 -9.1543561744617694 13.874243202584211 9.0876055647860845 7.7250289354980044 -9.860009588343452 -10.472037714370888 -12.862732740840272 1.6476565659528746 8.2906228251773602 -10.950074730739068 4.9834650266799967 -5.9071471887142062 -9.042995732602332 -4.5556360506269185 14.686703970000801 -12.91357860248079 -1.8522034091184167 -5.7572145284739475 -11.24473203482464 -27.250575571095851 -2.6025916751602658 16.052405134834927 12.828644576785781 -8.7981136777327418 6.2408043236571968 1.3870153459501167 -16.27317736346486 -19.100267675919522 -6.2959487571989126 15.053918949916977 5.9813229475916696 7.945516098490943 -3.4014386326109078 -13.049189266520393 8.446945310524681 -9.7128423347161359 -5.0562632570575108 11.858001397782829 -22.805816696287817 6.4338872114127783 -18.339938809712194 -0.36440860110827417 7.0351231827211311 -2.1715724912483991 12.581860346468744 11.469389628390104 3.5009721962504372 0.65103070825022602 -10.341971796818491 -6.4386323706595689 -11.803326873931976 5.8390402541143729 8.9616846069001426 -1.9340049673736281 17.273862979800949 -3.6028689838453385 1.144013660109938 -7.2025721651274424 -11.845489286239387 10.378231148855333 3.705226434621355 -10.177305413253739 21.54668130467028 -3.0673454334614716 18.169550032881595 8.5442277928988126 15.145438002630446 -0.011873606991889238 -16.68160741926209 -14.204234323758966 11.337112408373406 -5.3900719270183481 19.575129407390836 4.2363121643728006 -12.536804289654098 -18.937839827965085
leaf_weight=604.33347475528717 1571.1202271282673 1299.7754526734352 920.34546855092049 1296.0647866427898 711.32981231808662 127.79701566696167 1471.0330294072628 131.19215676188469 761.53282582759857 232.47645828127861 858.23975643515587 378.68836978077888 1467.4791724979877 1907.8488645255566 570.00552946329117 337.20117151737213 1119.6424525380135 231.26272746920586 2115.9230124354362 628.33130314946175 441.21133130788803 65.215341508388519 1041.7932554781437 227.93450048565865 351.30439853668213 1794.6759757399559 1139.2115435600281 662.4958071410656 824.44466090202332 1546.7929165065289 1579.1965259313583 2165.3629530966282 790.83416080474854 494.79193565249443 577.8154031932354 681.4056713283062 2211.1720815300941 1460.2625216543674 3346.4141607880592 1241.6101206541061 972.94599229097366 60.975939780473709 1212.048436820507 161.56652760505676 734.4228932261467 1686.1964745819569 2084.0586826503277 214.08597326278687 1026.9432572424412 333.0915861427784 979.12768033146858 2601.8095715641975 2016.2482949495316 1388.1877897083759 118.96458604931831 235.51888993382454 130.51450458168983 1132.9326975643635 345.28660529851913 624.16388612985611 407.87177035212517 737.32864573597908 102.51612016558647 198.06546023488045 452.71343746781349 231.89424076676369 1626.8647183179855 441.19875174760818 2174.6189194917679 108.3386218547821 1083.0234892070293 328.12582984566689 1502.6253247261047 661.62292477488518 270.27769795060158 301.8058896958828 1279.8991128504276 107.77610602974892 308.20590740442276 1402.5684614479542 786.3848974108696 228.99643024802208 853.14914187788963 86.724023848772049 1431.8271344900131 443.20153915882111 210.88697651028633 274.1418359875679 2594.1991900205612 697.00466638803482 2365.9126531481743 188.25204765796661 1886.0736384689808 844.69379517436028 486.91327837109566 893.12087994813919 1603.2590120434761 1253.9770514667034 437.2376089990139 1341.2637759745121 48.123184680938721 1124.9063382148743 195.10326221585274 938.56186208128929 184.23392915725708 294.17109227180481 1024.8611333668232 177.56642669439316 820.06685608625412 1346.6571293771267 385.79449078440666 539.98777461051941 937.82965192198753 206.59207904338837 423.48017364740372 359.8810401558876 2889.6211947202682 164.80247351527214 262.41657182574272 213.25817367434502 137.55936020612717 253.48842853307724 1389.1291944384575 322.59280225634575 38.231339871883392 219.85806968808174
leaf_count=972 1430 1510 1294 1663 754 105 2056 215 590 145 1171 554 2060 1953 742 460 1324 355 2470 745 581 39 1448 270 405 2613 1364 758 960 1803 1148 1970 1049 631 744 880 3068 1625 4467 1582 1074 75 1660 204 1010 2283 1892 200 1474 486 1171 3286 2830 1872 132 254 137 1738 466 682 523 891 129 251 559 254 2264 594 2267 52 1432 361 1859 798 359 454 1159 84 353 1631 1117 270 1114 93 1925 554 311 319 1528 975 1754 189 2615 1086 604 1150 2313 1789 481 1864 62 1506 257 1235 201 367 1393 156 816 1890 535 671 859 242 440 494 3494 212 220 193 177 299 1376 487 48 185
internal_value=1.6239e-08 -7.17691 7.11658 -4.71197 -0.842095 4.26476 5.38141 -8.60161 -9.19754 -14.2218 11.4473 7.11156 2.29495 12.7538 8.29854 -6.7374 5.0727 -17.1991 -5.05318 -7.62174 3.59122 5.17508 0.686407 -3.2356 -9.44905 9.43184 -13.1046 -4.83581 -1.58863 -11.0968 -18.2988 -11.0106 5.61341 2.25554 -0.164547 -3.72011 0.986678 -7.06096 10.5507 -1.09492 8.84178 -8.71768 4.17678 2.93423 14.652 15.185 -16.0735 8.78633 9.53015 8.64976 -13.9331 10.5454 11.5847 12.7888 5.54265 -1.49428 1.90417 -0.636586 0.108807 -7.36916 2.81316 0.490527 7.44104 6.76903 10.886 -2.63939 -3.61257 3.21969 -11.4562 -12.0043 -4.20004 5.10628 16.5362 -3.59388 -2.26396 -2.78384 -13.0419 -0.858632 1.50793 12.0186 8.94637 -4.40237 -1.00027 2.83147 5.29411 -5.21624 -10.0095 4.87019 -21.7376 3.27127 -16.5093 -13.364 9.7086 1.15783 14.7833 15.7312 5.31952 3.46351 -4.64593 -8.62594 7.61878 1.99604 2.87865 -0.0588617 8.80763 -10.9491 -1.44544 -14.9795 -8.09312 8.3072 -1.34296 -5.45039 17.5076 -8.56398 9.89761 13.7476 16.718 -15.4227 -10.2512 -6.31361 -3.62796 0.49407 17.7601 -2.44964 8.6852 -10.4458
internal_weight=106978 53263.2 53714.8 39457.4 19779 32387.4 28847.8 19678.5 19094.5 13805.8 21327.3 21079.7 12909.5 17650.7 17657.7 6869.48 7526.29 8502.05 9265.89 6532.28 6406.65 3676.63 7768.05 6930.1 5303.72 14577.9 9828.66 3539.67 5383.22 3455.02 7646.62 6085.75 4836.82 6186.27 4558.77 3077.25 3421.99 3732.6 11582 4810.26 2586.04 3920.38 4392.64 3079.84 11109.2 10326.7 4642.38 2267.59 6541.47 6262.58 3063.19 5514.53 4656.29 5319.4 1613.09 2365.92 2250.78 1409.04 1535.91 855.427 2120.27 1528.16 2053.51 1494.13 583.906 1569.82 1978.17 2294.47 2343.93 2282.96 1210.82 2995.91 7237.93 2264.3 1190.62 906.574 2826.69 1337.93 1023.56 3088.76 1114.51 2323.76 1082.15 1881.4 3897.85 745.007 276.102 715.353 3004.24 1030.1 3742.92 1377 5232.49 1526.1 3147.85 2769.16 2173.26 2466.03 1576.45 2003.76 782.546 2486.51 2258.57 1133.67 592.106 1754.43 1602.68 410.043 2119.84 1950.99 826.993 1581.78 5735.3 314.368 2171.55 783.361 4797.47 1188.75 427.219 839.825 626.567 391.048 1876.04 1793.63 2054.48 2335.78
internal_count=129039 58303 70736 45135 23972 43497 38756 21163 20389 13168 27239 28089 16162 21960 23484 7810 9078 7077 11215 7350 7754 5279 10667 8560 6091 19217 9174 4741 7084 3707 6040 6209 5921 8548 6124 3643 4605 4661 15033 6234 3120 4239 6005 4267 13151 12079 4211 3191 8809 8543 3063 7335 6164 6490 2046 2889 2801 2088 2119 1037 2664 1940 2991 1914 774 1833 2669 3189 2394 2319 1537 4184 8165 2935 1653 1212 2962 1579 1253 3914 1478 2966 1384 2706 5374 1008 350 900 1829 1461 2965 1211 7082 1966 3684 3130 3055 3449 1845 2622 1072 3268 2998 1492 724 1992 2137 301 2326 2862 1129 2119 6306 326 2806 934 5447 1022 432 923 730 476 1980 2543 2878 2655
is_linear=0
shrinkage=0.05


Tree=4
num_leaves=127
num_cat=0
split_feature=27 36 36 44 11 34 25 33 11 27 36 36 27 27 33 36 25 34 11 44 44 34 11 2 27 25 25 11 2 2 25 27 2 31 4 34 36 33 27 25 32 30 36 25 36 34 14 44 27 11 32 44 5 40 5 25 2 27 25 5 28 30 32 27 11 33 32 37 16 11 30 34 11 33 27 36 27 32 30 33 2 0 36 33 46 14 31 5 30 7 32 33 0 4 32 42 8 11 25 27 11 0 4 27 21 5 5 39 36 33 33 37 36 42 8 36 14 32 25 37 37 33 25 32 28 32
split_gain=1.97556e+09 4.10973e+08 3.88786e+08 1.29328e+08 1.09773e+08 9.90586e+07 9.67348e+07 8.46922e+07 6.60696e+07 5.91181e+07 4.58902e+07 4.50459e+07 3.99381e+07 3.83689e+07 3.66834e+07 4.81398e+07 3.41074e+07 2.84265e+07 2.82414e+07 2.64747e+07 2.60937e+07 2.56777e+07 2.24382e+07 2.1248e+07 1.89916e+07 2.22119e+07 1.81794e+07 1.79745e+07 1.78406e+07 1.75126e+07 1.65063e+07 1.68133e+07 1.61446e+07 1.59679e+07 1.59619e+07 1.58443e+07 1.52962e+07 1.51382e+07 1.49585e+07 1.48445e+07 1.48002e+07 1.44434e+07 1.30389e+07 1.2725e+07 1.23189e+07 1.52109e+07 1.21847e+07 1.19615e+07 1.1321e+07 1.10331e+07 1.06976e+07 1.05668e+07 1.05151e+07 1.0457e+07 1.0367e+07 1.02987e+07 1.15231e+07 9.93826e+06 9.91805e+06 9.45611e+06 9.14794e+06 9.04626e+06 8.9788e+06 8.81975e+06 9.19722e+06 8.70152e+06 9.5172e+06 8.34731e+06 8.25144e+06 8.21003e+06 8.1355e+06 8.08516e+06 7.81541e+06 7.72212e+06 7.67927e+06 7.54347e+06 7.48298e+06 7.24119e+06 7.21975e+06 8.58522e+06 7.10369e+06 7.08371e+06 7.04015e+06 7.00414e+06 8.24052e+06 6.98248e+06 1.02621e+07 7.85469e+06 6.98081e+06 6.95451e+06 6.89689e+06 9.92998e+06 6.8919e+06 9.63567e+06 9.4015e+06 6.7452e+06 6.69609e+06 6.64713e+06 6.60695e+06 9.94873e+06 6.50661e+06 6.49629e+06 7.13734e+06 6.48818e+06 6.37567e+06 6.33235e+06 6.22483e+06 6.19594e+06 6.14129e+06 8.05884e+06 6.11793e+06 6.01111e+06 5.97904e+06 5.96209e+06 5.94837e+06 5.92736e+06 5.90872e+06 5.90467e+06 6.64692e+06 6.82438e+06 5.83215e+06 5.8122e+06 6.0566e+06 5.89084e+06 5.80217e+06 5.77761e+06
threshold=0.012870370370370372 0.0089583333333333338 0.01451388888888889 1.0000000180025095e-35 0.25789823744595947 0.069444444444444461 0.25833333333333336 0.015320782834815498 0.27486263736263744 0.0078571428571428594 0.022500000000000003 0.0093518518518518542 0.0064153439153439165 0.0061419753086419766 0.016737375726538214 0.017839506172839508 0.069444444444444461 0.11944444444444445 0.24626532887402455 1.0000000180025095e-35 1.0000000180025095e-35 0.20277777777777781 0.26425937974409025 1.0000000180025095e-35 0.0205952380952381 0.33611111111111119 0.069444444444444461 0.20524267399267401 1.0000000180025095e-35 1.0000000180025095e-35 0.17500000000000002 0.023395061728395065 -1.0000000180025095e-35 0.0015873015873015884 6.5000000000000009 0.14166666666666669 0.0077083333333333335 0.021644209128337522 0.026150793650793657 0.24722222222222226 0.027454122674710913 0.014907407407407409 0.014365079365079367 0.12500000000000003 0.019920634920634925 0.080555555555555561 12.500000000000002 1.0000000180025095e-35 0.019598765432098767 0.28856066613798576 0.016189107827038866 1.0000000180025095e-35 0.20530382859149984 0.00031729295276692904 0.043717152412804598 0.15277777777777782 -1.0000000180025095e-35 0.057857142857142864 0.075000000000000011 0.081238214959145211 0.27500000000000008 0.020069444444444449 0.024086586586586588 0.0093518518518518542 0.28642149929278643 0.024033394702857151 0.025808318399044208 0.18611111111111114 3.5000000000000004 0.27435167615433276 0.0205952380952381 0.11944444444444445 0.35574387947269309 0.008934018077980008 0.018425925925925932 0.0058333333333333345 0.023981481481481482 0.01863085511982571 0.041190476190476201 0.026915670937379007 -1.0000000180025095e-35 52.500000000000007 0.039475308641975314 0.016376590899596172 1.0000000180025095e-35 19.500000000000004 0.0011126042008394951 0.15424266455194294 0.0088095238095238105 13.500000000000002 0.026675774134790529 0.020470088419209217 55.500000000000007 10.500000000000002 0.017271629336846731 1.5000000000000002 7.5000000000000009 0.32799692622950821 0.2305555555555556 0.022500000000000003 0.19063283208020051 54.500000000000007 2.5000000000000004 0.018293650793650796 28.500000000000004 0.10361093038386469 0.13182720953326715 0.0077083333333333335 0.018425925925925932 0.016289227850417743 0.014054758639632426 0.31944444444444448 0.0071825396825396836 4.5000000000000009 4.5000000000000009 0.011388888888888891 7.5000000000000009 0.02780830280830281 0.11944444444444445 0.59166666666666679 0.6083333333333335 0.042049747339808034 0.086111111111111124 0.021165695532784145 0.16388888888888892 0.030845432546884457
decision_type=2 2 2 2 2 2 2 2 2 2 2 2 2 2 2 2 2 2 2 2 2 2 2 2 2 2 2 2 2 2 2 2 2 2 2 2 2 2 2 2 2 2 2 2 2 2 2 2 2 2 2 2 2 2 2 2 2 2 2 2 2 2 2 2 2 2 2 2 2 2 2 2 2 2 2 2 2 2 2 2 2 2 2 2 2 2 2 2 2 2 2 2 2 2 2 2 2 2 2 2 2 2 2 2 2 2 2 2 2 2 2 2 2 2 2 2 2 2 2 2 2 2 2 2 2 2
left_child=1 5 6 8 9 13 7 19 10 26 17 41 58 75 42 35 20 29 33 27 28 38 51 57 37 68 47 81 115 117 31 65 60 34 52 46 -29 -5 85 48 111 -9 72 125 45 89 62 110 90 78 -46 100 70 76 -30 56 74 120 -7 95 -14 83 63 -16 77 -10 -67 -19 92 -38 116 -61 -6 -24 -20 -1 -36 -65 -43 -80 -17 -2 -45 84 -28 86 87 -12 -73 -18 91 -31 -26 94 -94 -34 -47 -44 99 -23 -15 -42 -103 -21 -53 -72 113 -58 109 -22 -3 -39 -60 -69 -113 -11 -13 118 -4 -120 -8 122 -82 -124 -77 -40
right_child=2 4 3 24 14 12 23 11 30 16 21 18 32 22 15 80 44 67 55 103 108 98 73 -25 25 -27 61 36 54 39 -32 -33 59 -35 53 -37 69 40 43 -41 101 49 97 82 50 96 -48 -49 -50 -51 -52 104 -54 -55 -56 -57 107 -59 112 71 -62 -63 -64 64 -66 66 -68 106 -70 -71 105 88 -74 -75 -76 124 -78 -79 79 -81 121 -83 -84 -85 -86 -87 -88 -89 -90 -91 -92 -93 93 -95 -96 -97 -98 -99 -100 -101 -102 102 -104 -105 -106 -107 -108 -109 -110 -111 -112 114 -114 -115 -116 -117 -118 -119 119 -121 -122 -123 123 -125 -126 -127
leaf_value=12.547127002399071 -3.2520027500314947 2.2997470928826824 -10.538340540679668 -16.507204854565099 -2.7743311491210871 13.187343735424434 9.3397719310755232 10.439383661740258 -14.308712016224735 1.7642083713844272 -4.3432568290140017 12.655322465370235 10.482895813262978 10.615062948352385 6.6693566457553706 -7.9994697744947265 0.8821290719972249 3.7031271842505569 -6.6944594102791193 -9.2120707630964382 -8.945468524924399 -0.62169595612809669 -4.0549156723428785 14.670787186258815 -18.532383614777356 0.16552214101560223 -1.6624644158505466 -0.38543944960623922 9.4725754207803039 -2.0840577913137017 -7.4108653417716823 -17.40730262643525 14.80839708591145 -7.1036563120545653 2.4713782247650471 8.2879835186676729 -6.3469498315494146 1.9195535708906544 -14.226471903117016 13.633282463111636 -15.292337964338376 6.0550449779520461 -7.7423047783669929 -9.5947930672296025 17.500392742406774 5.5361422604260095 -10.749190255691362 -1.5724289459606089 -8.6321217683026603 -4.2071025951838852 -0.78406374148387525 -9.716205201523719 -6.4002665620051786 -19.975395979296948 1.4991384362210269 0.40125843900600788 12.043428289560417 -8.9698005374191414 18.194962724967269 8.0022322829229875 5.6670556121437841 7.7308569350177541 -1.4670482881482196 15.103438927045383 -3.3722098117454085 -1.02846780812038 -10.941014784261371 -1.53864106042003 -22.004966943747089 -12.012378285977725 3.9542157888482068 20.844764501095973 -11.476105172607681 2.31557513832592 -14.277024160306949 15.035782520775658 -14.024062682114062 1.8814301006628722 -10.287701825491922 6.1268037597527467 -7.0208244227957977 5.696658441158398 -18.001499942876155 14.195377141547233 11.291728676238279 -15.891788129397893 -12.147737544640847 -12.122801213094426 11.381290966797652 13.155715448478814 -8.2571059629573895 9.8176270169553987 6.4890221688983063 -22.861673350931227 -13.17952086475753 5.9783406447186627 9.8651068884297466 -16.08191101092396 2.1899166344629686 -10.04710040631878 6.1755995558641352 5.519519462178673 -11.329710414552588 -14.996633555872254 2.9301637385179577 -5.0238275255483078 -9.0355474116605645 -4.4011141049276814 -12.976572891300137 2.0611785227660318 8.049189084815664 -1.5950630407021502 14.225632203075907 12.872494786881544 -12.960573935616416 -5.3260583916681963 4.9155975205322058 -15.466039980540129 -0.4605727753071629 -10.468152712980658 -2.110891882659097 2.4463167904381451 16.940154947559641 -1.7654866851824793 7.5219378354164608 -22.976529471957022
leaf_weight=2153.6944880187511 458.02381241321564 631.92291054129601 1163.2741917967796 1825.3604693710804 2418.5628143548965 2670.0900886356831 396.53285747766495 866.4296093583107 1767.7796073257923 419.88405069708824 1483.6866390109062 433.53888779878616 2129.2279525697231 1139.4110885858536 1357.1189256608486 1154.4068750441074 1740.7685424983501 1139.8384370207787 732.21809589862823 905.49639508128166 487.99521690607071 528.43390288949013 678.01390066742897 955.87368130683899 3044.7442640960217 168.48547491431236 165.15041607618332 702.12880590558052 629.91016432642937 583.11525100469589 1190.8870671391487 2125.9141152501106 3037.9514437913895 532.20957511663437 248.35186582803726 1173.5256848931313 1546.1620315611362 245.61909338831902 315.83530634641647 128.55592960119247 1031.1690671741962 1478.8456226289272 943.68217396736145 1091.7314049899578 84.85551854968071 2296.7386730313301 188.65583303570747 568.03006026148796 754.74430960416794 445.33023709058762 1396.5672835707664 120.5592092871666 226.54993581771851 107.32621046900749 1155.4248259365559 598.93121212720871 59.756321430206299 135.86025536060333 3216.4577886164188 1663.230820775032 1836.7303840816021 2110.4371204376221 1102.6731337308884 145.83616971969604 623.70156106352806 286.7711181640625 1556.1169121563435 890.50980097055435 1161.7354860603809 1090.4707407951355 1020.130469918251 250.74001911282539 288.85071223974228 1594.1857724487782 613.82905301451683 293.37052327394485 95.071078270673752 357.13644787669182 162.50276744365692 156.25650301575661 829.82914939522743 427.61511895060539 322.63980254530907 1512.064988732338 478.33933690190315 333.04292666912079 1080.7142950892448 415.2734679877758 874.55845153331757 123.610949665308 231.80534592270851 250.56172150373459 65.045120567083359 250.61691069602966 921.48354768753052 232.85306432843208 1461.8691050112247 319.94606751203537 357.32598131895065 595.43023681640625 2994.2491865158081 81.692176520824432 272.52212512493134 1043.2621173858643 575.00125482678413 243.22697433829308 264.21106943488121 1382.3025257587433 385.56098920106888 252.27766206860542 1727.7463975548744 212.4250328540802 1345.6177290380001 78.061159133911133 251.32824465632439 989.19645595550537 571.86845272779465 329.43575456738472 431.90588495135307 281.30119052529335 154.53834253549576 390.3146396279335 47.432525038719177 373.63595002889633 2068.127982288599 468.49376446008682
leaf_count=2847 615 952 1295 1491 3360 3337 592 1064 1666 592 1803 508 2833 1529 1836 1441 2392 1464 900 1046 599 724 959 1163 2158 224 207 934 794 719 1365 1696 3522 700 335 1560 1935 263 272 143 882 1960 1162 1099 83 3122 228 792 836 547 1892 127 273 86 1603 798 69 176 3326 2309 2694 2939 1555 156 822 338 1641 1139 650 1218 1341 227 332 2344 576 357 91 531 184 213 1005 559 259 1734 603 285 1109 445 1124 144 284 292 65 139 780 360 1899 308 512 645 4408 101 279 890 785 301 288 1692 411 349 2451 232 1604 86 248 1323 769 320 547 272 234 544 44 489 2992 276
internal_value=1.06596e-08 6.1032 -7.56446 -11.0393 2.03896 10.3729 -1.70897 -2.88495 -8.79702 4.42491 -6.76255 -0.0363033 12.7757 6.80335 -1.75287 0.250633 2.18921 -3.7475 -2.29758 -7.48784 -1.31413 -9.57698 4.51203 9.85028 -15.849 -17.7143 7.97554 -5.26387 0.992751 -6.24099 -12.7676 -13.8796 10.7327 0.866961 2.30686 3.21361 -6.94365 -13.1787 -11.1477 -2.78726 -10.2782 4.95648 -5.66008 -14.3451 4.31962 5.3883 1.6362 4.94143 -3.94699 2.83847 0.263265 6.43989 3.87108 -6.35252 4.31236 -5.54736 -6.82523 3.14249 15.6076 12.356 8.25256 10.0578 2.28769 3.9546 0.684583 -11.8025 -9.39853 0.618869 -18.2677 -8.69008 4.89673 10.2168 -3.70271 0.41465 -10.1523 10.4071 -2.09512 5.71513 4.5839 -2.24127 -4.99425 1.0687 -11.5125 12.3361 7.96706 -9.02558 -8.25813 -6.04452 13.49 1.69588 -0.628228 1.493 -17.2537 -14.1068 -11.8827 14.1798 7.21985 -9.85386 -3.73238 -5.61533 7.3993 -13.2856 -7.44379 -12.3088 0.73821 2.22572 -2.23286 -3.71968 -7.85961 -5.19451 6.50948 -4.40489 17.0242 -0.377188 -7.75453 -3.21327 8.25302 -9.29213 -8.20824 -4.40774 6.12863 -2.88042 -4.54251 0.341667 8.45539 -19.453
internal_weight=106978 59207.7 47770.3 29979.6 30333.7 28874.1 17790.6 16147.8 20447.4 18618.4 13519.9 9974.68 17257.5 11616.6 11715.3 7744.27 11424.7 6527.32 6865.31 6173.16 4320.25 6992.61 7101.42 1642.81 9532.23 5612.11 7193.69 4224.4 3194.42 4154.7 6927.47 5736.58 10025.3 3478.27 2946.06 4948.65 3338.76 3920.12 5511.42 1948.78 2094.76 3109.36 3971.04 2198.7 7104.41 5622.99 3775.12 2927.7 1820.23 2242.94 1481.42 4829.22 2495.31 450.749 1785.33 3387.04 2788.11 686.931 7232.17 6059.33 3965.96 4265.99 3586.47 2483.79 1126.67 3610.67 1842.89 2372.62 5443.63 2636.63 2268.76 2788.53 2707.41 2272.2 1346.05 4515.19 343.423 502.973 1797.6 318.759 2795.62 885.639 1414.37 2155.55 643.49 3312.72 2979.67 1898.96 1125.3 1864.38 1065.48 833.677 4281.89 1237.15 986.529 3270.8 3758.61 1263.63 1481.19 1123.86 4133.66 1385.38 354.214 1948.76 695.56 1263.36 1232.78 1442.06 1125.83 740.273 2359.67 709.372 4562.08 968.571 463.753 1409.08 1005.41 2205.92 1876.48 713.207 551.071 1641.21 1250.9 421.068 2361.5 784.329
internal_count=129039 77938 51101 29332 40254 37684 21769 19604 21820 24881 15114 12407 21336 16348 15373 10211 15203 7685 8439 7197 5671 7429 10152 2165 7512 4016 9678 5261 4312 4708 6706 5341 13069 4404 3704 6688 4087 3496 5548 2274 2005 3968 5162 1906 9532 7557 5128 4195 2131 2904 1975 6849 3192 512 2397 4035 3237 1002 8267 7542 5527 5483 4900 3345 1509 3645 1979 2977 3792 3153 2919 3660 3692 3303 1476 6196 426 687 2357 397 3523 1174 1358 2544 810 3642 3357 2248 1351 2536 1295 1011 3142 984 845 3882 5021 1470 1881 1369 5937 1262 380 1936 912 1642 1513 1761 1359 948 3403 743 4930 1225 480 1915 1277 2434 2114 819 826 2082 1538 533 3349 548
is_linear=0
shrinkage=0.05


Tree=5
num_leaves=127
num_cat=0
split_feature=36 36 1 1 36 44 33 36 33 23 1 30 33 1 0 39 23 5 0 11 1 1 11 11 1 30 11 0 30 30 13 1 14 33 1 33 1 23 23 46 0 1 0 30 0 42 11 1 33 33 33 0 33 0 28 1 11 39 33 32 33 33 36 0 16 1 33 42 23 30 14 11 23 5 33 1 0 12 33 32 0 11 30 9 11 0 33 32 1 15 23 5 33 14 43 39 0 30 31 30 2 5 1 33 32 14 36 1 1 1 30 14 5 9 4 11 1 11 13 1 5 11 33 11 5 43
split_gain=1.71133e+09 2.93646e+08 2.33783e+08 1.76006e+08 1.42367e+08 1.05244e+08 8.82823e+07 7.01812e+07 7.01216e+07 5.83818e+07 5.37821e+07 5.97925e+07 5.18748e+07 4.11218e+07 3.93682e+07 3.4515e+07 3.35399e+07 3.26588e+07 2.9654e+07 2.91859e+07 2.81986e+07 2.72794e+07 2.71274e+07 2.6752e+07 2.55009e+07 2.35521e+07 2.24461e+07 2.19244e+07 2.10248e+07 2.01264e+07 2.00572e+07 1.995e+07 1.98526e+07 1.88047e+07 1.80894e+07 1.80311e+07 1.78807e+07 1.78475e+07 1.73115e+07 1.73046e+07 1.69273e+07 1.78858e+07 1.69026e+07 1.68519e+07 1.59805e+07 1.57032e+07 1.52924e+07 1.49483e+07 1.49373e+07 1.36556e+07 1.36534e+07 1.52157e+07 1.33331e+07 1.31801e+07 1.28394e+07 1.27329e+07 1.19554e+07 1.15339e+07 1.13533e+07 1.1307e+07 1.11895e+07 1.10809e+07 1.25733e+07 1.08119e+07 1.07959e+07 1.05946e+07 1.05097e+07 1.02052e+07 1.00757e+07 1.00711e+07 1.00035e+07 9.92657e+06 9.86888e+06 9.69504e+06 9.66024e+06 9.59562e+06 9.51396e+06 9.36438e+06 9.26361e+06 1.18017e+07 8.96785e+06 8.82914e+06 8.79764e+06 8.78772e+06 8.72781e+06 8.68709e+06 8.67334e+06 8.73769e+06 8.6633e+06 8.60097e+06 8.51188e+06 8.49989e+06 8.57061e+06 8.45661e+06 8.41819e+06 8.39785e+06 8.32036e+06 8.30897e+06 8.1105e+06 8.08832e+06 7.70155e+06 7.98938e+06 7.63566e+06 7.51215e+06 9.37399e+06 7.49367e+06 7.46201e+06 7.46017e+06 7.38762e+06 8.39317e+06 7.34704e+06 7.23508e+06 7.23211e+06 7.09442e+06 7.48215e+06 7.05652e+06 7.04135e+06 6.98311e+06 6.98266e+06 6.95449e+06 6.69365e+06 6.66037e+06 6.64185e+06 6.59682e+06 6.59279e+06 6.55227e+06
threshold=0.011697530864197532 0.019598765432098767 -5.4999999999999991 -6.4999999999999991 0.0073148148148148157 1.0000000180025095e-35 0.018314406283436228 0.0078571428571428594 0.0146047145008754 0.024881743156199686 8.5000000000000018 0.018425925925925932 0.015320782834815498 -7.4999999999999991 53.500000000000007 0.012283950617283953 0.018916181099725409 0.093178294573643419 58.500000000000007 0.23463088939279417 -8.4999999999999982 -12.499999999999998 0.25410277105192364 0.26425937974409025 8.5000000000000018 0.0039285714285714297 0.22648879716981135 54.500000000000007 0.022808641975308644 0.010524691358024694 1.0000000180025095e-35 6.5000000000000009 6.5000000000000009 0.023907519282128222 -12.499999999999998 0.0168364712261239 6.5000000000000009 0.021484204793028327 0.021215628507295178 1.0000000180025095e-35 24.500000000000004 10.500000000000002 70.500000000000014 0.017685185185185189 58.500000000000007 1.5000000000000002 0.27228596646072378 8.5000000000000018 0.019563317113787577 0.033741053878459548 0.018023825678729059 46.500000000000007 0.030024937817227242 62.500000000000007 0.10833333333333335 -7.4999999999999991 0.2103356216628528 0.0065740740740740751 0.015584157946347561 0.033151135005973727 0.029823307160977464 0.022667945381829011 0.028055555555555559 27.500000000000004 3.5000000000000004 -13.499999999999998 0.037537255802635602 1.5000000000000002 0.025597183317771555 0.003402777777777778 14.500000000000002 0.23887201162329946 0.020639430014430016 0.26138716356107666 0.056843393177042366 9.5000000000000018 63.500000000000007 1.0000000180025095e-35 0.028627532593229626 0.022404420549581843 155.50000000000003 0.21073190789473686 0.016080246913580249 5.5000000000000009 0.21401308615049075 33.500000000000007 0.028099294548191881 0.027739726027397264 6.5000000000000009 4.5000000000000009 0.019562701288244774 0.11443452380952382 0.028099294548191881 18.500000000000004 1.0000000180025095e-35 0.0058333333333333345 42.500000000000007 0.016080246913580249 -0.0015455713833615436 0.0023015873015873019 1.0000000180025095e-35 0.02339261285909713 14.500000000000002 0.029823307160977464 0.041487268518518521 5.5000000000000009 0.04342592592592593 13.500000000000002 -13.499999999999998 8.5000000000000018 0.014907407407407409 4.5000000000000009 0.10822072072072074 5.5000000000000009 1.5000000000000002 0.24626532887402455 5.5000000000000009 0.25105042016806728 4.5000000000000009 -11.499999999999998 0.038218111002921142 0.27486263736263744 0.024162032157315275 0.30655913978494626 0.15300120048019211 1.0000000180025095e-35
decision_type=2 2 2 2 2 2 2 2 2 2 2 2 2 2 2 2 2 2 2 2 2 2 2 2 2 2 2 2 2 2 2 2 2 2 2 2 2 2 2 2 2 2 2 2 2 2 2 2 2 2 2 2 2 2 2 2 2 2 2 2 2 2 2 2 2 2 2 2 2 2 2 2 2 2 2 2 2 2 2 2 2 2 2 2 2 2 2 2 2 2 2 2 2 2 2 2 2 2 2 2 2 2 2 2 2 2 2 2 2 2 2 2 2 2 2 2 2 2 2 2 2 2 2 2 2 2
left_child=2 3 7 15 12 9 14 25 23 22 11 67 40 -11 37 26 31 71 43 35 57 125 45 39 52 -1 93 66 61 -14 -23 53 84 46 -21 94 96 63 95 -6 -4 56 -34 -15 60 50 77 89 -24 59 -3 -52 -20 -10 -33 -53 -42 -7 118 -45 105 -22 -63 -5 97 -28 68 78 -13 -37 -47 -16 -25 81 -64 -65 90 -27 79 83 -41 -19 108 -8 -29 -30 87 -86 -44 -46 -32 92 -40 -2 -9 -12 -31 -39 -74 -95 -98 -102 -97 -87 121 -18 -54 -83 -50 -110 -57 -51 -49 -84 -115 -91 123 -85 -36 -79 -70 -105 -69 -73 -38 -17
right_child=1 5 4 6 8 20 10 19 16 13 38 27 29 18 17 21 44 73 24 34 28 30 48 72 -26 33 65 32 85 36 76 54 42 -35 58 69 124 64 91 80 41 -43 88 49 47 70 -48 112 82 111 51 55 106 -55 -56 110 -58 -59 -60 -61 -62 62 74 75 -66 -67 -68 122 120 -71 -72 116 98 -75 -76 -77 -78 119 -80 -81 -82 107 113 117 86 103 -88 -89 -90 115 -92 -93 -94 99 -96 102 100 -99 -100 -101 101 -103 -104 104 -106 -107 -108 -109 109 -111 -112 -113 -114 114 -116 -117 -118 -119 -120 -121 -122 -123 -124 -125 -126 -127
leaf_value=15.480319177819636 8.3726538068002423 -7.3155972316436193 -1.0855810458615156 -8.6247477292156258 -0.51610492731552016 -5.3622341438850434 4.2831651574276908 -9.4528199309820948 9.1504378627943108 -16.924183710764911 9.921477785277542 -0.21281754711139353 17.603640644150154 4.8327812898944824 6.6430391690922299 -20.709321103803944 1.9532564868135074 2.6268847047735888 -7.0233692944413209 -12.907972303318912 -13.721087121323448 -15.637621634578473 -13.5866726023013 -1.0692892901308382 -12.601690619185471 -3.7659812194669104 -14.768555535966142 11.455692037079039 -17.916590526192639 8.6448672520417968 -3.5160712011343644 13.391514393836804 -7.4764347621583669 9.2470159588568688 -13.936233081699559 20.665312332220097 9.3479295983924722 9.2770099403483659 -9.7843691400272697 5.4647605887445287 12.686282709551806 1.8672283540238763 6.34356642278774 -11.465810978141384 12.126374405773742 -1.9590426714477354 -3.7153159237044613 5.9519115895464676 -14.535801433310073 -7.2769949011529924 -4.5481785226847418 -3.1290062592998584 2.3234148427747634 14.605462075897524 3.0105205582041865 10.773830498435498 8.032151730634947 -20.859802852326698 -1.3462176059675497 -18.187644568295624 6.8548656049606453 -1.440032354074309 -13.043610347814406 -0.71766024802300632 -20.73682944152759 -4.139813007667299 3.2393128640685398 -2.0970396820680222 -1.6727619343619531 3.723443608292742 -10.816502421184023 4.0395034363797597 12.530528293969683 -14.156455542168215 -0.31990185161300333 -11.777742849238932 -2.0937879680864646 0.40514054264843696 15.56184791200161 2.7503548423505673 22.508484583839561 -3.9016042088920813 -11.83357777617247 17.820349430694804 3.6990331313041001 -16.120649753877508 8.2691405761180654 -8.6895161404726959 -10.109290088302672 8.8846884354073286 -11.679870489840178 -12.412767721142467 1.5230166732938226 17.962780306684991 -0.56190759692791159 0.70208322251049671 12.078298934110807 -10.436976889645011 -9.8730825331313241 -4.5760623316071047 19.878127064316111 14.29042589144025 -10.025799530875807 -0.41995471947611229 -15.24109682851423 -6.3775587958065065 -6.8241399362212505 -12.322389043218081 3.0187986216479104 -8.1371691024119457 3.2252096400091155 -13.779315678885176 -3.5516550455101901 -2.1131371367114409 -9.9650689789963671 3.6339594692412498 -6.3266252183706975 9.0167461420755277 -5.4763579757128538 6.28347335421428 -8.3581544248112909 -11.908024170878285 6.9677766841542823 -7.5244869121699098 1.5925524320326288 -14.18683590444401
leaf_weight=417.32406342029572 338.6257883310318 495.55882203578949 472.72037887573242 1184.2389531135559 1644.6080691218376 128.46682476997375 319.25440928339958 419.51247847080231 2125.0176873207092 1897.6090714335442 176.8662416934967 1754.4725269675255 2282.1772258281708 159.79952013492584 1055.0108589529991 817.51437541842461 2080.5692820250988 370.70386990904808 949.81302991509438 934.20675480365753 951.49355182051659 938.49718615412712 828.90570265054703 1719.5874884724617 825.54690968990326 391.00824680924416 436.0574377477169 647.44483533501625 1760.2911996841431 825.47289851307869 462.1153002679348 392.73343831300735 586.0529248714447 989.96922418475151 371.82290759682655 97.088240474462509 1479.5985849201679 55.256153434514999 361.17580643296242 2710.5014328360558 2103.8938000500202 843.56179484724998 588.36160665750504 1569.6546964049339 1166.8450260162354 633.52776876091957 1023.763184517622 386.88524755835533 102.68456184864044 1747.2717469036579 678.09504887461662 433.22327160835266 1179.0119962394238 2312.0503598749638 1232.9537504315376 608.40400174260139 4009.3401227295399 1834.1150458753109 1217.7711927592754 1040.2266299426556 1161.2665565013885 633.54314258694649 759.30174180865288 1359.5591569542885 259.99259272217751 507.12324038147926 913.45928850769997 270.58852589130402 617.30615502595901 908.95863288640976 641.58605656027794 796.97965434193611 43.341928124427795 285.76807591319084 185.65037393569946 229.16391086578369 700.05392745137215 710.20182332396507 665.73787203431129 575.38022553920746 79.441036194562912 1023.1765307784081 712.18039560317993 508.50185304880142 683.54972186684608 993.80895894765854 833.93461316823959 179.7596084177494 92.601947993040085 1796.1999443173409 1033.0362717211246 697.21116107702255 312.64721274375916 44.454398512840271 728.67549940943718 652.73043739795685 3143.7689332067966 1634.1266458034515 594.59461358189583 380.56617340445518 791.87079140543938 3329.3009892404079 222.37434333562851 295.11599168181419 444.31696528196335 310.17811259627342 274.9239946603775 354.02124845981598 567.24649235606194 239.90133160352707 685.56691136956215 566.51140624284744 414.82905009388924 690.28995698690414 541.32152163982391 993.94833010435104 320.7044872045517 404.38102522492409 709.02535253763199 1725.8282826840878 951.54914835095406 220.38397708535194 798.06839033961296 145.90517032146454 336.32296201586723 727.84801658987999
leaf_count=458 429 557 641 1309 2227 125 402 536 2808 1563 214 2325 2297 189 1407 560 2714 472 1110 1007 879 844 805 2414 838 490 436 809 1291 1094 585 446 707 1356 387 88 1992 65 431 3841 2620 1213 828 1522 1456 905 1469 553 92 2016 828 609 1572 2630 1829 730 5582 1089 1703 783 1530 708 668 1872 178 681 1163 388 804 1347 703 1072 56 299 268 257 950 1145 663 750 62 1323 773 499 949 762 1133 237 87 2447 1118 743 431 53 1044 886 3952 1719 675 518 719 3805 297 338 358 382 329 398 762 260 961 547 587 867 640 1350 413 514 1016 2615 1053 192 1116 188 517 725
internal_value=3.24453e-08 -6.08491 6.57244 -2.6408 8.29473 -9.92206 -0.592941 -0.0259866 5.45063 -7.78946 1.92396 3.36291 11.3632 -10.2829 -4.42418 -9.98065 7.42897 -0.993744 -8.76681 -4.03689 -14.6176 -12.2008 -4.54984 1.26404 -5.01997 4.0833 -3.89442 0.92931 -12.9744 13.3705 -9.51979 10.2568 3.79153 3.10076 -7.04114 0.471532 12.3953 -7.58579 -4.84046 3.55201 8.07 8.69213 -1.2513 -11.147 5.36604 -1.79117 1.52067 7.2603 -7.67815 -11.6656 0.241645 1.79865 -2.41609 11.9929 5.51836 4.29042 9.63389 -19.8454 -4.65674 -14.1449 2.82826 -9.45904 -6.88995 -5.00854 -11.2519 -9.05376 -1.51063 8.75551 -2.81621 5.35841 -6.41576 3.06264 -3.03968 -5.61846 -10.5438 -2.31301 -6.90429 3.41679 10.5197 8.6626 5.95006 -4.22256 -5.96187 11.4235 6.51656 -15.3691 4.63243 1.11947 4.1062 8.52168 -9.15664 -8.54248 -4.53785 2.47788 -3.81037 -0.0156231 13.4017 -9.79217 -8.35096 -2.21865 13.9422 15.3641 -2.024 -13.0736 -9.91872 0.872408 0.593709 -6.06624 -1.904 -0.29699 6.77445 -8.86904 1.0345 -7.86125 -5.56424 7.0142 0.0732543 13.9206 -8.38664 4.5697 -5.72762 -5.33128 4.67253 2.25005 7.91157 -17.6373
internal_weight=106978 55549.3 51428.7 29273.9 40783.6 26275.3 22888 10645.2 21165.6 18068.9 13813.4 11390.4 19618 10210.4 9074.61 6385.89 14373.5 4352.27 8312.76 5387.06 8206.49 4679.07 7858.49 6792.07 3229.3 5258.09 1706.83 7848.49 6243.91 12188.5 3133.7 6062.76 3611.71 4840.77 3232.83 2154.23 9906.34 4722.34 2423.01 4434.55 7429.52 6956.8 1267.02 5083.46 8310.72 4175.96 3850.8 4758.71 3682.53 4923.66 2900.85 2405.29 2403.75 4437.07 1625.69 1727.19 6113.23 1962.58 2298.62 2609.88 3552.01 2529.99 1578.5 2772.96 1949.38 943.181 4236.79 3541.91 3323.33 1006.05 1275.11 2318.6 2357.52 2033.67 944.952 1588.72 2195.21 2827.04 2473.26 1807.52 2789.94 1747.9 2853.62 1232.14 2344.69 3713.92 1697.24 863.309 680.964 3956.99 1495.15 1371.03 673.823 763.646 1148.19 1051.97 8090.41 1689.38 637.937 425.021 7264.94 4121.17 875.105 1953.63 959.817 2390.75 1453.94 1377.2 909.832 807.148 1293.97 2313.78 801.714 1943.79 1231.61 2790.15 1263.59 912.883 1080.85 2436.03 1568.86 515.5 1068.66 942.885 1815.92 1545.36
internal_count=129039 61939 67100 35300 52439 26639 28401 14661 28007 19961 17429 14427 24432 10469 10972 6899 18732 5572 8906 7128 6678 4782 9492 9275 3849 7533 2117 10095 5464 14376 3497 7713 4750 7075 4113 3015 12079 5400 3002 6130 10056 9415 1622 5057 11019 5293 5719 6393 4199 4868 3685 3128 3011 5438 2275 2300 8202 1214 3106 2305 4626 2523 1644 3438 1962 1117 5345 4332 4182 1435 1608 3080 3145 2492 936 2129 2653 4250 2828 2165 3903 2193 3394 1415 3128 2941 2319 1186 915 5253 1703 1605 862 1000 1580 1397 9570 1784 731 571 8476 4524 1183 1650 888 3096 1901 1721 1114 1022 1691 2563 1140 2280 1507 3797 1673 1013 1403 3760 1857 530 1504 1260 2509 1285
is_linear=0
shrinkage=0.05


Tree=6
num_leaves=127
num_cat=0
split_feature=27 36 36 1 1 0 1 30 34 1 1 0 34 6 36 1 37 27 1 11 6 27 24 1 0 11 27 11 1 0 34 0 1 0 30 30 42 25 30 27 34 1 30 11 28 2 32 6 11 36 1 11 10 27 1 27 1 15 25 24 6 23 24 27 36 25 37 30 25 6 11 25 0 27 30 13 1 31 30 24 16 25 34 32 11 25 36 36 6 12 11 30 30 24 16 11 1 34 42 43 11 39 1 6 16 28 12 2 39 37 24 24 6 2 36 30 9 6 37 31 6 30 1 11 1 34
split_gain=1.65921e+09 3.74452e+08 2.67356e+08 1.72514e+08 1.09594e+08 8.03295e+07 7.87041e+07 7.81179e+07 7.59139e+07 7.08489e+07 6.18641e+07 5.82811e+07 5.76191e+07 4.49124e+07 3.63987e+07 3.52816e+07 3.1731e+07 3.10418e+07 2.97337e+07 2.77256e+07 2.72508e+07 2.39016e+07 2.33306e+07 2.31768e+07 2.80321e+07 2.30964e+07 2.06329e+07 1.98068e+07 1.86033e+07 1.8421e+07 1.78032e+07 1.69497e+07 1.68337e+07 1.64786e+07 1.62357e+07 1.56373e+07 1.51827e+07 1.455e+07 1.4472e+07 1.43816e+07 1.41527e+07 1.40855e+07 1.40515e+07 1.40196e+07 1.36122e+07 1.31518e+07 1.27823e+07 1.26075e+07 1.25235e+07 1.16589e+07 1.16202e+07 1.13867e+07 1.12925e+07 1.1097e+07 1.10064e+07 1.06381e+07 1.04964e+07 1.02303e+07 1.00647e+07 9.97174e+06 9.30392e+06 9.2991e+06 1.29023e+07 9.23628e+06 9.21744e+06 9.0931e+06 8.96871e+06 8.91679e+06 8.87934e+06 8.87171e+06 9.11295e+06 8.7365e+06 8.60954e+06 8.5856e+06 8.35701e+06 8.26471e+06 8.1622e+06 8.49207e+06 8.09768e+06 8.06289e+06 8.05576e+06 7.99923e+06 7.90847e+06 7.99826e+06 7.84642e+06 7.73363e+06 7.72827e+06 7.71316e+06 7.66082e+06 1.31357e+07 7.32221e+06 7.31682e+06 7.26042e+06 7.21738e+06 7.16433e+06 7.1569e+06 7.34794e+06 7.07851e+06 9.4611e+06 7.02213e+06 6.95246e+06 6.90091e+06 1.07889e+07 6.83601e+06 6.65936e+06 6.59387e+06 6.49766e+06 6.43954e+06 6.41152e+06 6.4083e+06 6.34278e+06 6.16482e+06 6.16018e+06 6.09724e+06 6.07108e+06 6.04646e+06 5.99795e+06 5.99617e+06 5.98852e+06 5.91656e+06 6.11998e+06 5.87645e+06 5.8247e+06 5.81668e+06 5.77774e+06 5.77067e+06
threshold=0.011697530864197532 0.016388888888888894 0.0089583333333333338 -6.4999999999999991 -7.4999999999999991 42.500000000000007 -7.4999999999999991 0.012283950617283953 0.069444444444444461 8.5000000000000018 6.5000000000000009 38.500000000000007 0.1138888888888889 0.030457637600494747 0.0094841269841269855 -6.4999999999999991 0.16944444444444448 0.0064153439153439165 10.500000000000002 0.28800719054956353 0.075853471423091692 0.0061419753086419766 0.013425832249236795 -12.499999999999998 56.500000000000007 0.22816552250190694 0.018968253968253971 0.32025641025641033 -6.4999999999999991 61.500000000000007 0.11944444444444445 92.500000000000014 7.5000000000000009 64.500000000000014 0.014907407407407409 0.0029320987654320994 1.5000000000000002 0.49722222222222229 0.018968253968253971 0.016388888888888894 0.041666666666666678 -12.499999999999998 0.018968253968253971 0.22926223241590218 0.12500000000000003 -1.0000000180025095e-35 0.021407221425155432 0.097800095648015326 0.26699669966996703 0.010833333333333335 13.500000000000002 0.26539642405634828 12.500000000000002 0.017685185185185189 -4.4999999999999991 0.016080246913580249 14.500000000000002 3.5000000000000004 0.19166666666666668 0.019196366015124793 0.13667496886674971 0.025821409644939061 0.022013548637682883 0.019598765432098767 0.015039682539682542 0.18611111111111114 0.18055555555555558 0.0039285714285714297 0.17500000000000002 0.02790758047767394 0.28642149929278643 0.10277777777777779 26.500000000000004 0.0099382716049382733 0.040648148148148149 1.0000000180025095e-35 12.500000000000002 0.0017131074201893635 0.07515432098765433 0.042990766125970054 4.5000000000000009 0.069444444444444461 0.091666666666666688 0.020329626047711154 0.27435167615433276 0.12500000000000003 0.01451388888888889 0.0049691358024691367 0.048900047824007663 1.0000000180025095e-35 0.25410277105192364 0.013263888888888889 0.0039285714285714297 0.011875483213818717 3.5000000000000004 0.23317152103559874 -21.499999999999996 0.091666666666666688 1.5000000000000002 1.0000000180025095e-35 0.24085229808121375 0.003402777777777778 8.5000000000000018 0.078689370485036131 3.5000000000000004 0.27500000000000008 4.5000000000000009 1.0000000180025095e-35 0.0049691358024691367 0.29166666666666669 0.038506783191249103 0.017869832513537361 0.074350469872857941 -1.0000000180025095e-35 0.02675925925925926 0.0049691358024691367 7.5000000000000009 0.030457637600494747 0.33611111111111119 0.0017417725224742773 0.09699820788530468 0.020069444444444449 7.5000000000000009 0.28402076318742991 14.500000000000002 0.069444444444444461
decision_type=2 2 2 2 2 2 2 2 2 2 2 2 2 2 2 2 2 2 2 2 2 2 2 2 2 2 2 2 2 2 2 2 2 2 2 2 2 2 2 2 2 2 2 2 2 2 2 2 2 2 2 2 2 2 2 2 2 2 2 2 2 2 2 2 2 2 2 2 2 2 2 2 2 2 2 2 2 2 2 2 2 2 2 2 2 2 2 2 2 2 2 2 2 2 2 2 2 2 2 2 2 2 2 2 2 2 2 2 2 2 2 2 2 2 2 2 2 2 2 2 2 2 2 2 2 2
left_child=2 3 8 23 31 26 16 18 15 13 11 45 14 33 40 99 35 54 22 42 34 -17 -5 43 -25 66 106 39 105 57 50 53 46 44 52 -4 59 56 -28 76 -9 -18 60 -2 -7 86 -14 115 71 -20 64 101 93 -3 92 -44 90 -22 61 107 94 62 -41 -21 125 -46 124 -26 -45 70 -48 -23 -47 -36 100 123 77 110 -60 -57 84 -37 -31 -84 -43 -76 -8 -56 89 -40 -11 116 -10 113 -15 96 -83 -35 114 -1 -42 -30 119 -55 -59 -19 -6 -24 -51 -53 112 -54 -16 -13 -99 -33 -58 -75 -71 120 -103 -65 -50 -69 -12 -27
right_child=1 4 6 7 5 9 10 12 17 37 25 20 32 19 27 21 41 28 49 63 29 48 36 24 67 30 38 -29 51 82 -32 47 -34 97 73 81 -38 -39 88 58 74 80 55 68 65 72 69 -49 122 108 -52 109 111 103 87 79 91 104 78 -61 -62 -63 -64 121 -66 -67 -68 75 -70 118 -72 -73 -74 117 85 -77 -78 -79 -80 -81 -82 95 83 -85 -86 -87 -88 -89 -90 -91 -92 -93 -94 -95 -96 -97 -98 98 -100 -101 -102 102 -104 -105 -106 -107 -108 -109 -110 -111 -112 -113 -114 -115 -116 -117 -118 -119 -120 -121 -122 -123 -124 -125 -126 -127
leaf_value=-4.3035811446709973 -7.2596344328230122 -13.419107717497475 17.000659519559946 -2.2382397136995134 -11.447624939050428 -11.975049791433715 -1.0744470541137181 -4.5251486551448572 19.758879596827509 -7.2421518610044586 9.5772631742608407 0.38021780716107789 12.400824180655091 2.0640486846655808 1.8923624214286161 10.827454522553868 -11.299220054289826 7.3106310657986855 4.3678061657301281 -7.2161758379913223 4.0785503330911359 5.9499962304807026 1.8491514187924605 -11.86717737192795 12.612833222888099 -4.4552175167583403 -0.54824054049551973 -12.046869576948749 19.295879714385883 3.120756406124916 2.3747506411276276 14.514460235795319 -3.3310811371077786 -2.4060847400702432 8.2693107706201818 -4.883189170555216 3.1846573869981487 6.5284114046642543 -16.873874694383474 -7.5202841243379881 6.0616725846552466 -0.83035542395837114 -1.5186760632384644 -18.004757929293728 -1.8424198999387749 -2.528966594266373 8.8977899620990062 -13.505482930023497 3.3220595158697712 5.6250693489589807 -11.539093115166615 11.77592387620945 3.3765370974483688 -15.772419753267124 18.11553034195947 -9.4184647212071546 3.8766821846220774 -2.7498515123008209 4.2303450390648543 14.661008805515237 -6.7465083439845319 -10.254890391261236 2.7538700945536494 -7.0019377640146949 -8.3598578793990512 9.4981276041943286 -0.26377655598489985 -5.9950800708799008 -5.2281478817628955 3.8492655503310718 -2.6852672246690044 11.962512930304177 4.5356451534307629 6.7538107665260005 -15.019817686764691 -1.7817061076889016 -11.967782633121496 -6.1325946933192341 -17.521728246520325 -1.8278355945877831 -24.63970095315365 -13.671836932674209 14.302392570683461 6.1728493867235841 -7.7061024343445101 0.59798292587702384 -8.7545263154568183 14.082079976255622 -16.686180828319166 -9.7002044187325875 -13.088898844001884 -18.799795266884086 9.2019698984335765 16.978982702970836 -10.657992833566537 -2.1496381180066702 7.7000517834051543 19.481496801640223 3.9958715260508137 2.2784873011619275 0.87605033417975631 13.923071290316683 6.4365377364437171 -20.323014002003791 -19.473455438010891 0.2220012822522287 -6.6002425709152881 11.899654870412304 -7.8750066068907207 5.5100178094032444 15.075404689768304 12.061857535404437 -4.3633289280093051 12.736664751197274 4.3746027419822342 -4.7018882881518005 -13.248141380642682 1.4268067523163728 -1.9267084156083791 7.1243155960540268 8.950056389211472 -16.395153924113341 -4.4351901666305116 -20.338281041400819 1.0918681747307353 2.6610575400192849
leaf_weight=575.02816653251648 547.45717304944992 1303.3084435462952 157.99546119570732 411.82784467935562 1363.4260929822922 298.06093978881836 715.42750066518784 1000.8028406500816 185.42146208882332 980.64956414699554 660.68899294734001 130.08735093474388 494.95645919442177 1307.8443174362183 1358.9549804627895 3721.5202035903931 1027.9721086621284 831.95302364230156 630.93915092945099 698.69892224669456 696.90401002764702 2994.6267991662025 298.5145446062088 1660.2856610417366 89.851873844861984 570.98073357343674 184.79453209042549 962.69052895903587 300.0461365878582 1216.3914964497089 963.336256980896 50.813978970050812 742.08327695727348 252.60985931754112 4634.0598400235176 478.44668897986412 557.73038718104362 101.60752809047699 1139.234385997057 1124.5595719516277 1228.733649879694 1096.5326436758041 814.86026209592819 1289.9775177538395 1263.4461950361729 681.89879840612411 1047.4285971224308 859.99118819832802 1252.003281712532 107.5789849460125 624.22174751758575 592.57012188434601 468.48605632781982 1246.1574575006962 1679.3769580721855 2032.4698503017426 56.500360131263733 936.37578392028809 318.1897554397583 1509.2957012653351 534.2644522190094 1501.2786332666874 419.5851856470108 205.88302782177925 651.73528948426247 205.51176172494888 769.41670817136765 211.13905334472656 152.00867000222206 1145.7038328647614 202.66059404611588 756.88169297575951 1173.3361535668373 1220.0911812186241 122.73534941673279 1277.4045714139938 179.62422746419907 604.97595429420471 49.43277582526207 422.58306309580803 45.944242984056473 43.140551447868347 430.51892703771591 1017.901888012886 667.51408267021179 223.8022985458374 604.1892081797123 4028.558819770813 2631.2031874656677 1450.7762134671211 1179.6545200943947 880.56097674369812 1338.8083663582802 981.72306457161903 120.89206719398499 421.0617912709713 593.65345326066017 199.63485881686211 781.78187343478203 1372.1409669518471 1363.7498669326305 3509.0329877138138 882.08927890658379 2443.6180501282215 63.567960560321808 541.64957711100578 1402.4249124825001 341.92674142122269 481.97428306937218 1310.435938835144 73.225754231214523 362.31963559985161 553.95075508952141 429.31215324997902 99.728079319000244 210.5661144554615 538.11845988035202 931.62341460585594 737.70115900039673 468.11349043250084 751.07537660002708 870.54012912511826 299.96944308280945 106.25646531581879 288.08419969677925 568.5418792963028
leaf_count=827 656 1189 169 537 1321 274 1018 1295 161 1147 863 184 586 1690 1892 4951 1199 1191 830 810 963 4283 382 1747 112 825 207 1017 269 1743 1333 56 969 325 6244 681 821 150 842 1311 1632 1605 1076 1018 1584 880 1363 799 1846 112 725 727 690 1014 1627 2141 62 1271 454 1659 564 1625 538 234 781 274 1131 285 183 1532 230 961 1590 1611 134 1837 204 740 34 550 25 53 492 1408 879 293 713 4594 1965 1425 1124 626 1885 993 134 589 816 181 1057 2170 1869 4077 1280 1467 62 834 1679 421 583 1844 83 441 717 540 115 261 493 1298 999 670 1033 693 415 74 407 869
internal_value=1.78378e-08 -6.25326 6.20069 -1.81767 -10.2156 -8.57107 2.60234 0.332756 9.65876 -6.25089 3.84919 5.32124 -1.33151 -4.07623 -3.24827 6.43878 -3.39254 11.8105 6.26031 -6.2931 6.75288 7.75575 8.84912 -9.79818 -7.25647 -0.972221 -12.5022 -5.37549 9.88159 3.50015 -3.37237 -16.1377 3.53053 0.934102 8.30211 2.02202 10.5356 -12.1334 -14.2993 -4.33689 0.610301 -6.6251 -4.4614 -14.0717 -2.23264 -0.775073 4.93386 -10.5827 5.60029 -0.356079 -5.66442 10.825 11.863 -17.3852 14.2608 -6.46888 -12.6549 -0.571898 -6.50945 12.4427 -1.11739 -7.45281 -4.72852 -11.6928 -3.6172 -0.255842 3.74766 -2.71245 -16.6579 3.7544 7.01998 7.16305 1.93902 7.05741 2.35904 -3.57589 -1.66068 -0.946159 1.30543 -8.11191 -3.97046 0.481595 6.09306 8.58922 -3.43213 -4.93347 -4.59079 15.2688 -14.786 -12.8556 -10.4348 -15.9061 10.4862 14.3961 0.987577 2.90798 6.25218 5.12955 6.89025 0.334704 3.33383 11.9081 11.513 -18.7861 -3.813 4.51539 -8.98976 7.21504 -5.41157 7.46114 0.633631 7.16426 0.0808017 9.8632 14.4489 -0.966106 -11.6209 4.44739 1.5869 12.46 13.0463 -14.5986 1.82272 -10.7968 7.00077 -0.904695
internal_weight=106978 53263.2 53714.8 25131 28132.2 22017.8 26323.5 19796.6 27391.3 13845.9 21791.2 16694.2 15456.8 10108.8 11086.3 10972.2 4532.26 16419.1 4339.79 7008.04 13519.4 9025 3119.3 5334.38 3344.94 5097.01 8171.86 7146.47 9186.97 4361.66 3378.82 6114.46 4370.53 3100.77 9157.7 1694.3 2707.47 3737.09 5406.01 6183.78 3939.82 2837.96 5232.91 1989.44 1767.02 3174.85 3628.45 1121.37 5303.48 1220.49 2415.48 7813.36 2371.93 4993.08 7232.17 3269.91 3635.48 1696.85 3413.05 2149.74 1963 3045.42 1544.14 1775.12 1791.26 1468.96 1718.19 1684.65 1441.99 3133.49 1250.09 3751.51 1855.23 6785.77 2939.02 1594.8 2770.73 2591.11 367.623 2455.05 1809.99 1536.3 2664.81 1448.42 1764.05 346.538 1319.62 5707.94 5221.21 2590.01 2160.3 1475.18 1524.23 1541.12 1428.74 1057.86 636.794 1333.75 1081.14 1947.17 2592.48 5910.36 5610.31 3689.78 999.944 1373.6 2765.85 640.441 589.553 1903.01 1986.13 830.806 1912.91 559.4 299.363 261.38 594.619 2151.71 1883.4 4728.22 4260.11 1076.42 1551.97 317.396 948.773 1139.52
internal_count=129039 58303 70736 30774 27529 22743 35091 24862 35645 15304 29075 22141 19517 11702 13838 15453 6016 20192 5345 7892 17940 12456 3820 5912 4055 6934 7439 8615 11925 5939 4533 4786 5679 3810 12001 2308 3283 3602 4439 7598 5223 3708 6155 1857 2132 4201 4710 1116 7505 1525 3200 9900 2848 3670 8267 3767 3452 2296 3962 2462 2388 3474 1849 1737 2475 1858 2401 2308 1201 4124 1593 5244 2470 9153 3928 2196 3636 3432 488 2691 2509 2139 3643 1900 2484 427 1731 6221 4232 2267 2271 1181 2046 1717 1824 1458 869 1678 1353 2997 3501 7329 7060 2481 1333 2025 3000 803 695 2571 2692 1131 2609 724 296 317 555 2909 2531 5780 5110 927 2261 359 1270 1694
is_linear=0
shrinkage=0.05


Tree=7
num_leaves=127
num_cat=0
split_feature=27 38 38 11 44 12 11 34 27 38 25 24 33 6 6 6 38 0 2 5 0 33 11 5 0 27 27 11 27 5 25 23 23 33 28 33 24 6 34 25 2 24 23 25 11 38 34 38 34 27 9 46 34 30 33 27 9 23 15 38 27 13 34 14 23 24 31 27 0 27 30 0 6 38 5 23 11 34 38 33 38 25 27 15 2 25 27 14 13 24 42 5 23 23 23 25 6 33 30 8 38 46 31 25 31 15 38 30 42 11 25 6 21 42 0 23 24 33 14 27 31 5 24 0 27 14
split_gain=1.50183e+09 4.01901e+08 1.93866e+08 1.07879e+08 9.66259e+07 7.3407e+07 6.799e+07 4.96126e+07 4.77414e+07 4.23084e+07 4.11609e+07 3.89977e+07 3.81541e+07 3.23222e+07 2.99653e+07 2.97445e+07 2.52701e+07 2.43957e+07 2.24675e+07 2.12016e+07 2.27202e+07 2.04299e+07 2.02084e+07 1.98882e+07 2.23522e+07 1.76232e+07 1.67561e+07 1.63208e+07 1.6166e+07 1.6124e+07 1.58437e+07 1.49725e+07 1.49524e+07 1.45976e+07 1.29713e+07 1.28313e+07 1.27438e+07 1.26592e+07 1.19493e+07 1.37685e+07 1.17951e+07 1.24911e+07 1.17486e+07 1.12446e+07 1.11586e+07 1.11421e+07 1.10382e+07 1.06205e+07 1.06064e+07 1.04499e+07 1.04027e+07 1.01435e+07 1.00051e+07 9.77059e+06 9.43662e+06 9.35303e+06 9.33159e+06 9.31488e+06 9.12227e+06 9.01851e+06 8.98801e+06 8.96059e+06 8.88197e+06 8.75384e+06 8.57979e+06 1.37087e+07 8.57092e+06 8.4588e+06 8.44802e+06 8.40461e+06 8.36487e+06 8.32139e+06 9.33291e+06 8.21836e+06 8.14113e+06 8.05952e+06 8.04855e+06 7.94379e+06 9.62905e+06 7.9419e+06 7.76852e+06 7.71358e+06 7.68777e+06 7.90686e+06 7.67568e+06 7.56833e+06 7.56356e+06 7.55917e+06 7.02926e+06 6.98235e+06 6.92147e+06 6.86113e+06 6.85768e+06 6.78802e+06 6.73854e+06 7.8801e+06 7.30829e+06 6.70854e+06 6.58694e+06 6.55667e+06 6.74965e+06 6.48616e+06 6.40418e+06 6.38826e+06 6.38714e+06 7.42373e+06 6.38636e+06 6.32853e+06 6.2839e+06 6.43076e+06 6.2634e+06 6.22746e+06 6.18169e+06 6.12591e+06 6.11687e+06 6.03612e+06 8.9217e+06 6.01821e+06 5.99514e+06 5.98245e+06 7.69857e+06 5.9304e+06 5.8593e+06 5.84327e+06 5.80605e+06 5.7174e+06
threshold=0.010833333333333335 0.016388888888888894 0.0078571428571428594 0.26589011580931865 1.0000000180025095e-35 1.0000000180025095e-35 0.2466642946095001 0.086111111111111124 0.016388888888888894 0.0084876543209876556 0.2305555555555556 0.021456899962174675 0.027080041193178282 0.060790835181079091 0.1623310810810811 0.048900047824007663 0.0094841269841269855 50.500000000000007 -1.0000000180025095e-35 0.10741758241758244 62.500000000000007 0.018978868356017479 0.21073190789473686 0.12294197031039138 60.500000000000007 0.0205952380952381 0.0071825396825396836 0.22360681114551087 0.0064153439153439165 0.093178294573643419 0.31388888888888894 0.018916181099725409 0.043902116402116408 0.021644209128337522 0.069444444444444461 0.018699153171019656 0.016250900756924407 0.1623310810810811 0.097222222222222238 0.22500000000000001 1.0000000180025095e-35 0.080357458871584048 0.025487602448386767 0.21944444444444447 0.30283094098883578 0.014365079365079367 0.13055555555555556 0.010833333333333335 0.1138888888888889 0.0073148148148148157 4.5000000000000009 1.0000000180025095e-35 0.12500000000000003 0.010833333333333335 0.024969424313483125 0.017685185185185189 3.5000000000000004 0.020489969135802474 22.500000000000004 0.014365079365079367 0.028364197530864197 1.0000000180025095e-35 0.080555555555555561 15.500000000000002 0.033485568902235578 0.032054069890924866 -0.0005754789800842434 0.010524691358024694 34.500000000000007 0.02675925925925926 0.023395061728395065 54.500000000000007 0.083683473389355764 0.019598765432098767 0.052911534154535277 0.01787113200156679 0.23922333704942403 0.13055555555555556 0.034506172839506181 0.027737768804525699 0.016944444444444446 0.063888888888888898 0.02194444444444445 4.5000000000000009 -1.0000000180025095e-35 0.091666666666666688 0.0058333333333333345 14.500000000000002 17.500000000000004 0.025758989379100844 1.5000000000000002 0.2312382739212008 0.026330917874396138 0.026330917874396138 0.035336419753086427 0.12500000000000003 0.1623310810810811 0.024298743781383459 0.0077083333333333335 3.5000000000000004 0.030079365079365084 1.0000000180025095e-35 -0.00014701051360715221 0.25833333333333336 0.00076312576312576378 16.500000000000004 0.025154320987654324 0.0039285714285714297 1.5000000000000002 0.25500200080032015 0.097222222222222238 0.1202409638554217 27.500000000000004 1.5000000000000002 27.500000000000004 0.037378017462763237 0.036787326923761431 0.015060334298318606 2.5000000000000004 0.031180555555555559 0.00010686575903967228 0.14218328840970354 0.05239023772852059 35.500000000000007 0.0043827160493827176 18.500000000000004
decision_type=2 2 2 2 2 2 2 2 2 2 2 2 2 2 2 2 2 2 2 2 2 2 2 2 2 2 2 2 2 2 2 2 2 2 2 2 2 2 2 2 2 2 2 2 2 2 2 2 2 2 2 2 2 2 2 2 2 2 2 2 2 2 2 2 2 2 2 2 2 2 2 2 2 2 2 2 2 2 2 2 2 2 2 2 2 2 2 2 2 2 2 2 2 2 2 2 2 2 2 2 2 2 2 2 2 2 2 2 2 2 2 2 2 2 2 2 2 2 2 2 2 2 2 2 2 2
left_child=2 3 7 5 8 21 14 22 27 38 15 18 16 19 17 23 66 51 44 20 84 37 86 24 34 33 81 56 110 67 57 50 -12 -6 -10 91 49 53 39 69 61 42 -42 70 80 -37 94 68 107 111 -13 -4 -29 87 73 -50 -3 63 -58 117 -48 -18 -16 -27 65 93 -5 114 -23 104 76 99 -73 -31 108 -40 97 106 119 -61 -8 -19 83 -68 -11 -63 112 -2 -64 -44 115 -28 -49 -14 95 -17 -97 -21 -30 100 -35 -88 -99 -86 105 -7 -36 -15 -26 -110 -9 -24 -1 -67 -20 116 -59 -33 123 120 -79 -51 -57 -116 -38 -100
right_child=1 4 6 12 25 9 11 28 10 13 32 31 64 48 62 46 40 26 29 43 -22 47 36 -25 74 30 35 52 98 54 -32 59 -34 71 77 45 124 -39 75 -41 41 -43 89 -45 -46 -47 60 92 55 121 -52 -53 -54 -55 -56 122 58 90 -60 79 -62 85 88 -65 -66 113 82 -69 -70 -71 -72 72 -74 -75 -76 -77 -78 78 -80 -81 -82 -83 -84 -85 103 -87 101 -89 -90 -91 -92 -93 -94 -95 -96 96 -98 102 125 -101 -102 -103 -104 -105 -106 -107 -108 -109 109 -111 -112 -113 -114 -115 118 -117 -118 -119 -120 -121 -122 -123 -124 -125 -126 -127
leaf_value=20.342169701541877 11.800167534397872 -5.6310169296273198 -0.088071498844262686 7.2166979259532118 -14.568470813050874 6.831554068003685 -0.58345522705140984 13.380033300908011 -20.705777389610944 -1.3284275724206851 1.7824671479861764 -6.383378018958604 2.4667189480386735 5.6982699075333088 -5.4838757712683988 -14.847029705377219 -14.598465321193572 6.9496067014152985 -3.7916197605887221 0.08449601155617191 8.9000565030818439 -11.311946093035397 7.59984035383542 -11.391402943184671 14.592384525664665 1.1099587515686915 4.2583021900121842 -7.4386385836266129 15.6149227870415 -2.7444712158113709 -0.55259271700302615 -0.82195257785964615 -8.1835651934931448 0.074136010155210999 -6.8455884637938968 10.688461556394644 13.472772499500444 -14.097177488339909 16.211333608411937 12.956818463172098 -4.6017569768427755 13.568834107708156 -19.222324496385696 9.4897228459130307 -8.5119881685278838 4.9969300189873245 -7.6574274039337569 0.32684631234535561 4.2866090609542793 2.7081715462607896 13.156467702625102 5.3098200393974571 -2.5445547502167063 -7.5676751092417511 3.5542218632416787 -5.6382106600788262 3.8816973808336943 -18.356734172251429 -8.3019717076445207 -3.9354717639441308 -13.942843078382715 -11.704166897173842 3.9203467797266658 -18.347969835871776 -4.9144096249006708 15.978166071450502 0.10985463893936312 -5.4999144410857612 8.0356438490468047 -13.306327754688704 -6.8480460584144929 3.9533260085868633 -8.0143534080930134 -13.549779441576105 -3.2319397975648259 7.9093831358762472 -5.7622353141549301 20.517421539151069 -10.006156138778154 4.2028638377353777 -7.4098122827947552 12.131602386270162 -11.168589339762546 -5.7128873845381278 3.2174231300336595 -5.5739366196081015 4.3075432847563304 -4.6099144240319179 -12.6663076723631 -8.5666348305763105 -14.790550946736269 -6.8883178483416945 -9.3990685810710648 -6.0277876336320642 -18.434690385702513 -5.9395440195417493 -17.420650587826369 0.71130649525123968 10.387419137534838 -12.538319862160673 -12.476811618844208 10.592733213243777 17.629499763055758 15.960491154637863 -0.028683617126501665 -1.2946708289365514 -13.185907717668933 -5.2325617771536148 6.9539589430345252 -7.1813267194745825 17.075007404895924 0.73977223840580275 12.171420109477973 2.4919464950603132 0.73385404819507594 -23.536328962413286 -5.7892421923826518 6.8373853137046057 3.9757653859844702 -9.7502152471218935 0.12983976722308987 -6.1066870147307952 11.462669313041959 13.281783957111092 7.8992871754517928 -3.1944437244233779
leaf_weight=280.14825195074081 124.68642023205757 514.14194259047508 1344.0881487727165 193.05249270796776 1823.7757913470268 1495.7469007372856 1717.7790531218052 2583.3745286464691 186.53766742348671 1134.996976941824 1084.1427342295647 75.426442742347717 830.11381983757019 139.8254451751709 598.19088965654373 1995.2943228185177 1041.0159919857979 974.45718848705292 198.01814138889313 611.50449860095978 1939.0004644989967 64.970655649900436 2277.9765656888485 2354.5536675155163 130.60947287082672 147.8899062871933 2125.934907913208 2622.9432927370071 630.77878373861313 1269.1448182165623 170.53611490130424 304.53529325127602 576.49092096090317 246.27771240472794 1048.7169851660728 2088.7246883809566 555.5291440486908 646.0039139688015 370.03293797373772 418.12610349059105 1689.3407061994076 77.629434138536453 242.03528526425362 219.88583752512932 1031.598902463913 1461.643017411232 1517.7583456337452 407.92582941055298 795.46950146555901 1332.337008357048 702.67510420084 2469.1102418899536 1735.0643536150455 1435.9991503357887 526.82237148284912 532.63292890787125 1172.4066922068596 1543.1705433428288 176.80216550827026 603.55410727858543 909.65475124120712 1097.4517207145691 755.43962666392326 94.889716863632202 483.92248585820198 235.43731087446213 1198.7005261480808 225.41646689176559 428.75919741392136 74.887764185667038 692.20619848370552 235.41855752468109 528.89022189378738 204.30293327569962 697.57535237073898 1392.3581802248955 406.86019539833069 50.812612146139145 399.23743256926537 595.59274554252625 550.28579756617546 2730.0223605334759 304.55812498927116 1135.138729006052 1431.3225540518761 930.27103835344315 536.13542020320892 160.52320191264153 69.774848073720932 421.41011306643486 2597.5371103286743 147.64171504974365 326.14805766940117 328.1547480225563 798.02825707197189 555.22292175889015 184.72304570674896 100.23183059692383 3987.9280090928078 1208.5955112874508 189.57621705532074 1751.3741759955883 126.57383567094803 105.606649518013 807.48666903376579 346.07865938544273 639.26433247327805 2498.3949854671955 217.1031645834446 127.84368073940277 2062.616129219532 387.02876868844032 1332.6392330527306 131.0860033929348 123.03376138210297 483.96102455258369 155.44295859336853 1624.6904130876064 1715.1862463951111 135.3287695646286 521.8536731004715 222.70003750920296 55.289214730262756 377.30088379979134 2941.0904870629311 79.020753264427185
leaf_count=240 141 642 1797 297 1519 2036 2554 2991 125 1571 1380 91 1078 194 819 1713 928 1445 241 812 2542 61 3254 2231 118 141 2968 3042 665 1795 222 436 646 304 1140 2668 663 596 396 537 2068 91 184 307 1275 1979 1710 504 1095 1967 776 3416 2254 1589 734 644 1584 917 211 799 802 1145 1008 57 575 270 1676 306 514 76 857 275 545 200 825 1873 516 46 429 816 714 3371 294 1437 1967 1134 781 192 82 466 1980 173 329 411 530 618 140 131 5117 1071 168 2279 134 112 1168 486 599 3208 308 147 2041 600 1710 185 179 202 154 2256 2361 146 661 298 60 443 4131 111
internal_value=2.24512e-08 -5.30134 6.62033 -1.17845 -9.40357 1.0304 3.78747 10.2168 -7.46525 2.50663 -9.07209 0.965774 -5.29938 0.756345 6.05119 -10.0568 -6.79086 6.78693 -1.04669 2.86584 4.77998 -5.41428 8.03515 -7.72009 -5.63957 -13.5887 8.13949 -3.81558 12.9291 1.19657 -15.5405 5.05558 -1.67725 -11.1939 -7.93989 6.46724 6.55255 -8.12884 6.35706 4.50881 -8.76688 -6.16485 -6.81595 -1.22546 -4.20065 8.34533 -12.6087 -0.180605 -2.79383 4.70299 11.2623 3.40715 -5.49014 -5.8888 -2.18918 0.75216 0.100882 -16.0493 2.28513 3.51181 -10.0128 -10.8277 -0.844882 -6.49512 0.886105 2.72701 -2.95309 3.7629 5.48967 3.21216 -2.44159 -8.63882 -4.32813 -4.2427 0.207156 9.65247 0.00801052 -7.08797 -3.79687 0.10668 -2.23969 10.7685 -3.69721 -2.72223 1.79007 -8.89176 10.9684 2.56416 2.51789 -12.454 -16.5346 3.53446 -3.99436 0.0600986 -14.3922 -13.2127 -8.80573 2.80851 10.8609 -10.6423 -5.38494 9.11964 10.1529 4.09303 3.67909 5.30464 -9.24676 -4.65323 5.25183 1.71516 15.0204 6.60358 13.5907 11.1549 4.62801 -18.6102 -17.2067 5.62833 5.38054 -0.295459 1.93883 1.44578 -4.03001 10.1962 8.78478 10.1235
internal_weight=106978 59406.9 47571.1 29628.9 29778.1 19289.5 26610.4 20960.7 20352.1 15694.5 14130.8 11845.4 10339.3 10789.8 14765 12470.1 8330.6 13341.6 7938.89 6768.19 4610.93 3595.02 11617 6509.44 4154.88 9425.96 9528.42 6221.36 9343.72 4639.23 5193.43 3906.47 1660.63 4232.53 2981.75 5823.94 7716.66 2367.21 4904.72 3142.33 5499.15 2430.42 2352.79 2157.26 3299.66 3550.37 5960.68 1227.8 4021.61 4220.04 778.102 3813.2 4358.01 1721.21 2000.27 1383.39 1863.35 5022.89 1349.21 3128.37 2427.41 3068.74 1423.41 242.78 2008.71 1524.79 2831.45 2638.96 493.73 2724.2 1937.38 2408.76 764.309 1473.45 1173.13 1762.39 1245.17 2795.21 1107.23 1199.15 2268.06 3704.48 2638.4 2333.84 2671.93 2027.72 3900.3 285.21 825.214 663.445 4780.11 2273.58 734.074 1158.27 3533.27 2735.24 739.946 838.31 4697.73 1644.45 435.854 2287.51 226.806 1536.93 2649.31 1841.83 1687.98 2638.22 475.556 344.947 4645.99 2665.01 1612.79 366.523 2413.54 2182.57 1698.61 1929.23 2215.52 707.995 572.666 1555.04 587.922 500.335 3496.62 4066.95
internal_count=129039 66489 62550 36887 29602 24648 35702 26848 22047 20722 14314 15976 12239 14150 19726 12288 9720 17817 10802 8949 6192 3926 15923 6775 4544 7555 12604 7733 10925 6259 3673 5174 2026 3882 3146 7788 10913 2518 6572 4303 6016 2809 2718 2757 4543 4647 5513 1408 5201 6119 867 5213 5296 1922 2729 1799 2437 3451 1795 4307 2512 3207 1909 198 2519 1944 3704 3530 575 3766 2450 2363 820 1995 1398 2269 1593 3021 1282 1615 3268 4816 3407 3113 3650 2279 5010 333 1090 650 3253 3141 833 1489 3001 2471 758 1077 5893 1543 472 3060 265 2079 3690 2522 1739 3402 573 455 5032 3854 1950 455 3224 1273 1071 2692 2983 853 707 2265 704 622 4794 5228
is_linear=0
shrinkage=0.05


Tree=8
num_leaves=127
num_cat=0
split_feature=27 36 36 1 34 30 1 1 1 0 1 0 27 5 1 24 0 42 27 11 1 34 30 34 0 1 18 5 34 30 1 0 30 12 1 0 1 11 12 33 24 23 4 1 16 23 27 11 36 30 1 0 33 11 1 14 30 36 1 11 0 1 24 36 14 14 33 11 11 5 39 1 1 14 30 7 12 36 23 27 24 23 24 14 42 34 11 39 11 1 0 1 28 39 0 1 27 12 1 11 1 14 30 1 36 9 27 12 11 39 24 30 27 27 37 36 1 10 37 1 39 23 0 1 2 0
split_gain=1.36107e+09 2.97686e+08 2.43837e+08 1.40493e+08 9.14909e+07 7.79794e+07 7.62797e+07 7.30921e+07 6.85841e+07 5.90388e+07 4.65657e+07 4.5221e+07 4.14268e+07 4.13316e+07 3.94006e+07 3.49046e+07 3.00179e+07 2.66525e+07 2.66103e+07 2.48863e+07 2.32731e+07 2.13308e+07 2.1234e+07 2.06526e+07 2.05076e+07 1.98196e+07 1.97503e+07 1.64056e+07 1.68492e+07 1.61855e+07 1.56804e+07 1.60773e+07 1.55564e+07 1.53482e+07 1.49829e+07 1.49153e+07 2.68567e+07 1.47078e+07 1.41289e+07 1.36716e+07 1.3615e+07 1.79805e+07 1.31693e+07 1.31621e+07 1.28184e+07 1.2695e+07 1.24247e+07 1.24085e+07 1.22555e+07 1.22105e+07 1.18642e+07 1.0944e+07 1.07912e+07 1.06792e+07 1.0639e+07 1.04084e+07 1.00655e+07 9.70963e+06 9.69102e+06 9.51898e+06 9.51814e+06 9.36515e+06 9.17575e+06 9.1732e+06 9.13177e+06 9.10177e+06 9.01512e+06 8.99461e+06 8.94174e+06 8.87946e+06 8.68535e+06 9.84003e+06 8.54458e+06 8.30179e+06 8.13162e+06 7.94183e+06 7.86892e+06 7.77814e+06 7.66207e+06 7.60476e+06 7.50768e+06 1.07907e+07 1.02246e+07 7.49479e+06 7.35425e+06 7.97511e+06 7.27421e+06 7.18979e+06 7.17724e+06 7.12304e+06 6.94157e+06 8.06574e+06 6.90735e+06 6.80065e+06 6.7655e+06 6.74395e+06 6.73628e+06 6.70516e+06 6.57819e+06 6.89374e+06 6.46873e+06 6.75073e+06 6.83628e+06 6.38617e+06 6.26184e+06 6.17432e+06 6.17262e+06 6.13311e+06 5.98689e+06 5.98202e+06 5.95394e+06 6.28945e+06 5.94867e+06 5.94373e+06 5.93854e+06 5.8872e+06 5.87169e+06 5.80372e+06 5.79213e+06 5.77193e+06 5.7543e+06 5.73752e+06 5.62782e+06 5.62516e+06 5.56091e+06 5.51107e+06
threshold=0.013412698412698413 0.010833333333333335 0.017253086419753091 -6.4999999999999991 0.069444444444444461 0.016388888888888894 -7.4999999999999991 -5.4999999999999991 6.5000000000000009 56.500000000000007 -4.4999999999999991 53.500000000000007 0.0071825396825396836 0.10361093038386469 8.5000000000000018 0.021794888810577222 46.500000000000007 1.5000000000000002 0.0078571428571428594 0.27529583831937249 -6.4999999999999991 0.11944444444444445 0.013263888888888889 0.11944444444444445 16.500000000000004 8.5000000000000018 2.5000000000000004 0.18230694037145653 0.058333333333333341 0.0039285714285714297 -12.499999999999998 55.500000000000007 0.0049691358024691367 1.0000000180025095e-35 14.500000000000002 56.500000000000007 -14.499999999999998 0.26539642405634828 1.0000000180025095e-35 0.029025242028457705 0.034620306691592821 0.027354458958232547 1.0000000180025095e-35 6.5000000000000009 3.5000000000000004 0.036143410852713186 0.0099382716049382733 0.26539642405634828 0.025154320987654324 0.018968253968253971 -6.4999999999999991 40.500000000000007 0.029624712620883665 0.28292357537640561 -12.499999999999998 3.5000000000000004 0.0084876543209876556 0.010833333333333335 8.5000000000000018 0.2466642946095001 34.500000000000007 8.5000000000000018 0.042368214293301197 0.017685185185185189 5.5000000000000009 6.5000000000000009 0.018218111482394585 0.27876733921815894 0.29745817245817252 0.052289815447710192 0.003402777777777778 11.500000000000002 9.5000000000000018 3.5000000000000004 0.0039285714285714297 6.5000000000000009 1.0000000180025095e-35 0.0049691358024691367 0.032418173987941439 0.028055555555555559 0.017227067310244908 0.022254901960784317 0.022953394023537556 21.500000000000004 1.5000000000000002 0.11944444444444445 0.28931515535827529 0.0039285714285714297 0.29561459667093476 -9.4999999999999982 24.500000000000004 5.5000000000000009 0.069444444444444461 0.0065740740740740751 99.500000000000014 10.500000000000002 0.0049691358024691367 1.0000000180025095e-35 13.500000000000002 0.20848321342925663 -4.4999999999999991 7.5000000000000009 0.014907407407407409 -15.499999999999998 0.0088095238095238105 3.5000000000000004 0.018968253968253971 1.0000000180025095e-35 0.27315608919382511 0.016388888888888894 0.036369592402052377 0.025625000000000002 0.0081790123456790143 0.0093518518518518542 0.8583333333333335 0.014365079365079367 7.5000000000000009 7.5000000000000009 0.1138888888888889 14.500000000000002 0.0049691358024691367 0.024563687865497081 20.500000000000004 10.500000000000002 -1.0000000180025095e-35 68.500000000000014
decision_type=2 2 2 2 2 2 2 2 2 2 2 2 2 2 2 2 2 2 2 2 2 2 2 2 2 2 2 2 2 2 2 2 2 2 2 2 2 2 2 2 2 2 2 2 2 2 2 2 2 2 2 2 2 2 2 2 2 2 2 2 2 2 2 2 2 2 2 2 2 2 2 2 2 2 2 2 2 2 2 2 2 2 2 2 2 2 2 2 2 2 2 2 2 2 2 2 2 2 2 2 2 2 2 2 2 2 2 2 2 2 2 2 2 2 2 2 2 2 2 2 2 2 2 2 2 2
left_child=1 4 3 29 10 15 19 35 9 24 33 22 50 16 23 27 57 72 43 32 -14 34 -9 49 -8 38 60 28 -5 -2 -31 -32 -3 113 56 107 93 70 -24 76 41 59 69 108 54 -42 100 90 -25 64 74 -28 78 98 97 115 118 114 77 -18 -26 -19 87 75 -13 -51 -59 89 83 122 -22 84 -17 -62 -6 -23 -15 -52 -43 -44 -48 -82 -83 109 85 -72 -33 -16 120 -35 -20 -92 -71 -37 -36 -41 -45 -34 -30 -100 -11 -102 -103 -21 -61 -56 -68 -4 -12 -50 -81 -112 -58 -1 117 -53 -49 -7 -10 -89 -38 -78 -40 124 -39 -66
right_child=2 6 7 5 12 13 8 11 21 46 18 14 20 39 62 17 40 61 47 103 37 63 25 48 26 -27 51 -29 53 30 31 86 44 67 94 36 88 123 42 95 45 52 79 96 -46 -47 80 116 68 65 58 55 -54 -55 105 -57 112 66 -60 104 73 -63 -64 -65 125 -67 106 -69 -70 92 71 -73 -74 -75 -76 -77 121 -79 -80 110 81 82 -84 -85 -86 -87 -88 119 -90 -91 91 -93 -94 -95 -96 -97 -98 -99 99 -101 101 102 -104 -105 -106 -107 -108 -109 -110 -111 111 -113 -114 -115 -116 -117 -118 -119 -120 -121 -122 -123 -124 -125 -126 -127
leaf_value=-2.8972092122623447 4.7495265735839629 7.4247651935396535 -19.044292175007296 -4.3691969074531762 17.082996643592367 2.7864954866469986 -12.255804526338702 8.0723589665943596 9.964790507479746 3.8736066900250368 10.617609151330255 9.2176649981043042 2.6523022584362015 -13.740896025716532 1.7638255131984122 13.250286899270435 6.3053931352082104 3.7795709751966715 -2.122983967306312 -17.511614418634363 17.577876671497407 0.11670901155535354 -12.50083473263199 3.6412798201336507 0.54577095359782202 -15.679091211541589 -5.0414058822577141 -9.0471427337787116 8.5689238150098195 -14.736577590907585 -12.349505498257342 -3.1319542063198678 -12.899353070878441 -0.44146835399068546 -14.149686723807136 -8.9526033805611824 7.0004227484990054 2.9041480421677148 -15.754941533263272 0.37236180925915574 12.164439505140571 -4.5998284498332778 -8.5789906393422779 9.7422137554274375 -16.317452185940994 0.69582412857366638 0.84598852054276008 1.5024072539958986 3.5162264812419814 -6.2271603344783557 16.417305075481231 7.154849839690165 2.2283899606391477 -5.2062795455124444 -8.0457756633831217 -2.9977918613198336 -0.65791272813976331 -9.0848382381064265 8.7456885063121899 6.116718490637064 7.9899779343396036 -8.2043952930895045 -1.8599298778449658 -1.9773355343274028 -13.817211836981905 -15.195923187969511 1.2254873757638822 -3.3682809150835582 -12.067902353073954 -24.205452687204861 9.283087292651329 3.368731409099408 5.9465238310799862 1.4300372463391111 6.526967591772145 10.443056809614633 -4.5408665201211207 12.61628173386122 -14.985780666407258 -18.643956653912671 10.439558959765039 -5.1011273259563295 5.4292715035816608 -12.387631329464902 5.5860989514924704 13.19282329418804 -12.231779726703763 -10.012671115663174 -15.31519163845193 5.1578627460342998 7.557467643091683 1.6725530960701862 -7.19338715031558 -19.354675840902576 -3.7946395275170755 -12.636347646411835 1.7132806063998982 -4.3534345348650314 11.374428248740049 -8.2966818382896275 11.310239691155273 9.4994977202401412 2.9909724834941258 -9.1794351939259951 -2.4181694495147843 1.076530562595639 -6.4711200012180754 -14.777958334032991 6.2891371361535269 -3.1407065473577207 6.0461129052485063 -12.515481430448832 -6.372717705083117 -12.265292408868357 -5.8655042503755386 0.70602786815041529 -5.8974085540222774 -8.0685925306706707 -2.0941117579996851 -15.377694292849917 -7.7146018748860374 -10.07355113223425 -0.57362342541317213 -1.9411250484490239 8.0114782830352702 -2.5849648060878518
leaf_weight=405.4989627301693 170.91740503907204 328.78219431638718 1678.3019992113113 722.33237621188164 212.66095620393753 820.34392121434212 301.70379328727722 149.56177234649658 194.69348564743996 649.0165234208107 3812.5451593995094 142.49439969658852 1875.1344353854656 724.13513174653053 93.230599761009216 1461.7105901539326 1092.6899591684341 641.67760339379311 288.56653213500977 295.57178089022636 346.00949117541313 344.44884014129639 3009.8798650205135 1203.9097084403038 1420.7690134346485 1775.7453846037388 1350.5608486235142 414.42168825864792 985.03711575269699 1695.5850678384304 1464.5348929464817 1144.5501754581928 319.70885193347931 947.39501896500587 581.20595541596413 184.16436782479286 69.421265155076981 827.64555895328522 65.670500874519348 635.73750030994415 533.82298031449318 583.01558440923691 1557.6895762979984 365.74228981137276 198.58508589863777 440.33575120568275 1025.3831537365913 1193.7124478816986 573.87975513935089 639.25333786010742 1784.201161891222 590.92653569579124 398.76354190707207 215.23588669300079 218.38855502009392 1187.758041203022 626.47483745217323 1293.7129736542702 1226.9690383076668 288.57932782173157 1450.4570472538471 218.54958900809288 260.05026903748512 809.42768743634224 133.13448259234428 507.41976308822632 493.00069776177406 750.06219643354416 231.15294143557549 62.53590652346611 3685.3380571007729 605.45723044872284 551.53405323624611 722.55015963315964 1283.725021481514 405.26215770840645 843.47950637340546 5478.8933127522469 255.3590187728405 425.53150594234467 857.4113994538784 286.06328743696213 1187.0509815812111 143.80827680230141 813.86454305052757 2018.809859752655 271.75827014446259 1109.2104241549969 316.60216501355171 1418.2416327297688 2196.6819306015968 792.22709554433823 1300.8351218402386 1070.2693796753883 216.49363279342651 118.14381742477417 914.33505403995514 813.69599252939224 68.295738905668259 128.03756922483444 1938.3488903343678 1049.1700612008572 655.54050025343895 1036.0557435154915 841.77476260066032 1231.3120692670345 552.38066655397415 1691.2916205823421 1010.6243106424809 819.21989220380783 51.456120193004608 403.58988839387894 1667.1706797778606 290.69599032402039 437.47790670394897 882.33973023295403 345.71782997250557 144.88145053386688 203.82731804251671 914.7625667154789 1545.5036251544952 1054.2956936359406 866.99804571270943 233.93479791283607 1496.887900531292 607.57825124263763
leaf_count=573 226 416 932 937 199 1096 306 181 232 964 5012 174 2761 636 109 1687 1490 924 373 226 318 508 2496 1551 1884 1371 1672 486 1195 1455 1432 1584 308 1481 620 173 84 1183 58 840 688 732 1661 490 183 604 1437 1723 766 742 1739 808 537 253 291 1585 895 1379 1602 359 1928 283 334 1119 125 457 663 1127 218 30 4810 900 754 1008 1894 529 1056 6294 242 280 1036 374 1621 136 1229 2307 273 1151 230 2134 2974 1163 1479 638 314 112 1415 1142 83 148 2501 1266 928 1218 1094 1815 634 1386 1436 992 68 336 2127 326 514 1171 473 171 269 715 1675 1174 1051 359 2000 703
internal_value=1.33142e-08 4.83429 -6.57952 -2.75458 7.70721 -0.626275 0.633625 -10.0969 1.91484 3.55835 4.66088 -8.37157 9.75744 -2.94584 -5.42378 4.32958 -1.02409 8.1017 6.32172 -5.30911 7.76508 -3.14851 -10.6211 -2.90499 0.528863 -10.9148 1.03603 0.0510481 1.83047 -10.3574 -10.9217 -8.6763 -2.86041 -0.0970269 -5.32076 -14.5838 -12.1311 8.72112 -9.82235 -7.60031 1.7589 0.288863 -8.11948 8.51444 -4.07607 6.98044 6.69046 3.54343 -0.249747 -6.79257 12.1322 -1.37562 -4.54268 5.03697 -3.13497 0.484887 -3.53742 -4.32216 12.8557 2.97765 3.72806 0.734921 -10.7234 1.71368 -2.37391 -10.196 -6.29454 1.40271 -2.89923 -5.40195 9.84181 9.46604 11.2494 5.80872 8.02715 5.6987 -9.30653 13.55 -7.76327 -10.6785 4.41133 5.98001 3.38438 -1.52025 10.0324 10.6668 -4.87801 -11.8121 -8.43156 2.91543 5.28265 5.99764 -7.97371 -17.8275 -11.3394 -1.66629 4.0073 -6.76405 6.90321 -1.45397 8.47248 9.29177 6.99667 -11.0289 -0.239213 -0.297689 -2.84141 -16.9029 9.71064 -0.39842 -14.3924 -10.4166 -4.8118 -6.80885 -1.0331 3.29265 -0.159408 1.15713 3.79715 -12.4375 -7.08204 -7.61451 -1.64256 5.44927 6.19302 -4.60383
internal_weight=106978 61667.7 45310.3 21706.1 36621.6 16958.8 25046.2 23604.2 20604.1 15555 14732 17048.6 21889.5 11551.9 7379.1 5406.83 8176.14 2873.47 10920.2 4442.1 11903.1 5049 9669.49 5001.85 7907.07 9519.93 7605.36 2533.36 2118.94 4747.35 4576.43 2880.84 3110.47 3811.89 3489.87 6555.55 3185.96 10027.9 7744.19 3375.79 4434.34 3460.18 4734.31 6103.25 2781.69 974.159 7647.98 4816.91 2971.97 2029.88 9986.45 4011.59 1237.14 1396.61 2583.11 2661.02 2692.17 3741.8 8490.06 2223.04 3593.78 860.227 2377.25 1559.14 883.207 1146.67 2339.09 3115.7 1768.06 2296.04 7469.48 7123.47 2013.24 2173.01 1496.39 749.711 2621.91 7263.09 838.375 2438.27 3355.91 2330.53 1473.11 1536.91 6518.01 5704.15 1416.31 2117.2 1931.53 2365.64 3277.48 2988.91 1363.37 1254.43 797.7 753.881 1280.08 1133.4 1181.37 196.333 4292.08 3643.06 1704.71 1331.63 1130.35 1449.7 1045.38 3369.59 4823.17 1393.1 880.578 455.046 2293.65 696.195 1402.7 1473.27 1539.43 965.225 398.521 2023.97 1614.92 1897.78 932.669 2558.47 2324.53 740.713
internal_count=129039 80996 48043 25741 48295 20771 32701 22302 27102 20489 20700 17184 27595 14021 8173 6750 10203 3648 15059 5599 15867 6613 9011 5864 10362 8830 10056 3102 2616 4970 4744 3289 4155 5641 4457 5118 2800 13106 7459 3818 5746 4454 4963 8353 3739 1292 10127 6706 3663 2201 11728 5236 1511 1679 3556 3564 3523 4457 9635 2943 4820 1207 2309 2156 1002 1199 2676 4742 2112 2618 9564 9246 2441 2936 2093 1037 2866 8033 974 2345 4468 3031 1995 1894 8346 7117 1857 1975 1989 3615 4510 4137 1509 811 934 952 1905 1450 1426 231 5659 4695 2194 1444 1453 2106 1297 2318 6448 1758 684 404 3022 899 1781 1979 2196 1267 501 1866 1759 2230 1109 3542 3183 828
is_linear=0
shrinkage=0.05


Tree=9
num_leaves=127
num_cat=0
split_feature=27 36 36 1 1 1 1 31 1 33 27 34 31 28 27 11 1 1 1 28 6 24 2 27 6 34 24 28 11 23 27 5 12 27 24 6 6 1 9 5 46 27 24 11 36 24 34 1 1 36 6 34 23 11 6 10 14 11 34 6 24 27 11 24 23 16 31 14 14 5 12 33 5 27 28 27 42 24 1 24 5 17 17 23 11 5 33 1 33 42 23 28 24 23 11 33 31 11 1 40 36 2 36 33 11 1 24 27 28 36 24 24 14 23 24 1 5 28 36 36 24 40 24 23 33 33
split_gain=1.23261e+09 3.31949e+08 1.60846e+08 1.25122e+08 1.14614e+08 7.09923e+07 6.87354e+07 6.82079e+07 5.00523e+07 4.55453e+07 4.17566e+07 4.11293e+07 3.48745e+07 3.3823e+07 3.01759e+07 2.76034e+07 2.69489e+07 2.64176e+07 2.51553e+07 2.0615e+07 2.02442e+07 1.92659e+07 1.92243e+07 1.87275e+07 1.8544e+07 1.83261e+07 1.8238e+07 1.81496e+07 1.74067e+07 1.71914e+07 1.69235e+07 1.54826e+07 1.47721e+07 1.45207e+07 1.45165e+07 1.42137e+07 1.41738e+07 1.40797e+07 1.40744e+07 1.40442e+07 1.38151e+07 1.36301e+07 1.32597e+07 1.30796e+07 1.27113e+07 1.20248e+07 1.158e+07 1.12877e+07 1.11734e+07 1.08417e+07 1.07915e+07 1.05446e+07 1.01536e+07 1.00778e+07 1.00062e+07 9.9477e+06 9.89823e+06 9.70591e+06 9.67626e+06 9.18193e+06 9.16203e+06 9.16843e+06 9.06453e+06 8.90652e+06 8.32879e+06 8.31517e+06 8.05935e+06 1.06698e+07 9.81548e+06 8.00837e+06 7.88992e+06 7.87373e+06 7.84248e+06 7.71661e+06 7.712e+06 7.70786e+06 7.50142e+06 7.49901e+06 7.396e+06 7.3185e+06 8.87028e+06 7.2917e+06 7.27006e+06 7.24761e+06 7.19945e+06 8.13801e+06 7.14922e+06 7.11481e+06 7.06514e+06 7.03286e+06 6.99974e+06 6.93522e+06 6.89389e+06 1.01397e+07 6.88964e+06 6.62903e+06 6.57264e+06 7.30865e+06 6.49611e+06 6.48792e+06 6.36634e+06 6.35993e+06 6.30059e+06 6.2845e+06 6.27267e+06 6.26013e+06 6.25192e+06 6.21393e+06 6.18665e+06 6.14262e+06 6.03759e+06 6.02003e+06 5.86674e+06 5.84944e+06 6.98858e+06 5.84605e+06 5.82702e+06 6.15438e+06 5.81488e+06 5.81331e+06 6.47578e+06 5.73503e+06 5.70334e+06 6.67734e+06 5.68107e+06 5.67432e+06
threshold=0.010833333333333335 0.013412698412698413 0.0078571428571428594 -5.4999999999999991 -4.4999999999999991 8.5000000000000018 -6.4999999999999991 0.0004530803381378096 7.5000000000000009 0.011987302537914106 0.018968253968253971 0.086111111111111124 0.00046941915986158767 0.59166666666666679 0.017253086419753091 0.25872210953346864 -12.499999999999998 4.5000000000000009 -6.4999999999999991 0.26944444444444449 0.09039836567926457 0.034620306691592821 -1.0000000180025095e-35 0.04972222222222223 0.052357456140350887 0.063888888888888898 0.056505248276024093 0.19166666666666668 0.2466642946095001 0.021402202856451228 0.024523809523809528 0.21089696071163827 1.0000000180025095e-35 0.016944444444444446 0.025165007564484785 0.13536417773705914 0.048900047824007663 10.500000000000002 1.5000000000000002 0.14218328840970354 1.0000000180025095e-35 0.0058333333333333345 0.05239023772852059 0.27315608919382511 0.010833333333333335 0.022376394206525953 0.1138888888888889 -10.499999999999998 12.500000000000002 0.016388888888888894 0.10557275541795667 0.10833333333333335 0.024776276276276279 0.21631706333198872 0.2085622710622711 7.5000000000000009 17.500000000000004 0.3019850628930818 0.19722222222222227 0.1472136222910217 0.03600194940436454 0.033055555555555567 0.23553323768531806 0.01795489898987554 0.022073073073073077 3.5000000000000004 0.00043589743589743602 6.5000000000000009 13.500000000000002 0.14595037453183524 1.0000000180025095e-35 0.029823307160977464 0.12922201138519926 0.0078571428571428594 0.17500000000000002 0.0077083333333333335 1.5000000000000002 0.015125623036132451 14.500000000000002 0.021678595609970097 0.066228070175438608 1.0000000180025095e-35 1.5000000000000002 0.030615970580509591 0.31158186076218869 0.18537609774723179 0.019760774657912719 -5.4999999999999991 0.013778473743765488 4.5000000000000009 0.015287842190016105 0.22500000000000001 0.0230649800943593 0.021402202856451228 0.2242184982275218 0.023017106488650529 0.0016850902233966753 0.2440442427680091 -3.4999999999999996 -0.00025204153900695376 0.0099382716049382733 1.0000000180025095e-35 0.018293650793650796 0.030899138344450908 0.18729838709677424 -12.499999999999998 0.03600194940436454 0.0099382716049382733 0.79166666666666674 0.040648148148148149 0.017139603318580506 0.045370084994457528 4.5000000000000009 0.01992545393969682 0.02284047991463186 -25.499999999999996 0.044610281923714766 0.9472222222222223 0.0099382716049382733 0.031180555555555559 0.028291507359209187 0.0013396577039050163 0.020203265746204683 0.023832767402376911 0.03464559957078462 0.029025242028457705
decision_type=2 2 2 2 2 2 2 2 2 2 2 2 2 2 2 2 2 2 2 2 2 2 2 2 2 2 2 2 2 2 2 2 2 2 2 2 2 2 2 2 2 2 2 2 2 2 2 2 2 2 2 2 2 2 2 2 2 2 2 2 2 2 2 2 2 2 2 2 2 2 2 2 2 2 2 2 2 2 2 2 2 2 2 2 2 2 2 2 2 2 2 2 2 2 2 2 2 2 2 2 2 2 2 2 2 2 2 2 2 2 2 2 2 2 2 2 2 2 2 2 2 2 2 2 2 2
left_child=2 4 11 14 16 7 19 15 13 23 24 18 17 28 46 20 62 50 91 54 31 44 40 39 34 70 29 88 66 63 84 38 -12 45 72 58 89 53 -5 57 81 -13 -32 100 69 112 -3 115 73 98 83 59 -47 82 75 -22 -57 108 96 92 61 -35 -2 94 -41 76 68 -68 -8 -19 -18 -51 95 -29 -48 -4 122 -55 119 -26 102 -15 -20 101 85 -17 -46 -43 -10 -34 -90 -1 107 -94 -7 -9 97 -16 -24 -56 -27 110 -81 -54 -77 -76 -38 -30 -6 125 -11 -99 -14 -88 -115 -21 117 -100 -52 120 -31 -102 123 -40 -118 -58
right_child=1 3 6 5 9 26 8 10 27 12 32 41 33 22 35 30 25 21 37 47 55 -23 49 -25 79 43 -28 48 51 78 42 -33 36 60 -36 -37 106 -39 65 64 -42 87 -44 -45 86 52 74 -49 -50 71 118 -53 103 77 99 56 109 -59 -60 -61 -62 -63 -64 -65 -66 -67 67 -69 -70 -71 -72 -73 -74 -75 105 104 -78 -79 -80 80 -82 -83 -84 -85 -86 -87 113 -89 90 -91 -92 -93 93 -95 -96 -97 -98 111 116 -101 121 -103 -104 -105 -106 -107 -108 -109 -110 -111 -112 -113 -114 114 -116 -117 124 -119 -120 -121 -122 -123 -124 -125 -126 -127
leaf_value=6.6062501771426048 -6.2861581915989495 -10.870133204585619 7.652342793406679 -14.711188550312698 0.8899362169576478 -3.4310063980327934 13.094648191242593 -5.7756299196321743 -3.5619819498833736 2.1990982949532683 -13.007697200188048 14.05465110293672 1.3179510009295554 -18.923439183824765 -8.12532056842511 1.5436955505037142 -12.367642784469879 5.9052346976352776 5.8199251152720155 -20.733068580107734 -11.209294226563607 10.888140708696454 -9.2383033634172023 9.1605752723398748 -10.010419571578407 4.3989433443943922 2.2009660820333887 2.6382039711404319 3.6913597197549701 -12.462896798368062 -10.772297211070423 -6.8331699182012677 -6.101440628329093 -4.5630031364058894 2.3706248207834935 -17.12104028282597 -14.137442188776214 2.1457365337777889 6.7854456328731381 -6.6460791794387042 2.1544301426340051 6.1604494776235477 1.3338253237382804 -6.3686115356513433 -7.6483978046907515 10.401122493207724 1.0797380574400279 -1.4486023652687996 -6.60037525602272 -2.7522492379214012 7.8694024935245528 8.1849789417262002 0.29229757485192376 5.5895403506573063 6.6734710541360549 1.5793701966831375 -9.7012885935966011 -8.6479710649619701 -5.0887037353409648 -5.4098430939443753 2.9861390721503067 -26.311511781104276 -14.135361792542723 -2.8243572923542972 -18.708787766701246 -5.1958788398922735 8.9383534756826162 2.2135735049750926 7.2184686512541223 -1.5385985117363088 -5.3793394118626958 5.7147058988172867 -8.8441095201033075 -3.2346354022942254 -13.319894493383499 11.143021545641711 3.5696525438432647 9.344493014945277 -16.21907545104126 3.4820666936546867 -10.313839193168523 -4.2634940428130861 11.998860341598199 2.8473468299061446 -6.376429254880926 -9.9214730350227942 8.2330290437020928 10.965193371148048 14.430219536628838 5.8724243631530477 4.5407828693226548 0.11165153337865713 14.471604491014265 3.6245647441261664 -11.530454572066601 0.56093006633798648 -16.853888984122918 -15.023917781066723 10.819643202480078 -11.723940498901372 0.46628415709411275 12.97815936380626 -5.1352575897409922 7.1012095044552046 -0.70141612416284549 -4.3124494767467914 -7.6021435674122451 -4.2408039360030747 -5.3869815632361879 -21.891378291162756 10.197465073703881 -4.7655501352503427 -4.606386124195204 -11.604956545780016 3.494851086535129 -6.6948333282772312 4.0207163000190951 -4.2972375163639311 -0.71172328021068121 -15.392955578170316 -6.4540251442172725 -9.4487297588249941 11.957032280447221 -12.613068127346416 13.561796315029477 6.7490553406572094
leaf_weight=591.22177577018738 565.25176882743835 2163.1571010947227 700.26867967844009 91.290347635746002 1473.9208537340164 338.22477662563324 1994.5002830922604 760.44158473610878 185.61442741751671 315.79477551579475 2292.5430862605572 3790.4112463593483 1326.7328104972839 96.180733501911163 828.15990138053894 1367.9881023168564 594.14065483212471 1109.4686395227909 568.0263883471489 78.242748707532883 324.89480549097061 571.94779613614082 62.253311038017273 294.42279249429703 1249.6783490478992 866.05718898773193 267.99652847647667 1180.8299340903759 1235.8987183570862 1153.0161437392235 1202.0274573862553 326.23937559127808 2140.3678554594517 1186.1490902602673 1357.0518862009048 2858.2729525268078 950.99154624342918 840.68210533261299 529.26176863908768 442.2073001563549 1439.028124332428 924.33679515123367 278.60988634824753 797.93859958648682 529.97685515880585 601.85817992687225 384.13166663050652 1666.9076626896858 955.35323420166969 639.13973060250282 384.71199527382851 1711.2307955920696 958.14310958981514 2550.4166204333305 64.295507282018661 836.03270429372787 188.85383689403534 487.26355677843094 400.58803108334541 279.07673904299736 434.85780420899391 50.523282468318939 1053.0683332979679 678.83317688107491 211.55726781487465 179.94710424542427 2762.6266695559025 749.9771294593811 1104.0393073856831 535.81821087002754 1261.3762103319168 481.3835314810276 641.50796511769295 1062.7202378809452 296.45337411761284 128.18524539470673 1545.3949455618858 2777.8641847074032 1287.4967007339001 346.37372392416 464.38457116484642 718.17140838503838 2939.9059966504574 317.04515960812569 559.04744452238083 174.51868909597397 169.88499394059181 4628.9701624512672 242.22775819897652 130.08511218428612 684.70424139499664 1348.8420213162899 337.64887353777885 595.29072931408882 1173.6172667443752 902.71318873763084 939.8706131875515 1372.699765175581 1047.2808951735497 188.17516341805458 677.3248143196106 1537.7763081789017 547.25060990452766 524.34362018108368 873.40213268995285 552.19157999753952 594.85727688670158 308.53941375017166 535.06321069598198 69.16466024518013 933.04781651496887 159.64808097481728 610.02775302529335 139.55415821075439 169.94031783938408 1421.6882915496826 1367.443433791399 71.954547107219696 405.51729574799538 725.36476418375969 733.69628819823265 185.8654497563839 662.42859160900116 48.419991225004196 176.11147582530975 72.562079191207886
leaf_count=858 696 2207 992 84 1989 407 2303 919 264 437 1797 4032 1874 81 830 1714 583 1475 740 49 306 720 79 391 1384 1234 355 1681 1752 1128 1130 377 2355 1473 1772 1858 798 1253 635 615 2064 1323 351 956 627 754 502 2409 1295 810 521 2273 1336 3646 95 1077 218 603 459 370 596 20 941 757 163 215 3665 1057 1404 729 1731 639 694 1471 287 172 2070 3707 948 470 523 996 3589 432 660 206 217 5570 263 162 943 2130 358 836 1206 1174 647 1042 1343 220 978 1732 653 739 1221 669 619 430 630 38 1122 179 836 165 231 1881 1972 100 508 574 863 235 744 43 214 94
internal_value=1.82837e-08 -4.80274 5.99768 -7.69585 0.0257179 -5.94011 3.41731 -4.52881 4.65785 2.20556 -6.89344 9.27355 3.5777 5.86677 -12.4918 -1.06766 -5.87977 5.91007 7.28719 -1.78817 1.38119 2.56441 2.87649 -2.89869 -4.02682 -3.84372 -10.5647 -0.158785 7.51294 -11.1264 -4.39994 3.52072 -9.83539 0.660306 -1.73202 -14.4725 -7.92972 8.32898 4.62577 -4.02584 -0.790681 11.7432 -8.4943 -1.07329 0.771047 2.28845 -8.66597 -4.28025 -2.07194 5.02534 8.68238 5.10204 4.92411 8.91726 2.25007 -3.47162 -1.31672 -2.31729 -12.4271 3.18812 -3.25642 -5.45152 -11.3938 -7.58216 -10.5496 5.22105 9.14217 7.50254 11.0009 3.48101 -7.61701 0.885206 -4.14778 -0.143631 -4.79833 3.62807 5.894 7.54716 -13.1175 -7.24917 -4.70819 -5.99494 10.9983 10.0106 -1.51528 0.24653 -3.64629 10.1655 5.3421 -5.4154 7.12511 2.09084 4.15669 7.55032 -9.71847 -2.33633 -13.3178 -11.9098 6.72774 -7.03876 1.37017 10.8256 -1.79514 2.70055 0.81446 -7.45898 -11.6226 2.10672 -0.781828 -8.64089 8.17492 -13.9551 -0.548057 0.778223 -3.3138 -7.42713 7.10101 9.84779 3.46588 -11.5888 -10.1262 -1.66865 8.79053 5.15951 5.1093 -5.13511
internal_weight=106978 59406.9 47571.1 37148.3 22258.6 27193.2 26610.4 20834.9 21489.2 16257.6 12378.2 20960.7 12813.1 17177.8 9955.17 8456.68 6001.02 7120.48 11617 5121.17 4874.49 3226.59 6098.95 3444.43 6269.4 4382.7 6358.25 4311.45 11078.8 6090.25 3582.19 3382.98 6108.84 5692.64 3661.71 6559.24 3816.3 9676.9 3056.74 3150.01 2253.38 9343.72 1480.64 2527.19 2654.64 4021.11 3395.93 3166.84 3198.9 3845.57 3893.89 4467.69 2084.34 8836.21 1954.33 1491.51 1166.61 2496.25 3700.97 2756.45 1671.53 1236.67 1618.32 2190.68 653.765 2965.45 6611.14 3512.6 3098.54 1645.29 1855.52 1120.52 2304.66 2243.55 1232.78 1701.86 2785.51 5328.28 3899.57 2607.69 1358.01 814.352 3507.93 3103.66 2101.55 1542.51 1009.36 5553.31 1112.55 2270.45 926.932 1940.06 2477.38 932.94 1511.84 1663.15 3300.38 2360.51 2725.04 252.471 1729.25 2786.62 893.624 1482.49 1001.59 848.645 1545.85 1544.44 2008.98 330.581 1248.84 1532.35 1936.76 479.379 309.494 1499.93 2662.79 1119.24 790.229 2612.08 1886.71 863.19 1240.11 577.682 1543.55 261.416
internal_count=129039 66489 62550 38200 28289 29520 35702 23282 28663 20935 13320 26848 16544 22746 8680 9962 7354 8916 15923 7039 5901 4164 8298 4391 7589 5717 6238 5917 14448 5883 4061 4168 5731 7628 4559 5015 3934 12935 3791 4000 3141 10925 1481 3403 3444 5539 3665 4339 4447 5157 4752 6019 2829 11682 2700 1733 1427 3222 3157 3746 2089 1493 1637 2370 778 3707 8429 4722 3707 2204 2314 1449 2787 3152 1458 2385 3492 7353 3513 3030 1646 1077 4329 3723 2580 1920 1240 6893 1470 2517 1206 2988 3376 1194 1613 2093 2698 2051 3708 315 2447 3291 1123 2075 1393 956 1417 2182 2619 350 1559 1221 2710 613 396 1930 3629 1443 1029 2565 1991 1213 1422 678 2186 312
is_linear=0
shrinkage=0.05


Tree=10
num_leaves=127
num_cat=0
split_feature=27 36 36 1 34 25 1 1 1 34 37 1 27 23 5 36 27 37 37 36 31 32 11 1 34 1 25 34 25 37 25 42 1 6 1 32 37 27 1 23 31 24 6 39 27 1 32 28 1 1 39 33 11 23 1 27 25 34 27 39 15 37 6 1 39 16 1 36 39 44 34 11 46 32 33 21 6 5 23 6 31 25 23 37 25 11 37 25 23 44 27 5 11 25 7 24 32 24 5 33 11 6 33 23 14 6 36 24 11 5 24 23 7 32 42 34 36 11 14 14 26 32 22 16 7 23
split_gain=1.12106e+09 2.6624e+08 1.82302e+08 1.09405e+08 8.08002e+07 7.32272e+07 6.82483e+07 6.01262e+07 5.81396e+07 4.26613e+07 4.04735e+07 3.98904e+07 3.51138e+07 3.42355e+07 2.79314e+07 2.66663e+07 2.66133e+07 2.42215e+07 2.19408e+07 2.1888e+07 2.15244e+07 2.11327e+07 2.07282e+07 1.93118e+07 1.90969e+07 1.90113e+07 1.64285e+07 1.5942e+07 1.57469e+07 1.52289e+07 1.51899e+07 1.42414e+07 1.41419e+07 1.37787e+07 1.36778e+07 1.40543e+07 1.3123e+07 1.30434e+07 1.29126e+07 1.21289e+07 1.19933e+07 1.15401e+07 1.14882e+07 1.14615e+07 1.13602e+07 1.12706e+07 1.07816e+07 1.0587e+07 1.05396e+07 1.05376e+07 1.04365e+07 1.02614e+07 1.1235e+07 9.83304e+06 9.80532e+06 9.22824e+06 9.04992e+06 9.0296e+06 8.97472e+06 8.96188e+06 1.15941e+07 8.77255e+06 8.61231e+06 8.58484e+06 8.58162e+06 8.5689e+06 8.3855e+06 8.09987e+06 7.98617e+06 7.88321e+06 7.80767e+06 7.66138e+06 7.56057e+06 7.31343e+06 7.24692e+06 7.1951e+06 7.18925e+06 7.16806e+06 7.06208e+06 6.95563e+06 6.97285e+06 6.9248e+06 1.04817e+07 6.85611e+06 7.21208e+06 6.77457e+06 6.76223e+06 7.47125e+06 6.69636e+06 6.68778e+06 6.66462e+06 6.69382e+06 6.59009e+06 6.6168e+06 6.96581e+06 6.56457e+06 8.84177e+06 6.54371e+06 6.32146e+06 6.28079e+06 6.26804e+06 6.21528e+06 6.18766e+06 6.89176e+06 6.12577e+06 6.0761e+06 6.07449e+06 5.90745e+06 5.90715e+06 5.75755e+06 5.72672e+06 5.66756e+06 6.136e+06 5.58754e+06 5.55243e+06 5.51161e+06 6.40253e+06 5.48614e+06 5.4721e+06 5.47083e+06 5.40565e+06 5.40353e+06 5.39528e+06 5.37975e+06 5.35141e+06 5.34053e+06
threshold=0.01404320987654321 0.010833333333333335 0.017253086419753091 -5.4999999999999991 0.069444444444444461 0.15277777777777782 -7.4999999999999991 6.5000000000000009 -7.4999999999999991 0.13055555555555556 0.50277777777777788 -6.4999999999999991 0.0071825396825396836 0.027226775956284158 0.098476102516739786 0.025154320987654324 0.0052777777777777788 0.41944444444444451 0.16388888888888892 0.018968253968253971 0.0013944985108667975 0.033734998064266365 0.26425937974409025 -4.4999999999999991 0.091666666666666688 14.500000000000002 0.17500000000000002 0.1138888888888889 0.10833333333333335 0.1138888888888889 0.3083333333333334 1.5000000000000002 -11.499999999999998 0.075853471423091692 6.5000000000000009 0.041487268518518521 0.73611111111111127 0.0099382716049382733 15.500000000000002 0.018764267412066157 0.00041869938046849631 0.021794888810577222 0.07185886402753873 0.0049691358024691367 0.0078571428571428594 -12.499999999999998 0.025940393518518522 0.87500000000000011 4.5000000000000009 -12.499999999999998 0.015493827160493828 0.024427798068826227 0.2097338145725243 0.021653875225303803 9.5000000000000018 0.0078571428571428594 0.2416666666666667 0.19722222222222227 0.0088095238095238105 0.022808641975308644 3.5000000000000004 0.25833333333333336 0.081799933087989302 7.5000000000000009 0.003402777777777778 3.5000000000000004 9.5000000000000018 0.024523809523809528 0.0058333333333333345 1.0000000180025095e-35 0.11944444444444445 0.22926223241590218 1.0000000180025095e-35 0.029547284438588787 0.028627532593229626 41.500000000000007 0.087228260869565227 0.21089696071163827 0.030010683760683766 0.10063291139240509 0.00048622928333073287 0.080555555555555561 0.021045389795389797 0.20833333333333334 0.2305555555555556 0.24626532887402455 0.45833333333333343 0.10833333333333335 0.027616713352007473 1.0000000180025095e-35 0.022500000000000003 0.10275263951734541 0.33150183150183155 0.075000000000000011 3.5000000000000004 0.025315935491682064 0.02248836616306496 0.0090504296818696272 0.21473779385171793 0.021198989012814484 0.28992753623188411 0.085236118318630011 0.021762376129098756 0.018764267412066157 11.500000000000002 0.10690476190476192 0.011697530864197532 0.032054069890924866 0.29442724458204339 0.036811201445347795 0.017869832513537361 0.017547182349813933 12.500000000000002 0.021165695532784145 1.0000000180025095e-35 0.086111111111111124 0.018968253968253971 0.17405329593267885 3.5000000000000004 5.5000000000000009 4.5000000000000009 0.017756963896669784 32.500000000000007 2.5000000000000004 7.5000000000000009 0.02250235404896422
decision_type=2 2 2 2 2 2 2 2 2 2 2 2 2 2 2 2 2 2 2 2 2 2 2 2 2 2 2 2 2 2 2 2 2 2 2 2 2 2 2 2 2 2 2 2 2 2 2 2 2 2 2 2 2 2 2 2 2 2 2 2 2 2 2 2 2 2 2 2 2 2 2 2 2 2 2 2 2 2 2 2 2 2 2 2 2 2 2 2 2 2 2 2 2 2 2 2 2 2 2 2 2 2 2 2 2 2 2 2 2 2 2 2 2 2 2 2 2 2 2 2 2 2 2 2 2 2
left_child=1 4 3 26 11 13 18 10 43 21 19 44 51 14 17 83 -13 81 58 28 31 24 54 86 56 29 32 90 37 75 34 74 71 47 35 62 50 118 42 -30 48 53 46 -4 120 -20 98 67 104 -45 -34 52 -6 77 69 -31 72 114 95 124 -61 101 73 -24 -50 100 -29 109 -27 105 -69 -2 -10 -17 88 -9 -54 110 -28 80 -39 97 -83 84 -11 -42 87 -14 -7 -46 91 -15 93 94 -19 -3 -97 -5 -26 -62 -47 -51 103 -43 -25 -18 -95 -48 -74 -12 122 -85 -113 -44 -37 -57 -117 -60 -8 -82 -1 -53 -16 -70 -21 -104
right_child=2 6 8 5 12 20 7 25 9 15 33 16 23 27 41 30 22 92 45 59 -22 -23 63 40 38 68 78 66 39 55 -32 -33 36 -35 -36 57 -38 79 -40 -41 85 102 113 49 89 65 107 -49 64 61 -52 121 76 -55 -56 115 -58 -59 117 60 99 -63 -64 -65 -66 -67 -68 70 123 -71 -72 -73 108 -75 -76 -77 -78 -79 -80 -81 119 82 -84 111 -86 -87 -88 -89 -90 -91 -92 -93 -94 106 -96 96 -98 -99 -100 -101 -102 -103 125 -105 -106 -107 -108 -109 -110 -111 -112 112 -114 -115 -116 116 -118 -119 -120 -121 -122 -123 -124 -125 -126 -127
leaf_value=1.1613227501000711 -8.2789243707211089 1.0148176298954787 -1.6781758862200391 22.216200112370913 12.580686709006461 11.056003634341108 10.504267158830503 2.0796942648187446 -12.865136753023862 0.78360443083701381 5.8508312375476805 9.6662690803709168 2.2994681600843419 -4.031744819657515 -7.9673317329655582 6.1951081431203443 7.7533849812200035 3.7688830325536138 -11.498942694872074 1.6946642958693361 -2.1816898995591747 -14.521204834193419 1.9538059206911034 13.669587530281223 4.2895427877695367 0.52441182130931652 3.301787684792064 -0.61846352493189016 16.808059070170874 1.1571052296726203 2.3235299945454493 2.7662772057222056 -0.057502055583438905 -4.5201558438887863 -11.867953711034451 -21.48622446721447 -14.046735559622114 6.2369496795207056 -15.168109817081172 7.83565124325761 7.9577085791044189 10.059250173748303 1.5245061838391323 -17.068645920398193 -2.7701316020181741 -2.2391669286975966 -7.9744788570969334 -3.5077645468948648 15.923148865368896 -1.4980750286637698 -8.2712549069190544 17.639148680234964 9.3283999883635129 -11.581432282248411 0.219477881456658 -7.5469632419676289 -0.66662225113188844 -5.5451244225292484 11.579536553723495 3.0684039544509294 -13.690188627370645 -14.326068298708572 -7.5665143263893784 -4.7604005595784136 5.9807253831923823 -16.831509929133897 -13.235256919543179 -13.738457222771423 -8.6086551133301565 1.9455002003889199 6.9699664599372557 -15.854747183554744 -6.9681777320237774 -2.8444544067875785 16.639387737889223 14.823702341823381 4.3256379389440616 -10.350391844119351 -6.3290308460334641 -3.701868450167058 2.1126946951179462 13.567068213840784 4.1095667616311689 13.974342329032524 12.777584221782348 4.2442295485186925 -1.2435365982639452 8.421333617661853 4.2579061705905463 -11.40038600324775 -12.538216518144152 -13.151130062544073 -8.0057136882495836 5.0565998519559079 -4.6030173570684969 22.802820347022077 0.45901209539464721 1.0137354043241291 -9.803517713864224 -3.0162214945119774 -8.6893552325990235 -10.94302926820213 14.763411611179587 -5.8419044550301491 8.4479998002455385 2.2132118096956908 -1.9910945632642507 -0.25910301302988376 -13.186834311116792 1.3324888117259597 3.3776674028179672 -4.9006840326085914 10.996495708802858 -10.032657352681788 -11.141539786221458 0.36848888261327106 -7.043973980250982 -4.4402044303545658 5.4582362806020255 -7.8764952474630592 17.485077882389259 12.245713498962775 0.24732115357743104 -17.586958591984203 7.5802920964233031 1.2515426591363452
leaf_weight=1442.1184276938438 452.07895430922508 514.78065726161003 180.68633469939232 38.173075199127197 2147.8626770377159 979.95903986692429 730.74342024326324 1000.1192692220211 2944.3049777746201 939.50209912657738 1189.8841514289379 2730.7824918031693 1282.973624587059 672.54566332697868 484.36511984467506 304.69278278946877 4339.5108941495419 313.23909217119217 1153.4405647218227 928.98020541667938 735.88601732254028 2092.8147902786732 2396.2790000140667 1783.8739647567272 607.59784552454948 191.98289111256599 311.8441843688488 973.20668810606003 448.3417634665966 850.07211235165596 401.61144390702248 1071.002763569355 549.00304228067398 1498.2329815924168 1443.5560129284859 162.84886527061462 661.04502099752426 840.86614212393761 340.54105541110039 2355.6240983307362 2924.018388479948 81.184592574834824 116.57887446880341 2196.7454047203064 1058.500122487545 1202.7544497847557 760.49727389216423 960.11552911996841 247.52253207564354 247.34665507078171 1308.4429057836533 534.85136663913727 2814.2796401083469 689.38407278060913 737.03646737337112 1076.5355290174484 209.1465211212635 725.75266334414482 56.654256552457809 859.9082418680191 171.37380337715149 1838.9467427134514 673.44396665692329 594.1209300160408 1761.9019459486008 146.89505431056023 152.30579510331154 140.69591429829597 730.27814608812332 865.60359457135201 67.282926440238953 1274.7181280255318 1307.6007252633572 842.28484609723091 336.14762219786644 124.54800426959991 964.15982604026794 377.12263855338097 488.56015902757645 485.66928371787071 526.55392408370972 493.82125777006149 720.29295465350151 46.051862508058548 144.63001579046249 2117.6501406133175 626.09945347905159 814.97123181819916 574.67858010530472 284.89747449755669 1039.8395236134529 287.13689324259758 342.20712393522263 715.19191807508469 1201.5184778869152 93.00023627281189 84.508620798587799 779.42134633660316 91.560003489255905 703.82691740989685 548.35757505893707 588.84339025616646 105.67784625291824 424.14098966121674 819.8282043337822 558.60757297277451 534.04476636648178 368.22731205821037 539.4105469584465 1730.3322572410107 311.75869038701057 1004.5042205452919 64.603334248065948 1016.2906588315964 637.52288323640823 720.51295673847198 489.04961967468262 943.05879166722298 2029.2778371870518 185.3030760884285 52.564967662096024 3525.2959808111191 340.32450190186501 216.25188863277435 661.01770940423012 237.43836271762848
leaf_count=2278 505 749 185 22 2370 1205 932 1321 2435 1177 1617 3514 1923 848 549 386 5919 372 1196 1306 969 1619 3495 1880 687 269 459 1238 423 1173 549 1518 732 1911 1291 75 586 1089 231 3091 3958 99 125 1341 1547 1707 845 1265 231 311 1469 458 3524 694 1148 1419 279 792 75 1117 169 1353 717 830 2449 120 151 133 933 1168 82 951 1420 1001 339 148 1378 433 579 655 723 556 957 47 183 2999 937 1086 786 329 952 277 411 1028 1432 73 118 974 89 939 657 539 117 540 1018 872 681 446 450 2355 395 1193 69 962 588 985 615 1247 2787 230 57 3998 460 176 882 317
internal_value=1.56122e-08 4.18772 -6.25603 -2.77789 6.90766 -0.637022 0.369004 1.54608 -9.31073 -7.96612 3.04366 4.07648 8.81408 -2.63337 -0.934353 -5.06206 5.31651 1.31599 -5.06874 4.81353 5.47151 -10.031 4.06501 7.03463 -8.89908 -3.03432 -9.14742 -7.08573 6.29346 -1.50067 -7.01679 7.37303 -10.3862 -0.418261 -7.7999 -6.04511 -7.99668 4.55394 -5.94767 9.2703 8.08363 -4.72346 -4.88715 -14.0439 -1.26362 -7.60093 -2.43521 1.08495 9.92592 -14.5025 -5.84353 11.0198 9.69321 -6.6317 5.6498 -3.29073 -10.8476 -9.584 -0.502054 1.42989 -1.05497 -12.3953 -3.07833 0.619854 7.20544 -5.23207 -2.32578 2.49456 -8.77394 6.34421 -7.03911 -13.8714 -11.292 -0.443109 9.98244 3.49099 8.05182 -4.37725 -2.57678 1.52054 3.15404 5.56083 7.95625 -0.447682 2.38368 6.39794 3.31666 4.67758 8.54306 -4.60037 -9.76505 -6.76026 -1.46048 -0.650126 -2.87178 3.87391 12.1654 2.00367 2.44395 -5.1063 -4.25903 -8.14919 0.231241 -3.28726 12.0255 7.12155 2.04373 -5.45747 -8.78431 3.17355 -2.3951 -3.20026 -3.94006 -8.84336 -13.2463 -4.94464 -2.62851 -3.53236 6.79422 -0.487585 1.7354 12.9562 -4.57739 -10.6599 4.14153 5.41312
internal_weight=106978 64082.1 42895.9 20057.7 37425.3 15012 26656.8 21913.4 22838.1 17785.6 16514 15060 22365.3 11314.3 8189.31 7391 12221.9 5137.91 4743.45 10927.5 3697.67 10394.6 9491.16 12378.8 8301.76 5399.35 5045.69 3125.03 7602.38 4260.84 5191.71 2961.79 4245.29 5586.54 4790.1 3346.55 2518.49 4798.41 3301.29 2803.97 9654.8 3051.4 2960.75 5052.57 2838.08 3051.45 1827.88 4088.31 4613.13 4871.88 1857.45 9986.45 5926.3 2202.96 6500.76 3136.17 5000.46 1526.12 1692 3325.11 1735.11 2675.14 1820.42 2990.4 2009.42 1898.01 1125.51 3128.2 1138.51 5763.72 207.979 1726.8 4791.32 1146.98 1890.79 1124.67 3778.44 1513.57 800.404 2038.39 1552.72 2031.71 1214.11 2199.29 1084.13 5041.67 2724.04 2097.94 1554.64 1343.4 1999.52 959.683 3106.2 2763.99 1514.76 692.29 177.509 817.594 699.158 875.201 1751.11 836.19 848.442 505.326 2603.7 4898.12 1249.24 1128.72 1847.01 2920.22 1136.45 1115.16 1069.11 1132.87 800.372 2286.1 1209.56 999.713 2760.02 711.857 1494.68 4060.15 824.69 946.53 1590 343.116
internal_count=129039 84053 44986 23601 49366 18320 34687 28745 21385 17656 21706 21157 28209 13503 10037 8068 16946 6433 5942 14343 4817 9588 13432 16481 7969 7039 5281 3466 9930 5661 5399 3848 4243 7363 4850 3559 2787 6416 3385 3514 12535 3604 3154 3729 4211 3680 2067 5452 5578 3544 2201 11728 7272 2531 9107 4192 4584 1455 2262 4413 2225 2203 2104 4325 2680 2484 1389 4187 1378 7959 215 1456 4305 1387 2330 1469 4902 1837 1038 2697 2042 2509 1513 2669 1360 6957 3946 3009 1991 1876 2077 1125 3924 3513 1804 940 191 996 776 1108 2364 850 1073 639 2898 6791 1709 1291 1870 3972 1404 1309 1262 1087 663 3019 1600 1322 3719 953 2335 4456 1009 1109 2188 434
is_linear=0
shrinkage=0.05


Tree=11
num_leaves=127
num_cat=0
split_feature=27 36 36 44 11 11 37 36 25 25 33 6 33 6 27 6 5 33 27 6 25 23 27 27 27 6 6 25 0 11 33 36 36 5 6 33 27 25 46 43 27 5 0 31 30 5 36 14 37 5 31 36 25 23 14 23 5 21 25 6 14 14 27 3 17 6 33 30 30 30 9 6 11 12 6 11 25 8 31 6 25 23 25 39 19 25 11 23 25 27 6 30 27 40 27 37 15 23 27 25 36 33 15 14 11 0 23 11 23 33 37 33 6 25 6 21 31 14 15 36 37 36 21 33 23 36
split_gain=1.01263e+09 2.74888e+08 1.33984e+08 1.10771e+08 6.82593e+07 5.11451e+07 4.66976e+07 4.61034e+07 3.52701e+07 3.50432e+07 3.41546e+07 3.07115e+07 2.87984e+07 2.42085e+07 2.00744e+07 1.91415e+07 1.82397e+07 1.75026e+07 1.82511e+07 1.68267e+07 1.61734e+07 1.62714e+07 1.61678e+07 1.56695e+07 1.54827e+07 1.54504e+07 1.49293e+07 1.4901e+07 1.48174e+07 1.79679e+07 1.4281e+07 1.35452e+07 1.32126e+07 1.23128e+07 1.21253e+07 1.1471e+07 1.13745e+07 1.06856e+07 1.03399e+07 9.99433e+06 9.95971e+06 9.87725e+06 9.6833e+06 9.61166e+06 9.56109e+06 9.41761e+06 9.28319e+06 8.44544e+06 8.37276e+06 8.36098e+06 8.40519e+06 8.34889e+06 8.28281e+06 8.23235e+06 8.17044e+06 8.03834e+06 8.02013e+06 7.88646e+06 7.84851e+06 7.7644e+06 7.75038e+06 7.63274e+06 7.55052e+06 7.40552e+06 7.39195e+06 7.13653e+06 7.13236e+06 7.54457e+06 7.0441e+06 6.91206e+06 6.90008e+06 6.82718e+06 6.81817e+06 6.67598e+06 6.51779e+06 6.43585e+06 6.42201e+06 6.40659e+06 6.31384e+06 6.25923e+06 7.63186e+06 6.18345e+06 6.35456e+06 6.11415e+06 1.13715e+07 6.01135e+06 5.99979e+06 5.98171e+06 5.94883e+06 6.28044e+06 5.94728e+06 5.93434e+06 5.88972e+06 5.87339e+06 5.78037e+06 5.76154e+06 5.7019e+06 5.69995e+06 5.67902e+06 7.08551e+06 5.67512e+06 5.65894e+06 5.62193e+06 5.5954e+06 6.52159e+06 5.55451e+06 5.53341e+06 5.53215e+06 5.45868e+06 5.41621e+06 5.3944e+06 5.39145e+06 5.36263e+06 5.35082e+06 5.33424e+06 5.27243e+06 5.2426e+06 6.64761e+06 5.84533e+06 5.20754e+06 5.17331e+06 5.61652e+06 5.13392e+06 5.2355e+06 5.04038e+06 5.00708e+06
threshold=0.010833333333333335 0.011697530864197532 0.0078571428571428594 1.0000000180025095e-35 0.27435167615433276 0.27228596646072378 0.3305555555555556 0.0205952380952381 0.29166666666666669 0.075000000000000011 0.016017314233769061 0.078689370485036131 0.028099294548191881 0.057307060755336627 0.019598765432098767 0.1082709215239336 0.10495716034271728 0.044738967016649166 0.028055555555555559 0.25166666666666676 0.18611111111111114 0.019562701288244774 0.0071825396825396836 0.016080246913580249 0.0058333333333333345 0.133739837398374 0.10733486943164364 0.16388888888888892 26.500000000000004 0.30918462980318656 0.021644209128337522 0.0067283950617283957 0.018293650793650796 0.19586530264279628 0.11378020713463753 0.022667945381829011 0.0049691358024691367 0.21944444444444447 1.0000000180025095e-35 1.0000000180025095e-35 0.028950617283950621 0.17262664963814392 71.500000000000014 0.00075362318840579718 0.023395061728395065 0.11378020713463753 0.015648148148148151 9.5000000000000018 0.93611111111111123 0.079156223893066008 0.0013060428849902535 0.016944444444444446 0.16388888888888892 0.026827332559039879 14.500000000000002 0.046363837312113181 0.18795289855072467 26.500000000000004 0.097222222222222238 0.037855266300453792 7.5000000000000009 7.5000000000000009 0.018293650793650796 9.5000000000000018 1.0000000180025095e-35 0.085867895545314918 0.022902146085561261 0.013263888888888889 0.020069444444444449 0.0023015873015873019 5.5000000000000009 0.041960093896713617 0.28931515535827529 20.500000000000004 0.037855266300453792 0.20701970443349757 0.14722222222222223 11.500000000000002 0.0016358854173499483 0.10690476190476192 0.13055555555555556 0.015823085931781587 0.10833333333333335 0.018293650793650796 1.0000000180025095e-35 0.15833333333333335 0.21545092838196289 0.028658293460925046 0.041666666666666678 0.010092592592592594 0.13536417773705914 0.036736111111111115 0.022808641975308644 -0.00024024243928919212 0.0071825396825396836 0.6972222222222223 23.500000000000004 0.022781803542673108 0.018293650793650796 0.15277777777777782 0.026150793650793657 0.020265489025062165 5.5000000000000009 3.5000000000000004 0.30283094098883578 22.500000000000004 0.019361507229154289 0.29340579710144937 0.01787113200156679 0.018314406283436228 0.43611111111111117 0.03464559957078462 0.14608739837398377 0.11944444444444445 0.18537609774723179 39.500000000000007 0.00057164804593721758 6.5000000000000009 2.5000000000000004 0.010833333333333335 0.59722222222222232 0.0071825396825396836 26.500000000000004 0.017027216107929101 0.017467532467532472 0.04123456790123458
decision_type=2 2 2 2 2 2 2 2 2 2 2 2 2 2 2 2 2 2 2 2 2 2 2 2 2 2 2 2 2 2 2 2 2 2 2 2 2 2 2 2 2 2 2 2 2 2 2 2 2 2 2 2 2 2 2 2 2 2 2 2 2 2 2 2 2 2 2 2 2 2 2 2 2 2 2 2 2 2 2 2 2 2 2 2 2 2 2 2 2 2 2 2 2 2 2 2 2 2 2 2 2 2 2 2 2 2 2 2 2 2 2 2 2 2 2 2 2 2 2 2 2 2 2 2 2 2
left_child=2 6 10 4 7 9 26 12 11 15 34 16 13 33 30 32 28 18 38 22 21 54 68 79 52 35 41 40 91 53 -5 -13 45 44 36 46 -1 -20 85 119 74 43 100 61 58 64 57 -44 106 50 65 -37 115 120 101 102 88 -7 105 63 -60 108 73 77 -4 -24 86 -68 -11 -15 -29 -19 -27 114 -25 -41 -63 -14 -61 80 -6 -51 -83 84 -40 -9 -26 -82 89 -38 -23 -8 -46 -21 -17 -34 -43 109 -71 -100 -32 -16 -22 -72 -105 -3 -18 -36 -2 -76 -101 -47 -49 -55 -33 -12 117 -66 -118 -28 121 -30 -74 -124 -119 -86
right_child=1 3 5 14 23 25 8 17 -10 19 24 31 59 69 20 94 48 71 37 93 55 90 49 27 66 72 39 70 29 -31 42 62 95 -35 107 51 56 -39 83 75 -42 96 47 -45 92 111 -48 112 -50 81 -52 -53 -54 113 -56 -57 -58 -59 60 78 -62 76 -64 -65 116 -67 67 -69 -70 98 103 -73 122 -75 97 -77 -78 -79 -80 -81 87 82 -84 -85 125 -87 -88 -89 -90 -91 -92 -93 -94 -95 -96 -97 -98 -99 99 110 -102 -103 -104 104 -106 -107 -108 -109 -110 -111 -112 -113 -114 -115 -116 -117 118 124 -120 -121 -122 -123 123 -125 -126 -127
leaf_value=10.474269624323053 18.58827248740284 -12.338738856545939 -7.9708114571342792 -10.68217220592264 -5.5855081061454506 -8.0322109117515321 -4.6184861909288015 -9.2245141863474611 8.9925674893884917 11.58750170548662 10.700362823724005 0.61162334812372465 4.9658024019518088 11.902698798812786 -3.9327079527470659 1.3009869071154396 0.38922599857668533 1.8162064084984006 -12.391322276455359 8.5715162000217422 2.8292351288132629 -12.610605262614575 9.8686603179750083 -7.4106358031197237 9.7696623126329101 -0.39247378389886906 -2.0013688429117127 -11.148212242098225 11.343580480571902 -5.4713482009660979 -4.834352487563037 -3.1925484537635063 0.042934580254548466 -6.9499991705529425 2.8920269374937853 5.5142378360107918 3.9975120534391126 -3.331855147401674 3.9561943312117509 9.39431196859619 -15.182257224264028 2.1468288594612885 9.8571696246115881 0.77995201622598431 -0.13554114616456969 -0.40581705618561498 -6.1427516960357833 2.4903418456563138 -16.091614271058525 8.9512085372882559 3.182265505084807 -0.64732425700201346 17.828253716426993 -4.6412320942414125 -12.341007132244691 -11.739768230344801 -1.3404004509983287 0.86105359126347603 12.237737716682789 1.8166012480237279 2.5677047205547123 4.3855597784827269 -10.96862097507975 -8.8487033436542362 10.38751732378619 4.7296254873431014 14.302304471680481 8.9702216349442505 7.2241443237835554 -4.3833057637226664 1.8346105645475064 -4.6281774733603811 -18.133828973728022 -24.380884905102739 -12.641310230315145 0.46609229412113129 11.180261706366897 14.514762339170549 -7.09108227697996 -9.9019172897744721 8.0365184937946381 -1.4429501001421583 4.2625230554373514 -5.1709288529660675 -4.1779200812933164 -1.9612139136957443 5.4998983103292893 -3.4153919058713167 7.1624572068827908 -12.220689986819954 -15.946029517032461 -22.43686918360838 -6.6597415731893284 -9.7341979646411616 -4.7081304063892784 -9.3062417579459389 -11.406877484008303 -13.03351122387687 -10.77355463000521 3.5325007544794653 -10.103736355696954 12.985693051354421 -7.2917367933961259 -1.3279645152604127 -10.399806912928312 1.4224620758238882 -5.0436396614615111 -6.8083791129001128 9.5815989886239006 -3.6327639052622183 -8.5061416352075589 14.998284066470198 -10.094937098114347 2.509718322046385 -9.9211247579458419 15.185807558784346 6.2097544283129835 6.010634458948017 1.2071973353300089 -12.599493455147446 2.8716518937028113 4.9251584137895357 -11.784699167330139 -2.7385248007122822 -4.1725738602061853 -19.006855868784971
leaf_weight=1657.8908779025078 198.42318478226662 78.315870195627213 102.92331445217133 2945.1512877345085 2010.1016004085541 274.6696897149086 476.90022170543671 1714.3417568206787 831.88348093628883 1792.3424185216427 3541.7892912328243 664.86628717184067 1323.4890260994434 53.454966574907303 107.57834368944168 619.45076817274094 739.56878954172134 874.54710069298744 1785.9565907120705 55.1269171833992 267.11404421925545 3265.0799356400967 1869.7454596757889 1657.9176044762135 1294.623836517334 384.86025401949883 427.93586248159409 383.81907117366791 494.70699793100357 625.7064057290554 1190.3111969530582 1217.007428497076 1043.4043397009373 592.1087991297245 1201.6423579156399 1483.513861656189 1111.536362439394 398.02701255679131 631.00599870085716 306.80665549635887 1101.1202755868435 531.69411766529083 166.0863926410675 537.92614233493805 1244.8207685947418 1163.1952827274799 763.2105361521244 166.5015612244606 131.13501012325287 346.47591745853424 1301.337347984314 873.48375400900841 593.28795626759529 407.02081084251404 128.30508854985237 392.40669667720795 371.16066819429398 2697.5588797032833 369.3792197406292 1327.4760727584362 471.96098217368126 1466.8003443181515 938.94792121648788 85.97881618142128 985.43294483423233 1057.7295343577862 856.68789401650429 2940.4623621106148 1911.3280355632305 1817.1138852834702 352.94572672247887 775.33087775111198 118.19224619865417 44.842378169298172 298.75409865379333 589.99221876263618 455.81947174668312 202.53261759877205 233.99780276417732 610.79873058199883 200.4825544655323 883.37292695045471 1090.4515216648579 1897.2819944620132 451.72440585494041 341.63748252391815 2257.2894997596741 264.42067700624466 4099.9238350987434 63.080865293741226 2262.5787468850613 51.803693532943726 479.04603573679924 213.60397452116013 1130.666481345892 195.69813239574432 90.856647253036499 1705.8505106568336 1023.4126029610634 179.10577231645584 895.2975073158741 91.435677945613861 282.13028928637505 407.97156718373299 385.11923342943192 1151.4820981323719 1279.554983496666 167.46175223588943 1105.4962388575077 377.90460574626923 193.67395326495171 59.719588160514832 172.16601067781448 732.17257413268089 388.61156097054482 803.83973753452301 1290.7642737329006 1051.9043232500553 1066.3437553346157 158.96472460031509 1563.9418295323849 1095.8545463681221 290.2911388874054 356.20645299553871 137.38704359531403 65.133158892393112
leaf_count=2077 177 84 107 2765 2458 329 541 1761 1105 2090 4145 921 1724 70 106 929 1000 1151 1451 76 311 2430 2354 1760 1598 497 500 379 596 779 1320 1679 1438 706 1808 2031 1630 435 804 389 803 697 199 732 1703 1742 921 213 123 423 1806 1165 494 544 91 337 532 3843 421 1706 632 1917 934 96 1256 1491 855 3735 2582 2335 432 982 96 30 276 853 578 218 310 638 239 1236 1465 2274 525 385 3101 346 5773 81 1356 29 515 244 1557 215 101 1457 1003 227 811 81 297 511 397 1501 1635 247 1375 433 226 74 157 1045 460 772 1735 1492 1517 150 2158 1546 320 486 185 47
internal_value=1.44517e-08 -4.35313 5.4362 -6.55593 -4.89332 3.08114 0.898356 -3.20389 -0.92955 4.42152 8.42604 -1.69011 -1.01006 -2.67049 -10.5357 2.10216 0.0505786 -5.86236 -6.91549 6.37173 -12.3563 -13.3345 6.69545 -8.3151 10.1217 -0.503654 4.53645 -9.67783 1.58959 2.44443 -8.30042 -5.75441 3.25712 -0.243978 6.02359 0.499529 6.83304 -10.7403 -5.27797 0.200779 -10.9668 6.00278 -5.59244 6.96759 0.802317 4.24937 -1.22387 0.621654 -3.84881 5.20231 6.52565 3.23081 12.2866 3.59797 -2.50255 -6.27436 5.76377 0.0392089 3.09194 2.9946 6.8132 7.99919 -7.38897 5.42872 5.2792 8.01187 8.6667 10.1732 9.33573 -5.92918 -5.34581 -1.21222 -5.82036 -5.35251 -9.818 3.52055 5.99646 6.23313 0.481722 -5.36892 -4.25024 2.7905 1.70907 -3.42827 -0.547855 -8.01759 7.05617 1.52307 6.26368 3.12654 -13.9759 -6.36437 -1.94855 -5.979 -2.58121 -1.43363 0.168766 -11.4932 -6.22583 -8.62383 -7.09636 3.84034 -2.3696 -3.40253 -5.73319 0.546123 -3.05368 1.70552 10.9522 -7.61016 -2.72205 0.346424 -3.90755 -0.0452347 -4.82108 11.5301 5.58012 7.35061 3.94662 -4.87192 4.91364 6.92146 -8.55216 -6.80045 4.83427 -6.04663
internal_weight=106978 59406.9 47571.1 41851.7 29519.5 26610.4 17555.2 19762.3 11684.5 19368.4 20960.7 10852.6 10827.3 7653.87 12332.1 8846.89 7598.37 8934.99 7285.11 10521.5 6796.63 5854.98 10252.8 9757.21 12288 7241.99 5870.72 6671.4 5448.11 4919.4 5535.51 3254.28 7096.77 4387.11 8672.7 6092.44 7303.59 2183.98 5101.12 1483.7 5141.55 4387.02 2590.36 3764.47 3795 5857.67 3735.44 504.754 2150.26 6549.11 4228.81 2357 4938.92 4293.7 327.319 941.651 5645.7 2972.23 2071.14 3173.47 841.34 3226.54 2589.41 1612 4634.76 2927.47 7349.06 3797.15 3703.67 3266.76 1529.86 1649.88 1149.55 1650.46 4040.43 896.799 1922.62 1526.02 1561.47 3085.8 2475 2320.3 1973.82 3045.15 1147.86 2055.98 3551.91 464.903 5274.54 1174.62 5527.66 528.704 1723.87 268.731 1750.12 1239.1 622.551 2382.51 3213.31 1396.19 2085.61 199.014 549.244 1146.04 793.091 1229.8 2019.12 1369.1 1303.92 676.659 372.78 1222.91 338.668 1139.19 1605.62 4345.63 4531.83 2174.72 2357.11 586.901 3154.5 1590.56 764.69 646.498 1189.29 516.858
internal_count=129039 66489 62550 43895 33421 35702 22594 23292 15125 26014 26848 14020 13477 9423 10474 12247 9996 9815 7682 13767 5009 4064 13447 10129 14700 9688 7469 6448 7238 6668 5465 4024 9761 5562 12148 8289 10093 1886 5796 1892 4729 5577 2700 4779 4856 8108 5093 569 2758 8775 5651 3196 5411 5889 278 945 8016 4172 2638 4054 1053 4047 3103 2038 6292 3845 9289 4590 4672 3861 1719 2133 1399 2169 3926 1242 2495 1942 2016 3681 3043 3124 2701 3650 1376 2146 4699 585 7484 1711 3786 570 2218 320 2486 1653 798 2166 3791 1456 2131 187 608 1340 908 1585 2635 2055 1552 709 453 1816 370 1589 2139 4917 6185 2933 3252 650 4300 2142 902 806 1677 572
is_linear=0
shrinkage=0.05


Tree=12
num_leaves=127
num_cat=0
split_feature=29 38 38 1 1 25 1 0 1 1 0 29 1 23 6 37 6 34 33 37 37 30 30 1 0 14 37 6 1 30 30 1 34 14 30 30 25 1 1 14 13 0 3 14 39 39 1 29 6 25 1 0 1 39 24 38 38 33 33 32 39 30 0 28 14 24 30 29 39 1 34 29 29 33 2 30 24 3 38 1 38 35 34 38 31 30 37 16 0 14 23 24 38 33 38 9 39 25 16 23 24 28 33 37 13 23 23 1 39 1 30 31 32 25 23 30 3 14 24 23 28 32 29 1 24 22
split_gain=9.19627e+08 2.20481e+08 1.50396e+08 9.50654e+07 7.41595e+07 6.18287e+07 6.06575e+07 5.60339e+07 5.12631e+07 5.08739e+07 3.96972e+07 3.44894e+07 3.42764e+07 2.93825e+07 2.66543e+07 2.51104e+07 2.49845e+07 2.30174e+07 2.25646e+07 2.0191e+07 1.93818e+07 1.86194e+07 1.8502e+07 1.82452e+07 1.7529e+07 1.68923e+07 1.63071e+07 1.61786e+07 1.41073e+07 1.83408e+07 1.3999e+07 1.36886e+07 1.33521e+07 1.31933e+07 1.5621e+07 1.23294e+07 1.15984e+07 1.11177e+07 1.10426e+07 1.08268e+07 1.06842e+07 1.017e+07 1.14123e+07 1.06859e+07 1.01466e+07 9.97984e+06 9.97681e+06 9.72281e+06 9.71451e+06 9.55432e+06 9.34669e+06 1.02652e+07 9.23569e+06 8.93445e+06 8.86303e+06 8.80327e+06 8.70268e+06 1.56213e+07 1.17886e+07 1.03926e+07 8.52263e+06 8.28425e+06 8.17656e+06 8.14071e+06 7.60732e+06 7.55975e+06 7.55669e+06 7.53618e+06 7.50432e+06 7.47994e+06 7.47533e+06 7.4561e+06 7.26622e+06 7.00475e+06 6.95611e+06 6.93442e+06 6.85751e+06 6.82442e+06 7.10222e+06 6.78664e+06 6.76503e+06 6.65332e+06 6.53466e+06 6.49941e+06 6.49105e+06 6.1767e+06 6.03638e+06 6.00824e+06 5.9877e+06 5.98014e+06 5.91709e+06 5.8653e+06 5.85599e+06 5.80078e+06 5.76802e+06 5.68423e+06 6.21883e+06 5.67054e+06 6.79364e+06 5.63624e+06 5.61705e+06 5.60788e+06 5.57354e+06 5.55743e+06 5.52281e+06 5.4944e+06 5.48457e+06 5.62879e+06 7.21553e+06 5.47719e+06 5.47234e+06 5.44274e+06 5.40281e+06 5.25818e+06 5.89782e+06 5.14869e+06 6.8795e+06 5.14342e+06 5.13121e+06 5.57329e+06 5.03171e+06 5.00482e+06 5.00057e+06 4.9252e+06 4.91449e+06 4.89732e+06
threshold=0.01404320987654321 0.0089583333333333338 0.017253086419753091 -5.4999999999999991 -7.4999999999999991 0.15277777777777782 7.5000000000000009 56.500000000000007 -4.4999999999999991 -7.4999999999999991 42.500000000000007 0.0084876543209876556 8.5000000000000018 0.027226775956284158 0.029631255487269536 0.16944444444444448 0.055250305250305255 0.058333333333333341 0.017380075314671131 0.44722222222222224 0.11944444444444445 0.0205952380952381 0.033055555555555567 7.5000000000000009 25.500000000000004 3.5000000000000004 0.43611111111111117 0.093933823529411778 -12.499999999999998 0.01404320987654321 0.0029320987654320994 13.500000000000002 0.1138888888888889 6.5000000000000009 0.014907407407407409 0.016388888888888894 0.069444444444444461 -11.499999999999998 -15.499999999999998 2.5000000000000004 1.0000000180025095e-35 64.500000000000014 1.5000000000000002 8.5000000000000018 0.013263888888888889 0.0049691358024691367 7.5000000000000009 0.0078571428571428594 0.13667496886674971 0.49722222222222229 -12.499999999999998 56.500000000000007 4.5000000000000009 0.0058333333333333345 0.017139603318580506 0.0064153439153439165 0.029537037037037039 0.021762376129098756 0.054765788788936773 0.027739726027397264 0.0065740740740740751 0.0029320987654320994 16.500000000000004 0.11944444444444445 10.500000000000002 0.020300589142308603 0.0049691358024691367 0.0088095238095238105 0.020462962962962964 9.5000000000000018 0.13055555555555556 0.0081790123456790143 0.010833333333333335 0.049929694539368068 1.0000000180025095e-35 0.0049691358024691367 0.016167243208806418 10.500000000000002 0.011388888888888891 14.500000000000002 0.013263888888888889 7.5000000000000009 0.091666666666666688 0.018968253968253971 0.00057164804593721758 0.0088095238095238105 0.38611111111111118 3.5000000000000004 71.500000000000014 17.500000000000004 0.02173345946565761 0.013247476328702457 0.017839506172839508 0.017293601629596356 0.0077083333333333335 9.5000000000000018 0.0039285714285714297 0.091666666666666688 3.5000000000000004 0.030828853046594985 0.021234871157256741 0.39722222222222231 0.033159347869254209 0.70277777777777783 4.5000000000000009 0.017392742121002992 0.010786213710290319 6.5000000000000009 0.0049691358024691367 -22.499999999999996 0.010524691358024694 0.0025642078228285134 0.01655442176870749 0.086111111111111124 0.02017226036104755 0.012738095238095239 2.5000000000000004 3.5000000000000004 0.025021941431270938 0.025371752349364295 0.27500000000000008 0.02284385324291428 0.0088095238095238105 14.500000000000002 0.034620306691592821 26.500000000000004
decision_type=2 2 2 2 2 2 2 2 2 2 2 2 2 2 2 2 2 2 2 2 2 2 2 2 2 2 2 2 2 2 2 2 2 2 2 2 2 2 2 2 2 2 2 2 2 2 2 2 2 2 2 2 2 2 2 2 2 2 2 2 2 2 2 2 2 2 2 2 2 2 2 2 2 2 2 2 2 2 2 2 2 2 2 2 2 2 2 2 2 2 2 2 2 2 2 2 2 2 2 2 2 2 2 2 2 2 2 2 2 2 2 2 2 2 2 2 2 2 2 2 2 2 2 2 2 2
left_child=1 8 3 28 15 13 7 16 19 45 56 18 14 17 41 30 24 100 46 36 53 48 80 35 -6 83 106 33 75 -30 -3 47 97 84 54 89 -1 -21 -17 -23 -31 42 -12 82 91 66 -10 93 -16 85 -47 -52 74 -8 64 -39 57 -11 -58 70 -25 -38 -18 -44 -35 94 -4 120 -65 -34 -59 -27 -64 125 88 -2 -28 78 86 -55 -7 -48 -43 102 118 95 -62 -40 -20 113 -67 -29 -49 -22 -37 -14 -97 -15 99 -99 104 -42 -26 -76 -5 -56 -13 -108 -109 -69 -54 -24 -102 -19 -115 116 -78 -46 -9 -120 -32 -84 -63 -87 -101 -41
right_child=2 4 9 5 6 22 20 27 11 10 12 26 49 32 21 38 62 23 52 37 31 39 111 60 25 71 76 44 29 40 67 -33 69 34 -36 65 61 55 87 73 101 43 63 -45 117 50 81 92 -50 -51 51 -53 110 79 105 -57 58 59 -60 -61 77 122 72 68 -66 90 -68 109 -70 -71 -72 -73 -74 -75 103 -77 115 -79 -80 -81 -82 -83 121 -85 -86 123 -88 -89 -90 -91 -92 -93 -94 -95 -96 96 -98 98 -100 124 112 -103 -104 -105 -106 -107 107 108 -110 -111 -112 -113 -114 114 -116 -117 -118 -119 119 -121 -122 -123 -124 -125 -126 -127
leaf_value=1.0427488411263868 -1.3540575767792464 13.81627064722832 12.629441449201225 -8.6063502550344388 -3.4429342092742057 9.3015601705054038 8.5102632005536645 9.8030886597703244 8.2408493303952746 -11.886112967055823 4.1418393730629743 22.721475523563456 7.1938071811937379 -13.643643086544381 0.37340080588071767 -11.725522230951279 -15.902761614150663 4.7686198186385456 7.9267322691232209 -6.136681851619592 -3.2365768199857956 -1.3987769678132276 2.3934949442376028 5.4443725688811444 5.4127673247890682 4.0905843549143901 0.94221118967682826 -0.049108340829874184 0.82805875105536819 -12.992279721706979 5.4132562578733951 -8.8307175286663373 -0.50184185998326603 9.703799046132584 1.8812812654884781 6.4064983733120791 16.053946888814171 4.5472275673962832 -4.4895583845080393 -14.837090964775644 -4.1273311472749228 -3.7447347233982344 -14.843809913689942 -0.86329414390143888 6.579247811244362 -15.712977788339614 2.9350159426136151 -2.5722438542278514 -7.269603891470279 5.9278666115443563 -13.813358341598821 -7.4770237520515126 12.437103090403232 2.1770958301033736 15.278017753919642 -1.5935790108568151 -13.894909322356717 -2.632340512122131 -5.8577709062848804 -8.2623599468434996 5.5286527948075381 7.83079587152743 -0.33247770734353271 11.354612299006181 1.4201021264177713 11.669612285300493 -8.8196815398174291 -17.273616969842426 -4.7943042051988938 -12.417927310907695 13.381116356775486 -2.2668281390828304 -4.9469078714760579 -2.2682473404317576 14.170963077535106 -13.150659168230966 22.625204827790771 -14.432989253374636 -7.0994418878527741 -6.4108861803895083 3.6955478618224271 24.528699880938909 26.77409672198964 1.6205937094502811 7.1290717018352856 -9.432191932531806 -5.8510480276488339 -13.478381880162026 12.822406847075863 -0.47575359272947992 2.3863787585352099 8.6445281729689825 -8.2906784824070296 4.9068247821502693 -2.7187574580848599 7.4207136205490842 -10.958728971702064 -2.5389650671626702 -17.75603917397515 -11.449093441695918 2.0017036902806664 -9.8448083442886389 10.888938463612845 3.6956359549929534 -3.4392299713888366 8.2517123111092907 8.7421252533560629 13.55978734790002 2.7174287414288432 -2.6665626215734868 7.2929397176388093 -4.7405182121831499 -7.489973137526829 17.223744481578443 6.8562401791816967 4.3606195967927368 1.820469310039738 -0.52450287547150121 20.584641966004767 8.661918360389782 -2.9671726303234607 10.152024371615489 3.1468708743496787 -13.915288282448737 -2.6855114619111076 -8.8642357963944605
leaf_weight=1076.9140169322491 135.54910111427307 177.74318447709084 63.097321629524231 931.91817274689674 1076.8163538575172 1718.7640567421913 416.06049865484238 1395.417827129364 5647.4341395497322 1936.709370970726 501.56808802485466 59.659160912036896 82.303733497858047 482.54312753677368 1519.3763678371906 778.8287048637867 112.08087730407715 445.56396463513374 1308.7225593626499 593.2885023355484 353.0094630420208 574.10128080844879 791.81731915473938 227.51498094201088 2674.0658446848392 684.23476067185402 1932.3915684223175 254.07340237498283 669.39585962891579 866.64464166760445 563.29616817831993 1166.0032465159893 973.20668810606003 462.93369320034981 2046.1005111336708 202.08219596743584 238.53036049008369 1187.1132017970085 2900.5840071737766 407.44223323464394 1151.8610387146473 76.52406969666481 178.78899070620537 438.89802947640419 300.43198895454407 2196.7454047203064 1348.8989482820034 1448.4851373434067 572.36887297034264 93.159998834133148 1618.9379030168056 1056.1988850235939 707.88716098666191 921.05588468909264 446.74085909128189 1148.036690056324 2276.5524870157242 645.24891576170921 570.60050883889198 1324.5201697051525 288.24770373106003 1765.3523649871349 2123.4851499199867 81.753607302904129 690.63347762823105 206.75943514704704 117.58901306986809 68.485500305891037 599.24175143241882 152.30579510331154 82.158058911561966 1414.9026970565319 1426.0483581721783 349.9441747367382 3184.745724350214 1538.9596202969551 92.113511174917221 168.52318006753922 639.9592002928257 306.62927040457726 783.4464852809906 36.640775412321091 51.239086419343948 929.43283796310425 2000.7460767626762 1525.0413589775562 195.62190991640091 198.63135024905205 1194.7125836312771 210.35178491473198 1010.9264631569386 820.70539167523384 647.97645792365074 574.69566291570663 1210.4569216370583 56.322928994894028 251.69530081748962 570.67074292898178 143.91740193963051 581.73486351966858 532.01324257254601 683.28213337063789 562.3536459505558 131.85532030463219 1161.8714279532433 737.62828958034515 2537.9840523600578 183.42935964465141 938.80217230319977 1019.8548447489738 1917.1282235980034 403.64616188406944 208.75285971164703 276.49729162454605 272.24609205126762 1880.1209015548229 69.87825271487236 1677.9865045547485 261.54620742797852 156.76634645462036 262.61505731940269 389.73723819851875 841.41663482785225 1024.0109308063984 220.65594425797462 2176.2680275440216
leaf_count=1693 157 203 71 1019 1327 2206 504 1789 7412 1582 653 45 91 432 1889 778 88 554 1661 871 519 689 1034 262 3636 924 2731 374 905 742 782 1399 1238 575 2876 264 225 1776 3868 289 1441 99 142 568 423 1341 2011 2058 584 136 1150 1053 720 1277 411 1750 1655 683 625 1315 360 2376 2933 107 961 244 114 62 719 151 96 1902 1827 416 3159 1281 70 168 789 413 1061 21 33 1188 2765 1518 253 187 1226 289 1325 1061 777 782 1520 71 247 736 90 559 714 755 697 177 1406 940 3164 187 1402 1402 2555 516 240 262 368 2669 95 2316 213 213 379 483 1228 736 260 2230
internal_value=1.84089e-08 3.79287 -5.66617 -2.50702 1.03928 -0.511379 2.1149 3.30452 6.91662 -8.44071 -7.18291 8.04 -5.3165 -2.34578 -3.58517 -4.02149 0.767488 -0.771788 9.40005 3.11679 -2.42325 -5.45166 5.10163 1.15684 2.45007 3.46295 5.30411 5.78557 -8.44446 -6.58116 0.393544 -4.2283 -6.47052 6.94259 5.07165 2.99423 5.46229 -0.0246671 -6.40316 -7.67813 -8.41686 0.92412 -1.85195 4.87563 2.67871 -12.8683 7.30807 -2.45378 -1.71797 -9.83662 -13.2962 -11.3116 11.1422 2.1781 7.86377 1.5282 -10.1726 -8.66531 -12.2842 -5.62535 -3.47921 7.13503 -2.60621 -5.34852 4.7444 1.07556 -1.32945 -0.852791 -2.85562 -2.11434 -0.823677 -0.194566 -2.18636 -8.90697 12.2527 -12.1957 3.07724 -5.05019 -3.64319 0.0321431 7.54631 3.50606 9.74287 5.30594 9.09289 -10.3363 0.927994 -5.06566 10.2631 7.1834 3.96264 6.58939 -4.3397 1.80811 -1.41327 -4.47894 -7.59794 -8.92257 -7.42082 -6.33753 -4.41515 -6.25613 6.3643 13.7545 -5.73905 10.902 7.68341 7.4383 4.48962 -3.58573 8.68016 -0.0152922 -0.673115 8.80375 12.0802 5.09756 13.6507 0.554234 11.2592 16.1165 2.74853 12.0834 6.31891 -11.2332 -9.03913 -9.80613
internal_weight=106978 64082.1 42895.9 20057.7 34059.1 15012 28089 22255.1 30023.1 22838.1 17785.6 23172.4 10949.8 11314.3 7917.25 5970.04 11003.4 8189.31 15478 6850.65 5833.92 5599.5 3697.67 5354.75 7341.81 6264.99 7694.38 11251.7 5045.69 3371.18 2091.99 4190.17 3125.03 8198.51 4384.04 3834.88 3922.21 2928.44 3878.04 3507.76 2701.79 2317.75 1361.35 956.398 3053.2 5052.57 7032.97 3024.17 2091.75 3032.53 4871.88 2675.14 8445.05 1643.75 2337.94 2335.15 6835.79 3988.64 2847.15 2051.93 1519.87 2845.3 3661.61 859.784 1153.57 2630.23 180.686 1914.25 680.995 1125.51 727.407 2099.14 3549.53 2933.65 5820.04 1674.51 3974.5 1292.35 1123.83 1227.69 2502.21 1385.54 517.5 4165.85 3814.48 2939.37 483.87 3099.22 2503.44 1204.66 1217.69 1074.78 2096.46 927.705 1412.54 390.322 308.018 1999.52 1516.98 1373.06 2834.56 1835.14 3236.42 3316.6 2093.79 1184.37 3719.87 3660.22 1122.23 1088.34 2625.02 1195.46 740.766 994.307 548.743 2042.11 161.992 1978.42 1813.73 418.313 825.911 440.976 2606.77 2549.05 802.391 2583.71
internal_count=129039 84053 44986 23601 44829 18320 37168 29439 39224 21385 17656 29305 11700 13503 8901 7661 14522 10037 18942 9919 7729 6097 4817 6658 9674 8347 10363 14917 5281 3843 2828 5535 3466 10743 5763 4826 5522 4397 4833 3624 2938 2804 1621 1183 4174 3729 9444 4136 2473 2799 3544 2203 9498 2194 2887 3526 5956 3676 2280 2094 1832 3829 4848 968 1536 3353 185 2625 826 1389 779 2826 4760 2935 6223 1438 5565 1570 1402 1690 3267 2032 615 5521 4980 2663 613 4055 2887 1473 1569 1435 2835 1301 1784 409 318 2077 1645 1555 3379 2196 4333 3336 2425 1351 4798 4753 1589 1464 3275 1550 954 1184 630 2834 165 2739 2215 426 1161 516 3604 2254 819 2519
is_linear=0
shrinkage=0.05


Tree=13
num_leaves=127
num_cat=0
split_feature=29 38 1 38 1 0 1 1 25 25 6 33 38 29 33 33 23 1 37 1 2 37 11 1 33 23 39 25 11 11 42 29 25 11 29 32 6 38 1 1 32 0 33 32 33 38 1 1 13 33 6 15 1 37 0 39 16 11 1 12 32 35 29 18 24 29 23 24 1 29 38 25 11 1 11 37 33 24 15 39 12 24 24 33 32 32 25 6 1 23 24 24 38 33 9 22 32 1 25 0 33 21 33 25 23 1 15 1 1 4 33 8 15 32 11 11 23 15 33 1 28 1 1 0 23 23
split_gain=8.31628e+08 2.44749e+08 1.06832e+08 9.67241e+07 7.46178e+07 6.70245e+07 6.89074e+07 4.46905e+07 3.72503e+07 3.45449e+07 2.79333e+07 2.71361e+07 2.66534e+07 2.65752e+07 2.52187e+07 2.49094e+07 2.59124e+07 2.23565e+07 2.01849e+07 1.9797e+07 2.41081e+07 1.97019e+07 1.6453e+07 1.5731e+07 1.56558e+07 1.5323e+07 1.40694e+07 1.39931e+07 1.36802e+07 1.33327e+07 1.16875e+07 1.16018e+07 1.48097e+07 1.13175e+07 1.10402e+07 1.09408e+07 1.04128e+07 1.02792e+07 1.00976e+07 9.93486e+06 9.76117e+06 1.19476e+07 9.54435e+06 9.16388e+06 1.17874e+07 9.14274e+06 9.02663e+06 9.01506e+06 8.90664e+06 8.9009e+06 8.82912e+06 8.54192e+06 9.82288e+06 8.53067e+06 8.50741e+06 8.36571e+06 8.10481e+06 8.0689e+06 7.97113e+06 7.6266e+06 7.59262e+06 7.5138e+06 7.46463e+06 7.31448e+06 7.28219e+06 1.15748e+07 7.20868e+06 7.16546e+06 7.14949e+06 7.10655e+06 7.0601e+06 6.93536e+06 6.9112e+06 6.9047e+06 6.85789e+06 6.63961e+06 6.57736e+06 6.55345e+06 6.37074e+06 6.36043e+06 6.32844e+06 6.31798e+06 6.28138e+06 6.1864e+06 6.10579e+06 6.00845e+06 5.95737e+06 5.79408e+06 5.76507e+06 5.74566e+06 6.65614e+06 5.72114e+06 5.70864e+06 6.83595e+06 5.66533e+06 5.65821e+06 5.61182e+06 5.59237e+06 5.52785e+06 5.49952e+06 5.43716e+06 5.42667e+06 5.39992e+06 5.39594e+06 5.37284e+06 8.44378e+06 5.36299e+06 5.33318e+06 6.70176e+06 5.6426e+06 5.29137e+06 5.23822e+06 5.2361e+06 5.20311e+06 5.16309e+06 5.04075e+06 6.24178e+06 4.98392e+06 4.94241e+06 4.88532e+06 4.85803e+06 4.83573e+06 4.80171e+06 4.7685e+06 4.74502e+06 4.72977e+06
threshold=0.010092592592592594 0.012283950617283953 -5.4999999999999991 0.0078571428571428594 -4.4999999999999991 53.500000000000007 8.5000000000000018 -9.4999999999999982 0.11944444444444445 0.075000000000000011 0.030457637600494747 0.017465725761236842 0.028950617283950621 0.017253086419753091 0.033741053878459548 0.011880022406206467 0.024563687865497081 4.5000000000000009 0.48611111111111116 7.5000000000000009 1.0000000180025095e-35 0.16944444444444448 0.25824574121058358 -12.499999999999998 0.054765788788936773 0.028339002267573698 0.0039285714285714297 0.16944444444444448 0.20816666666666669 0.27228596646072378 1.5000000000000002 0.018968253968253971 0.49722222222222229 0.21631706333198872 0.021635802469135806 0.026800252264648553 0.23845060412224592 0.018968253968253971 -4.4999999999999991 -9.4999999999999982 0.02441195997534026 25.500000000000004 0.013778473743765488 0.017626363100501034 0.018023825678729059 0.0067283950617283957 14.500000000000002 -11.499999999999998 1.0000000180025095e-35 0.027080041193178282 0.03555625790139065 5.5000000000000009 4.5000000000000009 0.28055555555555561 57.500000000000007 0.0058333333333333345 3.5000000000000004 0.22926223241590218 5.5000000000000009 4.5000000000000009 0.02339462438146649 12.500000000000002 0.0052777777777777788 2.5000000000000004 0.034939310025389365 0.032314814814814817 0.032941122185308237 0.022596707787810401 9.5000000000000018 0.024523809523809528 0.0093518518518518542 0.10833333333333335 0.21225529632609283 10.500000000000002 0.30283094098883578 0.3305555555555556 0.018699153171019656 0.042368214293301197 5.5000000000000009 0.01451388888888889 1.0000000180025095e-35 0.015385754629404514 0.030595551824783889 0.042665045521900209 0.036582056194125169 0.021671220400728601 0.29166666666666669 0.12571839080459773 21.500000000000004 0.032418173987941439 0.025758989379100844 0.027213117664754278 0.037261904761904767 0.029624712620883665 5.5000000000000009 28.500000000000004 0.02357874134296899 -9.4999999999999982 0.097222222222222238 68.500000000000014 0.022106752339103062 25.500000000000004 0.018121402607195577 0.17500000000000002 0.042109979249198272 -18.499999999999996 4.5000000000000009 3.5000000000000004 -2.4999999999999996 1.0000000180025095e-35 0.011324058766866714 11.500000000000002 27.500000000000004 0.021915694233045836 0.30918462980318656 0.25410277105192364 0.01793150806308701 5.5000000000000009 0.01926245793067724 13.500000000000002 0.1138888888888889 -14.499999999999998 -21.499999999999996 57.500000000000007 0.034327940577940586 0.019217988480283565
decision_type=2 2 2 2 2 2 2 2 2 2 2 2 2 2 2 2 2 2 2 2 2 2 2 2 2 2 2 2 2 2 2 2 2 2 2 2 2 2 2 2 2 2 2 2 2 2 2 2 2 2 2 2 2 2 2 2 2 2 2 2 2 2 2 2 2 2 2 2 2 2 2 2 2 2 2 2 2 2 2 2 2 2 2 2 2 2 2 2 2 2 2 2 2 2 2 2 2 2 2 2 2 2 2 2 2 2 2 2 2 2 2 2 2 2 2 2 2 2 2 2 2 2 2 2 2 2
left_child=3 4 13 11 18 12 10 21 15 19 51 28 14 53 31 59 17 50 23 20 40 61 36 57 69 68 120 47 -1 30 54 58 64 -19 78 -16 43 42 -13 -30 41 79 -22 44 -12 -20 106 -15 -49 89 101 60 99 82 117 -29 72 -2 63 -6 76 122 -40 102 66 124 98 -65 -10 91 -25 -56 112 81 -43 -52 -7 -36 -24 -9 -47 -41 97 -39 -26 -69 110 119 -21 90 -18 -14 93 96 -50 -55 -74 -3 111 -53 -62 -17 -4 -71 105 -57 -28 108 -37 -110 -27 -33 -45 -77 -64 116 -108 -11 -73 -31 -8 -23 -5 -102 -66 -35
right_child=1 2 5 7 8 6 26 9 25 29 22 38 24 27 35 16 49 33 45 88 37 121 34 70 84 86 46 55 39 87 -32 32 -34 125 77 107 -38 83 62 73 -42 74 -44 56 -46 80 -48 48 94 -51 75 52 -54 95 71 104 -58 -59 -60 -61 100 -63 114 67 65 -67 -68 85 -70 103 -72 118 92 -75 -76 113 -78 -79 -80 -81 -82 -83 -84 -85 -86 -87 -88 -89 -90 -91 -92 -93 -94 -95 -96 -97 -98 -99 -100 -101 123 -103 -104 -105 -106 -107 115 -109 109 -111 -112 -113 -114 -115 -116 -117 -118 -119 -120 -121 -122 -123 -124 -125 -126 -127
leaf_value=8.5963738108989514 -1.2325483600389946 -7.9380762764037591 -4.2786658896161223 -9.4766429104830507 -6.8336662583574181 5.5955041384966462 8.6083517790891815 -2.4210785895125424 9.9036600970019713 5.8390095502061516 2.2446960937925984 6.4022612648715267 -10.838147001013645 -15.571919133694415 11.184900504223764 21.044509676469161 -7.2154464170930499 5.6335693957794302 -1.8380746309669644 -1.8880470107607552 2.4142303810629184 -9.7699701629589555 2.0619906957481029 3.9278056305751274 5.5665657124838219 -8.098553437847281 -1.0181978462360144 10.816154231381399 -1.018719468663756 4.1665354778755441 2.7533437952182767 -10.759959357240064 6.8329349515548543 0.22878166032473773 -10.329593056964647 -6.8324710725851041 -10.091307935642988 -2.6885762259149448 12.494746791622127 4.1783565289202587 -6.4361374865921874 2.9507222189848203 7.995810630301702 4.9771299570028811 20.290533054253281 -12.700378338277694 -10.756110632309086 -14.759672489766576 -12.400837070739403 1.3602621352972264 7.2252532250872257 -1.4103966269580068 -3.3853044957527403 -13.241121309475375 6.971671602522183 -16.668896015477245 -8.4801756276783831 -10.74048368595219 -8.0872455791483571 -1.3143859451280964 -4.8946724349739785 13.067869179586175 9.6647169101288171 -8.2423626146962086 5.505569218258767 -10.640350488352121 -14.477367227597899 4.8761000279363511 3.662633645478961 -15.115611701731105 -1.8914436578088711 7.9617584637784793 1.8916172417984827 -0.35347564534233489 -3.9857522886943246 2.977902916626368 19.40012942370447 -0.20829950420582488 -4.3138601708375521 -17.07056199965746 -6.9224783336447038 7.6572008339198732 1.6868486742812057 7.7454293706179005 -5.852739322382118 -5.1082393294906376 8.0275491097843918 -3.195946164861927 -13.699963627917388 -15.795235059000369 2.4898529469504802 -4.2177610154944221 -8.3733950844169449 3.8969717738404088 -6.6855389861834942 -7.5393870845364495 -5.1387013976179325 -1.466583636676541 -4.8905436054173208 6.3359016923981946 0.29431512595773118 8.0488815393932036 1.1337580559953755 -8.4208509689551843 -12.351596081744095 -4.1600377797140888 2.9420815493313306 -4.938558918174591 5.9848569541396719 -1.5679944919072022 2.3292485699581493 4.2182511753918552 -6.7012065026015222 -5.6645259844788827 2.7121044863854604 -10.035275934074331 -6.7026891615091166 -2.1543517056629411 12.583583058381009 -7.8869136590479698 -6.5588773794570603 -4.1920347351605463 1.8602098557656839 8.4273244814773989 -3.8575767001340489 -4.8932035385807575
leaf_weight=3185.2953122854233 376.61635255813599 1021.6754957139492 865.05911034345627 103.79815497994423 981.02889931201935 151.68537083268166 180.10668587684631 181.74375778436661 2159.6521939337254 1800.6942599713802 276.52806821465492 1996.4747909009457 1290.3622672259808 2354.1355487704277 183.77573519945145 84.288780480623245 677.82550489902496 660.03786525130272 573.85344487428665 1969.8630822002888 1061.3336785137653 617.35937052965164 621.12020480632782 1025.6648935079575 136.79307326674461 132.42711371183395 445.24143075942993 57.35037100315094 703.21901181340218 2035.437060803175 1441.4156573116779 1718.6945109367371 155.72898656129837 1034.9360064566135 868.6191665828228 252.97556212544441 220.11994525790215 549.78369665145874 2750.2618986964226 2778.7273177802563 511.2212547659874 2530.9017478525639 2751.4625855982304 1093.0579705238342 134.50603827834129 734.04335647821426 1678.5151147544384 1194.6757909953594 766.77626496553421 646.68836557865143 849.02573308348656 303.44024908542633 593.21047353744507 587.00735703110695 2474.4927864670753 162.73614758253098 246.57179540395737 547.5783439874649 1363.2919369637966 1729.0319664478302 123.4816689491272 139.94445258378983 5383.4362781643867 1156.3537622392178 205.49392083287239 561.6765418946743 726.23133307695389 226.59017950296402 582.69536447525024 1392.1543226242065 1059.752950668335 962.50874409079552 479.60876882076263 497.13575679063797 414.71960943937302 975.26075622439384 200.13129314780235 196.02572003006935 1061.1301104128361 125.09134304523468 1337.2839334905148 2460.9954793453217 340.95197397470474 191.55917984247208 811.40212747454643 449.80252194404602 441.82122045755386 359.42395904660225 109.01773253083229 133.31241661310196 238.93691065907478 436.79292300343513 222.57882753014565 727.90303063392639 997.8819237947464 1681.5781741440296 695.45255979895592 495.84917971491814 659.03380107879639 935.58542531728745 245.09251743555069 1710.4787063002586 986.20268762111664 383.99869212508202 596.43981486558914 788.96971029043198 207.12882456183434 736.93731066584587 505.04518195986748 484.52003952860832 1495.2695659101009 60.424139231443405 105.22057011723518 212.01242741942406 280.96204978227615 833.29917779564857 882.37047132849693 218.69110924005508 1449.5640308260918 87.685486406087875 74.687386095523834 1048.4140109717846 932.43926388025284 680.979313403368 396.19201862812042 798.43804177641869
leaf_count=4100 504 1168 1026 121 1131 217 205 247 2697 2354 350 2746 1137 1377 205 65 862 874 804 2775 1483 719 841 1450 193 142 580 63 1073 2817 2184 1519 211 1420 811 298 237 650 2788 4050 705 3659 3618 1505 115 654 1578 760 632 835 1043 361 708 500 3287 90 264 564 1516 2392 161 162 6325 1305 248 508 510 237 799 887 1450 1167 627 747 566 1338 178 258 1315 104 1711 3352 437 280 912 552 576 485 117 112 353 449 254 1000 1017 1808 826 663 700 1218 329 2150 1320 364 493 905 272 854 642 632 2089 45 124 275 393 852 1042 278 1592 121 93 1495 1323 870 429 1063
internal_value=1.20971e-08 -3.69232 -5.91721 5.2635 0.681781 -4.39695 -1.92743 3.12712 2.47108 3.91548 0.31414 7.8298 -6.61223 -10.1327 -5.35883 0.832016 2.23223 3.70421 -4.23641 1.85681 2.94757 -2.7611 -1.4724 -1.43583 -9.90491 6.12648 -7.23362 -12.0268 5.91611 5.89179 6.84853 -6.46504 -8.31598 0.0193404 -4.48147 -0.485123 0.494872 5.39466 9.59907 4.59043 -0.0134622 0.996054 6.44212 1.08015 8.14998 -7.42283 -7.95118 -13.2628 -11.4259 -3.25439 6.10247 4.1531 1.90565 -6.95723 7.70328 -7.93614 0.266247 -6.86593 -4.82087 -3.31234 7.09156 2.19324 10.3575 -3.61212 -8.86109 -5.47844 -10.1047 -5.85128 8.57756 -11.4475 0.970621 8.83142 0.915084 5.278 1.97412 3.849 13.4483 -8.46603 -1.95977 -8.39342 -8.97007 5.8123 -4.44569 0.00751706 -4.20531 -1.76351 2.87851 2.67486 -2.50747 -6.09632 -4.68594 -9.16387 -0.796789 0.089403 -9.16894 -9.01474 -2.26923 -5.82352 -8.80225 4.43882 4.96074 8.6592 -1.39536 -13.6682 -8.63082 -6.29898 -5.96299 -1.56857 0.430127 2.28676 1.48086 -10.2513 3.95166 1.43462 9.31986 -7.108 -4.86909 4.97336 10.7393 3.66873 4.16241 -6.2593 0.724616 6.27486 -0.65978 -2.00185
internal_weight=106978 62872.9 41675 44105.1 21198 30628.9 14483.4 24068.6 15543.2 21226.6 10182 20036.5 16145.5 11046 11694 10731.3 8021.24 6324.48 5654.79 10396.7 8317.82 2841.96 6948.44 3009.61 4451.5 4811.87 4301.35 6918.97 9625.37 10829.9 8347.37 9530.78 4483.48 2493.41 2746.9 2163.25 4201.55 4554.14 10411.1 6440.08 3763.68 3252.46 3812.8 3981.43 411.034 2645.18 4046.56 5313.47 2959.33 1696.76 3831.07 3233.61 1832.24 4127.06 6905.95 1605.5 3570.39 924.195 5047.3 2710.06 1401.37 1176.18 8414.66 3684.01 4327.75 1163.36 3164.38 1832.75 2742.35 3503.31 2085.42 4886.57 3323.82 5736.86 2945.62 2036.3 351.817 1064.64 1682.25 306.835 2071.33 5239.72 1858.48 741.343 948.195 676.393 2069.52 2482.55 2078.88 1050.07 916.762 1727.16 2125.54 1902.96 1764.66 2268.59 1175.06 1517.52 2438.15 1239.03 1049.55 1794.77 1851.26 1776.15 1548.15 951.706 2368.04 1979.48 1242.54 989.565 1627.7 1779.12 1198.28 1187.27 5664.4 1922.8 1089.5 2019.39 2412.07 2123.12 254.794 1665.77 1036.24 926.072 601.686 1833.37
internal_count=129039 71156 43803 57883 27353 33890 17191 32309 20216 28489 12569 25574 16699 9913 12757 13913 10390 8228 7137 14204 11312 3820 8527 3968 3942 6303 4622 5337 13322 14285 10862 10126 4170 3357 3225 2631 5302 6031 12252 9222 5281 4576 5101 5065 465 3169 4324 3786 2409 2162 4871 4042 2287 4576 8678 1551 4600 1068 5956 3523 1755 1606 9506 4440 3959 1185 2774 2094 3496 2837 2900 6046 4336 8149 4225 2656 395 1069 2156 351 2365 7402 2268 930 1105 789 2807 3423 2892 1327 1215 1586 2707 2453 1649 2308 1453 1831 2264 1579 1360 2215 2346 1251 1488 995 2746 2426 1572 1274 2231 1564 1629 1613 6718 2166 1314 2632 2759 2938 298 2214 1444 1199 677 2483
is_linear=0
shrinkage=0.05


Tree=14
num_leaves=127
num_cat=0
split_feature=29 36 36 44 33 34 11 36 11 36 29 29 6 33 44 29 30 6 24 5 0 33 11 11 24 29 33 46 11 29 24 36 34 23 24 0 24 6 23 24 39 6 30 0 11 23 20 33 14 23 24 30 31 30 5 23 24 14 36 46 9 24 24 14 5 23 23 30 21 24 29 14 33 23 4 15 31 6 16 21 39 4 33 5 6 34 36 23 23 15 33 15 30 5 14 29 24 31 17 6 15 6 21 18 28 22 24 8 30 36 29 24 23 23 21 23 24 6 5 24 30 24 16 36 36 39
split_gain=7.54863e+08 1.81694e+08 1.24111e+08 6.86798e+07 5.8882e+07 4.99729e+07 4.6493e+07 4.50615e+07 3.19061e+07 3.14008e+07 3.05458e+07 2.87808e+07 2.17052e+07 2.15147e+07 2.03297e+07 1.87387e+07 1.55088e+07 1.52956e+07 1.45225e+07 1.43254e+07 1.51892e+07 1.40895e+07 1.30829e+07 1.27966e+07 1.27511e+07 1.28548e+07 1.25176e+07 1.24474e+07 1.10943e+07 1.10821e+07 1.03159e+07 1.02314e+07 9.95584e+06 9.60237e+06 1.1518e+07 9.21593e+06 9.11694e+06 8.86756e+06 9.28351e+06 8.82353e+06 8.77838e+06 8.77059e+06 8.52507e+06 8.49375e+06 8.04186e+06 7.79263e+06 7.76374e+06 7.61079e+06 7.53825e+06 1.01966e+07 8.85046e+06 7.35388e+06 7.32274e+06 7.25582e+06 7.25023e+06 7.13074e+06 8.29094e+06 7.11024e+06 7.09736e+06 6.9964e+06 6.99252e+06 6.93454e+06 6.73444e+06 6.55527e+06 6.52971e+06 6.51351e+06 6.49023e+06 6.47113e+06 6.43002e+06 7.89047e+06 6.39304e+06 6.34137e+06 6.32906e+06 9.50341e+06 6.21011e+06 6.18736e+06 6.17943e+06 6.11426e+06 6.04054e+06 6.0278e+06 6.74109e+06 6.81922e+06 5.97967e+06 5.95794e+06 6.81852e+06 5.92609e+06 5.92503e+06 5.91344e+06 5.88516e+06 6.05914e+06 5.87177e+06 5.85208e+06 5.71161e+06 5.48914e+06 5.4759e+06 5.51243e+06 5.41512e+06 5.39182e+06 5.38535e+06 5.30812e+06 5.26613e+06 5.18243e+06 5.13618e+06 5.13433e+06 5.12504e+06 5.46253e+06 5.17438e+06 5.10741e+06 5.03971e+06 4.99641e+06 4.99295e+06 4.98955e+06 6.80064e+06 6.51319e+06 6.71684e+06 4.98822e+06 4.89582e+06 4.82585e+06 4.81972e+06 4.81077e+06 4.7992e+06 4.75677e+06 4.75293e+06 4.66783e+06 4.65582e+06 5.07352e+06
threshold=0.01404320987654321 0.010833333333333335 0.010833333333333335 1.0000000180025095e-35 0.015408789406865421 0.075000000000000011 0.27486263736263744 0.019598765432098767 0.26425937974409025 0.022500000000000003 0.042817460317460324 0.0081790123456790143 0.058055274688237284 0.016104693572047694 1.0000000180025095e-35 0.0088095238095238105 0.024523809523809528 0.11558704453441297 0.028100485470596456 0.14218328840970354 54.500000000000007 0.044738967016649166 0.2466642946095001 0.24626532887402455 0.049523602348239014 0.024523809523809528 0.032895308063324302 1.0000000180025095e-35 0.23317152103559874 0.0093518518518518542 0.038024890256997367 0.0064153439153439165 0.12500000000000003 0.024563687865497081 0.021911638125364761 43.500000000000007 0.033965783672553172 0.18441295546558709 0.021923262548262552 0.014326469825124317 0.024523809523809528 0.2573593073593074 0.0049691358024691367 56.500000000000007 0.23194202898550728 0.032941122185308237 1.0000000180025095e-35 0.032117942516442961 19.500000000000004 0.026449735449735452 0.021911638125364761 0.0099382716049382733 0.0017131074201893635 0.011388888888888891 0.028708791208791214 0.026956419078459155 0.025758989379100844 4.5000000000000009 0.014365079365079367 1.0000000180025095e-35 3.5000000000000004 0.050819716940055139 0.033663170070091508 10.500000000000002 0.17883795309168446 0.043902116402116408 0.019361507229154289 0.013263888888888889 39.500000000000007 0.037582606410581539 0.0089583333333333338 4.5000000000000009 0.026596403474195018 0.018916181099725409 5.5000000000000009 13.500000000000002 0.00017482517482517539 0.14833149981664837 4.5000000000000009 39.500000000000007 0.023981481481481482 6.5000000000000009 0.029429705223663918 0.1202409638554217 0.058055274688237284 0.14166666666666669 0.033611111111111112 0.037378017462763237 0.019067362817362821 7.5000000000000009 0.027238858780356204 17.500000000000004 0.039166666666666676 0.09699820788530468 4.5000000000000009 0.024523809523809528 0.015298385411720877 0.00095860566448801731 1.0000000180025095e-35 0.15569985569985573 6.5000000000000009 0.07185886402753873 41.500000000000007 2.5000000000000004 0.75277777777777788 34.500000000000007 0.016167243208806418 9.5000000000000018 0.025154320987654324 0.0064153439153439165 0.0067283950617283957 0.022716795605147874 0.02250235404896422 0.01689420060261548 29.500000000000004 0.021923262548262552 0.023818889617247589 0.16345083487940634 0.13079116179615113 0.031808928272008888 0.014365079365079367 0.011875483213818717 2.5000000000000004 0.040648148148148149 0.035092592592592599 0.0058333333333333345
decision_type=2 2 2 2 2 2 2 2 2 2 2 2 2 2 2 2 2 2 2 2 2 2 2 2 2 2 2 2 2 2 2 2 2 2 2 2 2 2 2 2 2 2 2 2 2 2 2 2 2 2 2 2 2 2 2 2 2 2 2 2 2 2 2 2 2 2 2 2 2 2 2 2 2 2 2 2 2 2 2 2 2 2 2 2 2 2 2 2 2 2 2 2 2 2 2 2 2 2 2 2 2 2 2 2 2 2 2 2 2 2 2 2 2 2 2 2 2 2 2 2 2 2 2 2 2 2
left_child=1 4 10 6 8 14 9 15 17 12 13 31 19 37 23 44 18 27 66 20 67 35 52 46 25 36 28 98 64 57 33 68 40 34 -14 108 55 38 39 -2 83 88 -29 71 79 -38 59 94 49 50 103 -24 111 63 -22 56 -8 60 -25 -3 -10 102 -51 -28 78 -26 104 -4 69 76 -34 121 73 96 -30 97 -6 -33 -17 80 116 -82 -46 84 -9 -69 -49 -32 -20 -90 -53 -36 -87 -40 95 119 -45 -44 -1 -31 -52 -78 -21 -37 105 -5 -107 -56 -11 -59 -19 113 -113 114 -13 -74 -7 122 -111 -18 -23 -15 -61 -50 125 -72
right_child=2 5 3 16 11 7 24 32 29 21 -12 22 30 43 -16 26 47 110 41 61 54 120 51 58 65 -27 53 42 74 99 87 77 70 -35 91 48 45 -39 93 -41 -42 -43 75 72 82 -47 -48 86 123 62 100 90 -54 -55 107 -57 -58 109 -60 117 -62 -63 -64 -65 -66 -67 -68 85 -70 -71 124 -73 115 -75 -76 -77 101 -79 -80 -81 81 -83 -84 -85 -86 92 -88 -89 89 -91 -92 -93 -94 -95 -96 -97 -98 -99 -100 -101 -102 -103 -104 -105 -106 106 -108 -109 -110 118 -112 112 -114 -115 -116 -117 -118 -119 -120 -121 -122 -123 -124 -125 -126 -127
leaf_value=-10.127783525631205 -5.4266737372815896 -3.026146185966847 17.480969568028993 -6.6329200282823866 11.931133901543943 7.4841980009226177 -7.6178981488297639 6.6096970461628333 -4.2977262708234072 -3.9797849861462433 8.907729476094465 15.10545279841655 -5.6488916190468359 -14.239643027813422 -6.752182281097328 4.6351832995831748 -10.301058718618616 3.5007209169915949 17.164275829613839 -5.9244602055768922 9.4217350655956622 4.8427865251792221 9.3747771847565478 -1.2582769735027819 1.7441681348266957 -11.678547453154358 23.571992708955662 12.645635689911202 -0.30772753129244895 -2.5519997422768235 5.2324921372648525 7.9096363551622977 2.8715653388369384 -8.3878707482539756 7.7680987124338579 3.4580808193877353 5.1504833187601315 -11.115976125586847 -3.7423989509900779 2.7099950785731894 -6.7035381681940924 -12.935565182985696 7.9777391197230845 -0.76851947999553383 2.5497989065233324 -6.0701045053578184 12.822798391648639 -5.381588654661182 -8.3961990232586263 -9.5893541728925289 12.661669532726563 0.83275985340095771 1.7234215347172706 4.6408773412196593 1.5722321662131851 -11.331639228030667 1.3683383895337646 2.6804330364212019 -5.9044952395072805 3.5392624046820025 5.233418960762009 7.9636093277797162 -4.0640577148614634 4.5804273600021119 -4.6638008767055501 -7.3370034716528254 -10.848366602045477 -2.9375002251629052 13.308889233917808 16.486837765885728 12.3119087751628 -6.8843753656492455 14.041875999708536 -0.94406061955438414 -7.2779244590726639 2.2669239981873788 8.8953907846703171 2.6741530377740621 -15.431531190974347 14.45974807305678 4.6608295565808033 -17.905271974675781 7.7992319779295816 -6.6739141407129914 -2.3704892057468605 10.06740594542331 -11.250445617950881 -4.1677694961206688 3.8455746199008405 -5.4145826346719659 5.1776780335597357 -3.5979677644952242 -1.9292348294233166 -10.96603703858128 -15.178832435183603 -13.20260105742917 12.252736773585541 4.4020874669914161 2.8722664916991043 -10.817408002427921 0.81056264819943746 4.4233503089419832 4.8361159076489386 -7.2989560349871256 -9.5318447106860269 -3.5359131464324776 10.732128764870559 8.7426311146281108 -12.05196474692284 -1.7754881590095466 -1.9352573520179357 13.433032995541518 7.0924902077741185 4.1597878949116334 6.8740571695558614 5.0734286908692514 14.904794468000436 -7.1832121355523215 -11.58964347737934 -2.2894134690650314 -2.8746167428748906 1.4338402777531694 -6.126034723830295 -18.363052469123826 -4.8997523841332997 -0.680190948402152
leaf_weight=82.67507728934288 507.40215450525284 970.73374557495117 45.355144321918488 630.5293153822422 1203.9920316040516 712.32497969269753 2717.4049046039581 353.77626204490662 226.39134132862091 232.25532922148705 957.68842831254005 317.33680948615074 1155.8723855614662 50.609886050224304 2385.5418408811092 2102.3951866924763 987.4773123562336 742.49424129724503 48.355060219764709 1204.191471517086 604.8727819621563 248.09921649098396 402.86396387219429 1698.9690853357315 468.01277828216553 2420.3910565674305 102.86572599411011 553.2115638256073 2786.2188092172146 1378.3307634890079 385.28890588879585 6290.1329102218151 1271.9238217175007 1591.3134604394436 304.06591629981995 141.77602866292 252.92641571164131 359.48758947849274 859.47007718682289 970.41589540243149 1415.3149446249008 150.3398026227951 3317.9596404135227 114.07408487796783 1787.0841931402683 398.58489885926247 132.44986921548843 772.55185782909393 411.7347951233387 1184.110412299633 128.48173674941063 2391.1005834639072 649.02964386343956 1429.3306493759155 1264.2711361050606 1198.3376533687115 283.45180010795593 455.9893593788147 1592.2355908751488 1701.6927765905857 1282.9729265868664 113.1136027276516 1032.2227736115456 81.386024832725525 225.73530960083008 341.56333503127098 2062.9592195749283 1645.0608734488487 1336.2091133892536 364.66032299399376 79.475723952054977 354.74281233549118 195.60640352964401 998.28774052858353 360.95638501644135 871.62535890936852 2571.5319030582905 611.91054111719131 38.183896511793137 334.18206548690796 747.038468927145 35.048855513334274 778.95009756088257 325.57967683672905 525.14917570352554 191.94769197702408 970.04964977502823 295.7026574909687 347.20467004179955 359.61481088399887 1152.3117735683918 180.45890185236931 205.36721977591515 378.93480083346367 1366.97858735919 1671.6016248762608 266.0860421359539 1545.3455631136894 2187.6074099838734 226.11165362596512 346.63548094034195 865.99652275443077 122.14244168996811 509.80506664514542 829.29435437917709 167.86415603756905 102.24830776453018 309.05203089118004 1154.5635322630405 543.61625248193741 979.89715382456779 677.0924363732338 1126.4749072194099 1776.4186053574085 1131.5273713469505 747.64240193367004 323.09109941124916 129.11526599526405 162.49317473173141 231.25559297204018 1071.3787023723125 1112.8967146873474 137.47067272663116 164.37002456188202 714.10086590051651 1378.5097414255142
leaf_count=100 628 1324 45 570 1254 881 2799 439 341 247 1269 294 1326 51 2716 2761 780 1122 43 1333 764 341 487 2402 607 2007 74 607 3674 1953 533 7956 1874 1726 382 167 304 316 1085 1310 1639 106 4457 157 2445 450 130 780 424 1169 143 3466 939 1988 1633 1078 342 676 1953 2384 1803 149 1160 125 313 361 1637 2020 1330 319 86 416 216 1343 469 1266 3057 875 37 380 1093 30 987 388 658 226 700 344 383 369 1568 221 273 372 837 1138 278 2206 3114 263 403 1209 179 563 783 169 123 396 933 827 1440 686 1548 2523 1470 965 323 188 210 239 1316 1458 198 101 977 1751
internal_value=1.65947e-08 3.43634 -5.13355 -6.40873 5.68329 0.281695 -4.94032 1.79477 3.19749 -3.39851 0.538783 7.26559 -1.57393 -0.620159 -2.81576 3.58931 -9.7474 4.70713 -7.59611 0.39307 1.84844 -6.04724 5.18476 -1.33988 -8.0396 -8.70235 1.97128 5.57232 0.837683 -0.432247 -4.44215 8.77765 -1.71058 -5.62068 -2.93628 -7.19706 -7.21729 -3.73625 -2.75956 -0.0836934 -4.03349 -1.90689 6.71807 1.87576 6.03367 -1.7141 0.981266 -11.432 -5.95749 -5.04718 -1.17424 2.9735 6.72165 5.84469 4.76936 -8.07112 -6.76909 1.54043 -3.50605 0.447614 3.80383 -3.92004 -7.01603 15.1832 3.4243 -2.08721 -8.95435 -1.19905 10.2274 9.40487 0.0564293 -1.0322 3.77739 1.61788 -1.10715 6.14628 8.84847 7.44548 4.27723 8.28803 7.15325 3.64954 4.14333 -0.896133 1.24413 -1.61388 -8.64859 1.15068 0.288697 -0.865798 2.24572 3.53486 3.86649 -5.95273 -12.5713 -11.3381 8.34547 6.84155 2.39885 -3.71683 4.01535 7.76878 -4.93352 -4.95836 -6.69572 -4.08427 1.86511 2.98073 -10.7001 -1.39934 0.408102 7.36672 9.47285 6.18898 8.67693 6.93326 9.79972 2.16083 -4.03397 -8.78084 -1.42353 0.752079 2.81682 -11.2399 -1.59205 0.0280168
internal_weight=106978 64082.1 42895.9 35022.5 37425.3 26656.8 24324.2 17908.6 14556.7 16243.5 7873.35 22868.6 9618.08 6915.66 8748.21 11844.8 10698.3 10280.8 4698.41 5705.37 4265.93 6625.43 9624.16 6362.67 8080.67 7271.1 7127.07 8558.42 5513.49 4275.91 3912.7 13244.4 6063.83 3231.71 1640.4 5305.96 4850.71 3075.71 2716.22 1477.82 2619.82 905.514 6288.14 3839.95 4717.72 651.511 3071.46 5999.91 3919.14 3343.03 1126.7 3946.28 5677.88 1613.58 2178.2 4199.19 3000.86 2671.46 3291.2 2939.01 1509.36 1439.45 2216.33 184.252 2366.31 809.576 3792.9 2087.73 6342.39 5006.18 3444.01 1518.25 2321.7 1378.45 3147.18 5734.93 4641.52 6902.04 2140.58 2151.69 1817.5 782.087 2566.03 1204.51 878.925 2042.38 1742.6 680.992 755.175 706.819 3543.41 484.525 397.315 1238.4 4257.31 2890.33 380.16 4863.31 2270.28 1604.44 475.117 3437.53 1326.33 651.581 1729.94 900.642 270.112 1573.32 1386.82 1162.1 1722.39 5028.85 1803.57 3225.28 1448.86 943.249 1035.42 1968.28 706.109 1218.73 1319.48 1163.51 1839.16 576.105 2172.09 1457.99
internal_count=129039 84053 44986 35122 49366 34687 26465 23392 20385 18517 9864 28981 11550 8595 11295 15580 8657 14312 4183 7018 5357 6967 12981 8579 7948 6980 9441 11750 7254 6073 4532 16000 7812 3655 1929 5310 4973 3711 3395 1938 3124 901 8536 4884 6139 754 4224 4474 4130 3605 1276 5521 7460 2187 2793 4219 3141 3857 4355 4094 2144 1661 2329 199 3111 968 3282 2564 7169 5839 4688 1925 2959 1778 4143 7929 5520 8831 2798 2707 2327 1123 3432 1485 1097 2519 1480 877 795 752 5034 603 499 1457 2994 2157 435 6663 3214 2216 546 4266 1512 730 1645 862 292 2029 1180 1713 2562 6521 2234 4287 1764 1181 1204 2770 1037 1019 1657 1509 2582 525 2814 1837
is_linear=0
shrinkage=0.05


Tree=15
num_leaves=127
num_cat=0
split_feature=27 36 36 34 12 36 11 11 12 11 42 34 25 16 25 23 25 23 27 42 11 2 2 5 34 34 32 24 25 37 25 27 36 36 37 27 34 23 24 24 23 25 27 23 23 3 23 2 27 11 24 25 23 31 3 24 11 9 15 23 24 23 5 8 24 11 5 25 11 15 27 23 40 7 25 44 32 24 23 34 32 34 32 24 23 13 11 15 11 15 2 36 27 5 36 34 32 37 31 34 34 12 43 24 36 11 11 23 31 23 32 36 25 34 27 23 24 31 11 15 8 27 28 34 15 13
split_gain=6.82058e+08 1.99805e+08 7.98488e+07 6.9973e+07 5.18712e+07 4.82252e+07 3.52686e+07 3.08635e+07 2.98434e+07 2.53788e+07 2.45938e+07 2.3529e+07 2.2837e+07 1.87042e+07 1.65708e+07 1.89696e+07 1.53955e+07 1.46759e+07 1.46013e+07 1.37163e+07 1.31675e+07 1.31298e+07 1.24953e+07 1.28685e+07 1.19526e+07 1.15209e+07 1.15377e+07 1.11762e+07 1.09125e+07 1.07551e+07 1.03086e+07 1.46738e+07 1.0162e+07 1.00968e+07 1.11117e+07 9.85985e+06 9.60099e+06 9.44467e+06 9.16354e+06 9.03101e+06 8.92899e+06 8.83968e+06 8.54377e+06 8.38493e+06 8.20596e+06 8.16774e+06 7.77675e+06 7.67698e+06 7.41333e+06 7.34956e+06 7.29891e+06 7.23416e+06 1.11185e+07 7.86867e+06 7.15982e+06 7.02686e+06 7.01089e+06 8.08496e+06 7.32962e+06 6.90091e+06 6.88328e+06 1.13533e+07 6.71974e+06 6.71259e+06 7.46202e+06 6.66413e+06 9.42642e+06 6.65322e+06 6.64334e+06 9.46281e+06 6.59257e+06 6.58086e+06 6.47234e+06 6.47016e+06 6.44443e+06 6.3606e+06 6.78056e+06 6.23039e+06 6.55069e+06 6.13233e+06 6.58426e+06 6.12547e+06 1.02548e+07 8.77222e+06 8.60432e+06 6.06198e+06 5.98196e+06 6.54921e+06 5.96086e+06 6.27338e+06 5.91561e+06 5.89235e+06 5.74438e+06 5.72472e+06 5.61091e+06 5.59002e+06 1.02953e+07 5.49335e+06 5.42997e+06 5.60594e+06 5.42672e+06 5.36394e+06 5.26576e+06 5.24403e+06 5.17766e+06 5.12926e+06 6.2354e+06 5.10551e+06 4.96103e+06 6.1006e+06 4.85213e+06 4.84508e+06 4.83227e+06 4.8069e+06 4.78193e+06 4.75444e+06 6.87472e+06 4.68066e+06 4.67884e+06 4.6942e+06 5.37501e+06 4.67072e+06 4.64347e+06 4.55409e+06 4.5223e+06 4.51028e+06
threshold=0.010092592592592594 0.016944444444444446 0.0078571428571428594 0.10277777777777779 1.0000000180025095e-35 0.0084876543209876556 0.27228596646072378 0.25872210953346864 1.0000000180025095e-35 0.23922333704942403 1.5000000000000002 0.091666666666666688 0.069444444444444461 3.5000000000000004 0.10277777777777779 0.022073073073073077 0.13055555555555556 0.025371752349364295 0.018425925925925932 1.5000000000000002 0.21073190789473686 -1.0000000180025095e-35 1.0000000180025095e-35 0.081238214959145211 0.058333333333333341 0.12500000000000003 0.033388888888888892 0.032054069890924866 0.28055555555555561 0.93611111111111123 0.19722222222222227 0.027500000000000004 0.01404320987654321 0.029537037037037039 0.19166666666666668 0.016388888888888894 0.10277777777777779 0.01689420060261548 0.015563093268409897 0.027552200406403299 0.038355521420037557 0.34166666666666673 0.016080246913580249 0.020252030307154851 0.025256470959595965 5.5000000000000009 0.037378017462763237 1.0000000180025095e-35 0.0064153439153439165 0.24456264775413714 0.020411923454544394 0.12500000000000003 0.02315416065416066 0.0017417725224742773 2.5000000000000004 0.016522762415609221 0.22476265133699158 3.5000000000000004 22.500000000000004 0.025019561815336468 0.042990766125970054 0.025821409644939061 0.077296489917849154 8.5000000000000018 0.031808928272008888 0.28642149929278643 0.12141687141687144 0.18611111111111114 0.21225529632609283 14.500000000000002 0.033055555555555567 0.02173345946565761 -0.00049937741912206123 12.500000000000002 0.14722222222222223 1.0000000180025095e-35 0.025020128824476653 0.021456899962174675 0.021923262548262552 0.086111111111111124 0.025808318399044208 0.063888888888888898 0.026438555413651203 0.024317690791465615 0.02111721611721612 5.5000000000000009 0.29280610987928063 17.500000000000004 0.21225529632609283 20.500000000000004 1.0000000180025095e-35 0.019920634920634925 0.014907407407407409 0.15821566110397947 0.018968253968253971 0.10277777777777779 0.024512397551613243 0.20833333333333334 0.0018290528118114319 0.1138888888888889 0.21388888888888893 11.500000000000002 1.0000000180025095e-35 0.023189856180766782 0.010455246913580249 0.28018691588785055 0.3603278688524591 0.01703911776945485 -0.0021145515263162307 0.036544084570400363 0.021748722087705143 0.0071825396825396836 0.052777777777777785 0.13055555555555556 0.057857142857142864 0.023057458143074586 0.0254595091118042 0.0044061542745753276 0.27151675485008825 4.5000000000000009 5.5000000000000009 0.020069444444444449 0.81944444444444453 0.12500000000000003 9.5000000000000018 16.500000000000004
decision_type=2 2 2 2 2 2 2 2 2 2 2 2 2 2 2 2 2 2 2 2 2 2 2 2 2 2 2 2 2 2 2 2 2 2 2 2 2 2 2 2 2 2 2 2 2 2 2 2 2 2 2 2 2 2 2 2 2 2 2 2 2 2 2 2 2 2 2 2 2 2 2 2 2 2 2 2 2 2 2 2 2 2 2 2 2 2 2 2 2 2 2 2 2 2 2 2 2 2 2 2 2 2 2 2 2 2 2 2 2 2 2 2 2 2 2 2 2 2 2 2 2 2 2 2 2 2
left_child=2 3 11 5 25 16 12 13 60 51 14 20 22 18 15 49 29 -16 56 24 -1 32 75 94 102 46 72 92 33 44 31 79 50 34 74 97 91 88 86 62 -29 42 65 -18 68 47 81 -36 -13 101 54 52 55 -53 -8 90 57 -6 -59 -41 61 77 85 64 70 66 -11 -28 -2 118 -37 -64 121 95 -20 76 -4 78 112 115 125 -3 83 -83 -85 -39 87 -22 -26 103 -10 105 -19 111 -24 -49 -97 -12 99 -25 -35 -5 -14 -90 -17 124 -107 -40 -45 -110 -74 -51 -7 -82 117 116 -9 -62 -70 120 -120 -27 -34 -21 -23 -81
right_child=1 4 6 10 7 8 21 30 9 41 35 48 19 -15 17 104 43 27 28 123 38 36 23 98 37 26 67 40 -30 -31 -32 -33 122 100 45 63 -38 39 107 59 -42 -43 -44 108 -46 -47 -48 73 -50 93 -52 53 -54 -55 -56 -57 -58 58 -60 -61 114 -63 71 -65 -66 -67 -68 -69 69 -71 -72 -73 110 -75 -76 -77 -78 -79 -80 80 113 82 -84 84 -86 -87 -88 -89 89 -91 -92 -93 -94 -95 -96 96 -98 -99 -100 -101 -102 -103 -104 -105 -106 106 -108 -109 109 -111 -112 -113 -114 -115 -116 -117 -118 -119 119 -121 -122 -123 -124 -125 -126 -127
leaf_value=8.0082246768461491 4.5587350501808173 -12.671220233204 1.5347633824293325 9.0461977882846014 -3.4379920286974319 -8.7453883966673835 -1.1384073566802451 -7.51864808240573 -4.6989718046935138 0.64271063849344712 5.6254600514629907 10.649719195164352 -3.8358522585676447 -10.31845078750924 10.804603617569633 1.0838986341560257 12.583339583324928 4.4645973513360806 -2.1397225661742794 -2.0428507492965395 4.4760089548203998 -1.6432387063960687 7.0999830884415793 -0.69987541518906726 12.386164322434047 -0.96969799437611059 -10.716192670215273 8.8863391010230615 2.7508539390836058 -8.676866145108443 -2.6240725245618806 -11.745852751511213 -5.1043137267437633 -9.1315377415021164 -6.7053449132386591 -5.969427071684188 5.0831054273042096 11.051307470856566 8.6127978213137446 11.026644206251031 -7.1286193034128704 4.8271318897876476 -6.8177234925346344 9.7139254858903641 -5.1882876179007216 -12.001603661917168 -14.926147092801731 -5.996603577825975 7.6119641190951342 10.615421227354405 3.4519169189209067 5.4347588261397215 -5.3877784716539736 -3.8875531679510957 -11.539343506957522 3.6302204639265678 -2.6401464303877313 4.3154635117153433 -5.0558549563325581 4.8303940657662148 10.273736283279696 -12.69633059980422 3.442024606500472 2.0477870497939605 -0.7530555733016624 -5.6986830049403174 -7.2421951416754062 -2.7737507298695561 2.9535134509134755 -7.5930633265801255 -20.931920140916532 -4.9415719718772406 11.484291123676178 14.303090740599707 5.839357179873133 -4.7719614311959972 -7.3607535185934614 -2.0726195091339998 -13.252203101768623 -0.65213643492302997 -8.7280246601683285 -8.470554751096909 -11.485827026063161 16.252154727293536 -3.230912787760162 4.5409266399346082 -1.0033646014895681 -3.9699044772095862 7.1825958320669203 -2.6965038195686732 1.463422702347372 -7.7595758234244556 -5.159684907794353 -6.5670182341347774 0.16641816532991149 23.175493498271692 -0.66538710809348645 0.19695556433210476 -12.529005666705826 6.3920139409787087 -2.4914825639477147 1.3429315104015709 3.6061776809630004 16.403145623754863 -5.8091413460370633 3.0001389345101739 -6.381301424250684 4.8747598407215991 3.4169581641560627 -9.6177432670401934 -1.4088604678891514 1.5477278861874668 -3.9379381687204873 -4.8518370300285261 -10.357025777697753 -11.602377766673628 11.714994596662091 -6.7608621981372439 5.3118267896776272 -4.6963321310777388 -4.1100313503999297 -10.856760541411234 -13.828568729546141 3.3737700272998192 -14.76409569426923 -13.072856539494717
leaf_weight=4065.6443656086922 1173.1152328848839 1494.8246497511864 2111.151466190815 984.02454829216003 646.06670641899109 1065.6718227863312 926.54570162296295 958.05755421519279 743.48021996021271 1531.1394034922123 738.52464154362679 4179.9620300829411 323.77631422877312 843.16704529523849 1458.7223827540874 445.1752063035965 349.48666203022003 261.81629008054733 650.35897636413574 641.29134237766266 2848.2394780218601 274.92536777257919 1950.4287327826023 1219.3931596279144 1044.8146640360355 188.00070971250534 1566.2182253599167 867.60809913277626 509.35977268218994 332.8370835185051 1117.2651596069336 1781.9302411675453 942.16102382540703 1534.4780763685703 1053.1886178255081 816.6818904876709 1336.3801110386848 450.19719144701958 1409.3561384379864 1125.8333782851696 96.738775581121445 245.87206986546516 2951.4826498329639 263.24842858314514 539.40161138772964 372.38380670547485 928.71383973956108 366.20118692517281 3865.8578792512417 181.71742442250252 718.5087029337883 1029.7880886793137 1015.2934242486954 290.13040229678154 201.43343061208725 1189.2584936320782 1962.7933168113232 1575.7804242968559 240.49509781599045 747.83811676502228 126.65949255228043 920.92542198300362 887.91725814342499 583.450269728899 835.88663354516029 1503.6910544037819 503.75759962201118 317.04629963636398 1532.3726362586021 350.86783877015114 80.912211239337921 317.88026502728462 83.632850706577301 69.956576466560364 414.23936972022057 708.74028238654137 238.41383862495422 661.38993948698044 416.74666586518288 829.01435074210167 1431.0752510428429 1324.4932487308979 1891.0559597909451 64.15785226225853 485.45370981097221 1737.5201511085033 821.67251721024513 249.64591312408447 1074.1361848413944 138.79432463645935 817.82037964463234 235.68162742257118 380.16549584269524 175.07532826066017 343.1126557290554 52.708748608827591 321.4293614923954 1263.0747267901897 78.783171057701111 361.19274470210075 384.88436192274094 293.35009559988976 894.02653983235359 180.05050128698349 702.05534186959267 1404.0340549051762 202.68810966610909 2596.1295738220215 753.93754115700722 101.89787793159485 572.43506303429604 778.13721945881844 1025.9267002642155 1813.2504566907883 71.617349952459335 889.69381508231163 48.827028334140778 59.161823391914368 390.0679415166378 534.99882033467293 247.3671570122242 327.59823414683342 181.97875553369522 982.65575680136681 86.281090080738068 80.155373185873032
leaf_count=5198 1571 1064 3171 1197 831 1100 1319 1053 996 2103 1084 4460 442 773 1663 614 406 324 754 957 4097 396 2586 1781 1081 222 1229 1059 678 373 1326 1375 1159 1362 1048 1027 1805 531 1804 1265 114 339 3259 346 704 321 534 403 4781 213 1038 1373 1281 374 240 1559 2527 2110 282 1009 161 726 1216 745 1124 1856 639 351 2114 437 49 413 79 71 526 934 328 731 321 1005 1404 1214 1389 55 462 2447 1213 369 1391 194 1123 259 402 223 450 40 426 1936 82 487 445 374 1203 162 824 1971 251 3652 1094 122 599 1004 1201 2057 65 730 56 70 560 711 349 241 164 1482 95 74
internal_value=1.17585e-08 -3.34384 4.76674 -0.719876 -6.37162 -2.30081 2.82565 -4.93679 -3.7685 -2.46578 2.56525 7.09844 3.99115 -3.16259 4.47907 2.15855 1.31163 7.17395 -2.5684 5.46139 5.69491 -0.317501 1.7795 3.63615 6.23064 -9.46781 -6.9554 3.87693 -4.23472 0.012908 -7.11706 -7.758 -2.76863 -4.91638 -3.23942 -0.370531 1.73939 6.95817 4.50814 5.76724 7.27979 -4.47878 -4.83133 5.82269 0.619486 -5.24131 -10.708 -3.89039 9.19014 4.67572 -0.486851 0.200377 -0.916043 3.38563 -2.9958 0.734576 -0.411043 1.36583 3.0746 8.55354 -7.31037 -7.80943 4.22884 -2.59113 -4.15248 -3.17451 -1.30927 -9.37909 1.36029 0.132369 -7.3182 1.23189 -3.05972 -0.231634 0.964968 -0.620235 0.632122 -6.38961 -7.5279 -6.58346 -5.50778 -9.96325 -8.88814 -6.26696 -0.956594 5.88066 2.78941 3.79539 9.53134 7.39007 -1.47107 -0.288407 -1.23466 1.7478 6.06273 -1.60506 2.69333 2.1999 0.282186 0.920751 -7.80003 7.27714 1.62757 8.50629 -3.13434 0.60635 1.81667 6.19001 3.71136 1.86501 0.234706 3.2644 -6.38734 -6.56163 0.619715 -8.93918 -6.58595 4.85026 1.13451 -1.24292 1.65552 -7.25168 -6.51662 1.23476 -4.77741 -1.74719
internal_weight=106978 62872.9 44105.1 33682.5 29190.4 22739.4 24068.6 19946.8 16169.8 11821.7 10943.1 20036.5 17557.9 10997.5 6624.59 3559.54 6569.6 3065.05 10154.3 10546.7 11990.7 6510.62 7011.22 3952.91 8922.78 9243.63 3054.93 1606.33 5729.19 5101.03 8949.27 7832 2970.63 5219.83 3300.47 4318.53 3539.99 7704.98 7925.04 5267.19 964.347 6735.94 6490.07 1468.57 4768.19 2235.87 6188.7 1863.48 8045.82 2412.3 1846.49 5085.77 3765.85 1319.92 1127.98 2750.56 4425.14 2462.34 1816.28 1873.67 4348.1 4090.66 3393.51 2316.93 1733.48 3538.59 2034.9 1883.26 4228.79 3055.67 897.594 1205.8 1171.67 810.296 1064.6 3058.31 2349.57 3169.74 2508.35 6050.07 4153.5 5259.99 3765.16 1874.1 549.612 2187.72 3919.56 3097.89 2437.8 1392.98 1561.3 2203.61 641.982 1134.93 2293.54 740.339 374.138 2001.6 1659.37 1580.59 1919.36 1277.37 1217.8 1254.19 1147.23 1967.93 1606.72 4005.49 1119.08 855.835 656.068 959.855 2091.6 3244.33 257.439 1896.58 1006.88 185.821 2704.81 1172.43 637.435 515.599 1124.14 1623.95 361.206 909.17
internal_count=129039 71156 57883 42040 29116 28064 32309 21677 19277 14902 13976 25574 23612 12597 8011 4449 8787 3562 11824 13793 16333 8697 9819 5386 11354 7439 2721 1899 6074 6819 9080 7754 3920 5396 3589 5965 4777 9709 11135 6881 1173 8196 7857 1968 6446 2309 4718 1988 9241 3011 2597 6706 4959 1747 1559 3678 5750 3223 2392 2274 4375 4079 4607 2945 2200 4598 2742 1580 5742 4171 1076 1629 1141 940 1280 4433 3499 3353 2622 6379 4540 4184 3120 1731 517 2978 5679 4466 2828 1747 2119 2972 726 1440 3036 869 466 3020 2350 2268 1807 1571 1645 1553 1438 2713 2222 5456 1562 1216 678 1217 2301 3461 296 1839 1109 231 3734 1620 909 463 1323 2439 491 1079
is_linear=0
shrinkage=0.05


Tree=16
num_leaves=127
num_cat=0
split_feature=27 36 1 36 1 1 1 30 27 31 24 34 33 42 1 30 34 1 37 5 30 24 30 5 1 30 36 33 34 6 13 1 1 11 36 13 36 34 6 30 2 36 34 27 5 27 1 24 11 1 11 23 33 31 6 36 31 11 11 23 36 16 23 6 1 14 30 37 6 5 46 40 5 1 24 34 36 5 6 23 5 30 1 24 28 1 24 11 28 14 23 39 14 24 30 9 33 11 11 21 33 33 11 1 21 11 1 39 31 24 1 2 33 21 36 39 2 1 31 1 28 36 40 9 6 5
split_gain=6.19005e+08 1.49097e+08 1.15089e+08 9.3522e+07 5.4455e+07 4.74104e+07 4.5076e+07 4.38736e+07 3.22499e+07 3.07144e+07 2.71075e+07 2.7045e+07 2.55091e+07 2.20042e+07 2.15456e+07 2.27365e+07 2.12402e+07 2.10506e+07 2.10927e+07 1.97439e+07 1.72368e+07 1.65046e+07 1.62468e+07 1.48462e+07 1.42789e+07 1.30656e+07 1.28659e+07 1.19932e+07 1.15985e+07 1.15291e+07 1.15153e+07 1.15138e+07 1.09949e+07 1.06041e+07 1.04547e+07 1.03789e+07 1.00177e+07 9.71272e+06 9.43214e+06 9.34745e+06 9.31761e+06 8.9657e+06 8.89081e+06 8.86933e+06 8.8674e+06 8.80477e+06 8.40853e+06 8.38919e+06 8.25007e+06 8.16449e+06 8.04506e+06 7.79106e+06 7.64993e+06 7.55257e+06 7.38852e+06 7.26839e+06 7.24048e+06 7.34441e+06 7.11903e+06 7.00799e+06 6.9517e+06 6.86245e+06 6.73344e+06 6.731e+06 6.56522e+06 6.52268e+06 6.49784e+06 6.48008e+06 6.43979e+06 7.65433e+06 6.24332e+06 6.18161e+06 6.43019e+06 6.14549e+06 6.04002e+06 5.99241e+06 5.94063e+06 5.86683e+06 6.54365e+06 5.85302e+06 6.13666e+06 5.7486e+06 5.74801e+06 5.72659e+06 5.70424e+06 5.70355e+06 5.63644e+06 5.57179e+06 5.56677e+06 5.55812e+06 5.7918e+06 5.54809e+06 5.53746e+06 7.49526e+06 5.48878e+06 5.47813e+06 5.46807e+06 5.38192e+06 5.09555e+06 5.06987e+06 5.03271e+06 5.01214e+06 5.00008e+06 4.95606e+06 4.95535e+06 4.90144e+06 5.03954e+06 5.79171e+06 4.89627e+06 7.18773e+06 4.77867e+06 4.77779e+06 4.7496e+06 4.7477e+06 4.73751e+06 4.71618e+06 4.69717e+06 4.69178e+06 4.60087e+06 4.59853e+06 4.59701e+06 4.56785e+06 4.49697e+06 4.49125e+06 4.47353e+06 4.43076e+06
threshold=0.01404320987654321 0.010833333333333335 -5.4999999999999991 0.019598765432098767 -4.4999999999999991 -7.4999999999999991 6.5000000000000009 0.017253086419753091 0.0061419753086419766 0.00060606060606060573 0.021794888810577222 0.13055555555555556 0.029624712620883665 1.5000000000000002 -11.499999999999998 0.01404320987654321 0.080555555555555561 7.5000000000000009 0.65833333333333344 0.11647286821705428 0.0049691358024691367 0.022596707787810401 0.0052777777777777788 0.098476102516739786 14.500000000000002 0.0061419753086419766 0.028950617283950621 0.013778473743765488 0.075000000000000011 0.062895569620253181 1.0000000180025095e-35 -15.499999999999998 13.500000000000002 0.23463088939279417 0.0045370370370370382 4.5000000000000009 0.0064153439153439165 0.20277777777777781 0.094987468671679218 0.003402777777777778 -1.0000000180025095e-35 0.018968253968253971 0.047222222222222228 0.0093518518518518542 0.13819628647214857 0.0061419753086419766 9.5000000000000018 0.020203265746204683 0.27435167615433276 17.500000000000004 0.25362623502207277 0.019846109175377474 0.023277039454655243 0.0017981619789183753 0.063966175668303329 0.0077083333333333335 0.0017131074201893635 0.25824574121058358 0.24583217560433457 0.019138858330277477 0.04123456790123458 3.5000000000000004 0.022254901960784317 0.15285947712418305 13.500000000000002 6.5000000000000009 0.016388888888888894 0.3083333333333334 0.12294197031039138 0.12141687141687144 1.0000000180025095e-35 0.003169105923228862 0.15821566110397947 6.5000000000000009 0.034620306691592821 0.17500000000000002 0.013734567901234571 0.06472559698366151 0.034286833855799378 0.021484204793028327 0.034286833855799378 0.014365079365079367 -11.499999999999998 0.045370084994457528 0.058333333333333341 8.5000000000000018 0.026890821299397103 0.22648879716981135 0.38055555555555559 19.500000000000004 0.015060103963612738 0.0071825396825396836 6.5000000000000009 0.011975532223622404 0.035092592592592599 5.5000000000000009 0.029823307160977464 0.2242184982275218 0.18530782438067209 41.500000000000007 0.023528542249514148 0.0146047145008754 0.27315608919382511 -11.499999999999998 37.500000000000007 0.2440442427680091 -15.499999999999998 0.012738095238095239 0.00089884879100565415 0.018240426071478365 -10.499999999999998 -1.0000000180025095e-35 0.017557422315141624 43.500000000000007 0.014365079365079367 0.0088095238095238105 1.0000000180025095e-35 4.5000000000000009 0.00052861941868733049 13.500000000000002 0.40277777777777785 0.015493827160493828 2.1073705284231641e-05 4.5000000000000009 0.031498015873015879 0.047847985347985351
decision_type=2 2 2 2 2 2 2 2 2 2 2 2 2 2 2 2 2 2 2 2 2 2 2 2 2 2 2 2 2 2 2 2 2 2 2 2 2 2 2 2 2 2 2 2 2 2 2 2 2 2 2 2 2 2 2 2 2 2 2 2 2 2 2 2 2 2 2 2 2 2 2 2 2 2 2 2 2 2 2 2 2 2 2 2 2 2 2 2 2 2 2 2 2 2 2 2 2 2 2 2 2 2 2 2 2 2 2 2 2 2 2 2 2 2 2 2 2 2 2 2 2 2 2 2 2 2
left_child=1 4 14 7 16 22 9 10 34 27 23 35 19 49 20 40 33 18 36 29 89 45 112 42 28 -19 51 -7 -8 56 -17 115 67 110 113 -5 81 60 79 -18 -16 91 -4 116 -27 104 53 68 61 -12 94 -13 73 83 -38 -31 57 -9 92 101 71 -33 120 -20 97 123 117 -15 69 -45 -35 72 -28 102 -59 84 -32 78 85 95 -81 -10 98 114 -26 -68 -82 -44 -76 -2 -91 -30 93 -47 -39 -23 -93 -53 -41 -58 -71 -25 -36 -72 -11 106 -22 -108 -56 -110 -1 -95 -3 -6 -14 -24 121 -37 -46 -89 -49 -29 -43 -21 -78 -40
right_child=2 5 3 11 8 6 24 12 17 21 13 26 46 32 15 30 39 25 63 65 105 38 31 59 75 44 37 43 41 55 76 48 -34 70 52 66 54 50 125 82 -42 122 87 47 118 58 -48 62 -50 -51 -52 64 -54 -55 108 -57 99 74 -60 -61 -62 -63 -64 -65 -66 -67 77 -69 -70 100 103 -73 -74 -75 88 -77 124 -79 -80 80 86 -83 -84 -85 -86 -87 -88 119 -90 90 -92 96 -94 111 -96 -97 -98 -99 -100 -101 -102 -103 -104 -105 -106 -107 107 -109 109 -111 -112 -113 -114 -115 -116 -117 -118 -119 -120 -121 -122 -123 -124 -125 -126 -127
leaf_value=-1.1483088862500399 10.48465068066648 -1.6194410505721988 -4.4816415536290677 -10.070234113127441 10.810292793443327 0.027784729250194751 -5.3531080768809254 2.9432899110609876 11.853433136660071 1.3517766101197159 9.8398083904981615 9.7378310886476402 5.6781549228597008 5.1779763142735593 0.85356846478830894 -11.464159547464932 13.093157915892991 7.9116025112330597 3.0399477885082948 -9.0695041500979325 -12.578447686261136 4.5569297746877409 -4.7608355360505126 -5.9842337143739428 0.58784407626199442 2.1005443874634877 -1.6940258775457471 8.4646366033079783 10.559908403519673 3.4391181545654912 -3.5966181959167196 -1.1460575718437218 -13.722411019360841 -6.2341438343178597 8.1147458740714811 1.8675562117240547 6.9608885875506274 3.5805220665587587 1.1308410205452724 10.139458436008463 -15.006061925924621 0.011081944520243388 9.2079013386962778 5.455922985461914 -1.6325856880410894 -3.5657777916758584 -6.4245313371200616 14.339252593946043 -7.2200080169680367 -0.97938309109824118 -6.1184672355969596 3.1598519699890373 9.832304204797552 -2.2694479290051421 4.8626977167709518 -5.7853142731792877 -5.1769504677636462 -3.6452620047677557 -4.0187076297962347 -10.174339056658608 -11.162105246213464 -12.378663953600711 4.473843675574118 -6.2332609453350303 -10.426415713707012 -11.372734857060237 1.12770410701499 -3.3795755297786436 -3.9137245854884881 -6.8913560147345665 -5.2017980947961711 -12.055848588783562 -10.14896437777063 3.2121482328154189 1.3057553187041324 2.998317192238988 -3.8455976071690432 -10.035166299485271 -7.7302903322077912 6.3364826271937984 -4.356973340642158 7.6525544363086144 4.9863544178099879 11.4669283852836 -10.400868500480252 -10.702935246764271 3.0066366122876627 3.1353762782662993 23.504017569505724 7.2904451044196126 -13.312199117457579 -0.44291797952152268 -8.4795232423956577 -0.6194444836528733 -4.6675235167117588 14.264448013176727 5.6674223125766652 -2.5068686579623138 -0.87856301482822863 4.8985781702650568 4.8012555247337056 1.4713538765389944 3.6122126073583676 0.5047228889101999 10.027607924719732 -13.47421986629471 -0.11011875608765975 -9.8294616458279283 -12.621396872375442 2.0730077463953349 3.8742233589350343 5.0646640277807666 8.9795016130418102 26.584171757058286 0.23772333948067931 -12.000700790659574 10.095633117819197 -5.8125480393079103 -9.4375717625860833 -12.436820748569371 3.6425179420181495 2.1679308857755264 -6.3934207047133853 -3.7495820718326698 -9.1102328179927063 -6.1789543010580203
leaf_weight=718.54482117295265 100.30164310336113 173.68109330534935 337.9461470246315 3692.23423615098 2642.0940290093422 1010.5131497383118 1293.3560198545456 1623.2821975946426 1210.1604582667351 683.06902205944061 1946.1981584131718 165.09257289767265 881.78906899690628 585.80897971987724 1011.8334722518921 1997.4761974811554 289.9375114440918 683.96921664476395 3416.5824852883816 649.70804634690285 890.14293941855431 321.36112478375435 325.66375756263733 449.03133967518806 136.2865392267704 2158.104873508215 875.5929399728775 682.99969556927681 188.48644319176674 235.36031284928322 1065.5126892626286 1981.6900560855865 127.0742439031601 811.08669465780258 3490.467732489109 360.93370231986046 4687.6914443969727 580.80549886822701 632.38489902019501 119.67081680893898 101.94046500325203 535.29978403449059 434.11925515532494 1207.5210474729538 757.87781843543053 730.04235437512398 279.64662033319473 395.9953106045723 1119.0841046869755 191.53380659222603 834.24908885359764 621.16386771202087 2394.7866283357143 576.30161815881729 1752.9350245296955 2304.4198567867279 1012.2176987528801 1006.3042147159576 2204.3526092469692 402.73652794957161 844.97200393676758 145.99193143844604 866.48539584875107 207.57479828596115 189.23692163825035 774.69255745410919 481.26976877450943 355.44427543878555 360.82126453518867 248.66881394386292 518.41226428747177 286.3700413107872 302.58915781974792 1159.9506238102913 103.64847525954247 117.29648366570473 505.03050643205643 1259.4117024242878 1205.2646199762821 1043.4734380245209 336.68742632865906 2490.0048084557056 2594.1491180062294 241.34265160560608 884.92990294098854 129.23083388805389 1139.0831359326839 647.97711965441704 38.820711821317673 57.616047531366348 83.619817972183228 1143.4024311602116 181.90046358108521 651.24513998627663 309.02172335982323 265.31427291035652 538.60796880722046 1287.4085984230042 852.24690249562263 142.42065900564194 146.09468150138855 452.67772048711777 748.89260116219521 1430.0371916294098 216.83136501908302 2861.4257735908031 216.21100118756294 526.56874418258667 99.793706983327866 501.08629134297371 1389.2095122337341 855.12538310885429 270.04212555289268 48.580224931240082 732.60058364272118 727.29713779687881 1393.033218562603 442.8459874689579 251.46332135796547 51.151266247034073 134.57548797130585 498.04885399341583 561.68484422564507 1018.9098592400551 2007.3153812587261 308.40262871980667
leaf_count=1107 128 230 405 2996 2854 1392 1729 2153 1303 979 2338 182 1162 838 1292 1496 285 863 4762 656 673 406 410 548 196 3148 973 869 213 323 1364 2828 128 1103 4292 429 6029 724 857 149 84 722 522 1608 1116 921 326 405 1301 258 911 822 2640 741 2427 2598 1135 1196 2863 418 684 133 1163 280 164 731 591 514 483 337 715 215 267 1667 144 169 578 1134 1131 1417 444 3143 3635 285 1013 108 1580 802 34 71 71 1549 229 898 326 297 742 1524 1302 199 189 535 1049 2247 293 1849 283 479 133 717 2028 1142 341 19 924 699 1642 472 353 52 180 713 706 1164 1836 399
internal_value=1.10222e-08 3.11178 -4.64869 -3.08823 5.14722 0.254092 1.23515 -0.66899 6.19867 2.53183 2.81033 -6.15913 -2.45984 5.94216 -8.94707 -7.12007 1.68765 4.92717 5.80722 -3.75216 -11.5276 0.694854 -4.27812 -0.807155 -2.73077 1.64459 -3.73786 5.06302 -1.40164 -2.30536 -8.42297 -5.21815 0.0826425 -0.50836 8.4079 -8.17276 6.92007 -5.43074 3.12064 4.45959 -0.598017 0.320585 2.63614 5.92045 0.291305 -1.08266 1.78637 4.22859 -3.74468 8.87044 -2.59101 -0.720313 7.48023 2.7305 5.8132 -4.93049 -0.607435 0.778242 -1.96353 -4.6906 -7.55062 -1.91679 7.19011 2.50882 -1.54334 -7.58127 -6.36663 1.9464 2.12101 3.47998 -2.54801 -5.46698 -3.86548 6.437 -2.28109 -7.70499 -6.72511 -7.41286 -5.59404 4.44918 3.40174 9.02648 3.75764 4.28324 -8.93437 -1.37661 1.32668 4.75873 7.35445 1.48429 -4.90751 2.42528 -0.0901808 0.592173 0.716117 8.94699 1.51372 -0.662578 0.47807 -3.93417 -2.56414 -2.24137 7.31936 -1.01358 3.44222 -12.2269 -10.0411 -7.00032 3.52756 -0.367428 2.16202 2.60727 4.83089 11.0951 3.20932 -9.76153 8.12897 -2.36383 -3.57709 1.99605 11.6261 5.80931 -3.26819 -5.82099 -8.05194 -1.26541
internal_weight=106978 64082.1 42895.9 31470.9 37425.3 26656.8 21913.4 17603.2 28702 16514 5981.7 13867.7 11621.5 3206.06 11425 6689.11 8723.29 18217.2 14365.8 8909.78 4735.89 9569.27 4743.45 2775.64 5399.35 3851.42 6296.5 6944.76 4260.84 6466.47 5575.33 4299.73 1068.33 4867.29 10484.8 7571.19 10741.7 4033.6 4046.71 3856 1113.77 2967.48 1471.19 5934.24 3167.45 5522.57 2711.68 3360.16 3246.77 2137.73 1724.08 2262.9 7794.1 2432.03 7041.51 2539.78 3926.69 2772.06 4622.67 1304.45 2309.52 2127.68 1397.06 3624.16 2097.81 2443.31 3878.96 941.253 1963.11 1602.28 2759.54 1464.55 1178.18 5399.31 1148.77 1138.51 3577.86 3075.18 1815.77 3105.92 2519.24 3700.17 3566.07 1855.73 1021.22 610.501 1475.77 1133.25 142.469 241.538 141.236 1870.5 2418.31 2236.41 889.827 586.675 1682.01 1908.57 971.918 1154.64 394.763 901.709 4239.36 1948.45 899.9 4494.35 1632.92 742.78 2353.82 600.88 2107.75 1506.37 443.723 2690.67 1614.39 1052.96 2574.08 803.78 1009.34 699.128 530.571 1181.05 1096.98 1668.62 2512.35 940.788
internal_count=129039 84053 44986 34782 49366 34687 28745 21129 36795 21706 7358 13653 13771 4076 10204 6650 12571 24274 18794 10333 3554 12725 5942 3282 7039 5480 6792 8981 5661 7782 5274 5371 1480 7200 12521 6861 13752 4100 5400 5371 1376 3932 1781 7589 4617 7325 3438 4365 4262 2596 1961 2692 9648 3112 9306 2921 4861 3527 6053 1501 2139 2961 1748 5042 2510 2551 3865 1352 2617 2134 4065 1455 1240 7008 1374 1378 3778 2964 1830 4144 3441 4446 5086 2371 1209 699 2024 1376 178 270 142 2504 3190 2961 1050 703 2291 2346 1451 1334 526 1083 5341 2962 1272 3284 1435 762 3277 850 3135 2040 571 2873 2086 1109 3224 901 1469 854 585 1582 1428 1820 2414 1256
is_linear=0
shrinkage=0.05


Tree=17
num_leaves=127
num_cat=0
split_feature=29 38 1 38 0 1 1 1 1 0 33 6 29 24 46 6 35 31 1 5 14 37 29 21 1 34 0 1 28 6 11 39 0 29 17 24 6 5 12 24 14 6 0 5 21 29 5 14 0 24 0 14 37 6 31 29 31 29 6 0 14 42 1 38 21 1 11 1 34 11 1 11 7 24 1 33 37 14 6 11 9 8 4 34 14 1 1 39 28 0 38 11 24 39 31 8 5 1 0 1 10 11 28 11 29 1 12 14 11 9 14 11 39 14 38 24 37 5 1 10 39 28 6 16 24 22
split_gain=5.62343e+08 1.65261e+08 8.33828e+07 6.63292e+07 5.94149e+07 5.79784e+07 5.35593e+07 4.47609e+07 3.51414e+07 2.98379e+07 2.8206e+07 2.71701e+07 2.03287e+07 1.87309e+07 1.72851e+07 1.61773e+07 1.59756e+07 1.58486e+07 1.73443e+07 1.57027e+07 1.55289e+07 1.51191e+07 1.49697e+07 1.48483e+07 1.30059e+07 1.25775e+07 1.25181e+07 1.23486e+07 1.16827e+07 1.1484e+07 1.13352e+07 1.12655e+07 1.11267e+07 1.09741e+07 1.06224e+07 1.03508e+07 9.42328e+06 9.36361e+06 9.31972e+06 9.07968e+06 1.14782e+07 8.97664e+06 8.912e+06 8.85937e+06 8.65002e+06 8.43121e+06 9.23464e+06 8.24878e+06 8.01931e+06 7.93828e+06 7.88741e+06 8.74226e+06 7.86522e+06 7.9617e+06 7.80099e+06 9.60299e+06 7.51765e+06 1.00438e+07 7.47191e+06 7.19812e+06 7.09453e+06 7.08445e+06 7.03132e+06 6.98802e+06 6.71743e+06 6.70007e+06 6.67833e+06 6.65314e+06 6.48484e+06 6.41542e+06 6.29919e+06 6.25378e+06 6.23754e+06 7.06547e+06 6.14394e+06 6.14094e+06 6.06724e+06 5.97041e+06 5.94103e+06 5.88974e+06 5.84708e+06 5.78897e+06 5.72829e+06 5.67416e+06 5.66694e+06 5.66637e+06 5.58396e+06 5.52734e+06 5.51534e+06 9.20817e+06 5.40386e+06 5.40064e+06 5.31862e+06 5.21158e+06 5.152e+06 5.11949e+06 5.1192e+06 5.06608e+06 5.03305e+06 4.99918e+06 4.95659e+06 4.9557e+06 4.93912e+06 4.93422e+06 4.8057e+06 4.77184e+06 4.68421e+06 5.01742e+06 4.58548e+06 4.57412e+06 4.56953e+06 4.5642e+06 4.53816e+06 5.39208e+06 4.51639e+06 4.47103e+06 4.37173e+06 4.76299e+06 4.34619e+06 4.33455e+06 4.32075e+06 4.37919e+06 4.30308e+06 4.28313e+06 4.29358e+06 4.2635e+06
threshold=0.010092592592592594 0.012283950617283953 -7.4999999999999991 0.0064153439153439165 53.500000000000007 -4.4999999999999991 8.5000000000000018 -6.4999999999999991 6.5000000000000009 38.500000000000007 0.011880022406206467 0.030457637600494747 0.018968253968253971 0.05239023772852059 1.0000000180025095e-35 0.028778467908902695 5.5000000000000009 0.00043589743589743602 4.5000000000000009 0.08842144452717797 6.5000000000000009 0.48611111111111116 0.017253086419753091 39.500000000000007 -14.499999999999998 0.10277777777777779 70.500000000000014 -12.499999999999998 0.20833333333333334 0.13536417773705914 0.22360681114551087 0.0039285714285714297 15.500000000000002 0.033919753086419757 3.5000000000000004 0.032822412829003181 0.10733486943164364 0.11558704453441297 1.0000000180025095e-35 0.026570346844205801 4.5000000000000009 0.025807525807525811 98.500000000000014 0.16575091575091577 31.500000000000004 0.050277777777777789 0.12141687141687144 7.5000000000000009 56.500000000000007 0.025315935491682064 68.500000000000014 6.5000000000000009 0.54722222222222239 0.21231060606060609 0.001143867490711107 0.0663888888888889 0.0017131074201893635 0.029537037037037039 0.087228260869565227 72.500000000000014 2.5000000000000004 1.5000000000000002 -1.4999999999999998 0.0067283950617283957 41.500000000000007 -13.499999999999998 0.30655913978494626 4.5000000000000009 0.1138888888888889 0.22926223241590218 21.500000000000004 0.23983471074380167 10.500000000000002 0.010095275494073424 -3.4999999999999996 0.03464559957078462 0.70277777777777783 4.5000000000000009 0.085236118318630011 0.24583217560433457 1.5000000000000002 3.5000000000000004 13.500000000000002 0.11944444444444445 3.5000000000000004 11.500000000000002 11.500000000000002 0.0065740740740740751 0.44722222222222224 43.500000000000007 0.0099382716049382733 0.16139050290522944 0.026570346844205801 0.02194444444444445 0.00041050903119868657 8.5000000000000018 0.18127053669222346 -1.4999999999999998 74.500000000000014 -12.499999999999998 8.5000000000000018 0.29561459667093476 0.086111111111111124 0.22816552250190694 0.017685185185185189 3.5000000000000004 1.0000000180025095e-35 4.5000000000000009 0.21960458240946049 4.5000000000000009 2.5000000000000004 0.268405600722674 0.018425925925925932 15.500000000000002 0.010833333333333335 0.038024890256997367 0.33611111111111119 0.12208672086720869 -27.499999999999996 10.500000000000002 0.018968253968253971 0.13055555555555556 0.055250305250305255 2.5000000000000004 0.010985204850775828 32.500000000000007
decision_type=2 2 2 2 2 2 2 2 2 2 2 2 2 2 2 2 2 2 2 2 2 2 2 2 2 2 2 2 2 2 2 2 2 2 2 2 2 2 2 2 2 2 2 2 2 2 2 2 2 2 2 2 2 2 2 2 2 2 2 2 2 2 2 2 2 2 2 2 2 2 2 2 2 2 2 2 2 2 2 2 2 2 2 2 2 2 2 2 2 2 2 2 2 2 2 2 2 2 2 2 2 2 2 2 2 2 2 2 2 2 2 2 2 2 2 2 2 2 2 2 2 2 2 2 2 2
left_child=3 5 22 23 12 21 11 16 9 32 45 20 34 33 70 37 24 18 41 29 98 27 68 25 59 36 -22 69 -16 50 82 -8 -9 39 38 43 76 61 81 88 64 -12 65 87 115 46 66 85 60 78 51 110 53 79 55 -15 77 -58 -44 -5 -17 108 -34 -23 74 -24 80 116 -3 -2 83 96 73 -50 -41 -40 91 -51 103 -26 -7 -4 93 125 94 -33 -30 -20 -14 -90 92 -1 111 -21 -32 -91 -49 -75 119 -70 -62 -31 -38 -19 -52 -99 -65 -108 -11 -101 -13 -29 113 -86 -89 -27 117 -28 -61 120 -6 -122 -45 124 -43 -10
right_child=1 2 4 7 6 10 31 8 14 15 17 19 13 54 28 48 -18 49 35 30 26 63 42 -25 52 44 67 90 86 101 84 47 62 -35 -36 -37 102 -39 75 40 -42 123 58 122 -46 -47 -48 71 72 56 104 -53 -54 -55 -56 -57 57 -59 -60 118 100 -63 -64 106 -66 -67 -68 -69 99 -71 -72 -73 -74 97 -76 -77 -78 -79 -80 -81 -82 -83 -84 -85 112 -87 -88 114 89 95 -92 -93 -94 -95 -96 -97 -98 105 -100 109 -102 -103 -104 -105 -106 -107 107 -109 -110 -111 -112 -113 -114 -115 -116 -117 -118 -119 -120 -121 121 -123 -124 -125 -126 -127
leaf_value=13.3109526963914 -1.1413404648361971 -8.1029329271426338 -0.82450396569001672 -10.946153381590813 14.269027659415315 -7.2381106131274038 3.974353807403725 -9.3033390336772914 -6.7779588845545549 11.301927460406553 10.681294955489211 6.1748098521118964 -12.734487339213015 6.6125968920089511 6.7203586407704279 5.4340821506937926 7.8975516042985978 3.3245849131532346 8.5343176203444084 5.2578914400844852 -5.8918697601818852 -1.6524431976859224 -14.065065964125374 10.856037622926536 3.9336428961225205 11.307966868631294 10.46091128748318 2.7414589733220276 2.0886499372093095 -2.0854801620840298 11.652101700321046 0.5487053449555056 -2.6728595188005233 -11.715240325608917 -6.5422120835209032 8.1705500226958314 8.4321470158543903 4.0905678587872636 -2.3020910776199757 -9.6027008034622092 -11.124811479552545 -3.8413137876532861 4.953731209172556 -1.9387176384248415 7.1338131118060266 6.5209491439550211 -7.3090000047082331 -3.156163770846776 -1.4842005652089387 8.5823741981840396 6.6932095861127117 -7.9440267343133328 -4.1149492429947641 -6.9220495966994298 -4.9906673491605904 -10.447124138371763 1.3996822546456915 -19.293682556777668 -8.0788209772490749 -20.22557563016149 1.9888313950147347 3.1365947071711417 2.8960411674874709 -11.096966973980551 4.7942073610306553 -10.169324583417936 -6.7823417554996217 -1.9039517458492896 -6.950931014030151 -9.6193015963462472 -15.431398279586515 -10.535441080086038 8.4963134952413721 3.3089274085839535 -2.9879848772522708 2.5049074428531584 3.3927629390338563 2.070803126215885 -4.8012370285189663 -0.73975550795479783 1.234297297652774 -7.1018360417431952 -13.337934702037481 2.5583742088267125 -1.9338642838363538 -6.3541414258197895 -3.0879191463575242 2.8407154701579258 -9.0285704460238545 -3.5102993274564884 -2.1987706829345539 6.5705475272252194 7.8033041208746994 -3.9646582679107087 -5.5945730148182271 11.223587475457755 -9.4726996944044171 7.5196347770902463 14.12591865869828 -9.8625551745137159 -4.0423987239504342 -10.032677349673691 -0.25084053005096379 -1.1787074135804436 1.5794786593328323 3.0106850655740063 -3.7417018090188687 -10.060006947455605 8.0646294502181259 1.9661182666914219 -0.38942011415453082 -6.0666635148151098 -9.1963729368787845 -11.669149539950793 -3.5589095649861884 20.850323388712148 -0.74638400696221763 1.1043174908823514 -2.3760332542900922 0.59876768340507758 -0.14895959613480977 8.1479021844558286 -11.240087733807059 -0.7903209982696191 6.6602867654063846 -1.3404030088627514
leaf_weight=319.87734180688858 376.61635255813599 2140.3929245769978 499.22741436958313 477.82429441809654 207.8851920068264 231.86009854078293 254.79407197237015 261.44278645515442 731.7756415605545 1937.9394077658653 1241.5833504796028 347.10924708843231 737.39184492826462 414.11298477649689 1146.0544039607048 1184.7139728665352 473.33688977360725 1042.4115061759949 312.03595060110092 467.97273045778275 497.89265128970146 573.85344487428665 1750.8841917514801 2423.1527716517448 1491.6985455155373 1084.1397918462753 483.32684379816055 627.99279633164406 1895.0834910273552 1251.9984065294266 80.559123635292053 516.7620789706707 764.19589719176292 1694.064297825098 2514.1648418009281 565.27769756317139 197.10219323635101 1309.2282714545727 2633.6047798097134 445.35068142414093 630.74988707900047 102.20223158597946 134.60605549812317 484.22451663017273 2179.3538475632668 273.19072189927101 790.22896400094032 759.85385251045227 416.23536735773087 810.12839496135712 938.50513389706612 321.26325449347496 1009.51596814394 287.89603069424629 658.67268490791321 103.00952658057213 942.95080506801605 62.525615185499191 601.14475592970848 35.709450244903564 1331.4122299849987 489.38684424757957 2194.4648114144802 734.04335647821426 219.98300710320473 2985.7133090794086 417.04953628778458 394.60776945948601 505.27917352318764 547.5783439874649 101.21735173463821 1514.8331404030323 1414.262702703476 2025.0322816669941 1657.8062639534473 888.55852711200714 1516.4850493967533 622.53348928689957 611.35828906297684 1230.1268045902252 1673.2109676003456 1389.5379564762115 64.490890711545944 411.30490076541901 611.07617434859276 700.0207753777504 718.45243793725967 1072.4403969347477 2506.5388040840626 337.00526711344719 880.48679247498512 4187.2921206355095 384.88529551029205 227.72255492210388 93.62831911444664 71.457505851984024 555.0851719379425 2552.5508557856083 249.84058088064194 99.097092747688293 457.7787983417511 232.60825705528259 968.63552841544151 1460.5223445296288 900.02695849537849 761.93218702077866 832.63935115933418 504.64458233118057 2511.3823561966419 466.31553223729134 1122.4249719679356 192.05295985937119 1058.2724449634552 185.38140460848808 371.08484724164009 138.4278784096241 190.84437596797943 189.27989980578423 758.1375934779644 260.0880845785141 205.20554322004318 706.92940318584442 167.30694532394409 247.24688056111336 2041.7942894697189 710.51481363177299
leaf_count=321 504 2212 608 519 228 252 298 290 988 2131 1366 441 544 536 1489 1551 608 1460 372 586 582 804 967 2731 2165 1080 610 905 2700 1500 101 695 1077 1204 2722 720 255 1745 3354 369 503 131 163 643 2606 359 956 951 642 1034 1251 364 1499 382 669 109 1335 44 546 29 1859 749 2952 654 308 2332 512 499 544 564 101 1362 1776 2794 1733 1220 2135 857 851 1834 2301 1393 53 571 739 757 1076 1472 2069 379 1199 5483 545 300 118 71 559 3167 288 99 675 221 1502 1980 1231 1078 1125 586 3162 621 1474 251 1081 189 489 80 269 249 1094 371 266 895 195 302 2585 987
internal_value=1.12472e-08 -3.03624 -4.86448 4.32824 -3.71708 0.558061 -1.47537 3.07372 3.9788 4.98416 2.13529 0.333623 -5.72549 -7.28836 0.528413 5.84856 -0.902956 3.25928 4.91444 -1.27195 4.08119 -3.77722 -9.22387 7.32519 -1.69027 6.51737 0.818809 -1.35342 2.51132 0.373997 -4.28985 -6.22308 0.583951 -8.12502 -3.85675 2.0819 5.33213 7.85 -2.60897 -7.20438 -5.14318 7.23202 -10.8141 0.652046 9.02219 -1.90099 -2.64024 -6.86517 4.61581 1.29029 1.88941 -0.472351 -0.295857 0.985136 -1.38205 3.21434 3.42698 0.112864 -5.69451 -6.09744 2.43292 8.84661 1.45764 -6.53495 -3.51913 -11.6094 -1.05144 3.47464 -6.51373 -6.16447 -3.28521 -8.34548 5.52121 4.79018 -4.38867 -1.0894 6.12846 5.75291 -0.382501 1.8215 0.203148 -5.44265 0.917581 -2.62196 -6.24095 -3.42253 0.665628 2.49997 -8.87137 -7.89414 0.778685 7.04892 2.95442 2.23907 2.38176 -0.932716 -5.82261 5.27929 7.59576 -3.3368 0.445693 -3.33065 1.21727 0.696805 4.18986 6.48312 -7.88763 -6.12601 9.47466 -0.107035 1.16107 0.678616 -7.05076 -4.19982 1.19557 12.3884 5.93273 7.82785 -3.17896 6.41361 7.76392 6.28133 -4.32722 5.44108 6.15969 -4.09926
internal_weight=106978 62872.9 41675 44105.1 32991.5 21198 15590.3 31090.6 25326.4 19612 15543.2 11288.9 17401.2 9476.14 5714.4 16391.9 5764.25 12157.6 6605.2 7903.04 3385.9 5654.79 8683.43 13014.5 5290.91 10591.3 1755.95 3009.61 3759.59 5113.94 2789.1 4301.35 3220.1 8300.35 7925.09 2972.37 7189.39 6247.94 5410.93 6606.28 2953.89 3632.83 5472.35 2407.09 3401.92 3385.54 3112.35 4046.56 10143.9 5552.43 3629.33 1790.8 4019.24 3009.72 1175.8 517.123 2438.14 1005.48 735.751 1271.67 2973.91 4938.71 2958.66 2645.18 2323.14 4736.6 2322.12 1258.06 3211.08 924.195 1954.81 2829.77 7170.01 5755.75 2103.16 3522.16 6023.65 1432.66 3114.29 2721.83 1905.07 1888.77 760.186 1853.6 2028.92 1216.78 2613.54 1755.56 3652.39 2915 2085.42 4507.17 1204.93 695.695 174.187 408.463 1314.94 5339.52 1629.95 1070.69 1789.19 1484.61 1165.74 2502.93 1838.53 3314.48 2071.33 1337.28 4449.32 565.413 1469.53 820.046 1854.73 796.458 1443.53 1222.57 863.451 672.607 793.847 1380.11 1120.02 912.135 651.531 2391.24 2144 1442.29
internal_count=129039 71156 43803 57883 36319 27353 18528 41690 33560 25648 20216 13906 17791 8494 7912 21329 8130 15836 8275 9649 4257 7137 7484 16193 7522 13462 2209 3968 5265 6482 3167 4622 4319 7180 9297 3891 9696 7787 6575 5976 2913 4384 4008 3171 3766 4380 4021 4324 13542 7561 4761 2279 5880 4381 1314 645 3270 1379 709 1642 4085 6042 4029 3169 2410 3299 3065 1627 3476 1068 2647 2872 9457 7681 2102 4574 7939 1891 4291 3999 2553 2001 939 2546 2228 1452 3776 2333 3063 2519 2900 5804 1701 886 219 450 1510 7039 2048 1264 2534 1721 1757 3440 2482 4245 2365 1711 5293 720 1915 1156 2009 928 1961 1160 1128 859 1123 1760 1389 1161 838 3018 2716 1975
is_linear=0
shrinkage=0.05


Tree=18
num_leaves=127
num_cat=0
split_feature=27 36 1 36 11 25 1 1 6 5 1 27 34 9 0 34 1 6 0 1 42 31 32 24 5 1 27 26 11 31 1 30 27 24 11 13 1 42 33 32 11 34 6 0 34 11 15 31 39 13 6 1 33 15 6 1 6 24 30 16 30 27 27 25 30 13 34 31 30 1 27 42 25 12 11 6 36 25 21 30 24 1 43 32 33 1 33 0 30 5 27 5 39 1 1 1 39 24 8 36 21 25 6 32 32 33 27 33 16 42 0 3 13 36 16 1 25 22 5 32 11 16 11 25 32 15
split_gain=5.09441e+08 1.24159e+08 9.43917e+07 7.82414e+07 4.92202e+07 4.50899e+07 3.53568e+07 2.94247e+07 2.73397e+07 2.57775e+07 2.47725e+07 2.3914e+07 2.33705e+07 2.28672e+07 2.14034e+07 1.9597e+07 1.91819e+07 1.80045e+07 2.10442e+07 1.42378e+07 1.41153e+07 1.44259e+07 1.39012e+07 1.23866e+07 1.17289e+07 1.1177e+07 1.06029e+07 1.05455e+07 1.05396e+07 1.03188e+07 1.02676e+07 9.81158e+06 9.75988e+06 9.21361e+06 9.17196e+06 8.83281e+06 8.80113e+06 9.3067e+06 1.23427e+07 1.02809e+07 8.71089e+06 8.55108e+06 8.42564e+06 8.42409e+06 8.21501e+06 8.09768e+06 9.49519e+06 7.92061e+06 7.68328e+06 7.57947e+06 7.52055e+06 7.88668e+06 9.26447e+06 7.51607e+06 7.47911e+06 7.27607e+06 7.14383e+06 7.13483e+06 7.08027e+06 7.04382e+06 6.78143e+06 6.25201e+06 6.15185e+06 6.1501e+06 6.09831e+06 5.96429e+06 5.82978e+06 5.76484e+06 5.72508e+06 6.00105e+06 5.72394e+06 5.66982e+06 6.36872e+06 5.65009e+06 7.06123e+06 5.57662e+06 7.14804e+06 5.46409e+06 5.41184e+06 5.28964e+06 5.54807e+06 5.17464e+06 5.13232e+06 5.0609e+06 5.05102e+06 5.02454e+06 5.02367e+06 4.97214e+06 4.94884e+06 6.95946e+06 4.939e+06 4.83922e+06 4.82469e+06 5.56971e+06 4.80489e+06 4.68511e+06 4.79791e+06 4.6821e+06 4.64315e+06 4.63473e+06 4.8522e+06 4.62713e+06 4.60555e+06 4.77012e+06 4.59039e+06 9.72695e+06 4.59103e+06 5.54088e+06 4.55759e+06 4.52872e+06 4.48811e+06 4.71502e+06 4.45445e+06 4.41407e+06 4.27711e+06 4.27187e+06 4.26252e+06 4.25151e+06 4.20749e+06 4.41479e+06 4.15777e+06 4.15479e+06 4.13597e+06 4.28082e+06 3.90391e+06 5.6883e+06
threshold=0.01404320987654321 0.0089583333333333338 -5.4999999999999991 0.019598765432098767 0.25652371227592469 0.15277777777777782 -6.4999999999999991 -7.4999999999999991 0.12294197031039138 0.15759905381431108 6.5000000000000009 0.0052777777777777788 0.13055555555555556 3.5000000000000004 58.500000000000007 0.069444444444444461 9.5000000000000018 0.15285947712418305 56.500000000000007 -13.499999999999998 1.5000000000000002 0.0038466358203200321 0.040293927648578816 0.021794888810577222 0.18441295546558709 7.5000000000000009 0.0071825396825396836 5.5000000000000009 0.21225529632609283 0.00076312576312576378 -4.4999999999999991 0.03070987654320988 0.029537037037037039 0.01589659371004996 0.26339712918660291 4.5000000000000009 12.500000000000002 1.5000000000000002 0.018978868356017479 0.025371752349364295 0.23887201162329946 0.047222222222222228 0.24165739710789771 24.500000000000004 0.21388888888888893 0.25872210953346864 27.500000000000004 0.00043589743589743602 0.003402777777777778 1.0000000180025095e-35 0.052357456140350887 5.5000000000000009 0.01783970090001738 16.500000000000004 0.033615819209039555 16.500000000000004 0.027149877149877152 0.014590888284379856 0.018425925925925932 3.5000000000000004 0.0064153439153439165 0.0094841269841269855 0.0089583333333333338 0.086111111111111124 0.0049691358024691367 5.5000000000000009 0.091666666666666688 0.0019341248003211591 0.025154320987654324 4.5000000000000009 0.0078571428571428594 1.5000000000000002 0.14166666666666669 5.5000000000000009 0.17664992826398854 0.094987468671679218 0.013263888888888889 0.097222222222222238 37.500000000000007 0.024523809523809528 0.024600216524192205 13.500000000000002 1.0000000180025095e-35 0.025020128824476653 0.026752734177934463 -10.499999999999998 0.015501464248361645 61.500000000000007 0.011388888888888891 0.16024691358024692 0.0045370370370370382 0.27326839826839833 0.011970899470899472 -16.499999999999996 -13.499999999999998 4.5000000000000009 0.003402777777777778 0.016699016591212378 9.5000000000000018 0.0093518518518518542 31.500000000000004 0.18611111111111114 0.028778467908902695 0.011642023628324999 0.01863085511982571 0.01270911175250765 0.028950617283950621 0.026290225084070775 1.5000000000000002 1.0000000180025095e-35 22.500000000000004 1.0000000180025095e-35 16.500000000000004 0.021635802469135806 2.5000000000000004 -2.4999999999999996 0.069444444444444461 31.500000000000004 0.061381475667189961 0.021571350762527235 0.32515060240963861 3.5000000000000004 0.22745750184774577 0.075000000000000011 0.022404420549581843 11.500000000000002
decision_type=2 2 2 2 2 2 2 2 2 2 2 2 2 2 2 2 2 2 2 2 2 2 2 2 2 2 2 2 2 2 2 2 2 2 2 2 2 2 2 2 2 2 2 2 2 2 2 2 2 2 2 2 2 2 2 2 2 2 2 2 2 2 2 2 2 2 2 2 2 2 2 2 2 2 2 2 2 2 2 2 2 2 2 2 2 2 2 2 2 2 2 2 2 2 2 2 2 2 2 2 2 2 2 2 2 2 2 2 2 2 2 2 2 2 2 2 2 2 2 2 2 2 2 2 2 2
left_child=1 6 17 5 8 9 27 94 13 14 23 77 35 62 32 25 26 18 99 64 21 66 24 29 45 43 116 41 -16 61 114 -25 50 121 71 -5 37 38 63 -40 67 82 -35 -13 109 46 59 53 -18 -50 51 52 110 88 -45 70 91 -42 -59 124 -55 86 112 -30 -20 -51 -7 95 69 101 -12 72 -21 -64 -75 -33 -77 78 -8 97 -81 84 -1 -47 -22 -43 -9 -86 -32 -90 -31 -49 -19 -94 -6 102 -97 -52 -95 100 -2 -37 -17 -104 105 -11 107 -106 -46 -24 -4 -112 -3 -58 122 117 -15 -44 119 -88 -56 -10 -28 -124 -14 -126
right_child=2 4 3 12 7 20 11 10 33 104 55 15 22 16 28 40 48 92 19 34 81 -23 44 31 -26 -27 30 -29 36 90 47 75 -34 42 -36 68 -38 -39 39 -41 57 85 115 54 108 83 -48 56 49 65 79 -53 -54 60 120 -57 113 58 -60 -61 -62 -63 73 -65 -66 -67 -68 -69 -70 -71 -72 -73 -74 74 -76 76 -78 -79 -80 80 -82 -83 -84 -85 87 -87 118 -89 89 -91 -92 -93 93 98 -96 96 -98 -99 -100 -101 -102 -103 103 -105 106 -107 -108 -109 -110 -111 111 -113 -114 -115 -116 -117 -118 -119 -120 -121 -122 -123 123 -125 125 -127
leaf_value=-8.2885897964971882 -12.53324946654592 2.379768534050112 -7.4806736579291773 -9.2352011293486154 -9.6737529350695191 5.2631486677493395 6.4443594577239258 -0.33451371895116105 -3.6964897706461253 -9.4231569064981446 0.32831071835312226 -2.5237641283255576 13.518784840594106 4.848229392523324 6.0382353594702405 10.812898121347235 8.8523055032777656 -7.7402164723551312 2.8343253092342344 1.0781106003570471 -1.8710867785532412 -8.5788482086245015 -14.355973834012154 6.8407432610939756 -7.4143815429421274 -1.0856950631905504 3.7433281243782108 10.52849373258581 -4.1379999732379771 5.784746024033022 11.400850732293263 2.8042614628986855 -9.4031575698493572 1.9177933567823862 -5.7210267184714958 -2.3272852849872736 -6.9774885945142557 -3.0851094965502903 10.235551894523603 -1.6421276205989095 1.3422739066874727 -0.19165584825855089 -15.174735387445345 6.335233264480614 -0.35173294635512842 6.7091861676938551 -11.446615788606984 6.0077982701174824 -7.5277484972928068 9.3386245423118375 -4.8133732623445553 -4.8515993542189282 3.5113445928453495 8.8568480945166783 3.2398161848882037 -10.788486678893534 2.233311435321149 8.8377652998142278 4.3057384758994282 -7.725764547846369 -2.2240212729242956 -1.0327549924640047 -5.803075594085338 3.3051211412334336 -9.985408651005244 -1.0609949890866932 10.414240642322222 1.983554007227764 -7.5044970588621247 -6.7248552445550587 -4.8454280536868231 -2.3036842767821812 11.847894886781786 4.3273635766442613 -3.7474046166272985 5.2652781680805951 -8.2542673382586464 10.667333249126944 10.523093676550049 -8.9381226178655933 -2.7524806685761121 -9.9758269363848839 -0.69416254737272876 -4.2812125058449997 -0.48105916775892998 3.5317320559163274 12.213379211338065 6.5197345495166603 7.8207629677008725 -1.333989384710212 -3.734213940612511 -9.263118734192231 -15.54524861885541 -11.162258576452782 -4.974019148120373 12.562156556208272 4.9296535692284378 2.9110131583861572 -1.55460414061576 -9.6745507682135603 0.48332701013543222 7.6619026475518481 19.320242584313814 6.9835703876158108 -9.6974446529302387 0.091649578173848473 -15.307964835770381 -2.9463266735631439 -6.826222595324376 -7.2888873079856884 3.4268126313086897 -3.649339723647067 -13.740025759458957 -4.3263717276480085 -5.9103565931277648 1.8444021710649565 8.839465285508961 -2.8735884527255759 2.1396365744504666 3.3129959012031289 -4.038742556076687 -12.10578894866299 -6.454513116334998 1.4930111149894048 5.0484363068814817 -2.2891065151246837
leaf_weight=355.51553943753242 103.56261321902275 1390.6039054989815 327.39956274628639 3692.23423615098 816.75559139251709 1342.1321440041065 3014.6987557113171 553.90659001469612 1321.8339305818081 474.13968634605408 740.57616671919823 464.34837827086449 100.00501188635826 1033.129685908556 1074.4205683767796 1805.7632610797882 192.32624489068985 940.77959340810776 102.83386752009392 549.71277758479118 748.28182676434517 151.19367790222168 280.46018928289413 1285.8553870916367 664.55213877558708 1340.0910394489765 967.2226814031601 289.42863753437996 570.75096669793129 145.97088485956192 744.71146231889725 1150.2976381182671 515.92394462227821 1805.4398998916149 922.94684517383575 737.91957595944405 365.64828729629517 872.38444608449936 717.27465143799782 244.21228188276291 1156.1021094620228 1701.8039370775223 150.7307787835598 2781.6654363274574 673.01290816068649 115.7420337498188 121.97524809837341 1766.7435862123966 418.73201900720596 157.45037731528282 415.58532366156578 889.99261683225632 1337.9511684477329 215.48142996430397 2710.1618112027645 381.64020255208015 1578.5652584433556 1293.2815965414047 2583.0528586804867 140.52974957227707 384.36509037017822 1408.8655516505241 756.26920339465141 540.21371373534203 947.57952362298965 1108.5192950069904 929.81544142961502 429.90783670544624 2191.0930355489254 812.40803909301758 1922.0766222774982 809.39362671971321 182.95790421962738 484.25723361968994 614.06364011764526 145.80322757363319 296.7721836566925 2120.431222319603 1113.7123936712742 832.08116739988327 642.34838736057281 108.73951250314713 594.44207057356834 1102.6174984872341 443.73471736907959 1937.7526195645332 330.0294471681118 591.97493061423302 1449.0494887530804 242.31226679682732 2050.4949263632298 53.447617411613464 758.81168618798256 2078.4575616419315 1627.6174558401108 235.85446494817734 1621.2645964920521 371.59044060111046 133.85138529539108 3662.1638278663158 231.94346621632576 137.53596425056458 81.276212930679321 2180.9833161830902 822.57675004005432 619.64296382665634 201.74324113130569 482.02414932847023 455.95641085505486 1182.4236662387848 402.70565849542618 566.68174588680267 44.219106495380402 306.20216691493988 214.49226015806198 119.25183480978012 1897.6932657063007 131.53910824656487 489.71745747327805 241.11695379018784 211.518091827631 165.24431529641151 255.78210115432739 501.90999934077263 1112.8984496593475 346.32911002635956
leaf_count=471 103 1993 310 2996 799 1747 3804 798 1832 495 1043 615 121 1461 1441 1867 222 865 136 731 1002 154 164 1642 647 2022 1382 319 706 181 796 1569 451 2475 980 838 407 1144 846 292 1628 2503 133 3708 825 147 117 2368 533 184 480 1031 1740 260 3982 385 2175 1506 3480 129 563 1948 886 681 774 1614 1065 607 2019 827 2492 1010 246 671 819 209 361 2151 1211 846 763 115 971 1203 609 2929 394 846 1792 332 2699 70 365 1555 2101 214 2210 467 144 2981 314 181 55 2673 813 737 128 575 445 1152 527 711 51 425 276 160 2293 180 679 337 298 166 358 722 1413 429
internal_value=8.4124e-09 2.82299 -4.21726 -2.80406 0.756652 -0.591272 5.1671 -1.57644 2.30518 -2.03349 -0.486662 5.92293 -5.61291 3.16257 -0.947217 5.03618 4.07415 -8.11 -6.67776 -3.85586 3.84888 6.37606 -3.36212 0.958722 -1.39705 3.05307 4.83227 1.27186 1.73533 -0.493376 3.95431 3.59186 -2.81365 -1.58889 -1.77868 -7.48475 0.338824 1.24726 3.07094 7.21869 6.34365 0.688112 0.460869 3.95233 -6.17088 -0.0816913 2.02864 4.8767 -0.615517 -1.69637 -2.22611 -0.782206 0.592401 6.77008 4.47959 -4.33186 3.32523 4.78962 5.81778 2.99563 1.75653 1.40133 -0.57534 -0.518735 -8.73038 0.23242 7.37128 7.57425 -5.81856 -3.62997 -3.40643 0.580864 3.76747 -2.47725 -0.187184 0.969188 -3.80035 8.60429 7.54467 -4.47645 -6.24329 0.6135 -3.53633 -3.23714 1.25895 1.79073 3.52503 3.52035 8.00459 6.50921 -3.10161 5.55939 -10.8607 -11.8488 -6.54437 7.97989 5.89898 -1.16704 -10.581 -9.15925 -3.53458 -0.757962 8.92986 7.42679 -6.49833 -4.03289 -8.28853 -7.20304 -2.96658 -8.64377 -2.4192 -0.709744 1.88298 1.16762 0.748329 -6.09018 7.43253 -9.44234 5.54021 8.45597 2.71288 -4.63093 1.57633 -1.18992 3.96192 3.30696
internal_weight=106978 64082.1 42895.9 31470.9 34059.1 17603.2 30023.1 13587.5 20471.6 13287.3 11143.1 25144.1 13867.7 16777.5 10687.2 18895.3 13488.1 11425 7513.09 3515.42 4315.87 2423.14 6296.5 8098.83 3704.65 7507.78 11611.1 4878.94 4384.9 5220.1 8680.29 2878.73 6302.26 3694.04 2465.01 7571.19 3310.48 2944.84 2072.45 961.487 11387.5 4589.51 2206.96 6167.69 2591.85 3040.1 1821.74 6740.88 1877.03 1684.7 5786.34 3524.73 2634.74 3035.92 5703.35 3044.29 3704.96 5032.44 3876.33 1699.76 599.847 3023.64 3289.41 1110.96 1050.41 1265.97 2271.95 6355.05 3878.96 1687.86 2662.65 1542.06 732.671 1854.59 1098.32 1592.87 442.575 6248.84 4128.41 2261.61 1474.43 1892.73 949.958 1218.36 1783.99 3639.56 1614.77 1035.71 2436.07 1691.36 2196.47 1820.19 3911.9 2971.12 2444.37 5925.14 1857.12 787.176 2212.31 3997.67 335.506 875.456 4068.02 2262.26 2600.13 1093.78 1506.34 1304.6 1128.97 1462.88 1296.79 969.387 1434.82 1884.77 1939.41 401.522 2930.82 282.27 1060.86 571.146 2921.68 1487.08 1724.91 757.692 1559.23 1459.23
internal_count=129039 84053 44986 34782 44829 21129 39224 17637 27192 15591 14737 32031 13653 22246 12843 24865 17826 10204 7275 3877 5538 2966 6792 10817 4206 10625 15273 7193 5517 7036 11519 3781 7326 4946 2967 6861 4076 3669 2525 1138 14240 6874 2948 8603 2586 3559 2209 8781 2553 2331 6875 4319 3288 3743 7988 3920 5038 6614 4986 2092 823 4156 4420 1387 910 1798 2812 7626 3865 1846 3535 1987 977 2376 1490 2139 570 7166 5015 2556 1609 2572 1442 1350 2457 5432 2208 1455 2920 2124 2880 2438 2929 2064 2900 7019 2424 947 1699 3398 417 1019 4595 2728 2748 1232 1516 1388 1270 1316 1548 1238 2044 2600 2738 473 3754 313 1410 731 4280 1998 2462 1080 1963 1842
is_linear=0
shrinkage=0.05


Tree=19
num_leaves=127
num_cat=0
split_feature=29 38 1 38 1 5 1 31 1 39 1 2 28 12 11 30 12 15 46 33 39 24 23 23 24 21 5 1 2 5 14 30 33 14 33 28 23 33 16 30 39 1 28 9 1 11 33 46 31 31 24 9 38 1 30 24 39 11 38 11 29 38 30 29 24 33 32 11 11 42 33 24 5 33 38 33 24 38 37 33 1 1 24 32 31 33 1 1 24 38 42 11 4 11 23 1 24 2 33 24 38 29 11 12 23 11 32 30 29 14 38 1 28 23 32 11 5 33 23 1 33 9 42 24 23 28
split_gain=4.62587e+08 1.36848e+08 8.04759e+07 5.5737e+07 3.89632e+07 3.68766e+07 3.66894e+07 3.28513e+07 3.27512e+07 3.25341e+07 2.95463e+07 2.07241e+07 1.7523e+07 1.70664e+07 1.68576e+07 1.64659e+07 1.60241e+07 1.51282e+07 1.473e+07 1.4555e+07 1.40599e+07 1.36342e+07 1.42757e+07 1.33158e+07 2.03813e+07 1.31281e+07 1.27812e+07 1.27496e+07 1.26718e+07 1.5265e+07 1.18682e+07 1.12588e+07 1.02655e+07 1.01103e+07 1.00437e+07 1.00035e+07 9.9975e+06 9.99132e+06 9.80548e+06 9.60762e+06 9.33175e+06 9.69641e+06 9.25847e+06 9.02956e+06 8.99649e+06 8.6446e+06 8.55466e+06 8.42126e+06 8.37952e+06 8.12604e+06 8.12158e+06 8.11314e+06 7.81571e+06 7.81455e+06 7.53245e+06 7.38064e+06 7.2466e+06 7.23826e+06 7.17751e+06 7.04246e+06 7.02403e+06 6.86259e+06 6.85317e+06 6.76944e+06 7.35461e+06 6.51023e+06 1.64632e+07 6.49816e+06 6.49491e+06 6.41991e+06 6.05681e+06 6.01189e+06 5.98376e+06 5.79762e+06 5.76062e+06 5.74883e+06 5.58307e+06 5.57366e+06 6.52655e+06 5.50565e+06 5.46693e+06 5.43431e+06 5.83892e+06 5.43198e+06 6.15155e+06 5.4139e+06 5.3928e+06 5.39262e+06 5.38477e+06 5.3441e+06 5.33555e+06 5.31468e+06 5.25929e+06 5.24452e+06 5.28372e+06 5.2231e+06 5.21775e+06 5.1822e+06 5.52077e+06 5.12917e+06 5.04979e+06 5.02356e+06 4.9548e+06 4.9497e+06 4.91501e+06 4.86138e+06 5.0861e+06 4.84975e+06 4.83858e+06 4.83313e+06 4.91969e+06 4.80469e+06 4.77509e+06 4.71139e+06 4.69652e+06 4.68842e+06 4.64651e+06 4.63578e+06 4.6307e+06 4.62746e+06 4.61396e+06 4.66164e+06 4.61871e+06 4.58828e+06 5.2216e+06 4.49775e+06
threshold=0.010092592592592594 0.017253086419753091 -4.4999999999999991 0.0064153439153439165 -4.4999999999999991 0.10923295454545455 -6.4999999999999991 0.00043589743589743602 8.5000000000000018 0.016388888888888894 6.5000000000000009 -1.0000000180025095e-35 0.45833333333333343 1.0000000180025095e-35 0.27435167615433276 0.016388888888888894 1.0000000180025095e-35 17.500000000000004 1.0000000180025095e-35 0.029025242028457705 0.0088095238095238105 0.02487801212293107 0.025821409644939061 0.020489969135802474 0.019599515823812017 39.500000000000007 0.079156223893066008 -14.499999999999998 1.0000000180025095e-35 0.053908747457134566 17.500000000000004 0.0023015873015873019 0.021644209128337522 7.5000000000000009 0.022220440953291468 0.20833333333333334 0.026704080991007989 0.01646411786499356 3.5000000000000004 0.013412698412698413 0.0093518518518518542 -12.499999999999998 0.93055555555555569 5.5000000000000009 1.5000000000000002 0.20599461158509208 0.018793486932574852 1.0000000180025095e-35 0.00017482517482517539 0.0019698538176799053 0.018240426071478365 5.5000000000000009 0.040648148148148149 -11.499999999999998 0.011970899470899472 0.033111480217094091 0.0049691358024691367 0.30053763440860221 0.0205952380952381 0.21545092838196289 0.0061419753086419766 0.012738095238095239 0.030079365079365084 0.028055555555555559 0.026057576157164721 0.021528292087480486 0.028447811447811451 0.24122536945812811 0.29745817245817252 1.5000000000000002 0.022902146085561261 0.021573263698771262 0.021858576206402299 0.017115624694801341 0.023395061728395065 0.022220440953291468 0.011764670422460297 0.016944444444444446 0.60277777777777786 0.021312689575656091 21.500000000000004 -3.4999999999999996 0.018429537341081853 0.022940727465817077 0.0004530803381378096 0.027737768804525699 -9.4999999999999982 7.5000000000000009 0.02866570812434165 0.018968253968253971 1.5000000000000002 0.18729838709677424 8.5000000000000018 0.3019850628930818 0.033755341880341884 -15.499999999999998 0.010985204850775828 1.0000000180025095e-35 0.022667945381829011 0.074605551264685807 0.01404320987654321 0.0052777777777777788 0.23244068592905806 12.500000000000002 0.015823085931781587 0.2103356216628528 0.028300248951781976 0.0039285714285714297 0.016080246913580249 15.500000000000002 0.028950617283950621 -1.4999999999999998 0.16388888888888892 0.027089424951267062 0.023858887817422052 0.33520599250936334 0.10741758241758244 0.052845310855433425 0.021653875225303803 14.500000000000002 0.016555757516800506 4.5000000000000009 1.5000000000000002 0.058895668401170949 0.019361507229154289 0.041666666666666678
decision_type=2 2 2 2 2 2 2 2 2 2 2 2 2 2 2 2 2 2 2 2 2 2 2 2 2 2 2 2 2 2 2 2 2 2 2 2 2 2 2 2 2 2 2 2 2 2 2 2 2 2 2 2 2 2 2 2 2 2 2 2 2 2 2 2 2 2 2 2 2 2 2 2 2 2 2 2 2 2 2 2 2 2 2 2 2 2 2 2 2 2 2 2 2 2 2 2 2 2 2 2 2 2 2 2 2 2 2 2 2 2 2 2 2 2 2 2 2 2 2 2 2 2 2 2 2 2
left_child=3 2 13 25 38 7 20 19 9 30 11 12 116 32 31 17 65 45 80 23 50 36 -23 24 68 34 42 -22 44 105 62 -15 -2 54 59 -20 46 118 40 69 95 -42 72 60 63 -7 71 100 -36 55 -5 -43 -32 -33 -25 93 -19 -53 70 -1 -28 -39 67 64 -18 -11 83 -6 96 73 -31 -9 -13 -10 -75 123 -74 78 92 89 97 82 -61 84 -67 101 -16 -77 -35 104 111 -52 -29 94 -24 107 -4 -12 -99 -60 103 -37 -58 -14 -45 106 -30 -3 -51 110 -97 -78 -94 -66 -49 125 -8 -68 -17 -41 -55 -122 -123 124 -47 -56
right_child=1 4 5 6 8 15 10 21 39 16 18 26 47 14 86 37 28 56 35 -21 27 22 49 33 -26 -27 43 77 29 58 52 53 -34 88 48 85 -38 61 -40 119 41 51 -44 79 -46 75 -48 114 -50 108 91 57 -54 120 115 -57 102 -59 99 81 -62 -63 -64 -65 113 66 117 -69 -70 -71 -72 -73 76 74 -76 87 90 -79 -80 -81 -82 -83 -84 -85 -86 -87 -88 -89 -90 -91 -92 -93 112 -95 -96 109 -98 98 -100 -101 -102 -103 -104 -105 -106 -107 -108 -109 -110 -111 -112 -113 -114 -115 -116 -117 -118 -119 -120 -121 121 122 -124 -125 -126 -127
leaf_value=6.727434746311677 -9.546358182905438 7.0049846751139189 -0.45031295695863244 0.50077350648057395 8.4418172201624433 9.175063212673237 5.4404227674723433 -3.4218981503670109 -7.6763523291713458 -9.5638827827951491 -15.736144908972079 9.5112292274525103 -2.7307542888418941 14.068787307829254 -9.5722269352611562 -4.214001476151819 -5.7339614910276602 3.0249853068590684 6.156539453694581 8.9894977134524741 -7.6866158270510176 7.8934722271871456 3.3144863554221837 9.7245340334007011 11.686681107689671 9.9928890778831452 5.8882579569722022 2.1297740110457744 14.362388628999501 -4.3217594397644472 -0.98664000935651441 -5.0109812822824367 -1.4698544132288573 -6.4503495615594408 12.799431309368723 3.8868733798451411 -7.6401830905720223 0.13466960548398779 -12.470769841495363 -7.8432259960382131 -11.373906782839342 -9.3136439765648884 -3.0090383449402651 6.4549035802659889 -11.343870578373753 0.68731413027945887 1.7656957755653488 2.8539205857933219 6.8261959284777989 1.1425793569977605 19.160503473255037 -3.2957472423630101 -16.151553803756443 -2.9011739746425111 -8.061839806739556 6.3807018425435222 -4.4906563131238819 -9.0567285557991664 -5.0206446476092248 -2.222272084811777 -1.5180008300396017 -4.7129115774296393 -6.2110116090717504 -8.06771658378144 8.6690435272734927 25.338428637459781 -8.4160242597673598 2.2152702428498676 -2.5233285101484255 -8.071105083569611 4.0835720781158447 3.0773689129488666 2.7772977844296629 7.8639443381195067 -2.5687105077924026 9.6940925409900593 1.8023197079379589 -5.3826638761594374 -4.3642032777522948 7.4378260911023135 -14.404642919431609 4.7216017697039119 4.5948318790447358 -0.67808158307645294 3.7711727621060782 4.351953580970191 -4.6872345231619601 0.12854395405547434 1.1764203275784637 -9.4731093738925036 1.5090518810647657 6.0160151406880233 -14.202723604500541 -8.9540754619929537 -7.6149287379239672 10.776792719584236 5.4177618511501491 -3.8570582943591774 2.1033410293734547 7.6919887332637238 -7.9079732766422808 -2.2001384405375819 -13.543080014464975 8.0319958563915019 0.83748325127692691 0.82657319082938552 3.482713839926038 -9.371882383067673 -4.8973969802718109 -4.8790365300240417 -2.2261534226605968 8.6298756720398782 0.337497323785377 -0.95689500645897374 -2.1078499947844027 -9.5817434938928301 -0.13439109407485506 -2.3572699137588446 -9.6299927882592264 -11.772442930848671 -3.671717907896269 4.5033321068904106 -1.1998707922967642 6.8206514496820105 -6.3801781791153589 3.0038769043130156
leaf_weight=2961.8958403170109 2101.2514387071133 52.131893336772919 473.6587835252285 892.94118186831474 818.76999506354332 428.07614430785179 3587.5667778551579 2492.7284713089466 237.69591876864433 1264.0400324761868 70.817033350467682 2464.6752946972847 680.40515866875648 112.10393717885017 995.57245936989784 719.34910428524017 908.7412723004818 237.8544996380806 1146.0544039607048 1454.0507197976112 863.58414429426193 894.35547703504562 661.74952772259712 340.20776292681694 957.16733294725418 2423.1527716517448 456.47242650389671 1989.6497733294964 148.82425463199615 361.99738451838493 368.6231190264225 1450.6137971580029 484.07473394274712 567.02462077140808 755.49196428060532 439.30829194188118 593.38838800787926 1475.7312150895596 1160.724518597126 2473.1530508697033 1749.3928822875023 2083.9407695233822 214.16469311714172 876.29230150580406 503.33455297350883 830.48170202970505 1981.7751618623734 2065.5900304317474 2634.7849452197552 597.82446512579918 92.389976352453232 1739.1436207890511 110.41104638576508 1288.0625764429569 99.118071168661118 831.53401762247086 550.29787412285805 794.22705802321434 2365.5783943235874 705.03533014655113 1071.8084879517555 1444.9616295993328 141.29175490140915 754.19631919264793 149.3036502301693 47.303785294294357 1669.6700844466686 858.24339711666107 417.2318049967289 585.14437466859818 525.39094540476799 415.05919721722603 845.25056332349777 222.96647387742996 325.46080601215363 332.43476212024689 284.18205392360687 576.4370304942131 659.46323692798615 1605.5403353273869 101.21735173463821 2967.6277926564217 566.47787868976593 407.73303970694542 109.81926542520523 690.38873073458672 1306.2433187961578 264.62571576237679 391.03658664226532 77.701977461576462 354.14829421043396 458.69394227862358 98.166872411966324 141.68688002228737 132.76878637075424 156.15142950415611 1891.935425132513 1210.7140642106533 572.06425839662552 82.098017007112503 400.59499880671501 1483.838906288147 208.40614518523216 126.72025638818741 700.81277999281883 1269.1394760608673 386.13755461573601 340.28013756871223 744.52382814884186 237.86478465795517 136.18625262379646 2762.7042507529259 132.91941890120506 855.41294422745705 620.08642929792404 90.246981620788574 417.24166023731232 389.33444955945015 874.40424829721451 1075.0493378043175 421.85312190651894 910.98907327651978 581.65728291869164 189.97303169965744 381.35174828767776 1248.5698388516903
leaf_count=3723 1851 64 624 1359 1008 499 4758 3173 240 999 81 2836 989 126 970 930 1045 294 1489 1737 1071 1139 920 389 1051 2731 611 2965 166 432 457 1773 537 731 655 623 668 1987 726 2382 1150 1728 294 1116 450 1158 2744 3014 3140 824 71 1954 73 1807 116 1112 700 659 2678 1160 1502 1694 172 678 178 41 1372 1163 564 596 667 562 1209 255 328 368 371 771 999 1984 101 3989 795 465 141 959 1609 374 551 86 555 594 101 144 158 186 2471 1671 794 107 467 2194 213 168 1011 1563 494 288 926 290 180 3204 199 1049 885 89 588 410 874 768 559 1261 879 252 505 1641
internal_value=8.58047e-09 -2.7538 -0.67265 3.92561 -5.36844 0.80646 2.77561 2.09372 -4.13496 -2.93861 3.59504 4.51689 2.5375 -4.55807 -3.28644 -2.01809 -3.9666 0.59693 0.431229 4.46882 -0.824705 0.108447 2.32637 3.45383 5.39307 6.67286 5.85153 -2.25236 -2.72705 -1.19337 2.51969 -1.58922 -8.03412 0.803168 5.91328 2.26172 -1.5114 -4.00117 -8.20248 -7.66007 -7.52281 -8.20383 7.22494 3.86536 -5.21267 2.72678 -0.767627 0.14894 8.15728 0.725466 3.44655 -7.00277 -4.48195 -1.96645 3.03413 2.9526 -4.58995 -5.10185 -3.19761 4.8568 0.694127 -2.26359 4.36427 -4.05583 -2.47453 -6.61607 -5.19596 5.25526 3.22835 -4.1057 0.654737 -2.49419 7.55153 -1.15409 1.67275 1.34582 6.41406 -0.894705 0.00350523 5.35187 -3.08927 3.54979 0.814848 2.36569 10.2643 0.553818 -6.80007 5.45451 -3.33745 3.32801 7.31789 8.21971 1.30053 -0.0922235 1.48812 -2.82327 4.24281 -2.47138 -1.94446 -4.59425 -3.31873 -0.80967 -6.97724 -1.04098 3.95871 2.51167 6.5094 -7.19622 -2.20745 0.413218 4.71934 7.99307 -5.83928 0.473546 1.70831 1.45121 4.85961 -7.27038 -7.18546 -9.03372 -0.587419 0.96926 2.2809 -0.404157 -1.53675 2.19003
internal_weight=106978 62872.9 35008 44105.1 27864.9 25355.6 31090.6 17417.6 19414.9 14495.4 25326.4 19612 7898.21 9652.42 7067.1 7937.95 12198.1 3423.5 5714.4 7930.25 5764.25 9487.39 4004.44 6476.2 3739.99 13014.5 11713.8 4320.22 8310.15 5139.17 2297.34 4765.28 2585.33 2736.2 10591.3 3759.59 5482.95 4514.45 8450.04 4919.47 7289.32 6366.7 6925.13 4788.63 3170.99 2426.94 4889.56 3893.4 3390.28 3110.09 1444.03 4617.31 479.034 4653.18 1778.14 1767.74 996.559 2533.37 3335.06 7201.04 1528.28 2920.69 1818.31 2667.65 1913.46 3887.9 2623.86 1677.01 2782.83 1371.27 887.388 2907.79 6710.96 786.123 548.427 1998.87 4246.29 3456.64 2880.2 3260.35 1954.81 4239.14 1271.51 564.856 157.123 2613.54 2301.82 597.06 958.061 1654.81 3401.03 551.084 2220.74 936.205 794.518 922.614 2365.59 1853.6 1782.78 2447.68 1207.72 1923.15 758.704 807.125 1577.11 1804.1 534.962 392.412 1342.35 530.202 292.338 3046.89 231.086 1004.72 2685.68 1437.93 4004.81 2059 1593.75 3548.2 3202.56 1914.5 1492.65 1401.81 1211.83 1347.69
internal_count=129039 71156 43554 57883 27602 32182 41690 22334 20377 15808 33560 25648 10869 11372 8984 9848 12935 4363 7912 9964 8130 12370 5223 8227 4710 16193 14779 6106 9507 6107 2873 6405 2388 3517 13462 5265 7147 5485 7225 4569 6499 5491 8469 6310 3400 3156 6479 5523 3795 4084 2024 4341 530 6279 2235 2334 1207 2613 3884 9667 2113 3681 2343 2950 2272 3428 2429 2171 3659 1419 1099 3735 8175 823 583 2657 5339 5035 4264 4197 2647 5944 1955 647 182 3776 2579 742 1282 2213 4130 665 3265 1222 1078 1008 3095 2546 2465 2785 1624 2817 913 1157 2127 2223 660 352 1750 656 366 3575 300 1227 3899 1846 5346 1782 1804 3150 4506 2699 2140 1915 1663 1757
is_linear=0
shrinkage=0.05


Tree=20
num_leaves=127
num_cat=0
split_feature=27 36 1 36 1 1 25 0 23 34 24 34 11 27 5 23 27 1 30 1 0 6 24 32 6 6 23 34 11 6 0 3 5 27 32 25 24 31 27 34 36 1 11 14 25 34 25 23 1 11 14 47 27 11 37 1 34 23 31 1 32 9 33 37 30 1 11 37 30 37 25 24 0 14 16 25 32 14 14 1 23 10 33 0 23 31 9 36 32 5 10 25 1 24 33 34 11 33 31 23 33 24 5 12 1 24 6 11 1 23 36 23 1 25 5 24 27 11 14 1 14 37 24 28 11 1
split_gain=4.19904e+08 1.03703e+08 7.79159e+07 6.4457e+07 4.76753e+07 4.90375e+07 3.75471e+07 3.09126e+07 2.44713e+07 2.34998e+07 2.29338e+07 2.09686e+07 1.89733e+07 1.87599e+07 1.83104e+07 1.79462e+07 1.77726e+07 1.53916e+07 1.48499e+07 1.53866e+07 1.63564e+07 1.46259e+07 1.40668e+07 1.31997e+07 1.21195e+07 1.17013e+07 1.19568e+07 1.11305e+07 1.08063e+07 1.06641e+07 1.13268e+07 1.28569e+07 1.03643e+07 9.94377e+06 9.60223e+06 9.38785e+06 9.08865e+06 1.21488e+07 8.88107e+06 8.56043e+06 9.20931e+06 8.34282e+06 8.24158e+06 8.01139e+06 7.88333e+06 7.83242e+06 7.8291e+06 1.24109e+07 7.50021e+06 7.49333e+06 9.70204e+06 7.40779e+06 7.3918e+06 6.89434e+06 6.81026e+06 9.29197e+06 6.65088e+06 6.48275e+06 6.46067e+06 7.65752e+06 6.28085e+06 6.95233e+06 6.14134e+06 6.10762e+06 5.91845e+06 5.85727e+06 5.81568e+06 5.78019e+06 5.6996e+06 5.66478e+06 5.66324e+06 5.62846e+06 5.6119e+06 5.59063e+06 5.5838e+06 5.56126e+06 6.76638e+06 5.46111e+06 5.42186e+06 5.42184e+06 5.26361e+06 5.22484e+06 5.22317e+06 5.19211e+06 5.18587e+06 5.17953e+06 5.15485e+06 5.14866e+06 5.14169e+06 5.09188e+06 5.02379e+06 5.01634e+06 5.00821e+06 4.90516e+06 4.90031e+06 4.88865e+06 4.8619e+06 4.84645e+06 5.2249e+06 4.83202e+06 4.81172e+06 4.77283e+06 4.73607e+06 4.7206e+06 4.68207e+06 4.59502e+06 4.54742e+06 4.52543e+06 4.87955e+06 4.49305e+06 4.4843e+06 4.4508e+06 4.36275e+06 4.32726e+06 5.0041e+06 4.30885e+06 4.22793e+06 4.47324e+06 4.27385e+06 4.19197e+06 4.13686e+06 5.18373e+06 4.13047e+06 4.09145e+06 4.08658e+06 4.08506e+06
threshold=0.01404320987654321 0.0078571428571428594 -6.4999999999999991 0.019598765432098767 -4.4999999999999991 4.5000000000000009 0.15277777777777782 56.500000000000007 0.021653875225303803 0.10277777777777779 0.019898217967360899 0.13055555555555556 0.27529583831937249 0.0058333333333333345 0.1202409638554217 0.030828853046594985 0.0089583333333333338 -9.4999999999999982 0.0039285714285714297 -15.499999999999998 56.500000000000007 0.051414221517314306 0.018798043422353514 0.040293927648578816 0.02790758047767394 0.24575783721599082 0.018531031031031035 0.1138888888888889 0.26539642405634828 0.052357456140350887 25.500000000000004 1.0000000180025095e-35 0.18441295546558709 0.022500000000000003 0.034819331526648602 0.1138888888888889 0.039967164806466095 0.0025642078228285134 0.0084876543209876556 0.069444444444444461 0.020462962962962964 9.5000000000000018 0.29561459667093476 10.500000000000002 0.16944444444444448 0.21388888888888893 0.069444444444444461 0.017182266245573743 -1.4999999999999998 0.25872210953346864 17.500000000000004 1.0000000180025095e-35 0.0061419753086419766 0.2103356216628528 0.77500000000000013 13.500000000000002 0.091666666666666688 0.026330917874396138 0.0008461538461538462 12.500000000000002 0.021571350762527235 3.5000000000000004 0.011880022406206467 0.96388888888888902 0.042407407407407414 2.5000000000000004 0.20218742529285202 0.2305555555555556 0.010524691358024694 0.63611111111111118 0.49166666666666675 0.020300589142308603 69.500000000000014 5.5000000000000009 3.5000000000000004 0.10277777777777779 0.011766855865153079 4.5000000000000009 9.5000000000000018 20.500000000000004 0.018690281190281193 11.500000000000002 0.022667945381829011 31.500000000000004 0.018304367201426027 0.00044499536510814712 1.5000000000000002 0.032314814814814817 0.026330917874396138 0.2312382739212008 13.500000000000002 0.16944444444444448 -14.499999999999998 0.056505248276024093 0.02007192397837505 0.10833333333333335 0.32025641025641033 0.026752734177934463 0.0020074218588711349 0.01652947154471545 0.021089159749446879 0.022135286471199493 0.25131578947368427 4.5000000000000009 -19.499999999999996 0.02866570812434165 0.074350469872857941 0.21160864682762495 12.500000000000002 0.022254901960784317 0.028950617283950621 0.025597183317771555 -1.0000000180025095e-35 0.41944444444444451 0.088117647058823537 0.029517467108427734 0.026150793650793657 0.22511261261261264 10.500000000000002 3.5000000000000004 3.5000000000000004 0.37500000000000006 0.032054069890924866 0.45277777777777783 0.21886405109489054 10.500000000000002
decision_type=2 2 2 2 2 2 2 2 2 2 2 2 2 2 2 2 2 2 2 2 2 2 2 2 2 2 2 2 2 2 2 2 2 2 2 2 2 2 2 2 2 2 2 2 2 2 2 2 2 2 2 2 2 2 2 2 2 2 2 2 2 2 2 2 2 2 2 2 2 2 2 2 2 2 2 2 2 2 2 2 2 2 2 2 2 2 2 2 2 2 2 2 2 2 2 2 2 2 2 2 2 2 2 2 2 2 2 2 2 2 2 2 2 2 2 2 2 2 2 2 2 2 2 2 2 2
left_child=1 9 18 6 12 7 8 29 10 13 51 34 22 48 21 41 27 67 -2 -20 77 53 38 32 43 26 -24 52 58 30 -6 73 49 72 35 95 -17 -38 104 64 66 120 44 85 116 110 90 -48 91 50 74 56 -7 86 55 -12 81 94 59 63 61 -31 -16 75 -18 -64 -41 -15 -11 88 -43 -49 101 112 -13 -19 -77 83 -44 93 87 123 -70 -21 -58 -9 -10 -51 100 -30 -26 -1 -14 -68 -37 -5 -63 -55 -99 -53 -28 -23 109 -40 -3 -82 113 -54 -109 -73 -25 -103 -32 114 -59 -94 117 -22 -119 -50 -8 -122 -113 -4 -83 -96
right_child=2 4 3 11 5 16 15 24 14 68 54 23 92 17 62 36 39 28 19 20 42 33 25 45 46 -27 69 -29 89 60 31 -33 -34 -35 -36 57 37 -39 103 40 -42 70 78 -45 -46 -47 47 71 119 80 -52 99 107 97 -56 -57 84 106 -60 -61 -62 96 65 -65 -66 -67 79 -69 82 -71 -72 102 -74 -75 -76 76 -78 -79 -80 -81 105 124 -84 -85 -86 -87 -88 -89 -90 -91 -92 -93 115 -95 125 -97 -98 98 -100 -101 -102 111 -104 -105 -106 -107 -108 108 -110 -111 -112 122 -114 -115 -116 -117 -118 118 -120 -121 121 -123 -124 -125 -126 -127
leaf_value=3.3929606408648887 4.2922297417965156 -8.6015145759778715 5.3425280145602141 -8.319352635498424 -2.1308559310792163 2.9046447866873968 12.816233457565184 11.75765458858733 -6.4825590676296159 9.9588358980076741 10.172166928291599 4.4612572746951864 -9.8776846731411094 3.8182588658136454 -14.234142617933015 -5.7405184109029559 -5.169031345878464 5.3589581339248991 -11.600155514006076 -10.896055925612913 0.26059459266740614 -7.6582671287929447 8.3628471312070012 -2.8753950059136533 2.6477058219966105 -9.282085018998453 0.73581977983828495 5.062314006149137 1.2772547773247194 -3.2507608409796149 4.3166608311308829 1.7341817336609548 -6.7936446241883406 -8.5050548314900496 -10.245494109257214 -4.7707193248640705 4.3400322397878011 -4.9080009358517325 -8.4608437651747419 5.1827880111481157 -5.1030063088896052 -4.3594862190399795 -6.8120649373744913 3.0519175694266947 1.5438520084473184 -2.6277055774007603 9.9487300025478724 0.057498366515705848 9.4084729842640389 18.163149978872507 -6.203036296715621 0.049969827776818652 2.448184940312141 -3.0630864468175525 -0.82888681820226684 -3.0284867484061411 8.6336741443549929 0.06447912856733648 2.2869681539750752 -0.74109705162664641 -3.2107880220221254 5.3036505442643351 -2.9104269754656458 -11.741237918859239 -22.809602962773525 -8.4893136287271869 -0.66904766729800536 -4.8597327260889287 2.6623034903836302 -6.2300007487679139 6.0029880567322227 8.0103492594321999 2.6259866717226203 -6.6336318968168957 -6.5291445093727054 18.081101614495175 7.6050665846122492 -12.325603455489546 -17.969569629653169 -12.025894796668997 -6.9709690954355228 1.4865992706325879 7.2344308420458292 -6.6092401698649317 0.47324949155596896 7.1345411633563902 5.086718640037609 -3.7401306554089562 -1.7469127709897283 -9.4188532981703776 -4.5700061793944116 12.319186195642303 -5.2992862320993854 17.465438484565876 8.1975986476791274 -3.5631594021094539 -2.6318433401915851 3.4472967044416949 -8.2160358380919902 -6.0124784980252262 6.3233215143678025 4.6367573032986087 -10.108478739898576 -3.2692986217842517 0.80572908472378146 -0.70820348905362474 -7.808383431623291 -1.6996368613789601 -8.2429748132420393 3.7844785430493646 -9.4906458442123718 -5.9328061506649643 9.2366675766073936 10.671136826205061 -6.9337894876921995 0.082755160816571152 -8.8050740776714829 -2.8809740644057218 -9.0272809885345833 5.8651170136672697 9.1527832541258451 2.623166939971616 4.2871037179956524 -1.1127317533478682 -7.3230886322235165 -4.981636570687936
leaf_weight=1942.1335535049438 252.70966309309006 144.52684047818184 342.10893124341965 3184.8767629265785 1019.594357073307 1244.9909158051014 372.32271844148636 1209.8068550229073 109.09031596779823 1718.880083322525 891.8091661632061 1460.3693519532681 489.02874085307121 250.93400606513023 291.0314644575119 507.68284863233566 1557.3847015500069 3520.935892611742 2262.8775435090065 1051.059326082468 535.16641759872437 543.35867780447006 691.64785596728325 325.24926647543907 1432.4070733487606 223.9278915822506 822.42873987555504 1514.0000184476376 2625.0482794642448 569.9060897231102 732.39556804299355 3350.1873300969601 675.9009410738945 1115.8689772188663 1672.8627796173096 202.27137646079063 1311.1333481371403 487.03304722905159 634.58065789937973 473.2451796233654 1194.1048817932606 256.70670658349991 370.61653688549995 614.84334564208984 655.02739077806473 1151.4247878193855 1127.2678957879543 742.27680480480194 1968.0658214688301 55.960821270942688 300.78774678707123 490.1412593126297 446.36688604950905 1486.7857519984245 260.87352061271667 156.73748618364334 363.40829184651375 494.66915240883827 2262.5488369464874 447.24691188335419 1493.8971012532711 867.20227029919624 737.51896983385086 47.403940945863724 49.044269770383835 1299.3828575611115 2304.8189318776131 815.45446217060089 708.90714108943939 248.23874953389168 271.08245667815208 952.64497238397598 412.97915041446686 74.336814761161804 125.50123038887978 189.43265557289124 827.21014869213104 953.44702592492104 154.17613452672958 104.31252589821815 596.9504765868187 183.19577124714851 5255.6234944760799 2153.6579673290253 419.33340191841125 1213.5754741728306 820.01736587285995 51.539768129587173 725.9182134270668 116.19209709763527 289.87424319982529 171.27559164166451 2128.155024856329 37.902360767126083 251.8838070333004 650.64098107814789 248.27880284190178 675.26357105374336 111.94030514359474 997.75421518087387 724.93526387214661 211.35015904903412 51.312936902046204 1412.5394790172577 1559.3209409415722 574.99581936001778 784.30066096782684 1197.2642453610897 373.89714375138283 1851.4367060661316 1206.3209085166454 474.25829961895943 1170.9656140208244 56.449120312929153 528.17962652444839 450.62881219387054 488.75222367048264 737.20024824142456 458.89157393574715 1449.4292827546597 863.70434612035751 469.0052011013031 124.90338653326035 868.92102548480034 467.72949627041817 76.701989114284515
leaf_count=2797 318 190 448 2772 1292 1726 422 1296 99 1700 1053 1858 432 367 202 615 2055 4773 1462 713 722 581 861 390 2017 242 1247 2089 3819 737 1026 4491 657 1050 1258 228 1764 579 698 620 1428 311 333 832 854 1299 1231 1087 2185 50 316 593 651 1846 297 191 436 580 3203 706 2001 1198 882 60 30 1281 3250 1220 930 320 368 1157 592 101 114 149 1027 627 65 113 585 230 6272 1999 556 1535 1119 70 1050 152 412 168 2674 31 281 713 319 862 127 1109 986 289 78 2042 2411 713 652 1740 466 2490 974 556 1397 75 491 614 411 885 447 1862 1076 649 169 1110 533 79
internal_value=1.16889e-08 2.56293 -3.82877 -2.64822 0.990045 2.01068 -0.685862 3.5252 -1.97876 5.13509 0.633993 -5.15008 -1.94665 4.07867 -3.66869 3.26113 -0.732348 2.89349 -7.67528 -7.98323 -6.90032 -2.22607 -0.541692 -3.05233 5.54573 1.76898 2.53913 1.51919 3.50034 1.51343 2.69736 3.62133 -1.17304 -4.80986 -6.8821 -5.97897 0.167244 1.8352 -2.65901 -2.61224 -1.40369 6.4562 -4.32795 8.14925 -3.27619 -5.74343 4.31883 5.37078 6.45774 0.0268445 2.02998 -1.19308 -0.125024 0.0992752 6.40033 8.19892 0.394738 -3.52246 4.5061 5.50385 -0.850288 1.24202 -7.44005 6.11302 -5.7076 -6.46932 0.108971 -2.8177 7.42207 0.941699 0.962876 3.93636 -2.47612 6.81813 3.59151 6.29955 9.55708 -9.00355 -10.09 -0.872282 -2.92695 -1.23098 6.69102 -8.0152 4.26194 9.4425 3.72832 7.66191 1.72484 0.823882 1.4329 4.11636 -5.23855 -0.375654 1.35208 -7.51253 3.5374 -1.38348 1.78877 -4.01539 3.35355 -4.03245 4.94469 -4.87861 0.00777095 -3.89825 -4.911 -1.99459 -3.25679 5.22016 -8.08581 -1.60174 7.3435 -2.80554 -3.54929 -4.3588 -4.69837 -3.53901 -5.23906 7.90566 8.15665 6.85489 -3.80233 0.710842 -4.8437 5.12116
internal_weight=106978 64082.1 42895.9 32822.3 39765.4 29509.5 18394.4 19012.2 13855.8 24316.7 5442.01 14427.8 10255.9 16633.3 8413.75 4538.67 10497.3 11102.4 10073.6 9820.87 7557.99 6085.82 7188.06 6525 9485.45 3437.1 3213.17 4776.52 10036 9526.76 6347.48 5327.89 3842.01 2882.72 7902.84 6229.97 2305.85 1798.17 3750.97 5720.81 4114.38 2232.82 3399.83 3038.23 2875.04 2682.99 6447.22 4724.94 5530.9 3166.11 1886.66 4132.59 3262.52 3203.1 1309.42 1048.55 2644.7 2394.46 7294.78 5032.23 3179.28 1685.39 2327.93 4584.98 1606.43 2036.9 2920.28 1066.39 7683.41 2521.52 527.789 3597.67 1766.85 1977.7 1585.87 4537.58 1016.64 4158.16 524.793 2447.03 1279.45 1861.96 5964.53 3204.72 782.742 2423.38 929.108 107.501 2273.28 2741.24 1722.28 2113.41 3067.81 2342.72 530.857 3835.52 1115.48 2273.99 787.204 1487.9 1547.36 1353.87 2855.39 2047.12 1703.85 1171.95 1863.6 2017.53 1571.16 2804.08 1531.57 810.512 1903.36 1079.3 1022.85 2578.78 2220.01 1731.26 1196.09 3417.5 1705.03 1332.71 599.162 1211.03 650.925 328.586
internal_count=129039 84053 44986 36150 52663 38896 21995 24697 16211 31390 6556 14155 13767 22488 9655 5784 14199 15476 8836 8518 7056 7290 10047 7026 12135 4706 4464 6672 13889 12562 8307 7015 4363 3237 7129 5871 2958 2343 5341 7527 5442 2826 3717 3663 3319 2663 8472 6043 7012 3706 2288 5015 4583 4053 1541 1244 3313 2386 9918 6715 4255 2254 2365 6009 2085 2163 4014 1587 8902 3603 679 4812 2187 2524 1972 5949 1176 3339 398 3394 1418 2321 7202 2712 992 2831 1218 120 3283 3971 2429 2965 3720 3281 588 3485 1517 2835 989 1702 2233 1595 3725 2740 2601 1298 1798 2857 2206 3647 1364 1014 2423 1146 1071 3288 2465 2054 1332 4047 2147 1725 725 1558 763 360
is_linear=0
shrinkage=0.05


Tree=21
num_leaves=127
num_cat=0
split_feature=27 38 44 38 11 33 38 11 33 34 38 21 37 25 11 16 27 34 14 9 21 25 27 24 34 21 18 38 33 38 37 15 24 38 11 25 27 14 11 16 37 25 30 25 21 30 14 5 11 39 38 2 39 18 0 5 30 14 0 42 43 21 46 30 5 0 27 15 39 15 22 33 0 14 11 25 28 22 0 11 31 34 5 34 33 11 30 14 31 31 27 0 28 22 2 39 25 27 27 14 11 30 8 15 25 5 5 8 30 7 33 18 24 37 15 14 11 39 42 14 9 14 0 39 0 33
split_gain=3.80099e+08 1.16361e+08 5.79828e+07 4.77652e+07 4.03974e+07 3.56063e+07 2.3864e+07 2.324e+07 1.65418e+07 1.6273e+07 1.61783e+07 1.58502e+07 1.51431e+07 1.50045e+07 1.30521e+07 1.11107e+07 1.09848e+07 1.08253e+07 1.05387e+07 2.00968e+07 1.03546e+07 9.97196e+06 1.03269e+07 9.75676e+06 9.32796e+06 9.22162e+06 8.87968e+06 8.82761e+06 8.3584e+06 9.9052e+06 8.19775e+06 1.09185e+07 7.48589e+06 7.45366e+06 7.33755e+06 6.9106e+06 6.82063e+06 6.65016e+06 6.47839e+06 6.38864e+06 6.49256e+06 6.81611e+06 6.3308e+06 6.31346e+06 6.28718e+06 6.28317e+06 7.02543e+06 6.27933e+06 6.19387e+06 6.68622e+06 6.07005e+06 6.06148e+06 5.87035e+06 5.69712e+06 5.63699e+06 5.58654e+06 6.02241e+06 5.5357e+06 5.55178e+06 5.47079e+06 5.41797e+06 5.3164e+06 5.9006e+06 5.31188e+06 5.81893e+06 5.27927e+06 5.19473e+06 5.11591e+06 7.48803e+06 5.11482e+06 5.08493e+06 5.02235e+06 5.02123e+06 5.14314e+06 8.09907e+06 4.95922e+06 4.93415e+06 4.8673e+06 4.85837e+06 5.22588e+06 4.83424e+06 5.63198e+06 5.5099e+06 4.83002e+06 4.78174e+06 4.75602e+06 4.73248e+06 4.56232e+06 7.31247e+06 4.51509e+06 4.49682e+06 4.48955e+06 4.45989e+06 4.45801e+06 4.43428e+06 5.32363e+06 5.06498e+06 4.42076e+06 4.39215e+06 4.3709e+06 5.11441e+06 4.44509e+06 4.37083e+06 4.29108e+06 4.24847e+06 4.23249e+06 4.23164e+06 4.22914e+06 4.99695e+06 4.22043e+06 4.17962e+06 4.16082e+06 4.14618e+06 4.13092e+06 4.11197e+06 4.07775e+06 4.07043e+06 4.06896e+06 4.76873e+06 4.06539e+06 5.2738e+06 4.54366e+06 4.04372e+06 4.0019e+06 3.99643e+06 3.99113e+06
threshold=0.010092592592592594 0.010833333333333335 1.0000000180025095e-35 0.014365079365079367 0.27486263736263744 0.0146047145008754 0.0205952380952381 0.2466642946095001 0.017934132703163307 0.075000000000000011 0.0067283950617283957 39.500000000000007 0.8583333333333335 0.10277777777777779 0.23887201162329946 3.5000000000000004 0.018425925925925932 0.20833333333333334 6.5000000000000009 5.5000000000000009 41.500000000000007 0.18611111111111114 0.022808641975308644 0.01132733854967719 0.13611111111111115 31.500000000000004 3.5000000000000004 0.037261904761904767 0.021528292087480486 0.028364197530864197 0.21388888888888893 16.500000000000004 0.056505248276024093 0.019598765432098767 0.27315608919382511 0.25833333333333336 0.02194444444444445 4.5000000000000009 0.21631706333198872 3.5000000000000004 0.080555555555555561 0.16388888888888892 0.013263888888888889 0.16944444444444448 41.500000000000007 0.0017592592592592592 7.5000000000000009 0.13079116179615113 0.18729838709677424 0.012738095238095239 0.0078571428571428594 1.0000000180025095e-35 0.026150793650793657 2.5000000000000004 75.500000000000014 0.035929432013769365 0.02194444444444445 15.500000000000002 110.50000000000001 1.5000000000000002 1.0000000180025095e-35 41.500000000000007 1.0000000180025095e-35 0.0052777777777777788 0.13536417773705914 86.500000000000014 0.022808641975308644 11.500000000000002 0.016944444444444446 2.5000000000000004 2.5000000000000004 0.040819985521864825 57.500000000000007 28.500000000000004 0.2242184982275218 0.49722222222222229 0.44722222222222224 20.500000000000004 14.500000000000002 0.21160864682762495 0.0005033072919251784 0.075000000000000011 0.1283882783882784 0.10277777777777779 0.031149896280577589 0.21073190789473686 0.0052777777777777788 12.500000000000002 0.00048622928333073287 -0.00033671751528894367 0.022808641975308644 34.500000000000007 0.17500000000000002 32.500000000000007 1.0000000180025095e-35 0.032314814814814817 0.1138888888888889 0.0071825396825396836 0.0049691358024691367 20.500000000000004 0.18729838709677424 0.0088095238095238105 3.5000000000000004 6.5000000000000009 0.063888888888888898 0.027973395931142415 0.22287581699346407 12.500000000000002 0.0077083333333333335 10.500000000000002 0.026752734177934463 2.5000000000000004 0.015298385411720877 0.73611111111111127 3.5000000000000004 9.5000000000000018 0.30810147299509011 0.020462962962962964 1.0000000180025095e-35 1.5000000000000002 5.5000000000000009 14.500000000000002 43.500000000000007 0.015039682539682542 55.500000000000007 0.021762376129098756
decision_type=2 2 2 2 2 2 2 2 2 2 2 2 2 2 2 2 2 2 2 2 2 2 2 2 2 2 2 2 2 2 2 2 2 2 2 2 2 2 2 2 2 2 2 2 2 2 2 2 2 2 2 2 2 2 2 2 2 2 2 2 2 2 2 2 2 2 2 2 2 2 2 2 2 2 2 2 2 2 2 2 2 2 2 2 2 2 2 2 2 2 2 2 2 2 2 2 2 2 2 2 2 2 2 2 2 2 2 2 2 2 2 2 2 2 2 2 2 2 2 2 2 2 2 2 2 2
left_child=3 7 4 5 6 10 8 12 32 78 61 14 30 36 25 21 44 27 19 66 33 22 28 -18 43 60 75 39 109 52 99 42 45 48 97 63 53 -36 -33 40 72 67 69 59 51 -3 65 -39 49 -11 110 92 -30 -9 -48 -53 106 58 -56 87 -7 62 -1 -25 94 90 -6 68 -42 -32 -13 93 -8 74 -74 -21 122 -23 -5 -80 81 -55 -83 -35 -58 -64 -62 88 -16 115 -47 -78 -10 -20 95 96 -65 -12 -26 101 -101 -2 -88 -82 -105 -96 -57 -87 -109 -4 -15 -107 -90 -79 -28 -73 -114 -24 -119 -50 -121 -122 -70 -81 -116 -103
right_child=1 2 15 9 18 11 17 13 16 20 34 70 -14 50 24 -17 23 -19 71 26 -22 77 117 35 98 -27 114 -29 29 -31 31 38 -34 83 37 -37 -38 47 -40 -41 41 -43 -44 -45 -46 46 54 -49 119 -51 -52 55 -54 80 57 56 84 -59 -60 -61 86 -63 85 64 -66 -67 -68 -69 76 -71 -72 89 73 -75 -76 -77 91 113 79 123 103 82 -84 -85 -86 107 102 -89 112 -91 -92 -93 -94 -95 105 -97 -98 -99 -100 100 -102 125 -104 104 -106 111 -108 108 -110 -111 -112 -113 116 -115 124 -117 -118 118 -120 120 121 -123 -124 -125 -126 -127
leaf_value=0.56745357025689991 10.389528468812998 10.159225195547458 -7.2551375001252341 -17.363594842898234 -5.849516066227693 3.4612128824641766 -9.0122737860545108 1.1077404226583345 2.7998192535354365 16.965310999712187 3.0712702940947536 20.077364055972254 -3.8249094535853079 2.6270069007904784 5.1297246136205032 -9.7409907423109363 22.340626316007615 0.16661617695093792 -10.457984116942768 -0.73298464652810835 7.8328977693464381 -16.760454690019795 -5.8200205499635604 9.525324114088269 10.791224624249924 4.8849531822289727 -1.3333751189167748 -8.1502712868412601 2.28311608723453 -7.2130106406561509 16.953008232324859 1.1556007138434423 6.6832350387006461 -4.8771778926158404 0.29220361696006519 5.0224912253226517 -9.616534923418433 -3.0984253448339452 -10.184492080438332 -8.5812373002220816 3.3627845384377775 -0.41579608134971047 2.4419411196262906 7.6133554316630594 7.476629963211149 -0.83778494647990509 -11.909693529523945 -13.429685137287178 8.0841630846096688 3.7323590377684654 -0.21771890609221628 7.4384785955476422 -3.3530839466865916 -3.9962056952905649 -2.9980992182462121 6.1623067588427176 -3.2034307760703236 -7.3342723803069934 9.7008484370821293 -5.7214757841468389 13.810979981548337 8.9832479134222876 6.9378219881251573 -5.9349785012280307 -6.9209335593769046 11.858958182962297 -10.126695192212971 -9.101149811858372 -12.665005687584056 5.6365267093477263 7.9845926216593144 17.674123994149802 7.8794791687585501 -11.562618363414085 -1.6382695879567895 12.030421550345697 -6.1487154457369577 1.0511505558914458 1.3862292452601792 -0.73789485840409053 -4.4813499740533489 3.7724092063986499 -6.742618926524969 0.065702972788252254 3.8671709780250909 2.5324789605711695 3.0849765171000012 -2.6563350704307158 -1.4065525804118495 -5.7899202683924642 -6.1492585967166375 -0.41723909113024649 -1.764351991691818 -6.1521191119511327 7.1035888429243741 -7.5327223433541892 2.282495921823076 0.025116276971725044 5.1814485592906845 7.79314841013628 -2.7430264575098153 1.0335983886179239 8.6895072253235579 -23.011240312729655 -6.3829025202213145 3.7684289533532809 -4.5392126249932154 25.214138617565922 5.8581381185679504 -0.033190148972346421 8.8353722287446743 -3.6104980058908867 3.2649752086350059 -6.9961404538161025 -8.7187030319574568 -2.7006057727913593 -2.1575716712070565 -11.996975797503241 -7.614920262846681 -3.5756871263357612 3.2152160254799576 -4.2073225402811039 -5.6909131583849248 -6.2988762320031588 -3.6592832524840739 7.1965652311704851
leaf_weight=1174.0158962607384 666.98727509379387 89.138261735439301 3406.8122061789036 63.073899894952774 1904.7409974932671 593.10507741570473 123.39203605055809 1005.0976142883301 884.35777819156647 140.6438872218132 2275.2457630634308 88.806378334760666 756.35360607504845 953.1316192150116 2055.0524671971798 2251.7919437289238 43.90778374671936 1724.2972388267517 1391.86458081007 2652.1267195940018 570.26893237233162 48.408368498086929 957.87714174389839 93.842013299465179 442.60467255115509 6753.7672148644924 669.03667688369751 1203.6510751545429 760.2802776992321 1028.3150425255299 116.12161684036255 252.85852715373039 209.97210282087326 658.04429632425308 1056.3716587126255 374.39036163687706 331.687819480896 549.47451719641685 250.920420140028 558.83269390463829 307.45648181438446 1129.8000162541866 4217.4915103018284 565.72425720095634 576.19276988506317 1932.7547177672386 298.45065557956696 200.83499476313591 216.16473111510277 297.10786765813828 1538.3955205082893 690.06389388442039 1177.5099634826183 1015.8082251548767 630.82060614228249 868.92912790179253 622.46596968173981 773.80037117004395 99.664997130632401 215.9540399312973 391.27630519866943 516.81478586792946 1391.4508644342422 303.86971348524094 605.63140603899956 71.420930027961731 1131.6413665413857 596.03047728538513 265.3876581788063 712.56560429930687 4115.9495629966259 46.448636889457703 410.52154514193535 68.002127021551132 490.66649460792542 78.354736924171448 594.60861977934837 811.44777563214302 463.88131615519524 458.70086935162544 1133.8113880753517 620.33352741599083 155.89277723431587 1985.3283543884754 388.27262932062149 2004.2486452758312 398.27181395888329 419.15311965346336 967.93649932742119 242.46636894345284 501.98553413152695 803.21134349703789 1355.7652348279953 1058.085523635149 224.71475529670715 480.45195996761322 489.72417941689491 2499.520315349102 1648.4530263543129 199.87497571110725 271.80666181445122 376.7547858953476 2749.2529701888561 65.562921851873398 92.759992837905884 317.88557586073875 103.3644183576107 43.700087666511536 140.69742441177368 215.06687951087952 378.85029256343842 478.78423404693604 2222.3496308922768 198.48017159104347 730.41366326808929 52.104301959276199 409.91110959649086 1160.9589979052544 1334.5102982223034 508.63863804936409 1516.8701275587082 238.60961022973061 958.6409238576889 1097.7982819080353 838.24157190322876 867.74812650680542
leaf_count=1726 784 105 3152 44 2021 760 107 1399 1199 123 3269 63 948 1322 2671 1602 22 2255 1207 3273 768 30 791 105 434 8812 756 1066 849 909 96 356 289 765 1500 461 285 830 290 491 358 1291 5813 682 784 2568 311 221 264 408 2031 846 1271 1342 839 1134 795 907 131 329 323 644 1764 351 652 84 892 581 180 947 4984 54 495 51 588 93 620 928 639 577 1471 774 214 2726 543 2957 563 617 1451 273 530 1054 1859 1142 289 489 607 3572 2085 237 384 527 3089 39 137 403 146 29 198 261 453 568 3072 199 661 59 573 642 997 655 1995 338 1039 1363 948 1104
internal_value=9.66216e-09 -2.49623 -3.75194 3.55843 -2.64264 4.34567 -1.44717 1.18839 -0.108214 0.119207 2.10287 5.45154 2.93499 -0.893142 4.86036 -6.53865 1.15049 -3.40615 -5.16138 -4.23891 1.41639 -5.88899 -6.37553 -1.07687 3.44553 6.02323 -2.28032 -4.22643 -5.21461 -3.24659 3.57949 2.52625 -2.54001 0.758434 0.449702 -1.38204 -2.72077 -2.26436 -4.49263 -3.47754 -2.98132 -3.79544 3.22697 2.55393 2.53541 -2.98034 -3.25216 -5.86379 2.50063 7.98393 1.92178 1.95593 -1.14175 -2.16145 -5.63263 3.56363 2.21525 -4.38726 -1.2655 2.09891 7.88379 4.16707 3.64351 -2.18267 -2.56139 -1.53984 -7.44359 -4.87855 -4.01938 7.22227 8.24 -7.80704 0.487402 1.69685 2.69739 -0.366722 -4.88506 -1.27274 -3.69843 -3.27182 -3.22684 -1.54593 1.66063 -1.16478 -0.487277 4.65223 8.62502 2.37694 2.74999 -2.12198 -1.93288 -2.85531 0.0374956 -8.59837 -1.41116 -3.37883 -0.864002 1.47665 6.36884 6.03229 1.72168 7.09598 7.98034 -5.55807 -13.2688 1.04325 5.02463 3.19915 10.4453 -6.8263 4.39283 -0.666173 1.3916 -0.530376 -4.61534 6.90214 2.42054 -8.59023 -9.65357 1.53286 0.907384 2.20632 -7.203 -4.66005 -6.0151 5.33082
internal_weight=106978 62872.9 46892.1 44105.1 33540.6 35889.9 22745.1 15980.8 13510.6 8215.13 11852.4 24037.6 8689.48 7291.33 19832.8 13351.5 8902.61 9234.5 10795.5 8004.56 6131.68 11099.7 10041.3 3413.2 8947.14 10885.7 4968.17 7510.2 6587.98 2966.11 7933.13 5549.96 4608.01 5561.41 6581.45 3369.29 4420.95 1806.68 503.779 6306.55 5747.72 4655.14 5046.18 6856.08 5489.41 4398.04 4308.9 750.31 2918.03 437.752 2870.38 4913.22 1937.79 4089.27 1802.74 2673.1 1983.03 1504.29 730.486 6290.36 4131.91 5270.93 4754.11 2994.9 2901.06 2506.16 3036.38 3525.34 2929.31 828.687 4204.76 2790.97 1092.58 969.19 901.188 2730.48 2621.85 1058.34 2083.45 2020.38 3084.17 1792.03 776.226 2643.37 1010.74 3580.1 3538.8 6074.4 5655.25 341.019 2434.74 1397.82 2240.12 2449.95 2295.43 1274.05 793.594 4774.77 2091.06 2383.17 471.682 1911.49 3147.52 1292.13 158.323 1021.38 972.294 2188.65 184.398 3621.88 1331.98 796.67 3600.2 1009.93 2237.69 98.5529 2632.26 3453.35 2495.47 2480.28 2264.12 1755.48 1224.03 1556.5 1568.66 1244.5
internal_count=129039 71156 50203 57883 38572 47218 27193 20953 17017 10665 16710 30508 11486 9467 25461 11631 11253 10176 11379 8644 8042 10029 8872 3947 11914 13547 5731 7921 6442 3029 10538 7502 5764 7274 9392 3925 5661 2551 646 6855 6364 5123 6856 9395 7306 5475 5370 1051 3783 531 3806 6522 2120 5376 2188 3464 2618 1877 970 8713 4735 7318 6674 3464 3359 3182 2913 3832 3251 1043 5047 2735 1241 1134 1083 3366 2893 1157 2623 2579 3977 2330 988 3491 1338 4948 3975 8384 7767 386 3098 1674 3058 2349 2707 1447 958 6841 2519 3036 621 2415 3652 1647 176 1260 1280 3184 227 3413 1775 971 5096 1127 2365 113 3645 2430 1639 3252 2988 2333 1219 1940 1609 1631
is_linear=0
shrinkage=0.05


Tree=22
num_leaves=127
num_cat=0
split_feature=27 27 1 38 1 25 25 25 23 24 1 31 1 25 5 6 0 23 1 5 23 24 11 38 23 30 1 11 33 5 14 0 38 1 21 1 31 18 1 42 11 38 1 38 0 19 1 1 24 31 31 25 5 34 14 24 33 14 5 0 24 11 30 23 24 25 1 23 38 24 23 27 0 14 1 34 6 40 6 11 33 26 46 12 23 33 38 11 25 27 14 31 3 25 2 6 28 24 1 24 35 6 1 24 33 26 1 6 9 6 32 31 23 6 28 28 11 11 11 32 1 23 24 38 14 24
split_gain=3.45527e+08 8.80214e+07 6.83253e+07 5.11445e+07 4.33464e+07 3.24176e+07 3.22964e+07 2.57157e+07 2.21478e+07 2.16226e+07 2.04811e+07 2.61467e+07 1.94081e+07 1.75082e+07 1.71006e+07 1.67001e+07 1.5845e+07 1.5297e+07 1.38953e+07 1.21164e+07 1.18582e+07 1.1659e+07 1.16557e+07 1.15201e+07 1.15005e+07 1.10156e+07 1.17128e+07 1.06861e+07 1.0064e+07 9.66983e+06 9.53073e+06 9.32339e+06 9.22981e+06 8.9019e+06 8.66061e+06 8.55887e+06 8.17532e+06 8.10022e+06 8.06255e+06 7.80385e+06 7.78483e+06 7.77845e+06 7.64376e+06 7.50608e+06 7.17961e+06 7.009e+06 6.83386e+06 6.82728e+06 6.80831e+06 7.40471e+06 6.77462e+06 6.75594e+06 6.66983e+06 6.40838e+06 6.39232e+06 7.2206e+06 6.24996e+06 7.46809e+06 6.11598e+06 6.01416e+06 5.96868e+06 6.10539e+06 5.92634e+06 5.87418e+06 5.82808e+06 5.8036e+06 5.77383e+06 6.17316e+06 5.73019e+06 5.68721e+06 7.72383e+06 5.68503e+06 5.52131e+06 7.06374e+06 5.38497e+06 5.36628e+06 5.35414e+06 5.27659e+06 5.23642e+06 5.20626e+06 5.08893e+06 5.15093e+06 5.07686e+06 5.07457e+06 5.03382e+06 4.99338e+06 5.8761e+06 4.98965e+06 4.93199e+06 6.05473e+06 4.89701e+06 4.87499e+06 4.87188e+06 4.86677e+06 4.76939e+06 4.71233e+06 4.67248e+06 6.089e+06 4.67107e+06 5.5082e+06 4.59193e+06 4.50827e+06 5.49773e+06 4.5078e+06 4.43462e+06 4.4147e+06 4.39354e+06 4.8085e+06 4.72167e+06 4.39207e+06 4.37656e+06 4.37051e+06 4.3083e+06 4.29404e+06 4.25211e+06 4.22359e+06 4.22033e+06 4.19553e+06 4.1604e+06 4.12196e+06 4.11492e+06 4.08785e+06 4.11787e+06 4.06544e+06 4.05354e+06 4.02595e+06
threshold=0.01404320987654321 0.0078571428571428594 -4.4999999999999991 0.019598765432098767 -7.4999999999999991 0.15277777777777782 0.10277777777777779 0.075000000000000011 0.021653875225303803 0.019898217967360899 5.5000000000000009 0.00088744588744588777 -5.4999999999999991 0.13611111111111115 0.1202409638554217 0.15285947712418305 56.500000000000007 0.017392742121002992 13.500000000000002 0.133739837398374 0.04136866751809281 0.010867718258348985 0.23463088939279417 0.0099382716049382733 0.030828853046594985 0.015493827160493828 -7.4999999999999991 0.2440442427680091 0.024969424313483125 0.10275263951734541 9.5000000000000018 60.500000000000007 0.020462962962962964 -2.4999999999999996 39.500000000000007 10.500000000000002 0.0019698538176799053 2.5000000000000004 9.5000000000000018 1.5000000000000002 0.28992753623188411 0.0073148148148148157 14.500000000000002 0.0093518518518518542 59.500000000000007 1.0000000180025095e-35 -13.499999999999998 13.500000000000002 0.039967164806466095 0.0025642078228285134 0.00062380453426666568 0.16388888888888892 0.13667496886674971 0.058333333333333341 7.5000000000000009 0.013055545330351755 0.0091078668140873141 3.5000000000000004 0.21089696071163827 36.500000000000007 0.0085225433189165898 0.2097338145725243 0.0099382716049382733 0.025256470959595965 0.020100949639315645 0.13055555555555556 -1.0000000180025095e-35 0.012354346687614561 0.019920634920634925 0.021794888810577222 0.028011721828211194 0.033611111111111112 27.500000000000004 1.5000000000000002 4.5000000000000009 0.097222222222222238 0.07185886402753873 0.00095485793459175212 0.14017543859649126 0.23670062252405208 0.016289227850417743 8.5000000000000018 1.0000000180025095e-35 4.5000000000000009 0.014329604203746082 0.023277039454655243 0.021049382716049388 0.35032467532467537 0.18611111111111114 0.031180555555555559 6.5000000000000009 0.00041869938046849631 1.5000000000000002 0.49166666666666675 1.0000000180025095e-35 0.017700501253132835 0.14166666666666669 0.029298105246898305 -12.499999999999998 0.024742624899820497 7.5000000000000009 0.03555625790139065 5.5000000000000009 0.080357458871584048 0.024033394702857151 2.5000000000000004 18.500000000000004 0.09039836567926457 3.5000000000000004 0.20431354359925794 0.035137012012012019 0.00059694357939971989 0.021828877749930382 0.032522474881015347 0.68611111111111123 0.13055555555555556 0.27486263736263744 0.31843156843156845 0.23413839371286183 0.037380562380562386 -15.499999999999998 0.03785365226337449 0.031808928272008888 0.014365079365079367 2.5000000000000004 0.022013548637682883
decision_type=2 2 2 2 2 2 2 2 2 2 2 2 2 2 2 2 2 2 2 2 2 2 2 2 2 2 2 2 2 2 2 2 2 2 2 2 2 2 2 2 2 2 2 2 2 2 2 2 2 2 2 2 2 2 2 2 2 2 2 2 2 2 2 2 2 2 2 2 2 2 2 2 2 2 2 2 2 2 2 2 2 2 2 2 2 2 2 2 2 2 2 2 2 2 2 2 2 2 2 2 2 2 2 2 2 2 2 2 2 2 2 2 2 2 2 2 2 2 2 2 2 2 2 2 2 2
left_child=1 7 15 5 22 8 10 12 9 58 11 21 40 29 28 16 72 -8 32 41 35 66 65 62 38 42 109 46 63 31 116 71 39 75 43 76 79 52 -7 44 -1 95 80 114 96 110 -18 53 -26 -50 56 119 83 -11 55 -39 77 -58 59 -4 -61 -62 92 64 -10 82 -6 -68 124 -16 -71 101 -2 -74 -63 -23 103 -43 -45 113 81 -9 -3 -13 -35 86 -21 -75 89 -17 118 123 -12 -40 -25 -14 -19 -98 -24 -100 106 102 -5 -15 -31 -90 107 108 -96 111 -33 -27 -106 -30 -28 -44 -29 -66 -86 -22 -42 122 -81 -92 -52 -65
right_child=2 4 3 13 6 24 17 25 14 47 23 37 19 20 69 88 27 18 -20 85 51 33 98 94 48 26 34 30 36 104 -32 45 -34 84 -36 -37 -38 54 93 -41 120 50 115 78 -46 -47 -48 -49 49 -51 68 -53 -54 -55 -56 -57 57 -59 -60 60 61 74 -64 125 117 -67 67 -69 -70 70 -72 -73 73 87 -76 -77 -78 -79 -80 121 -82 -83 -84 -85 90 -87 -88 -89 105 -91 91 -93 -94 -95 100 -97 97 -99 99 -101 -102 -103 -104 -105 112 -107 -108 -109 -110 -111 -112 -113 -114 -115 -116 -117 -118 -119 -120 -121 -122 -123 -124 -125 -126 -127
leaf_value=0.27222244243727101 -11.067727026013426 -5.3548592228073701 -3.3983293977673634 -0.54227850520080068 -3.7546239743182479 7.9794395311830897 9.9944238229696118 4.843704505604645 -4.8422514989841208 2.8152387430295924 18.03776625479567 -1.9980473934753 7.6490894365246831 1.9691310989728112 -10.279856992612217 -8.785884598167149 -5.1150356829723833 -3.391961994344157 -6.0500043018674647 -0.99193792488126398 -2.9737292621821569 -0.86200959947550249 -7.444645743066336 -12.588068220953984 -4.7235960344375796 6.5438123982682939 6.291320321511261 0.036859307979861942 9.1926820375927107 -10.084546984155168 -9.9312341151203132 3.5533917625978684 -0.33125553521701046 8.9037813266455466 8.7520323565368887 -5.5609363449780034 -6.4261528756578876 -8.5749214461855292 -4.1116726440587792 1.7701367326229027 -16.086314304979222 1.0685104290003828 4.2899685292799949 3.3087625178472617 7.2708991680368689 -7.6543472599353795 1.6971189626249954 -2.8603944889770205 4.4097245899115558 -3.368562046489239 4.1882839658809692 -3.5825780143347501 -5.3544274191563908 11.046786646055127 -16.269781894238143 -1.6905433653605479 10.516747693414219 3.9824283312651838 -6.7054494443372539 20.747206090453901 5.7395307760459939 2.1642436134207306 -0.84905221766620387 -9.7019657313755161 3.219432644090221 4.7240880544003643 5.1092797381961956 -2.0043245115041364 -5.4144584549830022 -0.82642864895801194 -8.3324412271909054 -10.973316251744064 -2.2267063109634879 -6.7788323962740229 -3.207007304790034 4.8975979982597799 -2.0595793613978008 -17.124170510200042 -4.4718025812256519 -0.40822974932481604 9.3291723341277457 13.756514444558059 0.082473213070260676 3.2172239564117406 8.5511252071025226 4.4039614056574514 -18.167903531257789 -12.79215343512945 -6.8695259517861862 -14.03414040215991 5.3250426120696543 -2.690584565154218 3.4327067384144323 5.4945200896290372 -7.2748027592538511 4.4353073880209735 0.87171400648454211 6.4180982797269115 -5.164214154105129 0.85295356798101618 6.3132254950169973 -6.4549755128250315 -7.1910718585533333 12.164422262931884 -2.3090454750875424 4.5469585804106769 -9.8010553564450316 -7.7576226819838823 -1.5497344684843988 -8.9439721146958071 -4.977492588341363 -0.56718667383421384 -7.6561085699077402 1.676461793607265 -1.5614228052275392 -7.1781814378919577 -5.3727684064915566 -7.2436618309053262 4.1369971450385519 -13.881081387658501 -4.4751212292374802 -11.78312342404123 10.067133183044199 -0.82014107321687701 -0.14368578198366283 -4.0660774949302549
leaf_weight=2140.7420170307159 787.45957067608833 652.66425347328186 1014.7173784971237 936.70384496450424 763.62637269496918 1546.3067012131214 905.15014553070068 1406.6873615682125 563.25038588047028 357.47487184405327 64.503990739583969 678.45314899086952 2075.9802405536175 1516.2864410281181 821.46237474679947 3014.3918972313404 507.4467359483242 228.07748362421989 390.90597683191299 1260.3818373978138 119.20631816983223 1214.5999891161919 1378.686648607254 151.10574409365654 430.36769819259644 289.57725110650063 4237.5420605838299 646.27380812168121 380.71641039848328 1366.3530421257019 744.47079437971115 685.0761431157589 1261.5338960587978 757.7842797935009 1620.6681839823723 622.64779725670815 314.25103628635406 470.13111466169357 256.70670658349991 2088.7070338129997 93.494551807641983 169.40710037946701 265.71408346295357 2464.2423688471317 2519.270162910223 260.79456967115402 1341.2815228998661 158.78531339764595 1166.5498616099358 414.75603237748146 1092.142921179533 1141.3152888417244 411.63443410396576 698.3414381146431 94.171599209308624 2006.1781380474567 577.50267788767815 1800.7410129606724 399.52447798848152 38.389741241931915 506.96916064620018 959.68076598644257 1621.9379658102989 396.27726832032204 697.5881874859333 418.44261234998703 652.57122936844826 572.56362181901932 292.16461211442947 611.52999138832092 779.7324934899807 437.85181897878647 781.09885016083717 2694.9406591653824 908.25261896848679 606.28466033935547 927.01236018538475 52.118544369935989 237.05024692416191 802.04223284125328 3214.0390798449516 183.21899604797363 1254.420989215374 1492.5209350287914 946.18645229935646 455.83015155792236 51.84330940246582 395.61089786887169 419.79459938406944 672.07119700312614 1102.3907855451107 357.47555634379387 497.39273744821548 271.08245667815208 428.78357487916946 2531.5651164650917 836.54895806312561 1211.4421994388103 1541.2924108803272 504.93265730142593 114.92405769228935 1979.1850823163986 465.38284882903099 116.76827344298363 487.6798640191555 106.07655063271523 284.31188979744911 511.30794242024422 2249.7061412036419 116.75810143351555 192.61344590783119 851.32061818242073 1655.6618631184101 379.37938445806503 179.69598692655563 115.0460302233696 815.46501785516739 111.06275486946106 1224.8005540966988 316.83608803153038 414.99839463829994 69.279293984174728 106.24262908101082 356.0721962749958 1068.1743295490742 1581.3750593960285
leaf_count=3336 519 821 1146 1095 1080 1931 947 1849 669 443 58 838 2458 1813 729 2351 532 301 519 1841 106 1823 1538 160 543 388 5110 785 467 1065 627 843 1649 841 1879 635 349 552 311 3156 73 254 339 3370 3055 243 1799 194 1568 523 1470 1227 534 800 96 2783 690 2497 456 30 645 1236 2402 383 914 596 818 792 396 788 736 281 838 2489 1153 829 1049 49 350 1026 3350 172 1807 2110 1171 586 42 243 425 314 1390 535 662 368 513 3368 1141 1572 2000 745 136 1746 418 145 518 131 299 613 3068 152 209 1294 1469 519 271 157 813 110 1674 181 617 59 135 507 1564 1846
internal_value=8.94464e-09 2.32489 -3.47316 -2.16261 0.626311 -0.32666 1.41085 4.34654 -1.57674 0.993574 0.255141 1.31683 2.80716 -4.48641 -3.27881 -6.51162 -5.2621 3.81385 3.15851 3.70105 -2.06025 3.01172 -3.34017 -2.2015 3.54567 5.77392 4.80398 -2.97669 -1.76221 -5.85033 -5.32633 -4.42863 3.60042 4.02764 5.45323 -0.303381 0.995272 -1.49675 6.15817 4.32092 -1.04875 4.39758 7.64411 4.70219 5.43197 -0.457275 -0.17271 6.80603 0.852101 2.36958 3.04263 -5.60517 0.480958 8.25978 -3.48379 -2.99755 4.82093 5.56914 -0.850908 -0.168579 1.18944 0.873289 0.684027 -3.45142 -0.937431 -0.608339 -0.342205 1.78476 1.15753 -6.98097 -5.03317 -5.6125 -7.25116 -6.4749 -0.447441 1.05572 0.975338 -3.2117 2.62598 2.33742 8.1846 5.87081 -1.77835 1.58739 5.16818 -0.104435 -1.67052 -7.54858 -9.0965 -9.74268 4.45817 2.54217 5.10932 0.822249 -3.88634 5.88331 3.39654 4.15255 -5.19509 -3.6794 -3.51998 -4.91831 -2.74916 2.69812 -7.85853 -4.56664 -3.84526 -3.31441 -2.46623 0.292449 1.68125 1.23769 -6.43948 5.44118 5.97187 0.824886 -2.98103 1.7824 6.06082 -10.8992 -6.61002 -0.0758879 0.81708 3.82474 2.04633 -5.19538
internal_weight=106978 64082.1 42895.9 29969.5 34823.5 16742.1 29073.1 29258.6 12656.3 5042.14 19631.4 13707.4 14077.1 13227.4 7614.19 12926.4 8714.05 9441.64 8536.49 11427.9 4760.07 8554.36 5750.44 5923.97 4085.77 15181.6 9996.85 4054.94 5401.46 8467.3 2206.21 4957.61 8145.58 6565.59 8739.2 3182.71 2051.91 5153.09 2074.1 6884.05 2649.23 9659.8 5184.71 7118.53 4795.34 1138.48 1848.73 1214.6 2011.67 1581.31 5052.25 1577.36 2582.61 1055.82 2570.48 2476.31 2599.77 2378.24 3827.53 3428.01 2413.29 2374.9 2183.83 3349.55 1371.9 2325.53 1988.76 1225.13 2452.48 2212.72 1391.26 3819.12 4659.11 3871.65 1867.93 1820.88 2560.07 221.526 2701.29 1737.66 4803.95 1589.91 1907.09 2170.97 4744.71 1768.06 1312.23 3090.55 4212.33 3686.46 3986.93 1815.94 561.897 527.789 3740.14 4607.55 2276.07 2047.99 3424.91 2046.23 3589.03 3381.27 1402.09 1633.05 3509.69 525.871 3474.11 3189.8 2678.49 1257.66 877.69 1140.9 2143.34 760.096 4417.24 380.76 1461.74 808.651 2170.99 436.042 508.493 977.564 908.285 1458.46 2160.32 1977.65
internal_count=129039 84053 44986 33120 46131 20077 38624 37922 14833 6103 26284 18373 19241 13043 8730 11866 8645 12340 11393 15215 5156 11460 7507 7911 5244 18681 12814 4556 6477 7887 2225 4835 10874 8770 10980 3642 2555 6913 2610 9225 4026 12746 5867 9101 6069 1295 2331 1437 2634 2091 6920 1514 3482 1243 3431 3335 3490 3187 4666 4210 3064 3034 3122 3922 1693 3224 2690 1610 3430 2253 1524 3540 4089 3570 2389 2652 3007 303 3720 2206 5371 2021 2628 2948 6118 2469 1883 2732 3221 2665 5277 2432 720 679 4789 5826 3014 2713 4283 2745 4629 3259 1513 1958 3052 556 4493 4194 3581 1834 1052 1682 1987 986 5381 496 1598 1024 2845 287 690 1220 1161 1897 3034 2229
is_linear=0
shrinkage=0.05


Tree=23
num_leaves=127
num_cat=0
split_feature=27 36 6 36 13 11 6 11 25 9 27 37 9 42 33 6 25 27 25 14 33 14 11 30 23 25 30 33 36 37 36 30 5 25 14 15 6 37 15 30 19 30 23 23 25 23 25 25 23 42 39 33 3 11 23 5 11 27 15 39 30 15 39 25 42 23 9 39 36 5 27 5 11 3 11 14 18 33 10 36 23 42 10 33 23 37 9 11 2 36 7 33 30 6 11 14 40 36 33 13 27 33 33 5 14 30 18 5 39 23 25 33 18 43 10 39 25 33 5 6 33 36 27 25 23 7
split_gain=3.12424e+08 1.05632e+08 5.33388e+07 3.44847e+07 3.42762e+07 2.71689e+07 2.39604e+07 2.2018e+07 1.97224e+07 1.69105e+07 1.61226e+07 1.48341e+07 1.44361e+07 1.28135e+07 1.25303e+07 1.22579e+07 1.20667e+07 1.12926e+07 1.11985e+07 1.11962e+07 1.10687e+07 1.09683e+07 1.08766e+07 1.01034e+07 1.00455e+07 9.28674e+06 9.16812e+06 8.92589e+06 8.29297e+06 8.10551e+06 7.57189e+06 7.23201e+06 7.39351e+06 7.19048e+06 6.9801e+06 6.97116e+06 6.85019e+06 6.70366e+06 7.58561e+06 6.61394e+06 6.91406e+06 6.58994e+06 6.53241e+06 6.5102e+06 6.33429e+06 7.43914e+06 7.97759e+06 6.29773e+06 7.21674e+06 6.32146e+06 6.28887e+06 6.25086e+06 6.11813e+06 9.0882e+06 6.10793e+06 5.93082e+06 5.83037e+06 5.8987e+06 5.82689e+06 5.81127e+06 5.7903e+06 6.73896e+06 5.59406e+06 5.48191e+06 5.38887e+06 5.31423e+06 5.19358e+06 5.18827e+06 5.1878e+06 5.17743e+06 5.1722e+06 5.16159e+06 5.12816e+06 5.23264e+06 5.10867e+06 5.03123e+06 5.00962e+06 5.0048e+06 5.40522e+06 4.86814e+06 4.84989e+06 4.84054e+06 4.7822e+06 4.74167e+06 5.65758e+06 4.73611e+06 4.72175e+06 4.90891e+06 7.28913e+06 4.69534e+06 5.10198e+06 4.61713e+06 5.07305e+06 4.46505e+06 4.43691e+06 4.50819e+06 4.83338e+06 4.52369e+06 6.13383e+06 4.49505e+06 4.41008e+06 4.34303e+06 4.29278e+06 5.36078e+06 4.28189e+06 4.27858e+06 4.24941e+06 4.2422e+06 4.24109e+06 4.24037e+06 5.62495e+06 5.60595e+06 4.18739e+06 4.17972e+06 4.6386e+06 4.17272e+06 4.12108e+06 4.10364e+06 4.10247e+06 3.98414e+06 3.9348e+06 3.83779e+06 3.82104e+06 3.81546e+06 3.79984e+06 3.75874e+06
threshold=0.0094841269841269855 0.010833333333333335 0.097800095648015326 0.0064153439153439165 1.0000000180025095e-35 0.23983471074380167 0.13536417773705914 0.25652371227592469 0.063888888888888898 5.5000000000000009 0.017253086419753091 0.8583333333333335 5.5000000000000009 1.5000000000000002 0.014416061170412345 0.18127053669222346 0.32500000000000007 0.018968253968253971 0.16388888888888892 5.5000000000000009 0.029429705223663918 8.5000000000000018 0.2466642946095001 0.0205952380952381 0.024230036774363018 0.14166666666666669 0.018425925925925932 0.027908611397885186 0.026150793650793657 0.52500000000000013 0.0071825396825396836 0.024523809523809528 0.034286833855799378 0.091666666666666688 13.500000000000002 5.5000000000000009 0.1106014271151886 0.18055555555555558 22.500000000000004 0.0064153439153439165 1.0000000180025095e-35 0.021635802469135806 0.016177903910102053 0.03319613821138212 0.14166666666666669 0.019217988480283565 0.080555555555555561 0.12500000000000003 0.038941299790356397 1.0000000180025095e-35 0.035634920634920637 0.0234060695886463 11.500000000000002 0.26339712918660291 0.022408976773383556 0.10275263951734541 0.29442724458204339 0.028055555555555559 16.500000000000004 0.02194444444444445 0.014365079365079367 22.500000000000004 0.0065740740740740751 0.10833333333333335 2.5000000000000004 0.011142322097378279 1.5000000000000002 0.0039285714285714297 0.013734567901234571 0.20864427860696519 0.0049691358024691367 0.042705167173252283 0.21401308615049075 8.5000000000000018 0.32413399314807773 11.500000000000002 2.5000000000000004 0.015760900959469203 6.5000000000000009 0.015039682539682542 0.02250235404896422 1.0000000180025095e-35 9.5000000000000018 0.020265489025062165 0.026572061191626414 0.10833333333333335 1.5000000000000002 0.20346482675866209 1.0000000180025095e-35 0.02194444444444445 2.5000000000000004 0.01926245793067724 0.013734567901234571 0.2573593073593074 0.17405329593267885 2.5000000000000004 0.00076353978078116025 0.014365079365079367 0.017658674126575468 15.500000000000002 0.066944444444444459 0.042049747339808034 0.026752734177934463 0.07854152897113903 11.500000000000002 0.013263888888888889 2.5000000000000004 0.12556306306306309 0.030079365079365084 0.025712440014765602 0.080555555555555561 0.030024937817227242 2.5000000000000004 1.0000000180025095e-35 12.500000000000002 0.0065740740740740751 0.28611111111111115 0.0087591284209665183 0.20864427860696519 0.13900966183574884 0.025690674927081526 0.020462962962962964 0.036736111111111115 0.19722222222222227 0.018985690235690238 4.5000000000000009
decision_type=2 2 2 2 2 2 2 2 2 2 2 2 2 2 2 2 2 2 2 2 2 2 2 2 2 2 2 2 2 2 2 2 2 2 2 2 2 2 2 2 2 2 2 2 2 2 2 2 2 2 2 2 2 2 2 2 2 2 2 2 2 2 2 2 2 2 2 2 2 2 2 2 2 2 2 2 2 2 2 2 2 2 2 2 2 2 2 2 2 2 2 2 2 2 2 2 2 2 2 2 2 2 2 2 2 2 2 2 2 2 2 2 2 2 2 2 2 2 2 2 2 2 2 2 2 2
left_child=3 7 4 25 16 12 8 11 22 89 27 15 31 14 69 30 17 33 24 26 44 43 113 72 63 36 -11 71 59 94 65 66 86 -3 42 124 70 -32 112 40 62 50 79 105 45 46 119 54 52 -50 93 -38 53 83 77 106 57 116 109 -29 61 118 -21 76 -15 -2 -6 -63 -31 85 -1 74 -16 -74 104 -65 -12 -19 -79 107 -37 -34 -80 -49 -85 -10 -33 88 -88 90 -7 -72 -93 -20 -8 96 -96 98 -97 -99 -18 -81 103 121 -4 -14 -47 -24 -105 110 -41 -111 -39 -5 -115 -73 -28 -109 -23 125 -42 -25 -56 -58 -35 -9
right_child=1 2 10 6 5 9 29 20 13 19 18 -13 21 64 23 -17 100 47 41 39 -22 60 34 102 -26 -27 56 28 -30 68 37 32 81 35 -36 80 51 38 -40 58 120 -43 -44 -45 -46 55 -48 48 49 -51 -52 -53 -54 -55 122 -57 123 -59 -60 -61 -62 67 -64 75 -66 -67 -68 -69 -70 -71 91 115 73 -75 -76 -77 -78 78 82 101 -82 -83 -84 84 -86 -87 87 -89 -90 -91 -92 92 -94 -95 95 97 -98 99 -100 -101 -102 -103 -104 108 -106 -107 -108 117 -110 111 -112 -113 -114 114 -116 -117 -118 -119 -120 -121 -122 -123 -124 -125 -126 -127
leaf_value=7.5998553693654047 19.582696212229507 -4.3338740681240564 -1.4722552794596926 0.40177095643380079 -5.9391409580573891 6.4449727469033178 7.3142579254302191 2.2162906533633961 8.8825474590265383 5.5094160737362508 1.6811314747915398 -3.5460978927166318 12.863356009595586 0.83397715337225964 9.4510906241139949 -3.2951583194037939 8.2449288769366174 -8.8602991543596712 0.033902243433072889 19.115175493987184 3.8971412110506636 5.4772155581137154 2.5939635541696782 4.664504526570374 -9.6171863340149173 9.1461498520295095 1.9778644136062997 6.1571629244304589 -5.1947895941212181 -2.8713475886193578 5.3910525576845369 -7.7436014758554128 -7.4217464733355074 13.603752614751034 -9.8897174563827175 1.6443347751909325 0.31720572971700389 4.0200511486991628 -8.0356531455027191 -4.4566935953269029 -7.4055089991227483 -6.4595190838669199 -5.6070843417082141 0.89641493340035694 1.8074570673362924 2.1611429580731318 5.7082424796995754 -4.3424162186766528 -14.014634733458422 -4.7506894000156219 17.633324990147198 7.2045037542465096 -12.005881788849706 -5.4648048736325725 -8.0533304649857111 -8.2939610082204229 -3.7961879324228542 -5.0625171614467002 -10.972784129180122 -1.1994282774461988 -2.7256366564910035 6.3159641171511591 1.8224284094687651 5.8173855809554542 -10.557287015247315 5.2815069140294657 2.7255073250029462 -4.7981161496288989 -11.377987260982454 -6.9720577732757096 3.7954933487176286 0.93995133873434566 6.5477027682513684 -1.2241360432852317 -9.6259059699360385 -5.118563758606701 -7.5308279689112272 -5.896485797930656 13.832372647964361 -4.3279062519958478 -6.4471945597516616 -2.0031398410101122 -0.4768155530556718 16.765110762635505 3.2995817228660891 1.4649745904666134 -0.27954482077340631 -2.3658940327327831 8.9040095349701591 -7.5101048866907334 -4.4814639852279727 9.9865522709818144 5.1837190395609198 -9.3101224397968991 14.416027755578881 -2.699945466343459 -1.5045976240386636 -2.4522121966902866 3.0666986109235337 -12.536946621638068 -7.0500130187607457 5.0206643733080094 5.7822694572211741 2.2562233633667437 -6.8184988508218511 6.0012439298179627 -4.1026671438282349 -10.944302900397355 -4.2971963110367835 -7.8929174549614167 0.96386526008374551 -2.0972362470328179 0.84496311471527152 4.4342566367763627 -0.97231357377720296 -7.4609858402629046 16.463846027503958 -0.11399423919215686 -4.2512021000527538 -7.4725284384138151 8.7779453652543378 -4.8063429501536792 -14.326178089407897 3.6278509399099685 1.6490599470733462 -2.8946205288337241
leaf_weight=2475.0155518651009 66.340868026018143 3641.4650647938251 1688.1137381196022 1287.1474953591824 195.44440248608589 112.36282080411911 196.38199844956398 577.16105672717094 237.79728758335114 734.41361418366432 162.27050140500069 908.87057167291641 275.72217386960983 1614.1413621306419 1595.3240292966366 692.61871594190598 248.44525966048241 308.58884578943253 687.17489442229271 87.848134011030197 961.69475430250168 1065.7839557826519 2146.6044868826866 2540.2451704442501 4335.6901307106018 1640.8608319163322 1565.9168078899384 446.44684022665024 703.07304489612579 579.99033442139626 1579.2628968954086 178.37560188770294 812.92325791716576 72.203028678894043 194.63596221804619 278.47605267167091 1224.5623664259911 1667.4241587519646 194.93661004304886 939.00225496292114 152.29969736933708 1164.0660489797592 489.50718706846237 552.39917382597923 959.46389749646187 331.21029216051102 416.16787859797478 138.11989626288414 262.58004370331764 616.49700874090195 44.246572911739349 450.69523087143898 125.45868191123009 479.45674774050713 2497.8332045078278 730.88569661974907 1392.8240321278572 313.45045703649521 265.80208948254585 673.29847940802574 831.65338215231895 138.43799924850464 100.0065581202507 184.86791115999222 110.96006041765213 3117.3586568534374 1502.2254594862461 434.82297191023827 259.38295197486877 165.09085533022881 3842.0269305706024 159.51622968912125 3016.7540082931519 233.32849124073982 299.38627600669861 243.96552523970604 1630.7268348932266 265.81473958492279 86.625788122415543 714.5280669927597 552.80145567655563 836.01162868738174 179.13623470067978 99.65404537320137 359.07466903328896 2264.3630320727825 565.52569651603699 685.76993769407272 349.66649505496025 1548.8618758022785 2172.468444108963 748.86559727787971 2068.4563708603382 157.07263153791428 101.80489921569824 858.10230523347855 89.65714505314827 708.92551943659782 996.79646441340446 130.89791098237038 58.162496298551559 150.38125020265579 2277.5865313410759 771.33003914356232 481.30345839262009 1289.6250840425491 1483.6338781714439 111.55836528539658 363.09163826704025 878.21223425865173 976.10572972893715 794.87643766403198 2752.7201564013958 3056.2159807384014 455.8975969851017 2014.1236501038074 50.686220318078995 404.95698311924934 120.63379609584808 278.29103615880013 49.854514837265015 111.66754227876663 268.90370559692383 197.61877489089966 837.20309829711914 954.94213765859604
leaf_count=2836 48 4096 2005 1843 219 150 237 837 271 928 166 1147 302 2432 1658 868 337 265 854 77 1276 1453 3069 3434 3068 1712 2061 596 786 836 2055 176 890 74 276 347 1842 2266 261 1177 159 1093 711 688 1291 441 571 150 127 591 40 492 98 463 1957 817 1603 323 254 896 1053 176 102 207 159 4051 1911 548 253 231 5325 212 3631 346 260 230 1376 249 82 892 570 1059 187 95 403 3219 734 843 417 1407 2532 714 2531 112 119 1271 128 963 1398 135 67 214 2892 1054 542 1694 1851 121 527 891 1255 975 3820 4188 701 2100 55 564 159 338 55 127 136 236 1020 1330
internal_value=9.92961e-09 -2.11682 -3.32015 3.44911 -2.20992 -1.06493 2.48248 1.19362 3.06747 -2.6281 -5.79051 2.57158 0.895209 4.16032 4.67608 3.1237 -4.44099 -4.712 -7.20743 -1.38459 -1.06671 2.89381 1.2118 5.42716 -8.21627 5.64123 0.427862 -3.90354 -0.93868 -1.14406 3.59777 -0.940859 -2.26246 -3.07032 -0.642395 -0.427005 5.1092 2.57921 1.61701 -3.2017 3.00314 -3.98437 -0.194393 5.56311 -1.89956 -2.64485 -0.534002 -6.26547 -4.07498 -7.51783 -0.741541 2.1701 -1.55658 -0.33857 -7.52917 -4.49105 -0.632206 1.2149 -3.82961 1.73367 0.712353 2.3372 9.90919 -5.48252 0.101281 5.57951 1.72799 -2.11415 -5.50007 1.60407 5.64823 -5.06767 7.12938 5.98975 -3.5033 -0.404132 -6.69712 -3.79537 -0.855093 0.556607 -3.73655 -4.67451 4.1873 3.77941 6.22483 2.16992 -0.0271924 0.832553 3.22921 -5.38483 -3.94413 4.92289 6.46035 -1.70456 0.042063 -0.452752 6.96078 -0.979489 0.398968 -4.02406 5.34353 -2.70248 4.06699 3.0352 -2.65836 7.20994 -2.95952 1.61507 0.158686 -3.30046 -1.6939 -5.13942 2.04271 2.83917 3.73244 -6.84447 2.43205 -2.45315 4.48804 -1.96895 -3.41441 4.2657 -8.663 -2.87372 2.59821 -0.969281
internal_weight=106978 66292.5 48619.5 40685.5 33544.1 22167.6 28235.1 17673 24313.1 12332.6 15075.3 10979.5 9835.02 15301.7 13576.6 10070.7 11376.5 11069.9 8610.08 8498.92 6693.45 4709.08 9011.43 10909.3 6557.52 12450.5 4254.91 6465.26 1822.82 3921.94 9378.04 5125.94 3428.27 5382.15 4212.17 1740.68 10809.6 6194.34 4615.08 4244.01 390.009 2052.56 4017.54 2117.75 5731.76 4772.29 2226.56 5687.74 2080.84 879.077 888.494 1675.26 1201.76 1076.31 3606.9 2545.73 3520.5 1930.05 3854 1119.75 2591.33 1759.68 187.855 2221.83 1725.1 3183.7 1697.67 573.261 839.373 2667.25 9134.36 4642.44 4845.41 3250.08 2468.8 428.833 1793 840.166 531.577 3528.03 831.278 1648.93 265.762 596.849 458.729 2502.16 1779.34 1600.96 915.192 3833.69 2284.83 6659.35 2817.32 844.248 3082.57 2886.18 191.462 2694.72 1854.9 839.823 306.608 864.909 6063.92 3786.33 2169.42 1565.35 1814.84 2663.12 1134.42 3588.2 1915.11 1673.09 4420.14 4799.26 3512.11 2173.64 1616.6 516.515 1186.42 1810.39 202.154 2651.91 2766.74 1590.44 909.406 1532.1
internal_count=129039 75687 52419 53352 37876 26562 37900 23268 32560 14240 14543 14516 12322 19981 17390 13369 11314 10910 7146 10151 8752 6073 12579 13669 5047 15452 5206 7397 2278 5340 12501 6249 4119 6107 5847 2011 13740 8402 6347 4945 393 2099 5571 2684 7476 6185 3076 4803 1927 718 1006 2334 1209 1111 2876 3109 4278 2439 4552 1492 3389 2336 179 1979 2591 4099 2130 724 1089 3721 11406 5119 5635 3977 2807 437 1542 783 518 4860 917 1949 269 648 498 3490 2170 1994 1151 4089 2682 8570 3245 966 4251 4014 247 3767 2669 1098 404 1106 8034 5142 2547 1996 2292 3754 1581 4298 2432 1866 6086 6732 4889 2312 2116 685 1612 2505 214 3561 2093 1839 1094 2167
is_linear=0
shrinkage=0.05


Tree=24
num_leaves=127
num_cat=0
split_feature=27 27 1 30 1 25 5 1 0 6 25 11 6 42 24 0 16 42 21 6 11 30 1 1 36 39 1 36 25 1 37 11 36 6 1 39 39 36 32 14 0 21 1 1 6 30 16 10 27 5 21 24 25 1 1 25 36 27 24 6 1 0 5 21 11 14 27 1 0 27 14 0 5 9 14 9 30 0 6 24 39 27 15 0 11 0 14 30 30 14 15 24 0 16 11 5 0 5 5 11 9 15 5 0 42 4 25 14 0 25 14 24 5 15 36 36 30 11 21 11 0 11 4 30 37 27
split_gain=2.83505e+08 7.23903e+07 5.97902e+07 5.13475e+07 3.80617e+07 3.00634e+07 2.74725e+07 2.50058e+07 2.49652e+07 2.20732e+07 1.78495e+07 1.76422e+07 1.74801e+07 1.6569e+07 1.96021e+07 1.435e+07 1.40953e+07 1.30968e+07 1.30851e+07 1.29718e+07 1.19242e+07 1.18487e+07 1.11058e+07 1.10922e+07 9.89609e+06 9.84768e+06 9.76809e+06 9.41688e+06 9.2718e+06 9.26178e+06 8.91471e+06 8.79742e+06 8.08875e+06 7.88879e+06 7.77747e+06 9.16674e+06 7.66674e+06 7.42382e+06 7.22716e+06 7.07206e+06 8.55622e+06 7.06993e+06 7.06944e+06 7.07155e+06 7.0049e+06 6.40913e+06 6.38922e+06 6.38069e+06 6.31734e+06 6.22011e+06 6.13009e+06 6.12488e+06 6.00154e+06 5.95832e+06 5.92096e+06 5.8686e+06 5.86092e+06 5.57274e+06 6.58456e+06 5.51624e+06 5.66688e+06 6.3389e+06 5.44277e+06 5.35746e+06 5.35417e+06 5.50811e+06 5.26782e+06 5.2365e+06 5.2273e+06 5.13949e+06 5.0955e+06 5.14711e+06 4.91181e+06 4.86329e+06 6.24945e+06 4.8133e+06 6.3688e+06 4.80596e+06 4.80533e+06 4.71627e+06 4.69847e+06 4.69735e+06 4.62295e+06 4.59147e+06 5.50446e+06 4.55021e+06 6.60943e+06 4.50255e+06 4.44971e+06 4.40285e+06 4.33204e+06 4.31325e+06 4.24409e+06 4.13189e+06 4.10471e+06 4.77686e+06 4.09919e+06 5.83376e+06 4.07499e+06 4.05062e+06 5.53583e+06 4.28945e+06 4.2669e+06 4.03184e+06 4.01999e+06 4.01138e+06 4.01779e+06 4.06195e+06 5.51766e+06 3.9722e+06 3.96168e+06 3.9197e+06 4.45781e+06 3.87759e+06 3.87692e+06 3.87326e+06 3.85861e+06 3.98565e+06 3.84385e+06 3.91007e+06 3.81081e+06 3.80916e+06 3.80778e+06 3.78554e+06 4.68482e+06 3.77601e+06
threshold=0.01404320987654321 0.0078571428571428594 -7.4999999999999991 0.016388888888888894 -9.4999999999999982 0.10277777777777779 0.061381475667189961 9.5000000000000018 52.500000000000007 0.13536417773705914 0.10833333333333335 0.2466642946095001 0.033150183150183157 1.5000000000000002 0.019898217967360899 16.500000000000004 3.5000000000000004 1.5000000000000002 39.500000000000007 0.052357456140350887 0.26013698630136989 0.0039285714285714297 -15.499999999999998 11.500000000000002 0.010833333333333335 0.012738095238095239 14.500000000000002 0.021635802469135806 0.49166666666666675 5.5000000000000009 0.2305555555555556 0.28931515535827529 0.016080246913580249 0.06472559698366151 13.500000000000002 0.0093518518518518542 0.0029320987654320994 0.020462962962962964 0.016900610717100081 4.5000000000000009 20.500000000000004 41.500000000000007 7.5000000000000009 -1.4999999999999998 0.2573593073593074 0.021635802469135806 3.5000000000000004 12.500000000000002 0.025154320987654324 0.25131578947368427 39.500000000000007 0.021911638125364761 0.15277777777777782 10.500000000000002 9.5000000000000018 0.28055555555555561 0.016944444444444446 0.018293650793650796 0.032295318770131691 0.082903780068728533 4.5000000000000009 56.500000000000007 0.098476102516739786 41.500000000000007 0.23697775366250681 15.500000000000002 0.0052777777777777788 -3.4999999999999996 116.50000000000001 0.028950617283950621 21.500000000000004 141.50000000000003 0.15034246575342466 3.5000000000000004 5.5000000000000009 3.5000000000000004 0.031706349206349217 48.500000000000007 0.019803921568627456 0.012675774404483442 0.003402777777777778 0.020069444444444449 4.5000000000000009 40.500000000000007 0.194537658463833 57.500000000000007 9.5000000000000018 0.05694444444444445 0.025154320987654324 4.5000000000000009 9.5000000000000018 0.012484396458123154 64.500000000000014 2.5000000000000004 0.31057781919850891 0.12208672086720869 58.500000000000007 0.083771929824561414 0.093178294573643419 0.28931515535827529 4.5000000000000009 8.5000000000000018 0.20603395997574289 30.500000000000004 1.5000000000000002 9.5000000000000018 0.041666666666666678 9.5000000000000018 90.500000000000014 0.14722222222222223 7.5000000000000009 0.054296946057580689 0.10741758241758244 5.5000000000000009 0.013734567901234571 0.0049691358024691367 0.0099382716049382733 0.25410277105192364 26.500000000000004 0.34104278074866318 58.500000000000007 0.35032467532467537 3.5000000000000004 0.0058333333333333345 0.069444444444444461 0.026150793650793657
decision_type=2 2 2 2 2 2 2 2 2 2 2 2 2 2 2 2 2 2 2 2 2 2 2 2 2 2 2 2 2 2 2 2 2 2 2 2 2 2 2 2 2 2 2 2 2 2 2 2 2 2 2 2 2 2 2 2 2 2 2 2 2 2 2 2 2 2 2 2 2 2 2 2 2 2 2 2 2 2 2 2 2 2 2 2 2 2 2 2 2 2 2 2 2 2 2 2 2 2 2 2 2 2 2 2 2 2 2 2 2 2 2 2 2 2 2 2 2 2 2 2 2 2 2 2 2 2
left_child=1 9 21 7 30 11 8 13 19 10 18 15 91 14 62 -6 26 27 20 29 42 -2 -23 33 -17 64 37 34 36 39 52 41 66 56 35 -7 -9 50 -29 40 -5 44 43 83 79 53 115 92 51 59 73 -21 123 -12 57 -50 75 -14 120 60 61 -26 105 96 65 -24 -22 114 -36 -69 -49 -72 109 -8 77 -13 82 87 -16 -11 -44 -38 121 -1 -85 89 -87 -75 -53 103 -32 -10 -15 94 95 -35 113 122 -46 100 -39 102 -102 -27 -45 106 -4 -108 -109 -52 -63 112 -19 -37 -42 -20 117 -84 -33 -120 -59 -77 -98 124 -3 -74
right_child=2 4 3 6 5 17 16 28 12 31 45 23 54 47 78 24 -18 111 46 48 32 22 25 -25 49 85 -28 38 -30 -31 90 118 -34 93 68 63 81 99 -40 -41 67 -43 80 104 98 -47 -48 70 55 -51 72 88 -54 -55 -56 -57 -58 58 -60 -61 -62 110 -64 -65 -66 -67 -68 69 -70 -71 71 -73 125 74 -76 76 -78 -79 -80 -81 -82 -83 116 84 -86 86 -88 -89 -90 -91 -92 -93 -94 -95 -96 -97 97 -99 -100 -101 101 -103 -104 -105 -106 -107 107 108 -110 -111 -112 -113 -114 -115 -116 -117 -118 -119 119 -121 -122 -123 -124 -125 -126 -127
leaf_value=-2.0369489267155583 4.063320107664163 6.9557278104603775 -5.0101720129469527 -6.2024103959925361 -9.534573669458883 10.915394008236262 -6.9732603049167796 9.1691404204108942 22.099170743950026 -2.1754851237073978 9.2874301957051024 -3.9968725223965715 2.7879928733406558 -3.6839441416551781 11.208762280309518 3.2303647877402959 -9.5284762392342497 1.351615108995099 10.506097348709865 -6.0051384533523491 4.2014553007098332 -10.109543329076931 7.7797258651911676 -6.4447577441685411 0.86764655685113556 -9.9855447785699933 -9.7406773102556166 18.474094531618668 4.5950856750471027 -5.7420741472654466 -4.6850972409674005 -15.035166490174568 -4.2048972827399558 0.16684829608804741 -5.1449553151627043 3.5066347165973384 -2.4066653286879522 -6.8992768429969678 -3.6130147989811143 -6.735231514764398 2.935225315452338 9.0258248654114883 9.5469063640699279 5.8301832316577515 -3.9177120890849659 5.315980409949475 -6.2167352224111632 -1.1178753763212386 -8.3272730444146852 -8.4377194955508479 1.1553302102880225 7.0482818522336261 6.4712263606742653 2.4707214082422944 -9.6487866890396017 3.2932497980904012 -2.7823262164546976 -8.8579632665777837 2.1000408704874198 -2.3235786006657313 -1.2285835970316556 8.8228825650566449 -3.2298384681941976 9.3266294407546297 -4.7233267591951842 -2.8329270616531588 0.49391853702867894 4.1536554423951797 8.2476977278917332 -2.0753177300758687 -14.035922971929043 -1.2183106360330038 -0.36555626733997493 -2.2435477914119017 -5.2631504456888054 4.7371374888724516 -4.9038176258570134 1.2691807075223052 6.2568611747085479 2.8208583120225015 0.41769328004074419 -7.0964669761865284 15.537691124377085 7.0094176453981305 2.1702277746771745 -2.7933982999818276 -9.0605299622254911 -12.166432584271533 -2.1877509430623898 -11.318469031605378 -9.5044910791815926 5.8862359656484013 3.8194425775546534 -6.5589811531731037 -5.2253679099504167 -6.6201498341685472 8.8528892885747652 2.3244899446260923 -20.041934016235338 -7.4846709738613599 -0.084515846606500536 -7.2068281608077029 -6.8222503653165738 -5.7056848748636027 -3.0833060160441654 -9.5592000350694715 7.7931272500789355 -8.6379922938734879 4.7116294065126851 10.25319758573948 2.2415410010405776 6.5395088093278462 -3.1801508954003026 -2.919403218619272 -5.6765377631509724 6.1276046235477271 -0.88537521355580417 2.1397329340016511 -0.75178055407352695 -11.076338504308065 -2.2411491813889102 -2.0571997190700357 3.4242606338844697 -3.8336190342871448 -5.223385234658771 -11.191331660198822
leaf_weight=434.33465254306793 244.4577751159668 205.15391081571579 119.88318920135498 389.02807551622391 288.72891789674759 718.55088272690773 823.51242563128471 102.5595637857914 42.447760730981827 635.88816460967064 2554.9677309989929 412.36881202459335 1034.0916168093681 242.65814933180809 710.8598455786705 5520.3061343729496 1498.6329879760742 2190.4420990049839 649.30598562955856 1290.8840432167053 1493.7063798010349 2262.8775435090065 226.0491381585598 999.55865335464478 1462.7143783867359 806.48403006792068 785.60070842504501 40.19433605670929 347.30098554491997 913.22903290390968 1731.8165058493614 89.929564505815506 642.25226697325706 1746.4465687870979 285.51974990963936 1833.2952491641045 1035.2076910734177 1299.1594564914703 471.42021152377129 355.67227965593338 205.92480066418648 271.74147135019302 153.72721365094185 5663.756334155798 318.31905189156532 3791.3375616073608 92.934352040290833 815.13956865668297 1585.780644595623 201.28303369879723 419.12211337685585 148.03640645742416 221.68899610638618 366.55410495400429 171.80530193448067 116.63977026939392 1222.8450722098351 331.13182058930397 617.79594191908836 1259.0044240057468 1241.9377698302269 557.11057376861572 587.15644618868828 602.27402457594872 721.552041888237 266.29193061590195 2671.7690798342228 1653.8409358859062 97.821322739124298 414.05936017632484 183.41603043675423 136.6948669552803 282.78720673918724 1098.1306467652321 1493.0830249488354 1730.9475701451302 335.30213215947151 1106.1832518577576 1576.2222886681557 1836.1563207507133 1694.1638728678226 1102.6358442604542 73.308131873607635 801.92250835895538 2199.1235656142235 1199.1973432004452 648.032595962286 127.60413381457329 1095.0486326515675 800.30743193626404 638.0793644785881 1221.6846940517426 843.70388004183769 599.70392388105392 721.53902447223663 304.44986319541931 1214.9090116322041 855.65201437473297 44.684581100940704 1575.8826943635941 1191.5896801054478 407.09740507602692 292.69496583938599 1732.1897313594818 129.38340690732002 61.880988538265228 483.84513753652573 108.61507415771484 269.35334306955338 168.09267911314964 387.84891575574875 268.78004598617554 721.3704597055912 269.23030355572701 357.7116691172123 2274.0388669669628 1292.1866092383862 228.61840400099754 320.13400366902351 128.51614564657211 634.66463023424149 234.19927230477333 440.01280298829079 1068.5120156705379 128.36304768919945 112.62866455316544
leaf_count=671 308 274 138 348 273 732 825 117 28 940 2627 534 1347 279 765 7555 1159 3267 659 1257 1974 1462 308 1220 1960 502 606 28 493 947 2166 72 826 2527 407 2416 1210 1170 584 381 256 329 169 6987 448 4763 104 1154 1198 264 566 165 279 484 164 148 1610 307 820 1678 1665 674 681 721 736 340 3799 2165 116 457 161 184 367 1211 1734 2361 448 1420 1853 2534 2499 1089 65 1003 3298 1367 536 105 1276 497 731 1581 1154 751 910 373 1395 1118 37 1371 1361 400 298 1605 207 58 626 112 337 213 533 388 1014 365 393 2907 1857 297 453 132 792 333 600 1465 177 78
internal_value=5.75873e-09 2.10592 -3.14604 -2.19041 0.565526 1.16047 -3.33269 1.11599 -1.67711 3.93929 4.45739 0.0778774 1.55327 2.85359 4.80957 1.46387 -4.97492 3.41233 3.67077 -3.213 3.09748 -6.79245 -7.09879 -1.45054 1.7626 -6.03428 -4.3647 4.64665 -3.00651 -1.2748 -4.02731 0.298996 1.01811 -0.88976 5.17504 5.62095 -4.18489 -3.95851 -1.87777 -0.0664629 0.718786 1.32169 4.00003 4.56527 0.583244 6.67218 6.68981 -0.595799 -5.17548 0.176956 -2.72933 -3.59287 -1.17333 8.43216 -0.657041 -7.5311 0.272578 -0.0668892 -1.93114 0.53021 1.51468 2.92972 0.621165 4.8915 -1.98033 2.03967 1.82341 1.74197 -1.72741 2.90642 -3.21706 -8.5625 0.858789 -3.48781 -2.7374 1.13994 1.68384 -1.12021 7.79599 1.53564 1.17716 -4.82552 2.30444 2.76793 3.46333 -6.98316 -4.99199 -3.27656 -1.08785 -8.08473 -5.98269 6.43064 2.14343 -2.79581 -1.9818 -0.840663 4.31247 5.67644 -5.90255 -5.41069 -4.38631 -2.66019 -1.41317 -7.06531 5.63111 2.78789 3.56618 4.7592 0.875409 3.75963 6.12164 0.762203 0.228918 2.68377 -2.53023 7.10011 0.303712 5.39277 -5.60041 -3.70926 -4.50978 3.92741 7.40952 -2.38209 2.26827 -3.44913
internal_weight=106978 64082.1 42895.9 33988.4 34823.5 30829.9 25261.3 8727.13 12579.5 29258.6 25613.3 20820.4 4053.62 6139.43 3917.82 10918.9 12681.8 10009.5 18900.4 8525.86 15884.1 8907.44 8662.98 9901.47 10630.2 6400.1 11183.2 6828.88 2587.7 4289.47 3993.61 3645.37 4807.73 8901.92 6317.27 5933.92 2240.4 10397.6 511.615 3376.24 3020.56 3106.79 11076.4 9228.52 2835.05 6712.86 3016.28 2221.61 4236.39 5109.9 5631.14 2533.97 1623.72 2921.52 2789.49 1702.42 5529.78 2617.68 1583.59 4908.62 3649.61 2407.67 1630.73 5215.37 1213.89 492.341 4165.48 2631.54 383.341 2067.9 1135.25 320.111 982.631 4648.51 3825 4306.93 3894.56 2331.92 2287.08 2472.04 1847.89 2137.84 3559.26 3435.38 3001.05 5186.21 1847.23 1225.73 1243.09 3338.98 2369.9 1264.13 1086.36 3372.14 2772.44 2050.9 4613.1 2510.57 363.004 4766.42 3190.54 1891.38 1484.28 2538.67 5793.14 1043.58 981.697 861.814 377.968 587.215 944.959 3180.59 2911.81 2102.53 563.636 2923.34 1594.11 301.927 538.58 448.65 965.796 1965.15 1654.92 1402.03 333.517 395.416
internal_count=129039 84053 44986 37325 46131 41039 26914 10411 14030 37922 32977 27888 5039 7502 4570 14602 12884 13151 25103 8991 21433 7661 7353 13286 14329 5891 11725 8482 2909 4947 5092 4945 6599 12066 7870 7347 2416 11119 612 4000 3619 4288 14834 12166 3959 7874 3670 2932 4044 6774 6519 2698 2195 3111 3430 1346 7505 3266 1919 6510 4832 3167 1952 6615 1384 648 5773 3271 523 2622 1499 345 1224 5295 4470 5895 5361 2736 2618 3474 2668 2299 4913 4972 4301 4507 1903 1316 1441 2604 2897 1609 1433 4561 3810 2900 5894 3113 485 4600 3229 2059 1659 2107 7194 1271 1213 1075 449 779 1207 4669 4281 2781 649 3566 2219 362 657 585 1099 2694 1995 1916 451 445
is_linear=0
shrinkage=0.05


end of trees

feature_importances:
Column_1=330
Column_11=237
Column_24=168
Column_33=167
Column_25=166
Column_27=159
Column_23=158
Column_6=140
Column_36=139
Column_30=137
Column_0=121
Column_5=119
Column_34=110
Column_14=107
Column_39=71
Column_31=70
Column_38=70
Column_37=68
Column_32=66
Column_29=65
Column_15=45
Column_2=42
Column_42=41
Column_28=40
Column_12=38
Column_9=32
Column_21=32
Column_16=29
Column_13=20
Column_44=18
Column_4=15
Column_46=15
Column_3=14
Column_7=13
Column_8=13
Column_10=12
Column_18=11
Column_43=11
Column_22=9
Column_40=9
Column_17=6
Column_35=6
Column_26=5
Column_19=3
Column_47=2
Column_20=1

parameters:
[boosting: gbdt]
[objective: regression]
[metric: l2]
[tree_learner: serial]
[device_type: cpu]
[data_sample_strategy: bagging]
[data: ]
[valid: ]
[num_iterations: 800]
[learning_rate: 0.05]
[num_leaves: 127]
[num_threads: 4]
[seed: 42]
[deterministic: 0]
[force_col_wise: 0]
[force_row_wise: 0]
[histogram_pool_size: -1]
[max_depth: -1]
[min_data_in_leaf: 50]
[min_sum_hessian_in_leaf: 0.001]
[bagging_fraction: 0.8]
[pos_bagging_fraction: 1]
[neg_bagging_fraction: 1]
[bagging_freq: 0]
[bagging_seed: 400]
[bagging_by_query: 0]
[feature_fraction: 0.8]
[feature_fraction_bynode: 1]
[feature_fraction_seed: 30056]
[extra_trees: 0]
[extra_seed: 12879]
[early_stopping_round: 0]
[early_stopping_min_delta: 0]
[first_metric_only: 0]
[max_delta_step: 0]
[lambda_l1: 0]
[lambda_l2: 0]
[linear_lambda: 0]
[min_gain_to_split: 0]
[drop_rate: 0.1]
[max_drop: 50]
[skip_drop: 0.5]
[xgboost_dart_mode: 0]
[uniform_drop: 0]
[drop_seed: 17869]
[top_rate: 0.2]
[other_rate: 0.1]
[min_data_per_group: 100]
[max_cat_threshold: 32]
[cat_l2: 10]
[cat_smooth: 10]
[max_cat_to_onehot: 4]
[top_k: 20]
[monotone_constraints: ]
[monotone_constraints_method: basic]
[monotone_penalty: 0]
[feature_contri: ]
[forcedsplits_filename: ]
[refit_decay_rate: 0.9]
[cegb_tradeoff: 1]
[cegb_penalty_split: 0]
[cegb_penalty_feature_lazy: ]
[cegb_penalty_feature_coupled: ]
[path_smooth: 0]
[interaction_constraints: ]
[verbosity: -1]
[saved_feature_importance_type: 0]
[use_quantized_grad: 0]
[num_grad_quant_bins: 4]
[quant_train_renew_leaf: 0]
[stochastic_rounding: 1]
[linear_tree: 0]
[max_bin: 255]
[max_bin_by_feature: ]
[min_data_in_bin: 3]
[bin_construct_sample_cnt: 200000]
[data_random_seed: 175]
[is_enable_sparse: 1]
[enable_bundle: 1]
[use_missing: 1]
[zero_as_missing: 0]
[feature_pre_filter: 1]
[pre_partition: 0]
[two_round: 0]
[header: 0]
[label_column: ]
[weight_column: ]
[group_column: ]
[ignore_column: ]
[categorical_feature: ]
[forcedbins_filename: ]
[precise_float_parser: 0]
[parser_config_file: ]
[objective_seed: 16083]
[num_class: 1]
[is_unbalance: 0]
[scale_pos_weight: 1]
[sigmoid: 1]
[boost_from_average: 1]
[reg_sqrt: 0]
[alpha: 0.9]
[fair_c: 1]
[poisson_max_delta_step: 0.7]
[tweedie_variance_power: 1.5]
[lambdarank_truncation_level: 30]
[lambdarank_norm: 1]
[label_gain: ]
[lambdarank_position_bias_regularization: 0]
[eval_at: ]
[multi_error_top_k: 1]
[auc_mu_weights: ]
[num_machines: 1]
[local_listen_port: 12400]
[time_out: 120]
[machine_list_filename: ]
[machines: ]
[gpu_platform_id: -1]
[gpu_device_id: -1]
[gpu_use_dp: 0]
[num_gpu: 1]

end of parameters

pandas_categorical:null
