tree
version=v4
num_class=1
num_tree_per_iteration=1
label_index=0
max_feature_idx=48
objective=regression
feature_names=Column_0 Column_1 Column_2 Column_3 Column_4 Column_5 Column_6 Column_7 Column_8 Column_9 Column_10 Column_11 Column_12 Column_13 Column_14 Column_15 Column_16 Column_17 Column_18 Column_19 Column_20 Column_21 Column_22 Column_23 Column_24 Column_25 Column_26 Column_27 Column_28 Column_29 Column_30 Column_31 Column_32 Column_33 Column_34 Column_35 Column_36 Column_37 Column_38 Column_39 Column_40 Column_41 Column_42 Column_43 Column_44 Column_45 Column_46 Column_47 Column_48
feature_infos=[12:298] [-64:64] [-1:1] [0:51] [0:54] [0:0.80000000000000004] [0:0.81818181818181823] [0:37] [0:36] [0:16] [0:19] [0:0.68965517241379315] [0:47] [0:43] [0:80] [0:87] [0:13] [0:4] [0:4] [0:6] [0:2] [1:53] [1:53] [0:0.16666666666666666] [0:0.31182902267139362] [0:1.1944444444444444] [0:70] [0:0.21944444444444444] [0:6.666666666666667] [0:0.21944444444444444] [0:0.16833333333333333] [-0.071587301587301561:0.098611111111111108] [0:0.16574074074074074] [0:0.34089293098831663] [0:1.1833333333333333] [0:83] [0:0.16574074074074074] [0:20.611111111111111] [0:0.16574074074074074] [0:0.22388888888888886] [-0.076984126984126933:0.079999999999999974] none [0:30] [0:1] [0:1] [0:1] [0:1] [0:1] [0:1]
tree_sizes=13819 14054 13981 13986 14027 13972 13982 14002 14009 13951 14003 14001 14010 13985 13984 13981 14016 13957 13958 13983 13970 13984 14005 14040 13947 14011 13973

Tree=0
num_leaves=127
num_cat=0
split_feature=38 29 27 47 39 38 11 38 1 34 25 38 34 38 1 0 0 0 34 11 11 1 11 34 1 38 1 47 11 1 1 33 37 1 5 25 1 33 37 0 25 25 12 1 2 38 34 34 1 34 47 1 29 11 39 11 11 24 29 38 1 1 39 1 25 1 29 15 39 27 27 42 1 1 0 0 1 39 5 1 29 0 39 1 11 1 1 29 23 33 1 1 38 42 29 25 23 42 0 33 4 11 38 15 1 38 39 1 5 5 33 11 42 31 23 1 0 33 2 39 11 15 23 38 29 34
split_gain=4.96962e+09 9.96598e+08 6.75774e+08 2.95429e+08 2.05865e+08 2.05259e+08 1.92029e+08 1.4974e+08 1.43331e+08 1.11363e+08 9.74386e+07 9.20529e+07 8.65938e+07 8.46527e+07 8.41661e+07 8.3738e+07 7.55902e+07 7.25844e+07 6.51488e+07 6.26568e+07 5.37951e+07 5.1601e+07 5.04599e+07 4.85819e+07 3.98178e+07 3.95585e+07 3.93522e+07 3.73331e+07 3.70102e+07 3.60612e+07 3.57458e+07 3.53361e+07 3.50757e+07 3.26139e+07 3.04868e+07 3.02405e+07 3.01912e+07 2.9054e+07 2.79583e+07 2.59988e+07 2.59935e+07 2.52316e+07 2.48435e+07 2.42714e+07 2.39184e+07 2.33348e+07 2.30306e+07 2.27875e+07 2.27037e+07 2.18073e+07 2.14608e+07 1.99691e+07 1.99038e+07 1.96152e+07 1.95852e+07 1.87502e+07 1.8402e+07 1.81608e+07 1.73363e+07 1.71599e+07 1.68629e+07 1.67344e+07 1.64143e+07 2.37472e+07 1.62287e+07 1.55903e+07 1.5535e+07 1.54463e+07 1.54116e+07 1.51902e+07 1.50957e+07 1.50734e+07 1.50214e+07 1.46777e+07 1.46088e+07 1.45854e+07 1.42391e+07 1.42156e+07 1.41961e+07 1.38999e+07 1.37467e+07 1.33631e+07 1.32796e+07 1.29602e+07 1.28489e+07 1.27474e+07 1.22178e+07 1.21443e+07 1.20542e+07 1.19082e+07 1.18708e+07 1.2302e+07 1.17682e+07 1.16715e+07 1.27314e+07 1.16573e+07 1.14528e+07 1.1389e+07 1.1356e+07 1.13048e+07 1.12912e+07 1.1267e+07 1.11643e+07 1.10261e+07 1.09138e+07 1.08949e+07 1.08032e+07 1.07187e+07 1.05275e+07 1.03855e+07 9.89732e+06 9.81958e+06 9.77906e+06 9.74636e+06 9.72888e+06 9.68104e+06 9.65869e+06 9.65558e+06 9.61842e+06 9.5587e+06 9.34718e+06 9.34586e+06 9.4859e+06 9.32614e+06 9.27076e+06 9.14036e+06
threshold=0.013412698412698413 0.013412698412698413 0.0094841269841269855 1.0000000180025095e-35 0.012738095238095239 0.0073148148148148157 0.24626532887402455 0.019598765432098767 7.5000000000000009 0.33611111111111119 0.069444444444444461 0.010092592592592594 0.18055555555555558 0.0089583333333333338 7.5000000000000009 59.500000000000007 68.500000000000014 33.500000000000007 0.097222222222222238 0.23922333704942403 0.24499799919967988 7.5000000000000009 0.25728429985855733 0.10833333333333335 4.5000000000000009 0.019598765432098767 6.5000000000000009 1.0000000180025095e-35 0.21960458240946049 6.5000000000000009 8.5000000000000018 0.012777105300926135 0.041666666666666678 13.500000000000002 0.15419580419580423 0.10277777777777779 5.5000000000000009 0.031628165648347729 0.041666666666666678 91.500000000000014 0.16388888888888892 0.086111111111111124 1.0000000180025095e-35 7.5000000000000009 1.0000000180025095e-35 0.028055555555555559 0.43055555555555564 0.1138888888888889 -6.4999999999999991 0.10277777777777779 1.0000000180025095e-35 -10.499999999999998 0.02675925925925926 0.268405600722674 0.0078571428571428594 0.23413839371286183 0.2152872444011685 0.01930487250230228 0.0099382716049382733 0.029537037037037039 7.5000000000000009 4.5000000000000009 0.003402777777777778 4.5000000000000009 0.041666666666666678 6.5000000000000009 0.017253086419753091 10.500000000000002 0.003402777777777778 0.012129629629629631 0.0099382716049382733 1.0000000180025095e-35 -5.4999999999999991 -12.499999999999998 15.500000000000002 61.500000000000007 13.500000000000002 0.0052777777777777788 0.08842144452717797 13.500000000000002 0.0061419753086419766 47.500000000000007 0.0077083333333333335 8.5000000000000018 0.26539642405634828 -10.499999999999998 -11.499999999999998 0.0088095238095238105 0.019345111394919828 0.020051897228965308 -7.4999999999999991 1.5000000000000002 0.026150793650793657 1.0000000180025095e-35 0.022500000000000003 0.058333333333333341 0.018621695465957763 1.0000000180025095e-35 89.500000000000014 0.0087985084575079638 10.500000000000002 0.24085229808121375 0.037870370370370381 6.5000000000000009 -5.4999999999999991 0.0052777777777777788 0.0088095238095238105 -6.4999999999999991 0.11915683704674532 0.10741758241758244 0.022744336115103504 0.21181455633100701 1.0000000180025095e-35 4.2562724014336518e-05 0.020005393743257823 -8.4999999999999982 62.500000000000007 0.024285253361803188 1.0000000180025095e-35 0.0029320987654320994 0.2259467040673212 21.500000000000004 0.019124404356705243 0.020069444444444449 0.0067283950617283957 0.14166666666666669
decision_type=2 2 2 2 2 2 2 2 2 2 2 2 2 2 2 2 2 2 2 2 2 2 2 2 2 2 2 2 2 2 2 2 2 2 2 2 2 2 2 2 2 2 2 2 2 2 2 2 2 2 2 2 2 2 2 2 2 2 2 2 2 2 2 2 2 2 2 2 2 2 2 2 2 2 2 2 2 2 2 2 2 2 2 2 2 2 2 2 2 2 2 2 2 2 2 2 2 2 2 2 2 2 2 2 2 2 2 2 2 2 2 2 2 2 2 2 2 2 2 2 2 2 2 2 2 2
left_child=2 4 5 7 12 18 11 22 17 15 26 31 19 30 16 36 25 74 29 34 38 28 42 27 48 117 53 60 51 56 49 64 87 57 41 65 45 58 97 92 67 -2 -3 75 -11 103 59 -30 119 90 84 -17 76 78 -50 113 -1 -21 115 110 -13 72 -20 105 -4 66 104 98 -63 -66 -40 -61 -33 -49 -6 -44 85 -41 -7 86 100 -74 -25 99 -10 -37 -24 -22 -42 -57 -8 -92 -16 -47 -95 -31 -59 -19 -18 -29 -58 121 114 112 -15 -64 -69 -77 -60 -106 -27 -109 -9 -26 -75 -34 -72 -5 -14 -12 -28 122 -23 -52 -56 -32
right_child=1 3 6 14 8 10 13 9 50 44 24 23 118 35 39 21 40 20 62 33 32 101 79 82 55 46 120 83 47 95 125 61 37 -35 -36 52 -38 -39 70 77 88 -43 43 -45 -46 93 -48 73 54 -51 123 -53 -54 -55 124 89 80 96 108 71 -62 68 63 -65 69 -67 -68 106 -70 -71 116 -73 81 102 -76 107 -78 -79 -80 -81 -82 -83 -84 -85 -86 -87 -88 -89 -90 -91 91 -93 -94 94 -96 -97 -98 -99 -100 -101 -102 -103 -104 -105 109 -107 -108 111 -110 -111 -112 -113 -114 -115 -116 -117 -118 -119 -120 -121 -122 -123 -124 -125 -126 -127
leaf_value=1694.7787831915809 1681.2707340866407 1667.6611062176628 1672.6275083383516 1662.3139561941557 1657.1229228477296 1687.3240903281267 1675.0846899944884 1663.0310426938413 1670.7758832635241 1687.2172092602655 1696.7345223371801 1681.1323704247861 1695.4149559141656 1670.0663906350558 1654.7645662647294 1663.9706662998983 1668.133395788318 1672.4498652410634 1702.8673678170971 1671.247287664527 1674.4636664384429 1684.5301692634666 1659.9257956607846 1692.6163442946352 1691.922728184644 1656.2567402612774 1680.5436993771643 1661.3292225563557 1662.5934742396475 1680.0485615790794 1669.700610159849 1685.3009964286882 1669.1336771031565 1655.6092115011056 1673.1102845783521 1669.2801848145346 1655.0645426134793 1681.9398550409348 1685.2578546835189 1676.9582507161906 1697.8457950828267 1690.7255570712057 1673.8715683794094 1668.2210452123459 1672.8956341567628 1655.9997423387324 1676.2102862607057 1659.3953338284136 1697.276636538551 1687.3365110238512 1662.7034840346216 1676.7693380403234 1670.1481483934951 1679.7441026363117 1692.8968039715517 1675.10937353697 1693.2982998788505 1689.0839375563469 1672.1772444490532 1651.2379194238652 1671.7812914280876 1696.4230219777291 1699.6894120029351 1691.1118463369776 1689.0344012360792 1666.0350683867632 1667.4433809595757 1668.1362437633431 1683.2129087970764 1680.8838339049282 1676.7999549629837 1657.5975381647534 1684.9884678801864 1683.0472843339119 1668.9421442626938 1674.1472067072291 1663.7844926701662 1658.8101412514982 1680.8144463736562 1655.8908233611614 1688.3427189191066 1691.5424911548596 1683.7843228083889 1660.5023598674395 1662.4367121304012 1680.6972328277527 1669.2656815232319 1662.8707381262404 1674.5759533132025 1684.2239330087978 1684.2328431369576 1677.5490861050039 1649.3984909363471 1667.1114446898757 1659.1195677605187 1688.0448518858195 1676.9319940817077 1682.7321453388865 1683.8026621589966 1674.8961143485842 1670.4908669881943 1656.1877114516888 1664.6177654410158 1656.4916043140495 1679.0599427583545 1695.6365207662664 1658.5618634205712 1685.3055407003872 1663.6766307256853 1670.8838352641553 1661.5250625130602 1678.5168918001025 1668.5227880691302 1684.2387995757235 1671.3596551110229 1678.6969073974669 1683.1199527272704 1668.7910848571485 1688.4008506095047 1685.5137075516138 1672.2608624349502 1656.8407373708578 1665.3187618961385 1653.8653688130478 1689.2508069840592 1684.5455981543757
leaf_weight=5026.3503212034702 1291.8661154806614 1063.9618142545223 391.64633941650391 1935.877101033926 299.81206226348877 3741.4074735641479 767.57070180773735 1650.0643970966339 1018.8922665119171 544.20904314517975 208.39819461107254 3447.4447830617428 1108.2080417871475 888.43356311321259 1944.3230293989182 367.91560423374176 893.88915887475014 1272.8494689166546 1005.58372220397 1068.9614867866039 306.87806814908981 75.256600499153137 386.8630139529705 511.88728275895119 834.79940146207809 1556.9001708626747 528.32522475719452 183.32419961690903 2003.0148838758469 703.4738107919693 735.37334054708481 1739.9607056081295 322.48849308490753 227.46102774143219 505.49394917488098 268.82398736476898 2059.9557275176048 1321.3633075356483 2209.5218868851662 141.62023696303368 61.040576905012131 1554.9744543135166 1786.9276466965675 847.29221567511559 627.90953993797302 1626.8747743666172 156.59810534119606 319.41213208436966 1495.2672383785248 1781.10340949893 614.62080362439156 1775.6523119807243 818.6422643661499 1795.2259678840637 3303.1307427883148 622.56230503320694 3384.4847427308559 290.09814086556435 1658.4007559418678 1846.0109825730324 560.49682331085205 246.61775699257851 3076.2443471550941 1856.7842963933945 848.83574303984642 1123.0354749858379 1018.565151065588 455.37380719184875 2108.0380516648293 1750.5512243211269 1383.1503672897816 1881.2289516925812 914.05250930786133 197.16690117120743 2042.8814849853516 682.11915948987007 148.22736573219299 453.25455343723297 1079.0653954446316 235.69434460997581 3102.8710954487324 5214.89196819067 2524.9493417739868 270.24720212817192 844.99161490797997 2700.3770858049393 3689.3649799227715 856.16208648681641 630.58112448453903 844.41847240924835 2085.9828995764256 1027.6011229753494 2153.2476901710033 708.6003592312336 1679.3607737421989 1294.5151898860931 584.65304583311081 341.57495453953743 132.80879464745522 945.33495482802391 55.150280088186264 1025.2294493913651 577.96861591935158 358.78316980600357 1384.5212549865246 3597.1471481323242 834.62648993730545 907.85852861404419 466.72338193655014 539.83080944418907 2085.8332144320011 1288.9804502427578 1593.3973269164562 816.14107286930084 1836.706646412611 1475.2427071928978 1073.9230618178844 818.71492898464203 874.41689777374268 2126.4196355044842 958.67885649204254 284.93381384015083 439.49183514714241 580.30447122454643 3692.5604184865952 120.7127238214016
leaf_count=6189 1771 1214 518 1868 238 5211 1065 1583 1320 745 231 4815 1274 1137 1386 361 913 1631 857 1304 438 94 369 596 1068 1151 820 187 1901 1104 1026 2501 394 169 620 350 1515 1773 3003 147 67 1831 2238 1032 909 1155 209 280 1635 2395 612 2213 1047 2519 4165 872 4384 296 2053 963 754 270 3135 2455 1128 1404 1142 503 2986 2526 1854 1463 1308 254 2325 918 147 398 1605 183 4387 6789 3428 269 898 3745 4337 873 735 1204 2836 1499 1025 763 1489 1891 725 507 174 1232 77 786 612 271 1965 4226 674 1229 492 682 1784 1735 1849 1173 2235 1966 1399 864 1229 3036 1372 237 488 411 4942 170
internal_value=1677.79 1668.41 1686.26 1664.21 1676.4 1690.37 1681.25 1667.19 1673.51 1664.6 1686.91 1684.29 1683.36 1676.99 1659.12 1663.65 1661.15 1675.52 1693.66 1680.14 1677.01 1667.15 1671.9 1680.21 1689.45 1659.11 1682.55 1677.37 1669.09 1691.43 1681.32 1686.9 1673.79 1673.52 1684.43 1673.81 1660.43 1675.53 1680.3 1653.36 1668.12 1686.44 1674.66 1676.01 1679.55 1661.89 1657.24 1666.7 1690.88 1682.76 1663.64 1674.57 1677.09 1684.21 1692.08 1684.47 1692.5 1675.62 1673.37 1656.83 1679.82 1688.29 1696.83 1696.11 1682.12 1671.22 1672.73 1665.58 1684.6 1683.55 1682.26 1654.45 1689.4 1669.51 1667.43 1677.42 1678.91 1663.13 1685.87 1667.7 1690.76 1690.57 1685.27 1670.34 1667 1679.66 1668.38 1665.93 1676.63 1680.36 1680.65 1682.03 1651.94 1659.27 1661.49 1685.23 1680.96 1674.63 1670.16 1672.69 1692.93 1659.66 1670.75 1664.81 1674.65 1697.5 1661.94 1679.62 1670.31 1676.77 1659.27 1681.32 1665.73 1688.12 1672.49 1676.98 1679.56 1664.24 1692.32 1686.52 1675.2 1664.11 1668.13 1658.41 1690.97 1671.79
internal_weight=156435 74218.8 82216.1 48622.9 25595.9 45149 37067.1 30641 18089.8 19751.9 22046.4 21658.3 7506.13 15408.8 17981.9 18579.8 13289.5 15031 23102.6 5523.51 12688.3 8902.75 10889.1 8443.68 13943.7 10281.2 8102.7 5406.85 7077.84 13566.8 6518.34 13214.6 6407.26 2171.17 3352.33 8890.46 9677.04 5244.22 6281.02 4692.45 3008.32 2846.84 6577.14 5513.18 1172.12 7617.08 7526.57 4934.27 10825.8 5662.26 3058.81 2143.57 3936.07 6615.7 8490.96 3117.92 11568.9 1943.71 3922.86 7369.97 4007.94 10223.6 9535.76 8530.18 2991.03 4954.39 3831.35 2316.7 2354.66 2599.39 4666.6 3727.24 7868.91 2931.25 2342.69 4665.89 3117.43 594.875 4820.47 4311.92 6542.51 6128.94 3036.84 1398.91 1863.88 2969.2 4076.23 1163.04 691.622 1466.98 3881.15 3113.58 4097.57 4014.84 2387.96 1997.99 874.751 1614.42 1026.7 1128.66 3439.64 1824.91 2611.84 3602.24 2812.79 6673.39 1290 2878.96 2125.12 1924.35 3642.73 2196.84 3243.46 1650.94 2033.87 1797.73 2457.07 2754.59 1982.62 2334.82 1487 799.682 514.748 1194.93 6995.69 856.086
internal_count=187200 78725 108475 47319 31406 58558 49917 32995 22187 19740 29853 29307 9219 20610 14324 18086 11368 18946 28705 6716 16383 9461 13255 11281 18326 8302 11527 7257 7856 18032 8991 18026 7989 2494 4222 11619 8625 6678 8394 2956 3066 3602 8366 7152 1654 7110 5570 5282 14009 7795 3241 2574 5289 9335 10742 4317 15037 2325 4905 5361 5569 13854 10673 9816 4172 6330 4926 2264 3256 3654 6256 2426 10598 3381 2563 6120 4242 545 6816 4889 8848 8097 4024 1688 2218 4095 4706 1311 802 2076 5400 4335 2411 3407 2252 2995 1021 2138 1087 1419 4461 1605 3101 3703 3784 7361 1177 3882 2545 2647 2935 2964 3432 2241 2489 2360 3253 2732 2503 3267 2192 819 582 1023 9107 1196
is_linear=0
shrinkage=1


Tree=1
num_leaves=127
num_cat=0
split_feature=38 29 29 38 38 39 47 11 13 34 11 25 25 34 11 33 12 5 11 38 39 39 5 29 38 11 42 25 5 5 6 33 25 24 29 24 47 33 32 11 34 32 2 13 5 5 29 11 34 25 40 5 6 29 39 38 40 24 5 5 33 39 32 33 34 36 25 11 32 12 14 34 5 11 5 32 11 32 25 32 33 34 5 25 25 11 32 6 5 33 32 23 38 38 36 29 32 33 32 2 6 33 47 24 42 33 34 5 4 34 39 23 5 6 5 34 11 37 25 11 15 32 33 36 34 5
split_gain=4.4868e+09 9.71331e+08 5.4387e+08 2.94767e+08 2.09174e+08 1.79916e+08 1.64258e+08 1.22262e+08 1.12321e+08 1.04282e+08 9.44429e+07 9.32536e+07 7.24493e+07 7.09737e+07 6.50753e+07 5.12448e+07 5.03151e+07 4.96828e+07 4.91674e+07 4.8656e+07 4.61462e+07 4.33275e+07 3.89763e+07 3.79199e+07 3.7466e+07 3.62511e+07 3.43809e+07 3.40221e+07 2.95949e+07 2.82111e+07 3.33807e+07 2.81282e+07 2.7259e+07 2.70262e+07 2.62106e+07 2.55162e+07 2.48481e+07 2.47581e+07 2.39393e+07 2.38051e+07 2.30198e+07 2.30183e+07 2.272e+07 2.15389e+07 2.04581e+07 1.95049e+07 1.93694e+07 1.93311e+07 1.93045e+07 1.90268e+07 1.86174e+07 1.83566e+07 1.76055e+07 1.73447e+07 1.73252e+07 1.71701e+07 1.63614e+07 1.62162e+07 1.61929e+07 1.54714e+07 1.53493e+07 1.52589e+07 1.52402e+07 2.44684e+07 1.51944e+07 1.39019e+07 1.3823e+07 1.37384e+07 1.37144e+07 1.36973e+07 1.36327e+07 1.35228e+07 1.35181e+07 1.32705e+07 1.30847e+07 1.2975e+07 1.29546e+07 1.28422e+07 1.27674e+07 1.26278e+07 1.41281e+07 1.25508e+07 1.25381e+07 1.22202e+07 1.21191e+07 1.20426e+07 1.20135e+07 1.18342e+07 1.23499e+07 1.17715e+07 1.14344e+07 1.14209e+07 1.13793e+07 1.12978e+07 1.12762e+07 1.11965e+07 1.32174e+07 1.08227e+07 1.0743e+07 1.05895e+07 1.05163e+07 1.04186e+07 1.03926e+07 1.02538e+07 1.02344e+07 1.02087e+07 1.00864e+07 1.00737e+07 9.98698e+06 9.86518e+06 9.83333e+06 9.7797e+06 9.70908e+06 9.63898e+06 9.41527e+06 9.36709e+06 9.34215e+06 9.12812e+06 9.07092e+06 9.06451e+06 9.00359e+06 8.99957e+06 8.89696e+06 8.73711e+06 8.726e+06 8.67673e+06
threshold=0.012870370370370372 0.012870370370370372 0.010833333333333335 0.020069444444444449 0.0078571428571428594 0.012738095238095239 1.0000000180025095e-35 0.24626532887402455 1.0000000180025095e-35 0.33611111111111119 0.26425937974409025 0.069444444444444461 0.058333333333333341 0.16944444444444448 0.26221550214865513 0.012660639822155728 1.0000000180025095e-35 0.15419580419580423 0.25308830257739828 0.0089583333333333338 0.010524691358024694 0.031706349206349217 0.086688137412775104 0.0065740740740740751 0.0084876543209876556 0.23413839371286183 1.0000000180025095e-35 0.086111111111111124 0.096579867858530913 0.15643825301204822 0.11796331435800128 0.023091566807786089 0.15833333333333335 0.018188551972467364 0.0088095238095238105 0.022003932581145528 1.0000000180025095e-35 0.021039905619420814 0.019924648786717753 0.26699669966996703 0.18611111111111114 0.032952368512713347 1.0000000180025095e-35 1.0000000180025095e-35 0.13015245623941277 0.10275263951734541 0.0077083333333333335 0.25872210953346864 0.097222222222222238 0.14166666666666669 0.00063758436946842771 0.075614636935391666 0.13536417773705914 0.019598765432098767 0.0058333333333333345 0.037870370370370381 0.00035395120902711037 0.029395924008922825 0.088998899889989005 0.12208672086720869 0.016021954984635017 0.0099382716049382733 0.02941547831253714 0.025589950322354293 0.12500000000000003 0.020069444444444449 0.091666666666666688 0.21181455633100701 0.017621784345922282 1.0000000180025095e-35 12.500000000000002 0.16388888888888892 0.09491634491634493 0.30571895424836609 0.21089696071163827 0.022824454889672285 0.23887201162329946 0.02573397780164698 0.091666666666666688 0.02724186655638269 0.028124325601181551 0.041666666666666678 0.089815615096513993 0.10833333333333335 0.11944444444444445 0.25105042016806728 0.024980438184663539 0.14359351988217969 0.10275263951734541 0.037442097678296267 0.017839068825910933 0.030576923076923081 0.010092592592592594 0.010833333333333335 0.014907407407407409 0.031180555555555559 0.037912581699346408 0.011062251147688638 0.021720009079559646 -1.0000000180025095e-35 0.15424266455194294 0.020241937007606511 1.0000000180025095e-35 0.011725955857696755 1.0000000180025095e-35 0.027792833990972429 0.19722222222222227 0.046620299934796793 1.5000000000000002 0.091666666666666688 0.003402777777777778 0.022097362514029186 0.09491634491634493 0.088073691014867506 0.14213564213564214 0.12500000000000003 0.22264957264957266 0.91944444444444462 0.17500000000000002 0.27461753932342176 20.500000000000004 0.023680729601782236 0.04796150058001885 0.0049691358024691367 0.13055555555555556 0.08842144452717797
decision_type=2 2 2 2 2 2 2 2 2 2 2 2 2 2 2 2 2 2 2 2 2 2 2 2 2 2 2 2 2 2 2 2 2 2 2 2 2 2 2 2 2 2 2 2 2 2 2 2 2 2 2 2 2 2 2 2 2 2 2 2 2 2 2 2 2 2 2 2 2 2 2 2 2 2 2 2 2 2 2 2 2 2 2 2 2 2 2 2 2 2 2 2 2 2 2 2 2 2 2 2 2 2 2 2 2 2 2 2 2 2 2 2 2 2 2 2 2 2 2 2 2 2 2 2 2 2
left_child=2 5 4 10 12 13 9 15 33 14 16 28 46 17 21 36 61 27 35 37 40 29 50 48 -17 54 -23 52 39 30 53 45 62 65 -20 41 87 58 -29 -6 -8 64 -11 57 56 73 114 71 123 79 60 93 85 -5 -13 -28 66 -12 117 86 -18 -3 63 -22 94 81 -26 -62 -50 -16 -40 110 95 -21 78 -65 -19 -37 -24 -36 -81 -7 118 120 -55 -2 -35 88 -4 -77 -15 -80 103 -27 -10 96 119 -30 -42 -100 -69 121 -46 -38 -64 -52 -45 -71 -86 -67 -25 -68 -48 -88 -1 -79 -110 -9 -63 -34 -56 -53 -43 -14 -104 -112
right_child=1 3 7 6 11 8 20 19 18 42 43 25 23 90 69 24 22 76 34 31 32 26 74 47 44 51 55 38 97 -31 -32 -33 72 59 49 77 92 -39 70 -41 98 122 -44 106 102 -47 112 -49 68 -51 105 101 -54 84 83 -57 -58 -59 -60 -61 67 82 104 75 -66 109 111 100 -70 107 -72 -73 -74 -75 -76 89 -78 115 91 80 -82 -83 -84 -85 108 -87 113 -89 -90 -91 -92 -93 -94 -95 -96 -97 -98 -99 99 -101 -102 -103 124 -105 -106 -107 -108 -109 116 -111 125 -113 -114 -115 -116 -117 -118 -119 -120 -121 -122 -123 -124 -125 -126 -127
leaf_value=12.477892017743709 5.8531608172978276 -1.5606177842255886 6.5504930126631224 -0.64487470372183919 7.362813094809332 -18.114282514585707 -14.897425519859647 3.3318337530864066 4.1537087038394294 9.1123654631605522 -18.384973553853268 17.624811833789543 18.790691104148053 20.236438938092704 -20.944221095296612 10.407322227916758 -4.2658018738315979 -2.5046754416268846 0.27841215124286012 -1.7240462776988785 -21.775423865520857 -20.902355894459856 -10.570915382807158 20.293397316768523 4.4211850975806684 11.461648237795959 -9.1824813898002393 13.317372900175844 -7.9953153275736133 -16.834128805885182 -13.006399763841722 0.87367871945307096 7.867517734784613 5.3891645064718094 -5.6803918617677347 9.2508126399181627 -12.184011878852324 7.1617506665301081 6.8532923775601979 0.23270512715906083 14.254555171693561 -13.653890551985061 -4.6425717722094388 -10.81655060814256 2.8412668414502793 -10.777013650207241 7.9639582111143783 10.068096821685231 24.015573374067881 0.59105610587347401 -7.1735416471042175 0.94685725241108654 -7.1679118392842769 -11.731039686595757 9.9842529224863981 -17.560769141488606 3.7234345658839629 -9.7382101398210921 -5.1437907966549705 -10.315143532199333 7.8019032538691775 -11.445653675240917 -25.618848788286158 7.3040284963423776 6.9028669024067231 -21.092984661797658 14.654160708478456 2.1110972945671249 18.381002585219672 -13.521941961565979 -6.0416565103622037 19.776085470245537 -19.459785402709677 -9.0040320557333224 -13.442845101855628 -16.296183111421808 -14.624303855071744 -1.6838515447067413 -0.92082766542496941 -19.332397733996146 -8.4789413025283693 -7.5180006867116864 -17.622018952227798 13.690271836165188 -8.4334626479852375 -3.8339050022516661 -0.63334712521428316 -6.0239623480599995 -3.2729400866664506 3.1533435914001879 11.646701462082172 -9.335478781610858 -12.338034129329259 5.7026216953002837 -3.0076298536591293 -16.07541802184322 -16.029592028747643 0.42791944133949888 6.1205078430148045 -14.339114777451915 -8.7144927392132008 6.9476803200054622 -9.7490099208453813 1.7911846007371641 -21.305356330475011 -0.81280180412480463 -2.1135759168857038 -17.856303917173147 5.5606773882060319 -12.257984329425087 14.692768391994631 7.5219325955757004 0.45240276376544353 -12.604418535964475 4.8753715898586467 5.2170472481515304 -5.872078131551131 -8.4257111618547764 -0.51646149181904466 -12.50786157877706 -0.78498186596135822 -24.305556008370161 -0.4138580172310124 14.494977323495682 4.836985638930881 10.787482771422887
leaf_weight=4011.4214821755886 1145.7207282185555 368.86032962799072 1605.6954699754715 1588.9605701565742 4146.9046983420849 354.56512612104416 888.30810365080833 2109.633898049593 762.71884718537331 561.35384854674339 1831.1406081914902 1410.2017257213593 1763.3256222009659 512.62279319763184 1773.2646766006947 5247.9650177955627 929.39450222253799 500.0910037457943 1982.3202576041222 2264.2710639834404 2606.7709211707115 1533.1174775362015 986.35915616154671 599.18750175833702 1142.7203568220139 2529.5764304697514 2065.1786773204803 1408.2239072322845 500.87103179097176 875.42035365104675 1734.6776205003262 2257.1296718120575 173.80693182349205 417.23954245448112 1658.7833986878395 1186.0930604934692 178.28600609302521 1957.6671283245087 734.71453258395195 1631.0551741123199 98.043509513139725 431.62072047591209 645.34966921806335 4254.474385112524 888.0670719742775 1434.8495580554008 1640.9580284059048 2669.6447743177414 1618.9514988064766 696.12267363071442 1376.1433796882629 965.38545230031013 559.93166181445122 960.68812888860703 2889.9155404269695 868.74584105610847 3330.1860853433609 770.33280038833618 1027.4786126315594 837.76663956046104 1012.2188266217709 1347.4152007997036 3047.8274547457695 80.096201062202454 780.60421225428581 636.90080285072327 1039.8673066198826 1505.8844665288925 3243.5627685189247 2464.1698045134544 284.26939794421196 1233.5821959078312 1480.5028858780861 865.18227183818817 734.95946788787842 633.32109850645065 394.35745486617088 762.06613680720329 1292.5665392279625 457.85370475053787 868.7862434387207 1319.0845012068748 792.43426525592804 3131.1657839715481 784.45493978261948 445.61515912413597 430.29116606712341 301.99119111895561 399.56322821974754 88.69014173746109 1586.4096532762051 586.08705702424049 424.91655921936035 1283.8020935058594 1968.032612234354 728.68729773163795 187.9871369600296 1598.016027122736 114.20010080933571 141.73955646157265 263.60752084851265 1186.9742908477783 396.80931240320206 497.53312194347382 2505.6170525550842 1164.6826786994934 361.18458965420723 2939.8487197756767 350.7510758638382 627.01554590463638 5204.5646888315678 893.71728494763374 583.03452435135841 276.01828783750534 453.26283866167068 1386.225358992815 364.23810935020447 179.09128308296204 220.98976504802704 79.576267123222351 208.05501070618629 36.620601952075958 179.71310186386108 3600.9160766601562 138.26630133390427 1957.1431672275066
leaf_count=5471 1563 453 2277 1994 5869 310 779 2956 1124 765 1575 1555 2035 524 1304 7132 1178 616 2635 3008 1788 1101 1140 616 1566 3382 2384 1575 658 768 1717 3099 174 505 2158 1513 210 2645 951 2311 115 455 942 4740 1219 1690 2380 3602 1407 897 1680 1374 700 971 3964 727 4742 828 1405 925 1352 1398 1553 95 1073 478 1230 2026 3724 2486 348 1288 1178 1084 789 547 376 1047 1553 388 1095 1586 709 3963 889 592 502 402 583 113 2116 678 479 1851 2598 602 158 2339 118 121 333 1658 494 712 1848 1552 425 2580 440 656 6651 1251 860 267 680 1981 453 223 247 73 291 27 272 4673 176 2723
internal_value=-9.18379e-08 -8.51793 8.418 -12.4322 11.5579 -0.53941 -15.3719 2.91422 -3.257 -12.4805 -7.62663 7.83454 14.3613 5.92793 -13.4191 5.71536 -5.01116 2.93005 -0.84492 -0.903661 -19.7601 -11.0246 -3.34679 15.7529 7.13843 10.3357 -14.8342 5.03567 3.50288 -8.46912 -7.20301 -3.69207 -20.7399 -9.71739 -4.35692 1.82254 0.254539 2.70298 9.09341 5.35006 -10.6009 -0.807791 1.75617 -12.1862 4.9474 -5.94992 9.80705 13.8043 17.9753 -6.8528 -0.960342 7.42789 0.457452 -4.71677 12.6204 -11.6633 6.15201 -15.8245 0.0708168 -5.17239 1.29732 -11.0181 -22.0573 -19.4256 0.751107 -12.7519 8.781 3.15601 20.257 -17.1311 3.25594 14.9133 -16.2854 -3.7367 -7.49125 -11.789 -7.84815 5.07474 -5.96449 -8.58851 -12.2247 -9.76284 -12.4958 11.4874 -7.34674 3.14053 -1.33773 3.20345 4.5931 -13.907 13.7445 -3.54596 -5.92667 9.52283 -1.00742 -12.2688 -5.98422 -1.58217 0.181109 -5.21005 0.498371 3.77834 -0.475336 -1.89557 -23.6727 -4.25786 -10.1355 -15.8799 -4.53774 -16.71 14.1403 11.3576 5.99475 -5.31152 11.7061 2.76908 -0.26353 2.41181 -9.90572 1.46853 9.26101 0.0239501 -9.76173 15.9071 -5.97991 13.6255
internal_weight=156435 77755.9 78679 52164.1 50098.1 25591.8 32365.4 28580.9 18019.8 19510.2 19798.7 21518.5 28579.6 7571.96 18303.5 16485.6 12581.6 5472.92 13120.9 12095.3 12855.2 11126.2 9851.9 21890.9 13077.6 13641.7 4467.04 4578.48 7876.85 6659.19 5783.77 6821.43 11612.9 4898.88 5663.87 7457.07 3407.99 5273.87 2427.21 5777.96 1242.29 4122.69 1206.7 7217.13 7829.63 4564.3 6688.68 11664.1 10226.8 3681.55 6251.93 6002.36 2151.27 4049.09 7639.34 2933.92 6406.49 2601.47 3316.2 1961.32 3711.11 2729.7 8962.32 3408.88 3511.36 2937.57 3076.3 2781.71 4862.51 7177.28 1018.98 8994.48 2650.56 3129.45 3599.97 802.107 894.448 3334.38 2865.01 2985.42 1326.64 1673.65 2360.84 6229.14 2460.13 1591.34 1123.55 2307.25 2005.26 722.011 2099.03 1878.65 1100.74 3813.38 2730.75 1170.06 441.37 2098.89 353.983 255.94 1769.49 2188.98 1423.14 675.819 5553.44 2540.83 4615.66 5404.02 1499.44 1263.92 7760.9 1933.58 2223.99 706.309 4464.68 2148.29 714.989 2288.73 1568.4 253.383 3097.97 1002.01 611.334 5364.24 535.076 7161.71
internal_count=187200 83265 103935 51439 65352 31826 28783 38583 22465 19521 22656 29242 36110 9361 17814 22473 15088 6721 17236 16110 9262 11444 12281 26719 17810 18065 4212 5729 11177 7232 6464 8881 8129 5229 7173 10063 4663 7229 2874 8180 1133 5522 1707 7568 10678 5782 9391 14880 11839 4538 8121 8292 2855 4747 9773 3111 8789 2403 4584 2199 4889 2807 5944 2543 4795 3030 4047 3711 5131 6370 1299 11278 2185 4092 4160 755 992 4541 3371 3641 1483 1896 2354 8218 2753 2155 1274 3262 2860 660 2640 2231 1401 5233 3722 1007 405 2997 354 239 2359 3059 1889 922 3401 3232 5165 5066 1782 1134 9990 2481 3240 769 6151 3028 893 3179 1645 247 4255 1401 727 6708 670 9374
is_linear=0
shrinkage=0.05


Tree=2
num_leaves=127
num_cat=0
split_feature=38 29 29 38 13 1 11 39 11 24 38 36 34 1 36 24 47 39 34 34 1 11 1 39 29 33 36 11 1 34 1 16 34 33 1 33 1 39 24 1 36 44 33 1 39 37 1 30 1 11 30 28 14 1 1 39 1 6 39 6 25 29 1 47 11 25 29 34 34 34 29 11 1 38 44 29 44 37 39 1 39 36 34 34 30 1 1 1 13 29 40 23 25 1 39 1 38 11 24 6 33 39 33 25 28 24 34 28 38 1 33 39 9 29 35 1 1 28 23 11 24 28 1 25 37 33
split_gain=4.06046e+09 7.46154e+08 6.1563e+08 2.23958e+08 2.12897e+08 1.80233e+08 1.40941e+08 1.25557e+08 9.72375e+07 9.68419e+07 7.63853e+07 7.26461e+07 6.66348e+07 6.64485e+07 5.8107e+07 5.7081e+07 5.5741e+07 5.53972e+07 5.45054e+07 5.12421e+07 5.01037e+07 4.37776e+07 4.19254e+07 4.06989e+07 3.75542e+07 3.6892e+07 3.62845e+07 3.59714e+07 3.48421e+07 3.40696e+07 3.10171e+07 3.08259e+07 2.89755e+07 2.84566e+07 2.57902e+07 2.54948e+07 2.53484e+07 2.4761e+07 2.391e+07 2.33422e+07 2.27954e+07 2.2251e+07 2.08547e+07 2.07907e+07 2.29662e+07 2.11549e+07 2.05533e+07 2.00006e+07 1.98686e+07 1.93284e+07 1.88043e+07 1.88023e+07 1.87862e+07 1.85309e+07 1.85067e+07 1.84152e+07 2.454e+07 1.71849e+07 1.70557e+07 1.91669e+07 1.69679e+07 1.61018e+07 1.58623e+07 1.57113e+07 1.50891e+07 1.49646e+07 1.60069e+07 1.45326e+07 1.43942e+07 1.40238e+07 1.38674e+07 1.31656e+07 1.31437e+07 1.31291e+07 1.31228e+07 1.29738e+07 1.28629e+07 1.27873e+07 1.27597e+07 1.2759e+07 1.25684e+07 1.25464e+07 1.25346e+07 1.24932e+07 1.24501e+07 1.4002e+07 1.23955e+07 1.20797e+07 1.20771e+07 1.18033e+07 1.17451e+07 1.15675e+07 1.13903e+07 1.27374e+07 1.19831e+07 1.1339e+07 1.12258e+07 1.09528e+07 1.09029e+07 1.08269e+07 1.05712e+07 1.04605e+07 1.16695e+07 1.04008e+07 1.03317e+07 1.0258e+07 1.0136e+07 1.00247e+07 9.94731e+06 9.93363e+06 9.89774e+06 9.86352e+06 9.82448e+06 9.81323e+06 9.7827e+06 9.76035e+06 9.69456e+06 9.64559e+06 9.62764e+06 9.56827e+06 9.38243e+06 9.30356e+06 9.25271e+06 9.24842e+06 9.15212e+06 9.28903e+06
threshold=0.01404320987654321 0.01404320987654321 0.010833333333333335 0.0078571428571428594 1.0000000180025095e-35 4.5000000000000009 0.23922333704942403 0.012738095238095239 0.26589011580931865 0.016930166054050278 0.022500000000000003 0.0089583333333333338 0.097222222222222238 7.5000000000000009 0.010092592592592594 0.022664910267957684 1.0000000180025095e-35 0.012738095238095239 0.31944444444444448 0.23611111111111113 5.5000000000000009 0.23413839371286183 6.5000000000000009 0.0065740740740740751 0.0094841269841269855 0.011334747664667971 0.024523809523809528 0.23413839371286183 8.5000000000000018 0.091666666666666688 8.5000000000000018 2.5000000000000004 0.10833333333333335 0.068960625454256255 7.5000000000000009 0.012660639822155728 5.5000000000000009 0.033919753086419757 0.015110805556046998 10.500000000000002 0.019598765432098767 1.0000000180025095e-35 0.024285253361803188 -7.4999999999999991 0.022808641975308644 0.047222222222222228 5.5000000000000009 0.0093518518518518542 -9.4999999999999982 0.24257134451309212 0.015493827160493828 0.74166666666666681 18.500000000000004 9.5000000000000018 -4.4999999999999991 0.0081790123456790143 8.5000000000000018 0.19074371321562336 0.0081790123456790143 0.1202409638554217 0.15833333333333335 0.0093518518518518542 7.5000000000000009 1.0000000180025095e-35 0.22648879716981135 0.14722222222222223 0.018968253968253971 0.24722222222222226 0.10277777777777779 0.1138888888888889 0.0071825396825396836 0.30571895424836609 -6.4999999999999991 0.021203703703703707 1.0000000180025095e-35 0.0061419753086419766 1.0000000180025095e-35 0.019444444444444448 0.019598765432098767 -9.4999999999999982 0.028055555555555559 0.0058333333333333345 0.14166666666666669 0.097222222222222238 0.0071825396825396836 -15.499999999999998 -8.4999999999999982 4.5000000000000009 4.5000000000000009 0.02675925925925926 0.0012915479582146251 0.023036133694670283 0.091666666666666688 3.5000000000000004 0.028364197530864197 -4.4999999999999991 0.0205952380952381 0.20434031865630645 0.016024140337008382 0.10361093038386469 0.020051897228965308 0.027500000000000004 0.02490568721699515 0.16388888888888892 0.019444444444444448 0.014162642880717684 0.14166666666666669 0.86388888888888904 0.026150793650793657 15.500000000000002 0.013843627115401642 0.0023015873015873019 5.5000000000000009 0.023981481481481482 6.5000000000000009 -6.4999999999999991 -9.4999999999999982 0.13611111111111115 0.017121110739377724 0.2475719000471476 0.026646246850875001 0.1138888888888889 13.500000000000002 0.10277777777777779 0.058333333333333341 0.020937249114228621
decision_type=2 2 2 2 2 2 2 2 2 2 2 2 2 2 2 2 2 2 2 2 2 2 2 2 2 2 2 2 2 2 2 2 2 2 2 2 2 2 2 2 2 2 2 2 2 2 2 2 2 2 2 2 2 2 2 2 2 2 2 2 2 2 2 2 2 2 2 2 2 2 2 2 2 2 2 2 2 2 2 2 2 2 2 2 2 2 2 2 2 2 2 2 2 2 2 2 2 2 2 2 2 2 2 2 2 2 2 2 2 2 2 2 2 2 2 2 2 2 2 2 2 2 2 2 2 2
left_child=2 5 3 12 13 7 14 19 10 20 32 30 22 17 35 24 23 65 31 21 41 54 38 -7 51 88 42 50 33 46 48 37 92 40 58 105 70 53 75 61 -10 49 -19 -17 104 -46 71 109 -8 -5 110 86 99 57 -2 -14 81 69 -27 90 -28 -25 84 117 -22 66 82 73 107 -12 -29 115 -40 100 77 -1 -42 -26 -20 -31 -44 -57 -3 -47 -34 -86 -9 -52 -16 121 -60 98 -6 94 -94 -61 -85 -77 -37 -23 -18 102 -79 -82 -45 -4 -32 -50 -49 -15 -11 -36 -39 -62 -33 -13 -51 -24 -67 -41 -93 -71 -66 -81 -88 -126
right_child=1 4 6 9 8 16 11 15 28 27 18 29 55 47 25 43 67 26 78 -21 64 52 63 39 74 34 60 36 -30 79 106 114 62 -35 111 91 -38 112 72 119 76 -43 80 44 45 83 -48 108 68 116 87 -53 -54 -55 -56 56 -58 -59 59 95 113 -63 -64 -65 122 118 -68 -69 -70 89 -72 -73 -74 -75 -76 97 -78 101 -80 123 103 -83 -84 96 85 -87 124 -89 -90 -91 -92 120 93 -95 -96 -97 -98 -99 -100 -101 -102 -103 -104 -105 -106 -107 -108 -109 -110 -111 -112 -113 -114 -115 -116 -117 -118 -119 -120 -121 -122 -123 -124 -125 125 -127
leaf_value=12.591590129750189 3.7610240345415331 -7.0324500301903576 -2.4620882651366323 8.8332188306823571 -10.399615656076406 6.3626178149920918 -4.0641146178970784 -7.2463532981399883 -9.5212527732215673 7.7027885584239968 -9.8219631816446764 -7.310827759721974 19.920313052497807 -6.3624213483757526 -13.240460156589837 -5.2648087179424428 -16.588067922387072 -15.86812076618031 6.2643721682127378 15.89776625600917 2.280919251411194 3.5882027951469535 12.508359820723493 0.05100864018054211 -13.594990437468415 10.868656533735015 -20.855146719527244 12.022169771062819 -20.645557511918675 -8.8434136331412603 -8.7120485246418529 -18.880516236483952 10.363162477909306 0.9999195244947725 15.765517487048909 7.0222733014106673 0.66107102598441481 -16.000718181264997 10.42604554158018 -8.152548683512455 -13.789844417663957 -0.11924257217318468 -2.8487702078939372 -1.0672703269127675 -7.2373410084611578 -2.3166519974923121 -11.858482486782346 -20.887797494639845 3.9661902749348585 -4.9361523341775015 11.165815154693256 -6.294542543528765 -14.789660214422472 -16.426420308915041 12.809627643003877 18.159358641225541 6.9575767075349262 -16.157446153321505 6.5197134934943968 -9.4298150194771377 -6.1931412872995075 -7.8540603995152214 -8.9286275437991751 -2.6378618351679486 -3.8952191002301761 25.479397302143173 -14.140808841696538 0.19884699481816148 9.3977105055894636 4.6656428958465614 6.6682655171852403 -9.35989168752978 15.324736529307385 -20.669382083444898 -12.364343494649017 11.901212882366879 -19.415636155589752 -4.5681834562665911 -7.1632476164808088 -2.656654575092622 -14.477820446048003 14.167072372117032 12.084348443382822 8.7198729333872791 -18.270252094220719 -0.22738437471979311 -2.1422701982472723 3.7814755471414934 -1.9545159410678452 -8.0763431126281944 0.47335030975404363 3.0263855791945828 -0.84318542374476957 -11.09307259085444 -9.2109893536676957 1.9379447528209153 0.44961941959088669 5.5372487899330549 12.531040228176956 -5.1113440465779645 -7.3234206041668601 -8.4140801570793222 5.7976500248879708 -4.2008298098626495 10.436040485141303 5.1781217209264589 7.4540063500755229 -12.711690903962683 -25.943676412848596 -20.523318480709907 16.112739061478031 -5.6220979967277431 -9.3809983413984739 -16.602576890356172 -7.3875698678292272 -1.353062586918037 4.4180073651211558 5.2051793579570651 -0.52664433723629556 -17.041489014622957 8.8424832828744595 -3.8346901700797447 -13.621352469603266 2.3751981083675129 0.80314631028868999 9.0092892406183793
leaf_weight=2852.1252902448177 999.57610887289047 310.04675099253654 627.79636880755424 3970.1404828429222 1701.4255979955196 608.5878871679306 625.57976150512695 334.25850784778595 2603.4788866639137 398.87089765071869 1243.9117311239243 996.85619008541107 3007.1358851790428 264.04436439275742 454.26719030737877 856.96197709441185 765.3832274377346 3297.4793483912945 520.31080654263496 1247.9945453703403 911.4866059422493 984.42907246947289 667.71223646402359 1013.9887506365776 493.46164003014565 879.19397166371346 4298.8036763072014 1916.3113787174225 1671.5902154445648 423.79872390627861 669.79980742931366 1710.3362613022327 267.63321062922478 360.79651880264282 57.293734282255173 1295.3424142003059 1230.1535365581512 2022.2088600099087 1708.5811832249165 530.05805471539497 3976.5605551600456 1493.1637115478516 543.78164836764336 234.07026365399361 644.08487197756767 776.82686388492584 1380.828350096941 1782.0156480073929 2986.3325988948345 315.68106561899185 3549.2667345106602 1097.4329532086849 233.43723660707474 583.39958700537682 1299.9537756145 4050.8107993304729 786.51775848865509 438.10413393378258 2806.1904927492142 411.4515300989151 275.67149043083191 1766.2479677200317 581.1808023750782 461.71629393100739 1212.2995592951775 39.546948194503784 663.95540124177933 144.95485147833824 1529.0592374503613 556.21635511517525 3278.988655090332 1189.6003520488739 6895.5396564900875 928.87171894311905 1204.9844207763672 1062.3541071712971 1364.7422332763672 1107.0165311098099 268.07699903845787 1550.6471194922924 979.00954279303551 3827.3376846313477 118.52717372775078 1003.6015130579472 111.54672130942345 2984.370014578104 574.97288578748703 656.22323858737946 495.71520105004311 759.66047945618629 1125.2330789268017 1069.1341792941093 1484.1727049052715 689.86935597658157 601.13650065660477 469.88111180067062 694.09128594398499 1859.5499341189861 2929.6667304039001 561.71487301588058 515.11572265625 1137.9903948307037 359.73852261900902 328.90191918611526 1175.2150713801384 1463.4739991426468 113.37292805314064 92.904114276170731 2142.5641325116158 233.23105353116989 2847.0382057130337 912.01973709464073 775.41422614455223 1267.0452633798122 207.63276249170303 2214.8138360381126 2259.7379833459854 1400.173905313015 355.55920222401619 705.93944126367569 1973.1437320709229 764.10452497005463 306.31311857700348 2221.2617475688457 621.9329941868782 774.04908731579781
leaf_count=3824 1308 372 862 5588 1984 768 861 425 2957 522 1260 1238 3022 256 475 1012 720 2951 727 1507 1397 1256 918 1395 525 1079 2872 2482 1235 488 925 1382 333 520 60 1822 1751 1769 2372 674 3896 2016 598 270 823 897 1596 1290 4202 461 4682 1349 230 498 1577 4439 1127 387 3821 506 267 2179 684 665 1759 32 583 160 2055 725 4508 1411 8462 702 1236 1412 1048 1424 366 2068 875 4825 156 1332 104 3910 815 940 684 870 1563 1581 1862 769 702 670 931 2839 3687 727 600 1370 462 386 1486 2111 155 105 1034 172 3270 1175 857 1025 230 2990 3267 2205 426 716 2812 925 378 3049 840 1007
internal_value=-1.12394e-08 -8.88851 7.30051 10.6413 -12.7453 -2.03236 1.93679 0.560497 -10.0895 7.1173 -7.9217 -1.43076 13.6433 -17.1842 5.11086 -2.07302 -8.87485 -15.3179 -10.9111 7.03204 3.48662 4.3196 11.6373 -5.68668 -4.83304 1.86655 -16.5436 9.85631 -14.0593 -4.04749 2.90847 -12.0083 -4.42538 -12.7337 3.18113 7.74943 7.11492 -10.4971 12.6817 -7.51253 -13.3574 5.38846 -13.4836 1.87661 3.22822 0.834429 -6.53633 -22.451 4.29713 6.64487 12.2202 -0.907707 -1.56848 -8.13499 8.87632 16.5491 15.3791 -6.84917 4.465 3.29518 -19.2408 -4.97098 -1.30103 5.70137 -2.80464 -6.26266 -9.27841 -15.1377 5.43217 -5.6223 8.64308 -4.86658 14.352 -16.1439 -7.9369 10.1927 -15.2273 -6.21494 1.69855 -0.617637 -9.23733 16.2198 -1.74547 2.9354 0.0169287 -0.877474 1.65678 10.0136 -7.35128 -3.11074 4.78915 9.14937 -7.17853 -5.20372 -3.25539 -3.36911 5.33863 7.85108 10.8421 0.427653 -12.8611 -4.81681 -2.02584 -11.8935 8.52544 2.88454 -6.37183 3.463 -23.648 -13.0041 15.0793 -4.35793 -14.1659 -14.7425 -17.6363 -3.20227 3.27142 7.56335 2.07635 -13.2295 6.79856 -0.253724 -5.85704 0.306583 3.16668 5.35332
internal_weight=156435 70545 85889.9 52925.2 45148.1 25396.9 32964.7 18417.8 28247.9 24345.7 18270.7 15994.9 28579.6 16900.2 16969.8 13090.7 6979.15 12478.3 9849.38 5327.11 10468.8 4079.11 16907.8 4624.82 7705.84 7611.25 10990.7 13876.9 9977.17 9977.81 6017.05 9060.99 8421.33 8305.58 6661.26 9358.56 6425.45 7143.02 14378.2 4016.23 7944.78 8038.72 5149.17 5384.85 4527.89 3118.6 5782.1 4421.86 5233.88 6545.56 7451.4 3402.65 1779.58 4345.4 2299.53 11671.8 8664.67 3762 5691.95 4812.76 5841.52 2780.24 3944.73 2529.6 2430.1 1487.64 1092.53 2354.33 4608.3 3323.89 5195.3 4401.27 8604.12 2209.37 4303.19 5774.03 5341.3 3098.21 788.388 4195.71 1851.69 7878.15 428.574 2474.52 3363.55 3095.92 2305.21 4205.49 949.982 2079.98 3931.42 7267.29 4476.6 2775.18 2085.31 881.333 1697.69 2921.9 4225.01 1546.14 1280.5 2604.75 1466.76 1307.91 1409.29 2091.27 783.173 3079.24 3924.58 497.275 3245.91 969.313 2797.62 1542.72 1917.97 3211.67 2575.42 2067.89 395.106 1236 3042.28 1320.32 1518.61 3771.91 1970.95 1395.98
internal_count=187200 74018 113182 69131 43295 30723 44051 22809 30000 33021 20344 21143 36110 13295 22908 16204 7914 10543 9996 6605 14866 5098 22697 5732 9453 10033 8974 18155 9656 12840 8303 8903 10348 8421 8874 12875 8741 7291 18909 4964 7901 11332 4810 6751 5739 3983 7235 2752 7223 9316 9414 4436 2213 4665 2885 13413 10391 4167 7639 6560 4164 3574 5031 3788 3534 1569 1111 2182 6362 3780 6990 5639 10834 2022 5017 8075 4944 3781 1093 5605 1859 9264 528 3160 4347 4014 3087 5622 1159 2520 5384 9902 5317 3333 2564 1176 2263 4251 5509 1983 1320 3256 1886 1261 1756 2973 1080 4307 2324 428 3792 1235 2626 1292 1612 4228 3728 3123 458 1390 4393 1650 2137 5117 2662 1847
is_linear=0
shrinkage=0.05


Tree=3
num_leaves=127
num_cat=0
split_feature=27 32 27 46 13 1 25 11 25 0 11 1 33 0 33 34 32 1 1 12 34 32 32 12 12 1 34 1 37 13 1 29 33 1 0 11 6 1 32 33 11 1 5 42 34 32 34 0 14 11 33 32 4 35 32 24 11 32 33 40 1 32 0 25 1 1 0 33 11 6 42 33 32 0 24 5 32 35 33 32 33 1 25 32 34 32 25 32 1 32 32 46 24 27 33 1 11 13 12 11 14 11 34 6 5 25 0 16 32 5 40 5 11 11 11 14 0 37 11 1 24 32 0 37 27 32
split_gain=3.2239e+09 5.68589e+08 4.26783e+08 2.36521e+08 1.99608e+08 1.92822e+08 1.3293e+08 1.21388e+08 1.07069e+08 1.05934e+08 8.99672e+07 7.97097e+07 7.57063e+07 7.19759e+07 7.16693e+07 6.44635e+07 5.92906e+07 5.92624e+07 5.91821e+07 5.64676e+07 5.51357e+07 5.08806e+07 4.71186e+07 4.19305e+07 3.91876e+07 3.68681e+07 3.61361e+07 3.56963e+07 3.482e+07 3.36313e+07 3.35777e+07 3.18445e+07 3.16421e+07 3.01717e+07 2.99889e+07 2.97156e+07 2.93763e+07 2.93724e+07 2.81336e+07 3.13478e+07 2.64056e+07 2.67955e+07 2.61286e+07 2.5153e+07 3.33557e+07 2.35172e+07 2.31576e+07 2.11597e+07 2.1156e+07 2.1085e+07 2.10336e+07 2.04116e+07 2.02393e+07 2.00093e+07 1.96622e+07 1.88879e+07 1.80332e+07 1.8016e+07 1.79942e+07 1.79727e+07 1.68623e+07 1.6754e+07 1.65883e+07 1.63422e+07 1.6163e+07 1.75954e+07 1.641e+07 1.61083e+07 1.57756e+07 1.57084e+07 1.50644e+07 1.49665e+07 1.49356e+07 1.48279e+07 1.40056e+07 1.36634e+07 1.3515e+07 1.34756e+07 1.32934e+07 1.31095e+07 2.39535e+07 1.36131e+07 1.31084e+07 1.43661e+07 1.30195e+07 1.30082e+07 1.27881e+07 1.27653e+07 1.24628e+07 1.24081e+07 1.23113e+07 1.22418e+07 1.20839e+07 1.20293e+07 1.18444e+07 1.16626e+07 1.16335e+07 1.1571e+07 1.14932e+07 1.11996e+07 1.11492e+07 1.26816e+07 1.08622e+07 1.08303e+07 1.15817e+07 1.07007e+07 1.06533e+07 1.06355e+07 1.13873e+07 1.06062e+07 1.05587e+07 1.05579e+07 1.05253e+07 1.0451e+07 1.03402e+07 1.0175e+07 1.00587e+07 9.97868e+06 9.91626e+06 9.83398e+06 9.72789e+06 9.64653e+06 9.54221e+06 9.52747e+06 9.50582e+06 9.41146e+06
threshold=0.012283950617283953 0.024086586586586588 0.0078571428571428594 1.0000000180025095e-35 1.0000000180025095e-35 5.5000000000000009 0.069444444444444461 0.2298073936004971 0.047222222222222228 57.500000000000007 0.24152298850574716 7.5000000000000009 0.025038592730902118 97.500000000000014 0.024157076249123489 0.13055555555555556 0.023680729601782236 6.5000000000000009 9.5000000000000018 1.0000000180025095e-35 0.10277777777777779 0.02573397780164698 0.018338574423480088 1.0000000180025095e-35 1.0000000180025095e-35 5.5000000000000009 0.15833333333333335 -11.499999999999998 0.041666666666666678 1.0000000180025095e-35 7.5000000000000009 0.0205952380952381 0.027634781877882857 -10.499999999999998 19.500000000000004 0.20919661733615225 0.13172353961827649 -9.4999999999999982 0.019464006259780911 0.018046523593380621 0.20919661733615225 10.500000000000002 0.10822072072072074 1.5000000000000002 0.1138888888888889 0.03921101774042951 0.10277777777777779 25.500000000000004 3.5000000000000004 0.26425937974409025 0.017863974085059308 0.028022007514761142 7.5000000000000009 7.5000000000000009 0.031825006825006837 0.030616080499741734 0.2152872444011685 0.016494391025641032 0.027011645401464758 -0.00017503391702168708 14.500000000000002 0.019214860352155437 16.500000000000004 0.10277777777777779 4.5000000000000009 -10.499999999999998 46.500000000000007 0.016212929009614869 0.23962637741046836 0.040956108470785575 1.5000000000000002 0.018144215134528904 0.02312486905510162 38.500000000000007 0.017018979302504934 0.09491634491634493 0.028327886710239652 7.5000000000000009 0.016393040015908741 0.037539812539812548 0.031852347774598513 -8.4999999999999982 0.14166666666666669 0.02179719435154218 0.097222222222222238 0.032952368512713347 0.10833333333333335 0.028764005602240902 1.0000000180025095e-35 0.013199476650563608 0.017547182349813933 1.0000000180025095e-35 0.016568499934711101 0.030079365079365084 0.024032252064807198 -10.499999999999998 0.30655913978494626 6.5000000000000009 4.5000000000000009 0.18430384471817843 9.5000000000000018 0.27093068535825549 0.18611111111111114 0.19586530264279628 0.1283882783882784 0.086111111111111124 120.50000000000001 2.5000000000000004 0.016054205246913585 0.1623310810810811 -4.2388843608474535e-05 0.15285947712418305 0.24085229808121375 0.20486865494765952 0.27949082858950036 18.500000000000004 48.500000000000007 0.60277777777777786 0.30053763440860221 -11.499999999999998 0.032452600203699195 0.017335249042145597 37.500000000000007 0.075000000000000011 0.026150793650793657 0.02724186655638269
decision_type=2 2 2 2 2 2 2 2 2 2 2 2 2 2 2 2 2 2 2 2 2 2 2 2 2 2 2 2 2 2 2 2 2 2 2 2 2 2 2 2 2 2 2 2 2 2 2 2 2 2 2 2 2 2 2 2 2 2 2 2 2 2 2 2 2 2 2 2 2 2 2 2 2 2 2 2 2 2 2 2 2 2 2 2 2 2 2 2 2 2 2 2 2 2 2 2 2 2 2 2 2 2 2 2 2 2 2 2 2 2 2 2 2 2 2 2 2 2 2 2 2 2 2 2 2 2
left_child=2 4 6 11 14 8 17 24 47 31 21 19 18 29 22 35 20 23 27 79 40 33 25 118 -6 34 54 -9 77 74 36 48 125 -10 -2 -11 56 -30 39 75 -8 52 82 44 64 103 57 -4 73 62 -24 -49 121 92 55 -21 -17 105 -23 -37 97 86 -25 -52 65 -26 -67 89 -19 88 109 -40 95 -5 -7 96 -34 -12 -59 80 -3 -82 83 84 -39 -60 -16 -83 99 -36 -22 -44 -15 -57 -92 -64 107 -31 -63 -33 101 -73 -85 104 -28 -35 -27 108 -29 -14 114 -55 -32 -75 -58 -45 -13 -41 -1 -38 -118 -42 -90 -47 -65 -18
right_child=1 3 5 9 7 13 16 12 10 15 28 116 70 53 61 30 32 68 -20 26 90 58 50 49 43 106 45 38 37 60 112 69 76 46 67 59 119 42 71 117 41 -43 91 115 -46 123 -48 51 -50 -51 63 -53 -54 111 -56 93 110 78 85 -61 -62 98 72 124 -66 66 -68 -69 -70 -71 -72 100 -74 113 -76 -77 -78 -79 -80 -81 81 87 -84 102 -86 -87 -88 -89 122 -91 94 -93 -94 -95 -96 -97 -98 -99 -100 -101 -102 -103 -104 -105 -106 -107 -108 -109 -110 -111 -112 -113 -114 -115 -116 -117 120 -119 -120 -121 -122 -123 -124 -125 -126 -127
leaf_value=3.2577601380873662 -12.927201102793035 -18.742152755836994 -8.2049920382460257 -10.995659590715675 -3.7442841066835144 -14.372052138446925 15.072925134283858 -11.34475755688382 3.4596446285255626 -1.2841844216502682 -6.4559892231975544 -24.36259099617779 8.6642037405203691 -2.8829509478637672 2.5094447885683642 6.3745759075076611 4.5132264496630583 4.0085417754625361 -14.193950842906117 -13.935795070632322 20.224491465063963 -3.3989927476641784 -17.290659448933006 -18.649383805286934 -2.429514853363115 -14.860024891737233 1.4217391133723742 5.1077611219958001 -2.9184305627034197 3.4200641972634154 -3.7343044723455465 0.31958036828751851 13.598428226292155 9.5355841241936741 1.0539834614568642 -16.579711440941601 -16.164134941052712 5.7149938507693312 -10.071886944362085 9.0296785725983977 13.385819343635806 -0.81223382436667579 -4.3595727893293645 2.6128229166076076 12.641488505310164 -16.471481389673084 14.438523430031815 1.3204588286437315 -12.56182223254919 5.7187407649171105 -13.895444204651199 -11.604387110022914 1.6452251354725413 15.306616973085651 -17.058306428395827 -2.3657965102232459 -0.9095463017551394 2.4491243762221688 8.2572880038513574 -8.9409435961371351 -11.033541582774923 -7.8201998720822905 5.4492307314996822 -1.0058486846147794 -0.5046076760655982 0.95676516242255261 8.7550294039888588 4.5736332678171578 -3.6958510351938325 -16.645489899624661 -5.7637466289952357 2.7280514997002965 5.6128766609679275 3.8005683231146428 -5.8646856113632291 -7.4142486516362487 7.7552047975795197 3.9053529629222958 9.0431423437199125 -21.525490273633036 -20.899631987509153 5.4225919940725475 10.712150128002925 0.065587868797451598 13.389979315299039 1.1477211543809025 21.65769848706422 -9.9337446860356167 -20.618248693861872 -6.7228619169948161 11.442554230750618 4.4521883065676473 6.0863229902172584 -12.482804356554423 17.334094936416417 12.570825479204679 -6.3671795595308174 -3.5324124053519679 2.8358784691004288 -10.437029005426062 -9.7706937964985947 -5.6330745423211663 9.7591141538507653 -17.59659205592088 -7.9048799397515026 15.299973292363951 -0.98553946797331093 -6.7301774067788491 -2.0423206239785956 -3.8467183260399276 2.4732428387411933 1.0612622473370119 -13.787175282814815 -5.2408650496766729 -10.187891792092316 -5.9729626032529781 -21.272481114496642 -1.8127856458519187 -5.9593845039562829 -4.8210010516994579 -14.182289861757347 9.6564134428202948 -11.954647868963766 -7.941951721520673 -11.656145035574166 -4.2880769599095911
leaf_weight=1603.5216282308102 760.25071728229523 2455.9350372552872 1122.1268473863602 956.47156572341919 1439.8149839043617 1277.2444274127483 4560.9908792972565 1259.8412982523441 1423.059736341238 959.03023859858513 1229.6898798346519 1807.2949789762497 1583.304638594389 788.68480694293976 184.58199763298035 1439.4158924520016 1207.6824404597282 1303.0125465989113 1457.7121912837029 2255.3936668634415 2616.1072525382042 759.92836195230484 2143.3829727172852 47.389161884784698 553.88081753253937 1319.6933560669422 1006.2692531645298 1337.6650021374226 1305.5813816487789 736.06690746545792 442.48568889498711 306.54252099990845 1932.5092576146126 1698.7941400408745 801.0006086230278 1082.7521064579487 244.55128520727158 2594.9379626512527 1310.8091998100281 1004.7015924155712 3996.3912450373173 507.04678037762642 916.10253220796585 833.78432875871658 1627.817458987236 595.34748524427414 3652.3008079528809 2665.7405043840408 1984.903283894062 2690.4871806800365 1296.1999376416206 345.00278380513191 530.95179203152657 512.06875142455101 2439.2963809967041 764.02576076984406 1185.1335951089859 1065.741320669651 1560.8540562987328 2666.0898921787739 631.55191621184349 396.01989075541496 634.52102938294411 546.87469235062599 1245.8933766782284 859.23667132854462 3139.5522866547108 743.58605825901031 1355.7583476305008 2896.2435267269611 250.92295536398888 889.17137688398361 1097.6862852573395 400.35889694094658 778.75745990872383 968.45816376805305 2028.126995742321 421.3161980509758 2702.4049363732338 1718.6602249145508 198.32002237439156 180.12593886256218 1464.1105948388577 1538.9532395303249 702.05093041062355 1094.5625019669533 165.26114010810852 544.17100405693054 465.32607424259186 1426.0560069978237 1114.0317193865776 691.78487491607666 716.82487893104553 477.41059005260468 3642.0549696087837 6116.7009519636631 711.65812027454376 3201.0135594308376 700.8458152115345 1149.0569669902325 531.47840797901154 925.59409636259079 355.81442987918854 114.79543444514275 497.39178287982941 1530.3605123758316 154.55764865875244 397.30444449186325 953.97253233194351 189.69894856214523 1624.9025343358517 174.35608676075935 632.62858179211617 1584.7016918957233 402.18239399790764 588.73536476492882 1932.4192609786987 269.02785897254944 356.72254794836044 873.79575806856155 645.33009517192841 3062.8004948198795 1002.6812286376953 727.40199595689774 339.62141969799995 405.80292588472366
leaf_count=2111 761 1767 1322 1018 1748 1275 5451 1426 1967 1268 1510 970 1992 1104 207 2026 1722 1939 1520 2155 2406 1031 1848 39 739 1343 1257 1822 1731 1012 563 356 2438 2267 1080 994 238 3646 1539 1271 5019 737 1150 1202 1935 512 4378 3784 2054 3716 1213 363 776 562 1929 907 1613 1559 2173 3069 736 396 944 646 1683 1134 4124 898 1944 2537 361 1201 1505 568 890 1246 2859 556 3724 1090 135 203 1893 2118 859 1524 142 545 324 1736 1494 999 941 453 3963 8031 952 4504 830 1215 622 1102 454 105 568 1792 195 525 1298 222 2254 188 658 1926 409 757 1277 388 441 1095 562 4161 1035 824 356 553
internal_value=-1.34846e-08 -7.38744 6.9742 -11.4185 -2.74552 3.28032 10.5638 -0.220223 5.14442 -7.95817 6.3033 -15.6213 -3.2434 -3.24047 -8.34224 -4.63445 12.7629 6.86079 -4.75009 -13.7758 14.0321 8.77328 -9.9162 8.29768 3.9056 -6.71124 -11.3674 -3.44641 2.89386 -5.83911 -1.53701 -11.5314 8.20184 10.2976 -4.06604 -9.13802 -0.0253745 4.05081 -2.37643 -0.162504 12.0301 10.3162 5.15187 5.15032 6.31703 -6.83544 11.2113 -2.34476 -8.57307 9.54145 -13.7724 -0.160607 11.0596 4.61335 -13.6129 -11.2095 1.72394 9.52679 3.38522 -11.1472 -3.44921 2.02731 10.8439 -10.3175 4.54158 5.92252 7.07938 -1.79828 0.0799239 -14.0356 5.70283 -5.7925 11.022 -5.88151 -11.1497 -2.17471 10.6063 -3.8119 7.17816 -17.9703 -16.1617 -9.29283 6.53373 5.35539 7.34928 5.32673 11.5548 -6.11477 -11.4501 -3.92578 17.4695 -0.56836 1.38763 -6.25642 15.9541 11.9015 -0.682535 -2.23259 -1.01146 -8.17174 -3.40167 -1.53642 1.88591 -2.79351 -1.66339 12.2674 -13.4055 0.821969 2.13129 7.32562 -0.360046 11.6882 -9.64971 -3.41733 -3.26042 -0.940559 -21.5026 6.73961 1.58044 -7.30143 -19.4975 11.7677 -14.7008 -11.781 -5.08603 2.29964
internal_weight=156435 75966.8 80468.1 40658.8 35308 39657.8 40810.3 24330 30841.2 22299.3 26708.3 18359.6 14041.3 8816.57 10977.9 11553 25604.5 15205.8 12017.4 13974.5 20030.4 15488 9531.22 12547 10288.7 5205.14 8877.33 10559.7 11220.3 6624.63 6845.1 10746.3 5574.12 12072.7 3730.89 4707.87 5769.98 9569.34 9299.84 5642.79 12658.2 8097.19 8263.75 8848.9 7426.38 2941.21 10649.6 4132.87 4926.44 10586.8 4326.08 3010.74 7590.14 2191.93 5936.13 3496.83 4651.63 6997.3 3415.34 3748.84 4568.63 1446.71 7896.3 2182.7 5798.56 4552.67 3998.79 2970.64 2658.77 5819.85 2023.93 3657.05 7848.91 2941.53 2056 4369.06 3960.64 1651.01 3768.15 5097.21 3378.55 922.617 6655.87 5191.76 3296.99 2655.42 349.843 724.297 2923.61 2227.06 7372.19 1607.89 1505.51 1241.44 4756.09 6751.22 3400.6 3937.08 1096.87 1455.6 2346.24 1814.77 1894.77 1618.46 1503.66 3229.15 1474.25 2688.94 2291.64 1773 3212.22 686.425 1075.11 1985.06 1587.32 1422.52 4385.04 1273.73 1960.24 1118.35 2577.75 7059.19 1468.01 1322.75 886.496 1613.49
internal_count=187200 82939 104261 40479 42460 52012 52249 30809 40800 25220 35331 15259 17487 11212 11651 14187 31579 20670 14912 12450 24007 20415 10076 16787 13322 6013 8710 13392 14916 8417 8856 11033 7572 15687 4475 5331 7635 12850 11966 7502 16144 10693 11119 11574 9615 3266 13720 5469 5566 14235 4063 4147 9956 2795 5444 3515 6302 9342 4728 4063 6252 1575 10519 2215 7680 5997 5258 3714 3883 5467 2575 4464 10480 3512 2165 5843 5297 2066 5283 3740 2650 883 8970 7077 4505 3697 349 748 2930 2816 7863 2149 2045 1360 5457 8975 4597 5516 1226 1571 2925 2303 2572 1930 1825 4059 1538 3645 3120 2214 4276 750 1221 2494 2022 1959 2809 1659 2552 1333 1839 9180 1359 1336 1002 2275
is_linear=0
shrinkage=0.05


Tree=4
num_leaves=127
num_cat=0
split_feature=36 27 29 36 0 39 38 46 36 11 34 11 25 47 46 11 37 44 32 5 34 34 34 29 34 5 11 5 33 11 5 42 32 14 39 34 0 5 38 2 2 11 5 11 0 27 25 0 47 5 37 27 4 14 37 25 19 32 25 36 4 37 5 33 34 36 32 16 5 32 30 25 33 33 34 25 34 37 25 32 14 44 25 5 0 39 33 14 32 39 25 29 11 33 5 4 0 32 32 34 36 32 21 5 33 34 11 11 36 4 4 25 0 10 32 38 40 33 32 11 27 32 5 14 25 29
split_gain=3.40039e+09 7.06116e+08 4.00453e+08 2.26373e+08 1.44529e+08 1.39805e+08 1.38245e+08 1.16713e+08 1.1294e+08 9.10708e+07 7.84453e+07 6.83598e+07 6.43561e+07 5.38663e+07 5.37757e+07 5.0658e+07 4.04836e+07 3.91941e+07 3.82948e+07 3.74135e+07 3.32507e+07 3.19852e+07 3.02649e+07 3.00846e+07 2.9918e+07 2.85773e+07 2.85356e+07 2.60174e+07 2.56296e+07 2.54136e+07 2.52212e+07 2.44755e+07 3.36608e+07 2.40773e+07 2.3362e+07 2.20525e+07 2.0395e+07 1.9396e+07 1.93003e+07 1.89839e+07 1.89287e+07 1.88146e+07 1.88008e+07 1.87011e+07 1.86679e+07 1.92875e+07 1.85282e+07 1.84802e+07 1.80995e+07 1.77739e+07 1.73287e+07 1.60447e+07 1.54921e+07 1.53202e+07 1.49242e+07 1.45874e+07 1.39561e+07 1.36215e+07 1.35051e+07 1.34853e+07 1.32703e+07 1.31981e+07 1.30615e+07 1.30293e+07 1.30248e+07 1.3814e+07 1.35724e+07 1.27767e+07 1.24988e+07 1.22952e+07 1.22942e+07 1.21505e+07 1.21365e+07 1.20765e+07 1.18329e+07 1.15307e+07 1.14303e+07 1.13564e+07 1.40098e+07 1.1166e+07 1.09272e+07 1.08984e+07 1.08914e+07 1.06777e+07 1.04212e+07 1.01999e+07 1.01583e+07 1.01121e+07 9.94214e+06 9.75675e+06 9.4214e+06 9.38228e+06 9.3509e+06 9.99805e+06 9.15383e+06 1.16312e+07 1.16881e+07 9.15333e+06 9.13273e+06 9.13052e+06 9.08916e+06 9.04749e+06 9.01825e+06 9.00759e+06 8.96301e+06 8.93155e+06 8.87553e+06 8.81307e+06 8.76987e+06 8.61173e+06 8.54162e+06 8.4788e+06 8.36625e+06 8.30168e+06 8.29194e+06 8.26707e+06 8.24276e+06 1.0129e+07 8.21201e+06 8.01127e+06 7.95784e+06 7.91554e+06 7.83068e+06 7.76965e+06 7.76026e+06 7.74772e+06
threshold=0.012870370370370372 0.012870370370370372 0.0084876543209876556 0.019598765432098767 63.500000000000007 0.0081790123456790143 0.0078571428571428594 1.0000000180025095e-35 0.0061419753086419766 0.24456264775413714 0.14722222222222223 0.26425937974409025 0.069444444444444461 1.0000000180025095e-35 1.0000000180025095e-35 0.24499799919967988 0.6083333333333335 1.0000000180025095e-35 0.022730595427963855 0.088117647058823537 0.16388888888888892 0.10277777777777779 0.14166666666666669 0.0088095238095238105 0.39166666666666672 0.10652482269503548 0.26256313131313141 0.13906469760900145 0.0129986144938684 0.268405600722674 0.093178294573643419 1.0000000180025095e-35 0.030164835164835171 8.5000000000000018 0.0045370370370370382 0.097222222222222238 53.500000000000007 0.13667496886674971 0.037870370370370381 1.0000000180025095e-35 1.0000000180025095e-35 0.23922333704942403 0.081238214959145211 0.25728429985855733 15.500000000000002 0.0093518518518518542 0.086111111111111124 66.500000000000014 1.0000000180025095e-35 0.14595037453183524 0.097222222222222238 0.012870370370370372 7.5000000000000009 12.500000000000002 0.025000000000000005 0.080555555555555561 1.0000000180025095e-35 0.023021094402673355 0.10277777777777779 0.010833333333333335 5.5000000000000009 0.23611111111111113 0.052289815447710192 0.031180591842588697 0.20277777777777781 0.036265432098765434 0.048904320987654328 1.5000000000000002 0.075614636935391666 0.029087938205585268 0.0065740740740740751 0.086111111111111124 0.016301717087709132 0.022430985451475573 0.18611111111111114 0.086111111111111124 0.10277777777777779 0.063888888888888898 0.041666666666666678 0.026106701940035278 7.5000000000000009 1.0000000180025095e-35 0.15277777777777782 0.075093984962406032 98.500000000000014 0.02675925925925926 0.020439430527531544 3.5000000000000004 0.019699906037115342 0.0039285714285714297 0.10833333333333335 0.015648148148148151 0.27408307556341144 0.020439430527531544 0.088117647058823537 12.500000000000002 92.500000000000014 0.02573397780164698 0.022595731324544888 0.18611111111111114 0.018425925925925932 0.018193082788671027 41.500000000000007 0.17684288905435594 0.030960783467426589 0.11944444444444445 0.21631706333198872 0.30810147299509011 0.018968253968253971 10.500000000000002 5.5000000000000009 0.20277777777777781 77.500000000000014 9.5000000000000018 0.015163601101101104 0.017685185185185189 -0.00065774019262391321 0.028452746958343069 0.012629721876297221 0.20434031865630645 0.0093518518518518542 0.017047631487286666 0.13906469760900145 13.500000000000002 0.17500000000000002 0.022808641975308644
decision_type=2 2 2 2 2 2 2 2 2 2 2 2 2 2 2 2 2 2 2 2 2 2 2 2 2 2 2 2 2 2 2 2 2 2 2 2 2 2 2 2 2 2 2 2 2 2 2 2 2 2 2 2 2 2 2 2 2 2 2 2 2 2 2 2 2 2 2 2 2 2 2 2 2 2 2 2 2 2 2 2 2 2 2 2 2 2 2 2 2 2 2 2 2 2 2 2 2 2 2 2 2 2 2 2 2 2 2 2 2 2 2 2 2 2 2 2 2 2 2 2 2 2 2 2 2 2
left_child=2 5 8 11 13 20 16 26 21 14 19 17 29 24 28 36 42 25 53 41 27 71 30 75 31 47 44 46 -8 37 51 32 63 43 -14 56 120 -10 62 104 91 52 92 69 -7 73 109 -3 87 -30 -15 58 112 -12 -38 -19 88 -37 -11 68 106 90 125 -5 65 76 -66 -55 -36 -20 89 -1 -32 108 100 -17 -52 -28 -79 -78 97 -42 -50 -47 123 -75 118 -13 -16 -21 -44 -18 -4 -94 95 96 -35 -56 102 103 -41 -23 -88 -80 -25 -51 -49 -53 -46 -2 -43 -71 -6 124 -54 -29 -72 -118 -27 -82 -9 -69 -24 -48 -57 -33
right_child=1 3 6 4 10 7 9 15 12 22 18 48 34 50 35 23 40 55 33 70 -22 101 122 39 -26 86 77 115 49 -31 72 38 -34 94 59 57 54 -39 -40 74 81 110 61 -45 45 83 84 60 82 105 64 107 114 67 80 113 -58 -59 -60 -61 -62 -63 -64 -65 66 -67 -68 121 -70 111 116 -73 -74 85 -76 -77 79 78 99 -81 119 -83 -84 -85 -86 -87 98 -89 -90 -91 -92 -93 93 -95 -96 -97 -98 -99 -100 -101 -102 -103 -104 -105 -106 -107 -108 -109 -110 -111 -112 -113 -114 -115 -116 -117 117 -119 -120 -121 -122 -123 -124 -125 -126 -127
leaf_value=11.132692839016709 3.6870078050080091 -3.4289853851279393 11.396213221432983 -12.543472234488789 -7.197060805077931 -18.923718080240171 -5.9884692454637314 2.8558386316880964 8.0744350106369236 -0.42026542285132101 15.720244079048463 -4.8785333793217704 16.823268402345612 -22.584279398698119 7.0205474707789666 -1.4384093579231736 8.5370082036254828 -14.310499747135177 12.232719825914266 5.6283662341410245 13.816276307079768 19.90761055207798 5.7650265230000111 -3.2794500410381411 -0.95601738521921775 9.4346626741268196 -17.216365935214995 0.53936738493597092 4.3265055579246754 0.70843970618079299 -9.4007995440013712 -4.5759231574860744 -19.40888308252903 -9.5804796938131123 12.305998847869562 11.868082569346234 0.76777778673101649 -0.56678240759528342 -16.17663517660726 -6.4265148760406934 1.3325274637359039 -9.8920688814132056 6.5120501047135182 -7.5949169051136529 -0.97052427582511247 -3.1634369503749267 7.5902798838748673 7.251774766163499 -15.363962567958541 -7.7750819236843816 -18.582309399056239 -1.7874043556776205 8.4920843115061988 8.1631427901966358 12.574035579999842 -11.704982523376049 -0.93594585122776841 6.4230278415037496 6.8436102490851596 7.0143203038926449 -3.3338640114343692 3.6639905795934768 -13.378185043606706 1.237208072965482 -3.6379738578687268 -22.18009445824778 -17.163429785547063 9.1041201968635797 8.5265153405916614 -3.5222777614453835 -22.498931309785036 14.835815440684138 -3.2662945206270955 10.754329487822336 -0.15900905375313948 5.6171602279161919 -2.4835468413548489 -14.858290027103742 -6.1240915384111423 -15.049798384498652 8.4592312096149609 -8.615034983280017 -6.6676769631591668 -9.6117668183574949 13.633903186411324 -0.68961903321880869 -0.3139684749294207 -10.061715355200752 1.8791458673561499 -12.013583594040517 13.482765985088022 0.7468309524248431 1.2277390514686561 10.753538450288771 -12.533631961622049 -20.516609356288992 1.1632598058635029 5.8536145440093268 -6.120353005752559 4.3814936227181311 -13.264876702954172 15.825708667180931 22.336846464651039 -14.306400504854887 5.6276046094273608 3.8782360153791795 1.1713154233785186 -7.7162862894689175 -13.031040579625524 -9.1653912305691971 -16.862112902076394 8.0604609996791492 0.61331370001159158 -1.7795727844659794 -14.867922039934966 -11.48301112545011 -16.90460006057819 -6.9971649204026152 -11.119730877415607 0.86662068969814132 -3.1937638236900687 -13.423130440166453 -2.9102743606989723 -9.1048323975334782 -1.1215426493963989 -10.112654368412695
leaf_weight=5344.4237124621868 968.0870167016983 3225.5281884372234 6445.3318700492382 1848.6814715564251 574.55963134765625 214.41976341605186 1321.1983629763126 966.17413753271103 5293.4596572816372 2092.0248403251171 277.94241151213646 1391.4711242616177 1497.3855587542057 2000.0217579603195 3154.9628056287766 1285.2858509123325 1472.7627393007278 974.94093155860901 259.27589538693428 99.364004969596863 1399.4413038492203 2254.8550166487694 1543.4807765781879 1222.8783736228943 464.13706940412521 50.72260108590126 548.14150124788284 306.02596691250801 2493.1791841089725 2173.2433891296387 1583.9415763914585 1152.517815053463 3362.2967834472656 521.5928620994091 6621.8806491792202 2150.545738786459 1345.3164984285831 740.1888200044632 1685.0480510890484 961.65412947535515 1362.7924861907959 1411.7046368420124 1191.9556596875191 739.99819847941399 689.10399726033211 1235.5579809844494 351.62271478772163 1050.6805681586266 1984.8110747635365 551.15601283311844 3408.1610734462738 2671.0875506401062 41.536603033542633 275.66869473457336 1054.5145648121834 765.36970147490501 1041.2733670473099 2465.2308760881424 921.84982290863991 2605.7890043258667 895.48969748616219 2079.0660715103149 1596.2185975313187 189.06390351057053 336.20966285467148 1558.8035660386086 413.71376991271973 51.105793625116348 3266.5346861183643 570.92589324712753 552.31913018226624 3783.1359792351723 1642.1325237154961 382.86374658346176 372.96598368883133 1053.8797715306282 196.491654753685 819.46598026156425 1399.6247118413448 1761.8654599189758 554.3845306634903 345.05706787109375 439.82899329066277 1336.3325248062611 928.47923240065575 396.19835013151169 257.58086451888084 2906.6545776426792 1339.4895012676716 370.93154448270798 816.96432068943977 524.02623039484024 504.38515824079514 606.8958181142807 1102.9983857274055 125.25779125094414 491.87143850326538 975.26378512382507 1141.3847898244858 159.44655820727348 982.22099134325981 3411.1629882454872 52.98232564330101 442.75623074173927 367.26422548294067 234.33276796340942 1399.6202709674835 818.96574079990387 192.93120503425598 150.61244437098503 638.29002782702446 218.45287019014359 850.2603751718998 580.92727756500244 444.69604220986366 268.40468269586563 2217.4167304635048 291.94420462846756 1157.8068736791611 930.64014863967896 1242.9028491973877 164.54521158337593 312.84005987644196 86.914520651102066 223.86810746788979 1398.5731280744076
leaf_count=7324 1318 4029 8531 1760 631 153 1691 1351 7450 2912 342 1716 1597 1094 4339 1713 2025 926 306 122 1649 2063 2154 1554 680 56 481 395 3297 3124 1957 1420 2382 578 8507 2669 1881 1097 1430 1284 2073 1419 1632 829 870 1492 439 1386 1758 706 2370 3546 46 375 1307 763 1493 3530 1310 3519 1183 2924 1565 236 385 856 311 71 4426 752 326 4559 2143 517 528 1388 218 770 1586 1358 765 446 495 1565 1000 558 316 3133 1961 321 1036 742 715 788 1082 90 611 1413 1341 211 1012 3894 42 454 521 308 1911 1028 212 184 532 304 1059 681 419 263 1812 338 1312 1310 1577 178 419 105 252 1531
internal_value=-8.46141e-09 -7.41533 7.32833 -10.7527 -13.1944 -0.612691 3.96809 -2.31037 11.115 1.76998 -8.87465 -6.30946 8.85968 -15.6791 4.3757 0.536687 7.73981 -4.01307 -3.88402 -12.0714 7.43193 14.4993 -1.54755 -2.74424 -13.396 -2.49855 -7.1601 4.51229 -0.109066 5.34451 -2.66373 -13.9101 -16.3357 -5.83521 10.9215 6.40784 3.43562 7.01436 -11.6642 -5.42925 3.18725 -8.73512 9.18817 -1.50879 -4.5306 -3.80152 6.72856 -0.728474 -10.3323 2.26015 -18.439 -0.870876 -5.16607 6.33881 5.24625 -9.50664 4.27985 8.95994 1.80153 10.2142 1.87497 6.45665 -9.83086 -11.2649 -17.3589 -18.0367 -11.0996 1.03168 11.0575 2.78597 -15.8129 12.6675 -6.27822 0.398129 -8.31668 1.74038 -16.8331 -10.6308 -9.35136 -13.789 6.96042 -0.677296 -13.7865 -6.51393 10.6336 4.93442 -6.87059 -8.38372 5.48825 -8.28619 9.34682 6.4926 10.6659 6.42999 -9.28723 -6.14268 -4.36615 9.34502 -4.05186 -7.09705 -9.88187 17.4501 3.55028 -8.09044 -1.22225 -4.29858 3.7786 -3.17866 -3.60857 1.95667 -12.0623 -0.316868 -2.53623 -6.52385 -12.8724 -5.07813 -16.9691 -15.7519 -10.2571 3.70107 -0.547876 -8.08454 4.303 4.28144 -9.30991 -7.6113
internal_weight=156435 77755.9 78679 52164.1 33664.5 25591.8 41686.9 21132.2 36992.1 26337.7 12292.7 18499.7 22198.5 21371.8 14751.4 13315.3 15349.2 11776.9 4799.64 7493.02 4459.59 14793.6 11586.3 6246.15 11696.5 9231.8 7816.84 3060.15 4599.87 8206.89 9730 11232.4 5400.04 4030.37 13991.6 10151.5 7069.2 6033.65 5832.36 3906.98 3704.64 3961.05 11644.6 1788.65 4447.41 4232.99 2485.72 6571.32 6722.77 3278.67 9675.27 6503.93 1911.05 769.262 4860.12 2545.11 5535.73 4615.78 3013.87 12494.2 3345.79 4087.99 4147.31 2037.75 7675.25 6925.32 749.923 491.32 9888.42 1048.65 3531.98 9127.56 3226.07 1661.1 2316.84 2339.17 5366.52 3369.43 2821.29 1958.36 3514.8 1707.85 2424.64 2571.89 1367.02 779.062 2660.48 4298.13 4494.45 470.296 2008.92 1996.79 7556.61 1111.28 2241.72 1138.72 1013.46 2029.78 1451.95 2001.83 1943.88 5666.02 310.563 1842.38 1590.14 785.489 2450.3 3490.05 882.035 1118.7 2049.99 789.379 1424.82 1570.17 486.233 574.431 3061.68 2509.36 1208.53 1485.02 2209.08 215.651 1856.32 438.537 989.238 2551.09
internal_count=187200 83265 103935 51439 30139 31826 56375 26473 47560 35463 12543 21300 29720 17596 19994 17604 20912 14198 5518 7025 5353 17840 15469 8000 11004 11576 8869 3704 6002 11671 12896 10324 4378 4552 18049 13992 9604 8547 5946 4899 5286 4106 15626 2191 5367 5214 3046 8509 7102 4311 6592 8796 2155 966 6676 2622 7793 6199 4222 16452 4480 5592 4516 1996 5498 4802 696 624 12933 1362 2919 11883 4100 2157 2824 3101 3946 3502 3021 1576 4795 2519 2253 3057 1544 1075 3067 4849 6300 443 2668 2767 10034 1503 2361 1279 1189 2720 1699 2251 2296 5957 358 2040 2075 1014 3297 4574 1082 1502 1951 1056 1690 1696 465 658 2476 2150 1368 2075 2928 249 2573 544 1015 2951
is_linear=0
shrinkage=0.05


Tree=5
num_leaves=127
num_cat=0
split_feature=38 38 0 1 46 38 11 33 11 33 33 1 1 5 39 1 1 1 32 33 33 33 1 36 1 36 15 38 2 13 32 43 32 11 4 1 33 30 33 33 32 18 33 0 32 5 1 32 11 32 15 30 42 32 33 1 33 15 40 42 39 0 11 46 33 32 0 1 1 15 32 1 11 11 11 14 0 38 43 44 5 36 23 1 33 1 1 30 12 1 32 33 23 32 0 33 32 22 15 35 14 35 28 33 32 42 32 38 15 1 5 33 15 33 1 1 32 32 28 14 5 12 46 15 32 1
split_gain=3.07699e+09 4.57884e+08 3.7347e+08 2.27478e+08 1.69542e+08 1.50816e+08 1.28764e+08 1.19204e+08 1.06467e+08 7.55403e+07 7.27383e+07 7.14195e+07 6.11978e+07 6.80802e+07 5.34025e+07 5.23258e+07 5.11355e+07 4.98211e+07 4.90506e+07 4.60009e+07 4.31845e+07 4.28666e+07 4.28319e+07 4.1165e+07 4.06834e+07 3.5896e+07 3.43203e+07 3.34734e+07 3.33938e+07 2.92272e+07 2.90489e+07 2.79834e+07 2.5332e+07 2.48191e+07 2.22135e+07 2.16714e+07 2.10876e+07 2.08095e+07 2.05063e+07 2.0465e+07 2.0317e+07 2.02281e+07 2.00539e+07 1.98771e+07 1.98197e+07 1.97173e+07 2.62143e+07 1.95313e+07 1.94456e+07 1.9301e+07 1.85971e+07 1.81219e+07 1.62806e+07 1.72411e+07 2.04861e+07 1.61855e+07 1.58332e+07 1.56894e+07 1.59404e+07 1.53768e+07 1.50871e+07 1.50529e+07 1.40498e+07 1.40477e+07 1.38804e+07 1.35959e+07 1.35354e+07 1.55449e+07 1.33932e+07 1.33194e+07 1.4159e+07 1.32905e+07 1.31316e+07 1.30159e+07 1.26714e+07 1.25082e+07 1.24935e+07 1.24629e+07 1.22517e+07 1.20687e+07 1.20002e+07 1.17901e+07 1.16588e+07 1.13958e+07 1.15692e+07 1.11059e+07 1.10598e+07 1.09461e+07 1.07385e+07 1.06895e+07 1.0518e+07 1.11181e+07 1.03691e+07 1.0277e+07 1.5196e+07 1.3829e+07 1.12912e+07 1.02344e+07 1.02023e+07 1.00872e+07 1.0021e+07 9.96098e+06 1.13278e+07 9.95665e+06 1.26428e+07 9.93337e+06 9.68779e+06 9.67735e+06 9.65698e+06 9.65102e+06 9.60982e+06 9.60659e+06 9.47644e+06 9.35178e+06 9.2329e+06 9.19652e+06 9.1671e+06 9.15634e+06 8.94718e+06 8.94164e+06 8.62436e+06 8.61762e+06 8.59028e+06 8.50467e+06 9.05787e+06 8.46034e+06
threshold=0.01404320987654321 0.0078571428571428594 59.500000000000007 9.5000000000000018 1.0000000180025095e-35 0.0205952380952381 0.25308830257739828 0.087011886054253765 0.2310870947234584 0.04796150058001885 0.015840172297278767 6.5000000000000009 -13.499999999999998 0.16345083487940634 0.003402777777777778 5.5000000000000009 6.5000000000000009 8.5000000000000018 0.023275173908085308 0.040971876455766762 0.017779467010109677 0.015100236182889247 4.5000000000000009 0.029537037037037039 -5.4999999999999991 0.0058333333333333345 18.500000000000004 0.02194444444444445 1.0000000180025095e-35 1.0000000180025095e-35 0.018911392980541921 1.0000000180025095e-35 0.01841675612810879 0.21828631138975971 4.5000000000000009 14.500000000000002 0.027168120964443713 0.0052777777777777788 0.026861330180001083 0.031628165648347729 0.030164835164835171 3.5000000000000004 0.0096165550712103056 19.500000000000004 0.025165874430580316 0.040956108470785575 -6.4999999999999991 0.024696106362773033 0.24122536945812811 0.015564663023679417 8.5000000000000018 0.0058333333333333345 1.0000000180025095e-35 0.031363873954599768 0.030960783467426589 5.5000000000000009 0.022430985451475573 14.500000000000002 0.0015223665223665229 1.0000000180025095e-35 0.003402777777777778 35.500000000000007 0.26425937974409025 1.0000000180025095e-35 0.019557553472259778 0.02357874134296899 25.500000000000004 -7.4999999999999991 -10.499999999999998 6.5000000000000009 0.026446859903381647 14.500000000000002 0.32025641025641033 0.21631706333198872 0.25105042016806728 12.500000000000002 104.50000000000001 0.010833333333333335 1.0000000180025095e-35 1.0000000180025095e-35 0.11330480451274073 0.062283950617283958 0.024986772486772491 9.5000000000000018 0.025992745654490466 -11.499999999999998 1.5000000000000002 0.0073148148148148157 4.5000000000000009 -9.4999999999999982 0.024086586586586588 0.023325998167028777 0.024133367486338802 0.031175988914084154 31.500000000000004 0.025038592730902118 0.026721857325305607 25.500000000000004 13.500000000000002 22.500000000000004 5.5000000000000009 1.0000000180025095e-35 0.025000000000000005 0.022855377361085279 0.02697772657450077 1.0000000180025095e-35 0.034486749680715204 0.029537037037037039 5.5000000000000009 -8.4999999999999982 0.10741758241758244 0.018986213156238625 8.5000000000000018 0.023325998167028777 -4.4999999999999991 -12.499999999999998 0.02685693935693936 0.012064732142857144 0.17500000000000002 13.500000000000002 0.057831661092530663 11.500000000000002 1.0000000180025095e-35 32.500000000000007 0.012629721876297221 13.500000000000002
decision_type=2 2 2 2 2 2 2 2 2 2 2 2 2 2 2 2 2 2 2 2 2 2 2 2 2 2 2 2 2 2 2 2 2 2 2 2 2 2 2 2 2 2 2 2 2 2 2 2 2 2 2 2 2 2 2 2 2 2 2 2 2 2 2 2 2 2 2 2 2 2 2 2 2 2 2 2 2 2 2 2 2 2 2 2 2 2 2 2 2 2 2 2 2 2 2 2 2 2 2 2 2 2 2 2 2 2 2 2 2 2 2 2 2 2 2 2 2 2 2 2 2 2 2 2 2 2
left_child=1 10 5 6 16 22 9 11 31 12 17 23 37 18 99 24 21 33 20 27 73 43 29 39 78 55 30 41 118 103 119 115 109 61 59 74 47 -4 76 42 -41 116 -7 -3 -21 46 -31 62 87 -28 -32 -33 53 54 -25 97 -52 58 82 69 -57 -1 111 -19 -17 -11 -35 -68 -43 -20 100 -24 77 123 92 -75 -18 -26 -10 -47 85 -30 -53 84 -50 -45 -69 -27 -36 -63 91 -29 98 94 -44 -96 -97 -12 113 -5 -71 102 -70 -2 -105 -42 110 -13 -49 -23 -61 -34 -46 -16 -99 -6 -8 -91 -9 -22 -54 -90 -15 124 -14 -66
right_child=2 4 3 14 8 7 19 28 15 65 25 107 13 122 35 64 38 63 34 44 26 32 71 52 72 48 49 90 81 45 50 51 36 66 88 -37 -38 -39 -40 40 105 68 93 80 112 79 -48 108 83 -51 56 57 120 -55 -56 60 -58 -59 -60 106 -62 89 -64 -65 125 -67 67 86 101 70 -72 -73 -74 75 -76 -77 -78 -79 -80 -81 -82 -83 -84 -85 -86 -87 -88 -89 121 117 -92 -93 -94 -95 95 96 -98 114 -100 -101 -102 -103 -104 104 -106 -107 -108 -109 -110 -111 -112 -113 -114 -115 -116 -117 -118 -119 -120 -121 -122 -123 -124 -125 -126 -127
leaf_value=5.5125671420786366 -11.256912163342738 -10.682304332578438 1.3081328541617527 1.2944147600498903 -6.0947611282405321 18.006195018755459 1.0792266025459381 -3.3980062871252801 -5.0349110984251633 14.334896252280334 19.450453419897912 -17.731407479273845 23.386709287876805 -11.446593145888663 -6.7909691576911202 -6.6087080049240434 -10.259583873660318 -6.380292104858297 0.51441546868869759 11.903833554223516 22.225966182822201 0.50325337378507284 -10.860704198717036 -16.742159912613541 7.9053836441447176 15.44622247923585 11.622306105560789 -11.250262207712344 -0.23276878528991027 -8.8479071873634947 12.366363425760015 13.24215360283622 -2.1638555486030735 -3.26095453572038 -11.224788385756511 -18.156108939334228 5.0087096588836069 -12.866003203106253 2.1024078241897288 3.749265211373078 -12.45047039073695 -14.270663157882627 -15.369703040285064 -8.4014241226563904 1.0933709680745547 -5.2225196526815498 0.74234953365772727 -2.642628393701739 6.4686152056030215 -6.0519969612477809 -3.4732508158998381 11.041287665666744 -11.728757603020425 -19.912087332021152 2.675315171535118 21.028323631533208 8.476215056028364 3.6699836570846993 4.4082901021737051 6.6032737571982896 8.6986635789095867 5.7976518035429123 -5.0408096167311909 3.0214498388955899 1.3471367625908903 5.8398922719999184 2.5596993832590691 10.049282184078757 -11.518379817857639 9.6673716876579086 -13.337559301352243 -20.528655286261124 -0.7062287589354681 0.72149726504995337 -15.176999127808925 -9.4243762609117905 -1.9779826124034636 4.0971109762242799 1.2010283247551818 -13.450695707515331 -6.4235514255822554 -13.104776278940463 6.6780765988475217 0.010045322895997808 11.776257566059336 0.97346303363450315 5.1537913889884415 10.860323036807833 0.0091178683217801055 16.517810477190977 -13.394509499312552 -0.2648271736436647 -13.368826653661532 -16.531191840708992 -11.159133088507517 6.9195542641462398 -7.5565001838737205 11.531888797597338 -10.857265688132006 26.256111635553925 -5.4453488044040483 -11.213173766484749 -2.4017671508813905 1.8178330728540801 -9.2435153090287994 -6.0408260017063711 -1.1451766962158085 -22.229406971621003 -15.7038074200655 9.422454619247981 -2.9151779571897549 5.4078718814834996 -8.6147938194470495 7.7583317861052583 15.456256969813161 4.4363204769649398 -6.7043523403415834 11.533564879303626 13.943223150993171 12.658951213080986 -16.27697779419038 -8.376536275705087 -4.5495102572506312 -11.601276057806208 3.4138108272221697 -7.5878355369728867
leaf_weight=936.2804274559021 2242.0684118568897 791.0028412938118 322.63348633050919 361.56812560558319 223.96757712960243 53.42663237452507 1262.4631552398205 90.118322432041168 1108.6930401921272 849.8186502456665 1184.1229436993599 2267.7616277933121 60.522029399871826 1155.3819870650768 221.35256341099739 1594.0515908002853 2180.7077484726906 614.05427592992783 1456.2426933050156 338.98129403591156 495.52046185731888 378.7440145611763 3029.3243174552917 449.10405358672142 4466.55814447999 1659.7083549797535 211.23285546898842 660.17959707975388 417.81698650121689 921.46454992890358 892.85829010605812 2109.6770024299622 650.69921368360519 320.58064007759094 649.61584797501564 2424.7214511632919 1955.5620590746403 1311.7874636650085 542.77618205547333 365.2510085105896 1088.9329743683338 648.80480915307999 1596.4557924866676 363.16974684596062 849.3281421661377 2112.9978134930134 3142.9282199144363 253.57538613677025 2615.631805062294 574.79199713468552 538.97529000043869 5804.7001114785671 2422.1875623464584 2906.8723449707031 194.73487442731857 285.57233834266663 570.78525850176811 1638.6954895555973 1594.0537404417992 1518.4958666563034 1891.2554010748863 527.56495898962021 859.68882927298546 1125.6064901351929 1506.0794848799706 1056.6142725944519 1395.7278669774532 3620.0527954101562 437.64882978796959 146.02183800935745 469.05921292304993 402.73736810684204 778.8174763917923 618.2697651386261 1307.3928765654564 597.20433354377747 575.61067685484886 4139.2480781078339 2720.0858784019947 564.76045989990234 1094.6661371588707 309.79963260889053 2079.493067920208 429.39761093258858 1690.0771033465862 2427.6201722621918 1693.3936688899994 6024.3503096997738 769.36886119842529 1461.148931145668 2686.3707882165909 353.73363608121872 587.58396714925766 1369.8608732223511 1979.720361918211 208.50703692436218 380.55954360961914 2003.168827265501 361.57538589835167 45.574364632368088 440.84484338760376 742.48069986701012 1538.7194411754608 387.60627770423889 774.50780701637268 1358.6331882178783 1014.2847347855568 2529.7340114116669 320.25052198767662 1522.4332547485828 321.27147108316422 1175.9915973246098 357.03816998004913 220.43356850743294 5952.4166167080402 2787.122867077589 540.11901551485062 2494.5440888404846 425.96059221029282 481.60958272218704 1829.5377608537674 509.11186197400093 740.99532175064087 87.708390712738037 914.54067608714104 321.48975759744644
leaf_count=1279 2287 822 405 427 318 35 1569 112 1458 1044 1075 1688 46 1141 279 2207 2599 878 1968 438 446 481 3289 312 6167 1848 215 640 643 1093 1079 2505 934 450 678 1933 2570 1377 700 433 955 613 1367 449 1160 2625 4099 351 3641 710 715 7558 2269 1839 219 238 761 2348 2340 2072 2568 787 1046 1710 2177 1512 2060 4925 448 190 457 281 1100 822 1137 689 765 5678 3848 533 1435 330 3006 623 2165 3346 2549 7885 1034 1658 2513 403 586 1118 1927 270 402 2562 410 33 559 776 1897 447 803 1624 1376 1353 328 1880 422 1554 420 262 6752 3817 668 3337 534 544 1486 591 891 75 1214 405
internal_value=-2.10709e-08 6.35518 -7.73756 -4.04227 3.10899 -11.3192 -2.28077 -13.8539 5.12321 0.192602 10.4608 -14.7446 -0.87357 0.112837 -13.3404 2.31189 -1.27816 7.62865 1.37314 -6.73926 4.70411 0.261162 -7.16676 -13.158 3.73889 12.1538 7.99145 -8.12616 1.18673 -5.53351 10.443 8.00332 2.70472 8.7362 -1.38688 -14.7255 0.903731 -10.068 -6.78082 -10.7293 -7.25094 -5.52775 -12.4801 -3.4576 1.22173 -3.62666 -1.43192 -1.55855 10.2977 -1.30228 6.9946 8.99369 -15.7731 -18.2724 -10.8692 14.1908 2.67274 8.18745 8.96848 0.26705 10.3162 11.2788 0.230074 -0.297117 -3.19882 9.62666 6.77599 7.25558 -7.81585 -2.58577 -6.86129 -11.9952 5.51101 -0.729618 -11.6428 -4.26352 -8.53011 6.07367 -0.604702 -6.95791 -1.98679 -5.71332 9.89047 7.77736 8.55197 -0.246505 8.48909 11.8508 -5.99004 12.483 -11.7568 -7.41767 -8.32098 -12.7744 -11.5388 -9.15797 -2.43253 15.1136 -4.62895 4.08856 -1.68506 -6.27553 -4.42056 -9.31012 -5.55416 -8.89251 2.77814 -20.1032 -9.93203 7.64561 4.9411 2.71069 -1.77987 0.468549 14.4681 3.65301 -1.25302 13.3746 10.9151 17.5106 -13.6859 -3.33019 -8.75161 3.31205 4.65353 -0.224624
internal_weight=156435 85889.9 70545 34721.6 47965.2 35823.4 29191.4 22245 32872.7 18775.6 37924.7 21001.3 16869.1 15234.7 5530.2 16635 15092.5 14189 13338.3 10415.9 6044.02 11793.4 13578.4 16203.8 13213.4 23735.7 3765.77 8870.52 1243.7 10146.3 2979.75 16237.7 7116.94 12449.3 7294.32 5123.06 5215.77 1634.42 3299.09 8401.35 2812.82 5170.24 5588.53 4676.46 1545.35 6742.15 4064.39 3260.21 12419.2 786.025 2002.62 13226.6 7802.44 3550.71 643.839 11316.5 1109.76 11116.9 9478.25 5366.22 2176.83 5419.54 2686.38 1739.66 3421.62 1906.43 7029.75 6709.17 3367.65 2512.17 1055.93 3432.06 9384.62 2278.25 2698.34 1215.47 2756.32 8605.81 3828.78 2677.76 3885.46 727.617 7884.19 4735.11 4305.71 2790.79 5313.45 7684.06 1928.1 4483.26 3700.28 1013.91 1390.95 5535.1 4165.24 2568.79 589.067 9139.71 803.362 407.142 586.867 2718.85 1976.37 3404.18 1162.11 2447.57 2854.05 4797.5 573.826 1901.18 1839.77 1826.69 1206.37 441.786 7955.59 3011.09 1802.58 3955.69 516.079 977.13 4251.73 1278.48 1896.38 1062.77 975.063 1827.57
internal_count=187200 113182 74018 39645 64192 34373 34578 18916 44932 23033 48990 17297 20477 18695 5067 23040 19260 19633 16663 11545 7316 15196 15457 14256 18251 29357 4470 9527 1619 11887 3545 21892 9144 17045 9347 4607 6783 1782 4064 8131 3012 5971 5119 6052 2018 8350 5192 4213 16162 925 2555 17757 6125 2370 531 13195 1476 15252 12904 7044 2806 7061 3534 2588 4789 2556 9984 9534 3734 3174 1206 3570 12945 2846 2674 1511 3364 11845 5306 3158 5230 973 10564 6429 5806 3795 7474 9733 2303 5782 3556 1043 1537 5084 3966 2599 672 10389 951 460 749 3121 2345 3537 1250 2579 3870 3041 679 2361 2494 2488 1580 541 9314 4135 2237 4995 646 990 3755 1625 2032 1335 1260 2582
is_linear=0
shrinkage=0.05


Tree=6
num_leaves=127
num_cat=0
split_feature=36 27 27 0 1 1 11 38 39 38 6 24 46 46 1 11 47 1 1 39 34 34 6 34 27 1 34 42 1 34 36 36 39 34 24 2 39 1 1 38 12 1 11 1 11 1 2 1 34 0 15 15 24 32 11 24 44 27 28 6 1 34 16 24 1 27 0 38 23 36 11 16 39 6 34 32 30 34 1 0 25 23 0 1 25 47 1 32 39 32 6 1 25 15 0 32 34 11 27 37 37 15 24 36 37 11 1 24 34 37 24 39 36 32 6 30 1 39 23 11 24 15 36 24 1 34
split_gain=2.77783e+09 6.06881e+08 3.45256e+08 1.71293e+08 1.51894e+08 1.16428e+08 1.16176e+08 9.16295e+07 9.12888e+07 8.30999e+07 7.89118e+07 6.40838e+07 5.86571e+07 5.51354e+07 5.49754e+07 5.11807e+07 5.01914e+07 4.34745e+07 3.83997e+07 3.6766e+07 3.41663e+07 2.9784e+07 2.97392e+07 2.86203e+07 2.74797e+07 2.72761e+07 2.67794e+07 2.50231e+07 2.49026e+07 2.47551e+07 2.42819e+07 2.34112e+07 2.27185e+07 2.24712e+07 2.24259e+07 2.1525e+07 2.13503e+07 2.74161e+07 2.07969e+07 2.00517e+07 2.00513e+07 1.99745e+07 1.97076e+07 1.9649e+07 1.91648e+07 1.80913e+07 1.73842e+07 1.6805e+07 1.66063e+07 1.61106e+07 2.06694e+07 1.78398e+07 1.51289e+07 1.48966e+07 1.48446e+07 1.48445e+07 1.46032e+07 1.4453e+07 1.42474e+07 1.40679e+07 1.40661e+07 1.39588e+07 1.37981e+07 1.37057e+07 1.30402e+07 1.28635e+07 1.27405e+07 1.23785e+07 1.21924e+07 1.21528e+07 1.20548e+07 1.17942e+07 1.15028e+07 1.12634e+07 1.12516e+07 1.44409e+07 1.12084e+07 1.13669e+07 1.12072e+07 1.10654e+07 1.10034e+07 1.09058e+07 1.08787e+07 1.08159e+07 1.05335e+07 1.05139e+07 1.04366e+07 1.00829e+07 1.00655e+07 9.91682e+06 9.73397e+06 9.72382e+06 9.70316e+06 9.46443e+06 9.40114e+06 9.35549e+06 9.56519e+06 9.2864e+06 9.23388e+06 9.18328e+06 9.14289e+06 9.09382e+06 8.98445e+06 8.9416e+06 8.93505e+06 9.35028e+06 8.86915e+06 8.77222e+06 8.66521e+06 8.63224e+06 8.57602e+06 8.42151e+06 8.38135e+06 8.24072e+06 8.23238e+06 8.13674e+06 8.06865e+06 1.10456e+07 8.05571e+06 8.04092e+06 8.0173e+06 7.93539e+06 7.84334e+06 7.76864e+06 7.7306e+06 7.6527e+06
threshold=0.012870370370370372 0.01404320987654321 0.0084876543209876556 57.500000000000007 4.5000000000000009 7.5000000000000009 0.24568837347606307 0.0061419753086419766 0.012738095238095239 0.022808641975308644 0.11922530206112296 0.015110805556046998 1.0000000180025095e-35 1.0000000180025095e-35 5.5000000000000009 0.22816552250190694 1.0000000180025095e-35 -5.4999999999999991 7.5000000000000009 0.0071825396825396836 0.23611111111111113 0.43055555555555564 0.13536417773705914 0.047222222222222228 0.016388888888888894 -7.4999999999999991 0.10277777777777779 1.0000000180025095e-35 9.5000000000000018 0.14722222222222223 0.0073148148148148157 0.021203703703703707 0.0023015873015873019 0.091666666666666688 0.026343856834343548 1.0000000180025095e-35 0.0065740740740740751 11.500000000000002 4.5000000000000009 0.0084876543209876556 1.0000000180025095e-35 10.500000000000002 0.2103356216628528 6.5000000000000009 0.26699669966996703 -11.499999999999998 -1.0000000180025095e-35 15.500000000000002 0.30277777777777787 73.500000000000014 4.5000000000000009 11.500000000000002 0.022664910267957684 0.031175988914084154 0.32163382594417084 0.019493958768029649 1.0000000180025095e-35 0.0081790123456790143 0.71388888888888902 0.13293172690763055 9.5000000000000018 0.12500000000000003 3.5000000000000004 0.018640780868793536 -10.499999999999998 0.0094841269841269855 33.500000000000007 0.0081790123456790143 0.022489998709510909 0.037261904761904767 0.268405600722674 3.5000000000000004 0.003402777777777778 0.24341649341649343 0.097222222222222238 0.019275742425484254 0.0065740740740740751 0.13611111111111115 3.5000000000000004 92.500000000000014 0.10277777777777779 0.018621695465957763 74.500000000000014 5.5000000000000009 0.10833333333333335 1.0000000180025095e-35 -6.4999999999999991 0.027089424951267062 0.0099382716049382733 0.018911392980541921 0.10215677179962897 -16.499999999999996 0.13611111111111115 3.5000000000000004 47.500000000000007 0.028022007514761142 0.14722222222222223 0.28642149929278643 0.016080246913580249 0.030555555555555558 0.036111111111111115 10.500000000000002 0.01574820647112633 0.010092592592592594 0.030555555555555558 0.31057781919850891 -5.4999999999999991 0.036252114730583401 0.025000000000000005 0.080555555555555561 0.020361100152626235 0.026150793650793657 0.018968253968253971 0.013787845385067608 0.1623310810810811 0.0081790123456790143 -16.499999999999996 0.0052777777777777788 0.026089113181504489 0.2808003153952297 0.024806770999702018 8.5000000000000018 0.0094841269841269855 0.029981292347080749 13.500000000000002 0.18611111111111114
decision_type=2 2 2 2 2 2 2 2 2 2 2 2 2 2 2 2 2 2 2 2 2 2 2 2 2 2 2 2 2 2 2 2 2 2 2 2 2 2 2 2 2 2 2 2 2 2 2 2 2 2 2 2 2 2 2 2 2 2 2 2 2 2 2 2 2 2 2 2 2 2 2 2 2 2 2 2 2 2 2 2 2 2 2 2 2 2 2 2 2 2 2 2 2 2 2 2 2 2 2 2 2 2 2 2 2 2 2 2 2 2 2 2 2 2 2 2 2 2 2 2 2 2 2 2 2 2
left_child=2 4 7 9 8 10 12 26 20 28 15 43 23 34 17 48 19 64 21 -6 22 27 42 103 39 104 60 53 40 31 108 107 -7 85 65 58 -13 59 67 86 -3 57 -2 70 -42 -12 74 76 49 50 -5 -51 83 61 98 -24 82 -21 71 78 73 -11 69 -18 -8 66 -10 -25 -54 119 122 111 -40 102 -47 -76 -34 -78 106 -53 -66 -65 100 90 -44 -16 -14 -31 -48 121 -41 -26 -89 -63 -93 96 101 -94 110 -33 -37 -67 -1 -4 -15 114 -38 118 -19 -52 -32 -27 -59 -28 -106 -35 -69 -118 123 -29 -100 -86 -9 -17 -96 -114
right_child=1 3 6 5 16 32 14 11 13 18 45 36 24 25 33 29 63 30 -20 41 -22 -23 55 38 91 35 113 62 -30 87 54 99 47 115 -36 56 37 -39 72 52 44 -43 84 -45 -46 46 88 -49 -50 51 109 79 68 -55 -56 -57 -58 112 -60 -61 -62 93 -64 81 80 95 -68 116 -70 -71 -72 -73 -74 -75 75 -77 77 -79 -80 -81 -82 -83 -84 -85 89 -87 -88 92 -90 -91 -92 94 97 -95 124 -97 -98 -99 120 -101 -102 -103 -104 -105 105 -107 -108 -109 -110 -111 -112 -113 125 -115 -116 -117 117 -119 -120 -121 -122 -123 -124 -125 -126 -127
leaf_value=10.426215854686035 11.961437306903019 -12.144095858754952 -1.3349478268370192 3.7424508793038296 5.5888898806433751 5.8823006991524034 -6.2969552367458848 8.3524425460285805 -9.413347617674928 -15.365402532555676 -14.652386095024042 14.732852807716737 5.4459128596086863 -16.658752884983993 -5.4505254449590872 -4.3283693703507122 -15.05141490300953 -3.566123984405511 -20.844027173763632 1.8636083597641304 13.533014873427929 -0.3840292122787905 -6.6644961732278549 9.3443207826298007 -10.750236409101172 9.3087019062406977 21.975114533595104 -7.8088056081614212 -16.876085056011444 3.8562040503727619 2.0631223463618711 -15.5573955342971 -4.6441456534002983 9.0317022334695967 0.7508047946132671 -4.7197985916601608 8.0371022003626358 -1.6416215956035936 12.496738957491933 7.3448198860908249 -4.7486077415281178 -10.897304468662604 1.5499012382768074 -0.84675185426344479 -10.321325313575537 -9.9640124495779414 -5.0131501284064663 -18.279604324356367 12.703893149773286 6.747770744773729 -12.706730615516488 -12.690949832014875 14.542263650051362 -19.204517600313924 -3.9503550088278163 4.4845473939757738 -7.4376414153685459 -3.0728045786997011 -1.6356617653304899 5.2085797796144213 4.7243404622995966 6.4835242593027251 -19.062671819999096 4.6056327213605543 -3.3334403896270404 -6.3192151466723008 -0.25883863502537491 -9.1296127948350083 7.0984582937120893 -14.665734669621742 1.6806116373360951 -11.795196594039659 -2.6482835603711981 -2.9889458915934748 12.219827463733738 -4.5337026711588431 -15.596632777080575 -9.31986219573675 7.3470830481055884 0.45440255653114447 3.3377654614409238 -9.9910192423355202 6.3081906582219247 -1.0477401323170699 28.300421837389628 -12.432515025986937 11.04302173161097 -7.3707957976749841 -14.399213714543542 4.1686888233268897 0.99245672652837491 -1.0273295115283483 2.6376071259250766 -12.904591605643185 5.8861880905647999 -13.493527476511346 10.108566312337897 -8.752248124066865 -3.7354460748979088 -8.9429530801091257 1.3996077142050924 -17.634426715598071 13.744364194774136 -9.3231880590423426 0.45342413620202465 -13.428047889251486 12.137222190343419 1.8017183558002388 8.425391325725835 -3.6526043064954559 6.8845282083489057 4.0454650687485927 -11.152422962691793 15.290681548781791 -9.4802857079815777 -1.6564186074133662 13.766524800503252 2.9683515236734905 -9.3641980006547723 -13.06440403460398 2.8563361822041422 10.715469532719005 4.0967470851261885 10.006877179875326 -4.0310362110933271 -0.33367152843088599
leaf_weight=3609.9824184477329 1174.2602874338627 3099.1201207637787 983.86829915642738 620.41363522410393 822.55206304788589 145.46202045679092 1443.6775220036507 3077.3612131476402 579.94438767433167 1544.00504514575 1581.2301798462868 2092.0278624594212 970.19539389014244 146.32322916388512 1478.8581122457981 1370.9025299549103 1781.2834625542164 160.04927650094032 2770.3279614448547 851.29256001114845 1274.8849355876446 372.80617606639862 762.82962563633919 1349.7482194602489 113.4625218808651 1756.1218275725842 506.32588905096054 2033.2925364971161 1079.6503089666367 671.45786714553833 1819.1127132177353 770.53737115859985 431.76499047875404 204.41176801919937 1295.6993434429169 823.19614252448082 1657.6858443021774 549.86315968632698 137.31748852133751 2284.5171957015991 3471.8132051229477 1389.2679458260536 1542.1076028347015 1443.2918835282326 2776.7241290807724 919.21500390768051 367.91942444443703 1671.4562076926231 289.67494666576385 1370.8669568002224 480.13413706421852 184.27815815806389 777.54631906747818 3425.5614280700684 877.40929198265076 490.55391871929169 567.56000518798828 1313.6434770822525 642.92427459359169 1475.243703186512 704.38632038235664 133.10779458284378 707.59470602869987 154.74715867638588 1371.5998351573944 1375.5080202817917 1102.727666169405 121.16529178619385 1880.5335139632225 2003.5002489984035 1475.2348783016205 85.491037935018539 1441.3681387603283 122.2152795791626 142.38248279690742 1331.0841405689716 1926.3248859941959 1153.0236293971539 2302.7794018089771 1219.6409969627857 1125.1296615600586 739.3853867650032 809.75788807868958 743.08059710264206 82.284167408943176 848.59877613186836 5883.5298836827278 813.61954694986343 1277.1232144236565 587.23731657862663 819.34599390625954 731.56404641270638 767.36706435680389 119.41573461890221 3042.970752954483 808.5822981595993 78.439906746149063 233.38592821359634 765.48356077075005 1645.0653693974018 2361.1125154495239 203.88664302229881 4690.9776163995266 544.00631904602051 880.67146724462509 207.49088227748871 6454.6537609994411 480.2793732881546 2565.4330969750881 582.78410682082176 1870.8640880286694 1339.9064148068428 847.28008356690407 5159.69215041399 273.286955088377 1381.7508472204208 263.80408415198326 2315.7268644869328 890.64757752418518 1133.4982051253319 1160.7279756069183 291.17156377434731 1670.3396320343018 101.50716656446457 210.0702029466629 202.52713486552238
leaf_count=4913 1399 2870 1365 830 1033 161 1854 4297 587 1165 1457 2280 1415 137 2079 1679 1581 218 1513 1180 1541 546 961 1807 133 2267 378 2124 829 837 2563 623 461 280 1587 1098 2338 775 162 3148 4180 1618 2078 2158 2966 955 434 1207 381 1786 485 204 880 2049 1160 627 672 1795 847 2038 1098 147 459 171 1867 1649 1440 149 2671 1663 2153 96 1964 186 141 1520 1678 1191 3244 1561 1537 758 1127 1086 52 949 7573 931 1177 755 1178 1045 1071 102 4346 777 102 264 1027 1678 3134 180 5686 628 1234 223 8027 651 3474 708 2605 1806 931 5579 326 1930 266 3148 1024 1029 1579 325 2410 137 289 297
internal_value=-6.70763e-08 -6.70223 6.62359 -10.1698 -1.07506 -7.10895 3.50351 10.1397 1.11972 -13.0779 -5.19764 8.1082 5.70186 -0.950443 0.33422 -2.98421 -6.9112 1.8815 -15.5608 -4.14793 6.23686 -14.285 4.35026 1.88982 7.26473 1.27338 13.188 -14.7519 -9.6863 -5.48997 3.76036 -7.43347 -13.606 -4.86847 -4.9914 2.38656 10.0594 9.27351 3.53709 8.36349 -8.85588 -5.88751 6.61743 4.40942 -7.22501 -10.1187 -8.3433 -14.153 1.10327 0.349495 -3.50956 2.6906 6.3751 -17.2706 2.09791 -2.30094 0.0671056 -3.7225 5.15311 9.77827 11.5119 -13.583 -12.5143 -12.5159 -2.51433 -6.7846 -3.414 5.43443 9.27593 -11.6181 5.62849 6.52499 -1.33094 12.0795 -5.62295 -2.91479 -12.1886 -13.2464 10.4255 -1.27105 -0.327119 -7.46478 1.13354 4.37074 4.11013 -7.99618 10.2507 -1.37837 -12.3 8.21982 5.66795 3.68305 -3.31556 -2.68491 4.09404 -9.08414 -6.93353 -0.0186247 3.04282 -11.0529 -0.182359 -7.77991 12.3013 -4.1792 -4.91804 -3.65619 11.2994 -4.35857 7.72121 -7.74247 4.50764 7.03087 -5.73457 15.888 -1.89913 -0.27902 3.48035 4.07266 -5.61061 -9.68996 0.236738 14.59 6.8552 -3.3401 5.24577 -9.06529
internal_weight=156435 77755.9 78679 48110 29645.9 23439.5 41686.9 36992.1 21544 24670.4 18111.5 22198.5 24613.8 15338.6 17073.1 12492.6 8101.98 13159.5 14243.1 5426.56 6205.33 11472.8 4930.44 7157 17456.8 9893.84 14793.6 11100 10427.3 7744.77 9219.08 5258.94 5328.03 3913.62 5444.79 8386.07 14532.3 12440.2 5629.13 13358.7 9347.66 4604.01 3677.06 7666.23 6248.54 5618.95 4037.72 5182.57 4747.79 4458.12 1683.33 2774.79 6505.02 5222.09 6493.6 1253.38 4561.63 3214.74 3824.44 11890.4 9127.56 1796.53 5877.89 2675.42 3940.41 4149.09 1682.67 4050.44 2658.08 5170.29 6222.94 3181.52 1578.69 8423.18 2392.68 1473.47 3511.11 3079.35 10415.1 1403.92 2496.73 894.133 3994.07 3846.94 2502.8 2327.46 6853.73 2485.83 1645.04 960.693 3103.86 4098.07 1814.37 252.524 3984.61 2466.42 1657.83 1000.75 5616.19 2415.6 3184.31 1579.39 8300.96 1527.87 1507.77 1361.45 8112.34 2843.34 2725.48 1062.92 3689.98 3096.03 2363.45 5666.02 1153.96 1586.16 2700.7 2579.53 2363.06 3166.79 1926.21 373.456 4747.7 1472.41 3253.04 1049.81
internal_count=187200 83265 103935 46874 36391 25232 56375 47560 27027 21642 20534 29720 33253 19289 23122 14850 9364 17884 10797 6854 7738 9284 6197 9489 23764 12967 17840 8738 10845 8895 12626 5792 4698 5238 6322 11047 18702 16422 7496 17951 10016 5821 4609 11018 7146 5684 4227 4537 5955 5574 2023 3551 8963 3463 8934 1588 6031 4203 5016 15647 11883 1414 5275 2510 5258 4735 2027 5370 3551 4816 8860 4169 2126 10785 2616 1661 3330 2869 13609 1765 3404 929 5359 5412 3210 3028 8988 3103 1611 1132 4326 5813 2266 249 5680 2708 1931 1335 7774 2301 4232 1829 10599 1993 1920 1783 10365 3491 3692 1193 5168 4073 3023 5957 1560 2210 3563 3414 2840 3153 2606 377 6707 1816 4635 1228
is_linear=0
shrinkage=0.05


Tree=7
num_leaves=127
num_cat=0
split_feature=38 27 29 0 38 34 11 5 11 25 11 38 25 38 6 25 46 39 34 11 38 34 24 5 33 27 13 42 25 29 33 39 5 27 34 38 34 38 0 23 39 13 11 27 39 12 38 6 2 24 39 5 5 33 23 25 38 6 14 27 33 5 23 24 29 5 43 39 0 24 39 34 34 16 5 25 5 24 38 24 5 24 29 5 5 16 33 33 39 29 42 34 5 11 15 0 6 12 11 5 25 5 14 7 25 28 0 34 29 38 23 29 15 38 25 29 33 11 6 38 5 6 39 10 29 38
split_gain=2.51558e+09 4.66838e+08 3.92657e+08 1.47881e+08 1.41035e+08 1.25808e+08 9.90933e+07 9.64776e+07 9.48818e+07 7.10984e+07 6.21321e+07 5.45202e+07 5.25995e+07 5.20913e+07 5.05219e+07 4.64741e+07 4.10498e+07 3.54055e+07 3.23251e+07 3.05374e+07 3.03673e+07 2.75631e+07 2.68944e+07 2.60217e+07 2.54915e+07 2.48283e+07 2.34709e+07 2.18916e+07 2.17433e+07 2.0383e+07 1.9819e+07 1.92193e+07 1.91752e+07 1.89894e+07 1.84482e+07 1.70719e+07 1.64745e+07 1.62193e+07 1.59875e+07 1.586e+07 1.48473e+07 1.45751e+07 1.43499e+07 1.43289e+07 1.42221e+07 1.39024e+07 1.38927e+07 1.38847e+07 1.36582e+07 1.34868e+07 1.34285e+07 1.34202e+07 1.32975e+07 1.28183e+07 1.23992e+07 1.2373e+07 1.22901e+07 1.20276e+07 1.18358e+07 1.18351e+07 1.17787e+07 1.20486e+07 1.16292e+07 1.40696e+07 1.14313e+07 1.13802e+07 1.13126e+07 1.05339e+07 1.0528e+07 1.04942e+07 1.0385e+07 1.02916e+07 1.02892e+07 1.02287e+07 1.02248e+07 1.02216e+07 1.01218e+07 1.09987e+07 9.82594e+06 9.68728e+06 9.6519e+06 9.62342e+06 9.59104e+06 9.57051e+06 9.43502e+06 9.22934e+06 9.07376e+06 8.92246e+06 8.69997e+06 8.69404e+06 8.60517e+06 8.45578e+06 8.45075e+06 8.26584e+06 8.20351e+06 8.19002e+06 8.1294e+06 8.0622e+06 8.057e+06 7.97209e+06 7.95909e+06 7.91186e+06 7.88195e+06 7.8255e+06 7.73092e+06 7.67889e+06 7.57465e+06 7.45489e+06 7.43952e+06 7.37888e+06 7.36496e+06 7.33907e+06 7.30828e+06 7.29705e+06 7.28308e+06 7.26858e+06 7.23507e+06 7.23296e+06 7.21228e+06 7.17632e+06 7.15753e+06 7.113e+06 8.27984e+06 7.08295e+06 7.07609e+06 6.99426e+06
threshold=0.01404320987654321 0.01404320987654321 0.010833333333333335 53.500000000000007 0.0078571428571428594 0.18611111111111114 0.25268941584731064 0.12556306306306309 0.26013698630136989 0.10833333333333335 0.26106541323932636 0.010092592592592594 0.091666666666666688 0.028364197530864197 0.11733416770963706 0.086111111111111124 1.0000000180025095e-35 0.022500000000000003 0.1138888888888889 0.23413839371286183 0.010833333333333335 0.43055555555555564 0.017461538991853532 0.052289815447710192 0.012314871764311917 0.0094841269841269855 4.5000000000000009 1.0000000180025095e-35 0.13055555555555556 0.0067283950617283957 0.023091566807786089 0.0071825396825396836 0.098476102516739786 0.0058333333333333345 0.12500000000000003 0.019598765432098767 0.39166666666666672 0.02194444444444445 15.500000000000002 0.02691464452958706 0.045617283950617288 1.0000000180025095e-35 0.27228596646072378 0.022808641975308644 0.0099382716049382733 1.0000000180025095e-35 0.019598765432098767 0.19074371321562336 1.0000000180025095e-35 0.025206306933240847 0.0081790123456790143 0.17521929824561405 0.10889328063241108 0.030960783467426589 0.024891025641025646 0.047222222222222228 0.025154320987654324 0.11796331435800128 3.5000000000000004 0.0084876543209876556 0.043857816716882846 0.069136223967224325 0.024133367486338802 0.019015871070708092 0.0081790123456790143 0.21231060606060609 1.0000000180025095e-35 0.003402777777777778 26.500000000000004 0.025757265672650697 0.039475308641975314 0.069444444444444461 0.10833333333333335 2.5000000000000004 0.15170694284618338 0.10833333333333335 0.15285947712418305 0.012088418132631935 0.023981481481481482 0.025898305974175268 0.075093984962406032 0.042048894019656322 0.010833333333333335 0.097693531283138943 0.091326105087572995 3.5000000000000004 0.019171395155023779 0.04796150058001885 0.028055555555555559 0.011388888888888891 1.5000000000000002 0.50833333333333341 0.10470653377630124 0.30810147299509011 2.5000000000000004 33.500000000000007 0.13293172690763055 4.5000000000000009 0.2259467040673212 0.079156223893066008 0.075000000000000011 0.20530382859149984 2.5000000000000004 14.500000000000002 0.086111111111111124 0.26944444444444449 95.500000000000014 0.11944444444444445 0.018293650793650796 0.037261904761904767 0.019345111394919828 0.022808641975308644 5.5000000000000009 0.0058333333333333345 0.13611111111111115 0.0099382716049382733 0.014519432571499763 0.28292357537640561 0.042705167173252283 0.021635802469135806 0.098476102516739786 0.13667496886674971 0.039166666666666676 13.500000000000002 0.05527777777777778 0.0205952380952381
decision_type=2 2 2 2 2 2 2 2 2 2 2 2 2 2 2 2 2 2 2 2 2 2 2 2 2 2 2 2 2 2 2 2 2 2 2 2 2 2 2 2 2 2 2 2 2 2 2 2 2 2 2 2 2 2 2 2 2 2 2 2 2 2 2 2 2 2 2 2 2 2 2 2 2 2 2 2 2 2 2 2 2 2 2 2 2 2 2 2 2 2 2 2 2 2 2 2 2 2 2 2 2 2 2 2 2 2 2 2 2 2 2 2 2 2 2 2 2 2 2 2 2 2 2 2 2 2
left_child=2 5 4 13 15 6 12 10 11 16 14 24 25 23 28 29 32 48 26 66 30 27 59 41 52 38 55 -15 39 71 84 82 107 -17 46 74 45 51 -2 60 76 -3 103 49 -11 106 -9 75 -7 92 -35 117 104 94 90 -13 -36 98 95 -8 61 125 63 101 100 108 -18 -58 -34 -64 -20 113 119 87 -33 -16 77 -27 -47 -45 -44 -80 -14 121 93 109 -76 -56 -74 -39 124 -23 -22 -10 97 -43 -46 -25 -28 -52 -21 -26 -55 -31 -4 -50 -12 -6 -57 -29 -77 -112 118 -1 120 -107 -68 -24 -97 -40 -19 122 -37 -32 -30 -5
right_child=1 3 8 7 9 17 22 34 20 44 36 18 31 21 47 33 19 114 70 64 43 91 37 53 62 40 57 85 54 42 123 35 68 50 56 83 -38 89 72 -41 -42 58 80 79 96 78 -48 -49 105 -51 99 -53 -54 102 73 65 67 -59 -60 -61 -62 -63 69 -65 -66 -67 116 -69 -70 -71 -72 -73 88 -75 86 110 -78 -79 81 -81 -82 -83 -84 -85 -86 -87 -88 -89 -90 -91 -92 -93 -94 -95 -96 112 -98 -99 -100 -101 -102 -103 -104 -105 -106 115 -108 -109 -110 -111 111 -113 -114 -115 -116 -117 -118 -119 -120 -121 -122 -123 -124 -125 -126 -127
leaf_value=10.494745076546288 -21.595998634315688 -12.258573982510356 0.28254239541354864 3.7033412366062972 1.400225692700185 12.742070014695209 -6.0063442107903029 -10.996009152826112 1.4040561800890916 13.314901712405774 -14.832014996371967 -15.260222475097713 13.560016642885262 -19.528934915679439 -9.7870140813655677 15.19703700683773 3.2569394451492366 0.040287461800558956 6.2628410691752521 2.6221092451044177 -4.0420703060676395 1.8496377713468892 0.93536294526987318 -15.552014536356101 6.254292198584781 -8.6497901083882578 3.6253295038203426 -10.831136751925058 12.313068337305978 7.4079314465628574 3.5304949999870581 5.7727281440757352 -14.295880665229118 15.080289135964287 -5.216083567395926 4.7221562144008606 4.0620441288206131 -4.7968688982727263 0.088801308930627099 -7.8326657411698397 -17.49829731543765 -9.4893774959002748 5.1878921252677808 -17.34619947375262 9.062587733520493 -6.4358845853342972 -16.911261394634785 -12.059378918704821 9.9859980856388173 0.37826680836335919 11.4455434162651 -11.369015616867097 -5.3456238103835636 -4.3341972392862855 0.038604859589630641 0.76659032543807493 8.3463950242456804 -4.3372023684430241 -10.982574514151782 -11.78576057340323 10.220401513899683 -6.6327492322177761 -0.12372964097707302 10.407769300801768 -0.063873573683598445 -14.145880496786251 5.6723465525725771 -12.682316396790462 -2.5882350081921102 6.0947537105356018 -0.23206291709984381 12.056301303166213 8.6952309167711928 -7.5602680037346692 -13.704311130527891 10.35128058980712 -11.331125179761671 -1.8492000789821692 -12.721439619168057 -7.1829700458410901 -3.801182093865243 -3.0878044733917118 2.8867713181170562 -7.8630086714578598 -5.4565289821717569 -19.569395096943268 3.1581619482283494 8.0655993526849166 -1.0556225214250192 -12.501451243934241 -1.4925468950150382 -15.169374069790486 -10.399901698713236 -4.2712073710163958 -16.70252037922435 0.9825023954107257 3.2577925521267881 -9.2947916493290901 -1.0880776793815654 7.6333458014303197 7.8015017535927571 -4.6700797302198156 -12.025577652364433 15.370870205182426 6.6680799409508937 6.3445719274924288 2.4197492974972761 8.261538117361324 -6.6187798598216521 -15.28459458774487 0.62806282647310885 -7.4509008342293246 -12.175121972910482 5.9675929332718205 4.8260927245660659 -3.5735168920933682 9.8333312677333442 -4.1979773292458118 -5.3997664578030165 -7.7028071549353987 -9.481444148069869 -7.8786137451293499 -5.3481231204518629 17.01358525600601 -4.1468379680497467 -3.035109349714157
leaf_weight=2005.0999029278755 82.404706060886383 1956.5416296422482 1054.1210177838802 807.47729194164276 2401.173899948597 1462.7559068500996 1257.2508081197739 1660.1501345038414 2048.5354737043381 1944.8242208063602 1475.0464104115963 305.43726989626884 621.24297776818275 3772.615795135498 881.1198373734951 5358.3975483775139 1166.6193170845509 824.50981390476227 2492.2443361580372 1966.4983153939247 1603.74745413661 269.44155824184418 1543.1911792159081 1021.9146749973297 2777.1207715570927 851.55105292797089 2320.0524747669697 1619.1183488965034 522.86740347743034 4793.4573397040367 1717.2759696543217 2319.117195636034 215.44600233435631 1927.4070616662502 1117.8392858803272 794.7958135008812 215.7257314324379 686.21043092012405 1629.3534428775311 1418.5645799636841 260.50918596982956 787.89131873846054 861.30272582173347 350.83198925852776 4975.6455448567867 2419.2508751153946 2468.6211632490158 1420.2747097015381 620.80417883396149 1205.1219321489334 4736.5234958827496 379.69512918591499 605.69223636388779 514.21743553876877 2169.4677463769913 765.99721226096153 61.744984596967697 1017.0262897610664 1280.8235877752304 2998.3218574523926 204.81850063800812 964.90927568078041 918.45892661809921 3145.4074207544327 2290.9431970715523 248.41471797227859 1436.4237917363644 1677.3691708445549 1765.9784530103207 2596.344612121582 817.29387477040291 4579.5703306496143 597.22031083703041 370.90563952922821 133.24547627568245 98.835071325302124 547.37020206451416 1970.0155128240585 1645.3660915791988 706.88535678386688 457.10598608851433 307.71355271339417 318.33489990234375 470.35227075219154 1315.5264687538147 718.18252825737 198.81558015942574 411.92643451690674 370.77595227956772 785.04268682003021 210.78828081488609 100.09680953621864 775.33822685480118 934.1568740606308 2397.8333020508289 831.55795955657959 686.34894159436226 1037.3629212081432 1488.2565661668777 1930.2730557322502 1190.9274749755859 176.2585337460041 945.65792888402939 329.76125767827034 861.28372865915298 481.03270626068115 66.494344472885132 474.03800281882286 614.56867250800133 2185.7062276303768 504.07998630404472 635.49799165129662 214.98373407125473 1600.6529407501221 549.78244259953499 299.89588391780853 3830.8103921413422 1235.6729138791561 946.47646051645279 360.99488100409508 259.47731396555901 212.54771465063095 274.65205863118172 103.26057919859886 74.612266898155212 736.17512139678001
leaf_count=2712 52 1664 1503 1067 3297 1745 1515 1622 2818 2191 1170 282 687 2068 911 5802 1715 1066 3277 2874 2051 410 1928 794 3891 966 3192 1515 621 6668 2363 3001 215 2020 1301 1026 307 786 2246 1565 206 817 1258 297 6563 2750 1730 1401 824 1573 5952 390 814 574 2818 966 71 1378 1285 3096 291 1129 1382 4023 3308 262 2060 1510 2464 3723 1124 5677 772 426 145 122 618 2509 1454 890 695 370 356 538 1728 400 286 577 492 723 292 100 883 1203 1807 1050 975 1102 2132 2599 1652 249 849 368 1221 729 64 632 709 1655 597 702 219 2359 754 421 5075 1502 1141 437 317 243 347 117 117 860
internal_value=-1.1583e-07 -6.99617 5.74625 -10.0468 8.41433 -1.57305 -3.20571 -7.42537 1.46261 5.6178 -5.44841 3.33003 -0.244702 -13.1705 -3.27075 10.7966 3.79631 6.0122 0.610158 5.37931 -2.39069 -16.1214 -7.20908 -11.0282 5.58696 -3.20583 -1.37209 -16.7165 -1.04475 8.82733 -0.0771824 3.45189 -0.0766558 12.861 -12.3954 2.06671 -9.50998 -4.57178 0.126933 -3.54841 -5.99802 -8.71329 6.72332 -5.44024 9.62601 -10.0051 -14.5328 -8.23393 9.36228 -3.93115 11.4045 -2.552 1.11187 -13.3828 1.70616 -6.02537 -9.30653 0.493347 -7.00552 -10.0783 -1.30858 -2.2499 6.76052 8.0807 2.62483 -4.29381 7.71188 -11.9357 -3.86124 4.46979 4.65892 10.4831 0.732026 0.203922 4.59776 -5.67054 -5.10874 -3.90162 -8.56559 -10.554 2.07129 -11.2036 9.94385 -1.7626 -1.92915 -14.3707 -3.60821 1.31951 4.96032 -8.90794 7.19327 -2.7603 -6.11407 -0.373394 -14.7146 -5.17377 8.35893 -12.3999 1.78337 10.3418 4.57569 5.60232 -9.31641 7.92047 3.15387 5.83536 -14.0879 2.53145 -2.52106 -13.3895 -2.74171 -3.87726 -3.4677 8.48507 0.138513 2.53578 8.69859 -1.34727 -2.41488 -1.32438 -2.23896 0.475583 2.13594 4.29525 10.2576 0.489742
internal_weight=156435 70545 85889.9 45148.1 52925.2 25396.9 20898.7 24547.6 32964.7 24345.7 17561.9 22204 12013.3 20600.4 11432.3 28579.6 16738.9 4498.26 10069.3 11882.2 10760.7 8665.16 8885.39 11935.3 12134.7 6670.2 6759.75 8295.62 7892.51 14627 6118.76 5343.1 4856.64 13952.6 6985.72 4403.53 6129.6 4629.81 3040.75 4131.94 3629.45 6018.27 6441.63 4641.92 7606.82 5913.87 4128.77 3539.81 2864.49 3584.21 8594.2 3158.56 2521.1 5916.99 3760.57 1934.42 2856.95 4825.34 4061.73 4255.57 2713.38 2508.56 9613.59 6098.79 5448.37 1628.98 6433.85 1739.11 1981.42 3514.8 3309.54 8185.32 2958.34 2952.3 2651.18 2119.53 3368.94 2821.57 4372.33 1057.72 1318.41 1953.08 939.578 1752.35 4298.22 4523.01 332.061 2581.39 967.996 1471.25 808.268 369.538 2379.09 2982.69 4457.11 2780.91 5661.99 2059.28 3808.31 6666.8 3157.43 2953.38 1459.88 5123.22 1915.4 1401.73 1541.54 2875.21 1380.57 3804.82 1238.41 1139.58 1993.02 3605.75 1633.77 780.929 5267.23 2778.86 1778.03 1990.35 1083.99 1282 1069.45 1820.54 597.48 1543.65
internal_count=187200 74018 113182 43295 69131 30723 24867 25845 44051 33021 19611 30128 14927 17450 13496 36110 23292 5856 13322 16684 13923 6148 9940 11302 16806 8298 8921 5638 9763 19737 8229 6629 6608 16373 6234 5586 6115 5329 3999 4912 4299 6176 8989 5694 9729 5808 3352 3733 3719 4507 10571 3820 3538 5126 4851 2219 2882 6702 4512 4611 3347 3056 13268 8163 7834 1937 8850 1581 2679 5105 4401 10748 3947 3821 3432 2332 4093 3475 4574 1187 1953 1824 1043 2154 5749 3570 431 3395 1264 1509 1030 510 2934 4021 3703 3227 7538 1896 5324 8551 4526 4140 1423 7036 2724 1974 1234 3929 1675 3170 1421 1299 2410 5071 2137 1150 7135 3430 2191 2683 1383 1616 1373 2480 738 1927
is_linear=0
shrinkage=0.05


Tree=8
num_leaves=127
num_cat=0
split_feature=36 36 27 27 1 34 0 27 1 1 24 11 34 1 0 1 12 34 33 39 1 11 37 28 5 0 24 39 11 1 34 1 0 1 36 34 24 37 11 47 46 14 23 12 30 5 39 39 1 11 37 39 46 23 0 11 1 14 2 34 1 0 33 11 1 1 30 30 33 36 40 37 34 5 14 39 18 1 24 24 34 42 23 33 27 0 39 33 36 1 27 11 16 33 5 0 21 24 11 42 36 5 1 5 13 14 12 39 11 27 1 27 42 27 40 11 4 42 0 14 11 14 39 34 23 24
split_gain=2.27214e+09 4.14454e+08 3.72693e+08 1.51745e+08 1.25164e+08 1.22552e+08 1.09314e+08 9.68356e+07 9.19698e+07 8.37377e+07 5.85327e+07 5.68276e+07 5.27497e+07 4.44513e+07 4.44271e+07 4.43039e+07 3.91498e+07 3.62574e+07 3.4173e+07 3.39167e+07 3.27145e+07 2.91198e+07 2.803e+07 3.68218e+07 2.77453e+07 2.6356e+07 2.63051e+07 2.62332e+07 2.57063e+07 2.48438e+07 2.45968e+07 2.39771e+07 2.39013e+07 2.27549e+07 2.26647e+07 2.13578e+07 2.09978e+07 1.82533e+07 1.82135e+07 1.80431e+07 1.77642e+07 1.76122e+07 1.75014e+07 1.7228e+07 1.66888e+07 1.62335e+07 1.6046e+07 1.5545e+07 1.53214e+07 1.48855e+07 1.4814e+07 1.51588e+07 1.43594e+07 1.4156e+07 1.40755e+07 1.40086e+07 1.38455e+07 1.34369e+07 1.33955e+07 1.32452e+07 1.30545e+07 1.29861e+07 1.24353e+07 1.24342e+07 1.23207e+07 1.20834e+07 1.19005e+07 1.15583e+07 1.14435e+07 1.13992e+07 1.13407e+07 1.29674e+07 1.62506e+07 1.09078e+07 1.08647e+07 1.05742e+07 1.04031e+07 1.0321e+07 1.02513e+07 1.01861e+07 1.0081e+07 9.9177e+06 9.914e+06 1.08817e+07 9.80265e+06 9.75135e+06 9.67986e+06 9.58207e+06 9.3343e+06 9.24461e+06 9.82674e+06 9.24316e+06 8.95131e+06 8.87297e+06 8.87094e+06 8.8182e+06 8.80969e+06 8.65931e+06 8.6064e+06 8.5789e+06 8.94744e+06 8.56066e+06 8.54214e+06 8.52711e+06 8.52454e+06 8.64534e+06 8.40496e+06 8.3992e+06 8.30008e+06 8.2903e+06 8.25124e+06 8.13659e+06 7.99509e+06 9.06854e+06 7.98877e+06 8.47305e+06 7.98446e+06 7.96402e+06 7.69299e+06 9.20447e+06 7.6836e+06 7.64765e+06 7.64445e+06 7.62552e+06 7.5329e+06 8.72673e+06
threshold=0.015039682539682542 0.0084876543209876556 0.01404320987654321 0.012870370370370372 5.5000000000000009 0.18611111111111114 63.500000000000007 0.0067283950617283957 4.5000000000000009 6.5000000000000009 0.01242207157971586 0.27511467889908264 0.10277777777777779 5.5000000000000009 83.500000000000014 -11.499999999999998 1.0000000180025095e-35 0.1138888888888889 0.036716507852610956 0.022500000000000003 -10.499999999999998 0.22816552250190694 0.041666666666666678 0.68611111111111123 0.11647286821705428 53.500000000000007 0.016838963274050479 0.0071825396825396836 0.22179813401187451 12.500000000000002 0.069444444444444461 -5.4999999999999991 25.500000000000004 13.500000000000002 0.029537037037037039 0.39166666666666672 0.031271710477426808 0.041666666666666678 0.25362623502207277 1.0000000180025095e-35 1.0000000180025095e-35 10.500000000000002 0.022843364197530868 1.0000000180025095e-35 0.013412698412698413 0.086688137412775104 0.0058333333333333345 0.003402777777777778 8.5000000000000018 0.21340823970037456 0.058333333333333341 0.023395061728395065 1.0000000180025095e-35 0.027028470778470783 16.500000000000004 0.22053033811949979 4.5000000000000009 23.500000000000004 1.0000000180025095e-35 0.075000000000000011 13.500000000000002 98.500000000000014 0.026553151354550626 0.20486865494765952 -5.4999999999999991 3.5000000000000004 0.0052777777777777788 0.0049691358024691367 0.021248373159828107 0.0052777777777777788 0.0015487876072553489 0.036111111111111115 0.10833333333333335 0.10361093038386469 11.500000000000002 0.010524691358024694 1.5000000000000002 -7.4999999999999991 0.025071780270197293 0.040419871395766034 0.15833333333333335 1.5000000000000002 0.020005393743257823 0.019955471500495831 0.0067283950617283957 48.500000000000007 0.028055555555555559 0.04324456275878448 0.0058333333333333345 -6.4999999999999991 0.028055555555555559 0.27315608919382511 3.5000000000000004 0.022744336115103504 0.18786764705882356 19.500000000000004 41.500000000000007 0.016838963274050479 0.20816666666666669 1.0000000180025095e-35 0.028055555555555559 0.12141687141687144 -13.499999999999998 0.089815615096513993 1.0000000180025095e-35 3.5000000000000004 1.0000000180025095e-35 0.0052777777777777788 0.23463088939279417 0.0088095238095238105 11.500000000000002 0.0067283950617283957 1.0000000180025095e-35 0.026150793650793657 0.0014484126984126995 0.26256313131313141 5.5000000000000009 1.5000000000000002 98.500000000000014 10.500000000000002 0.24536878216123501 7.5000000000000009 0.003402777777777778 0.063888888888888898 0.026308731039585646 0.022337119820817711
decision_type=2 2 2 2 2 2 2 2 2 2 2 2 2 2 2 2 2 2 2 2 2 2 2 2 2 2 2 2 2 2 2 2 2 2 2 2 2 2 2 2 2 2 2 2 2 2 2 2 2 2 2 2 2 2 2 2 2 2 2 2 2 2 2 2 2 2 2 2 2 2 2 2 2 2 2 2 2 2 2 2 2 2 2 2 2 2 2 2 2 2 2 2 2 2 2 2 2 2 2 2 2 2 2 2 2 2 2 2 2 2 2 2 2 2 2 2 2 2 2 2 2 2 2 2 2 2
left_child=1 7 5 8 6 9 16 30 10 14 54 17 13 31 22 66 50 24 28 58 67 52 109 38 43 -6 63 -22 57 46 88 91 -33 59 36 112 53 75 73 61 96 42 68 95 117 114 97 -14 124 76 -4 93 -10 78 -3 85 69 118 -7 106 123 -11 104 -16 -46 -66 -8 -12 -39 -32 71 -42 108 84 -65 -30 -15 -40 -18 94 -55 -74 83 -28 -24 -45 121 -68 -1 -38 -91 -9 98 -52 -48 -5 101 -27 -20 -53 -101 -29 -97 116 -13 -106 -23 -54 -73 -2 -21 -56 -36 120 115 -34 -44 -19 119 -17 -114 -79 -31 -51 125 -49
right_child=2 3 4 11 25 19 15 12 21 39 20 62 47 49 26 18 34 44 92 110 27 33 23 -25 -26 29 82 40 37 122 56 32 45 -35 35 -37 89 41 77 -41 70 -43 103 55 64 -47 79 48 -50 60 51 99 107 80 111 -57 -58 -59 -60 -61 -62 -63 -64 74 65 -67 87 -69 -70 -71 -72 72 81 -75 -76 -77 -78 86 -80 -81 -82 -83 -84 -85 -86 -87 -88 -89 -90 90 -92 -93 -94 -95 -96 102 -98 -99 -100 100 -102 -103 -104 -105 105 -107 -108 -109 -110 -111 -112 -113 113 -115 -116 -117 -118 -119 -120 -121 -122 -123 -124 -125 -126 -127
leaf_value=10.796718855498849 -3.4528090114284016 -11.661223007296003 -19.692370189119572 -13.731977314837593 -17.275430491053505 12.454758092274684 -0.59936473939546453 4.1401779370924627 -2.2961040543073508 -9.4088059357944456 9.4220828511616634 -10.812682955724213 16.874421021923411 -6.3489530597619037 5.0968722608855321 1.0894279468384418 -8.3349858901225069 10.340499608647558 9.4637513415208865 0.70612058171762215 13.017553356286815 -13.573335629868556 11.982932806352403 -7.0198829377238852 -6.5153233277309743 -14.675482911521067 4.1597975348295382 4.4142678883850932 -5.6134915703386241 -2.8937364358611593 15.841559717441379 -2.5795849336575665 10.878984188111087 -11.276210377504409 -15.394389950243983 0.85257644912738506 -9.8834771484572332 0.02013439044609959 -8.6158423797378649 -14.717288348955501 4.2669406934939271 -9.2952595726815037 0.37635809633067052 -1.0985271604979723 -5.8578166008355428 4.4954646499438651 -10.318847329690483 9.1804842987906738 3.1013222849359234 -3.6959142324654892 -10.505043495409568 -16.228239970890403 11.617068497915358 -14.205663838959339 4.2435131495606262 -1.2791553295054809 9.5132092641635779 -9.1200512649107388 5.4561425335259335 0.67291490504898366 -9.2445059749479057 0.21511353396687696 -1.7018180815146053 2.5868326742709487 5.2166830901275718 -2.2362529355389102 -14.139316505725715 -1.1061680456988987 16.131472329483611 12.235337861035497 3.8962337117564512 9.757725031719966 14.85455864192722 -3.8462416287098287 -8.348619158911168 -13.886773435327896 6.888800575106039 4.1599138067349051 1.4703515297039056 -4.0648392972824734 -4.6019604630975213 7.8163273005518894 2.6765488657928369 13.929779106792953 2.8869044505045225 5.5821645774627484 -5.0192724930760821 -1.3934381362709913 6.7999019782350318 -0.84576883160409244 -6.5519954682389114 -1.9012761096939597 -9.4535071150382457 -1.2629451817966388 -16.599526717794202 -14.285304327504093 10.966244511351785 5.2374650784421197 1.629202881780248 -7.5244872899391142 -14.363479187296173 -1.5904389379432571 -1.8032786022891867 -8.9890097893217966 -1.848188082292046 -8.1065462728015909 -3.6693695346797721 3.715755388283684 5.9071256886706696 -11.191193308337036 -13.401558220559057 -0.54829812615864226 -3.0798787089184021 -13.488991291311514 4.8361928643765006 6.6133548177102925 -10.223904727450304 2.4348153166634923 5.4503892957905959 -8.8419594628155291 -11.33199258504605 -5.8368401456753958 -16.680552047588986 2.9299876870301329 7.0490205439342546 13.223353707086936
leaf_weight=2969.9250503182411 463.26749187707901 230.57359784841537 890.87014266848564 240.48692658543587 4814.6376490294933 1405.9233757257462 222.87751096487045 2567.2745322287083 879.31738618016243 1869.0858870446682 312.41871818900108 1358.8875845372677 708.71347251534462 177.77415880560875 415.57800352573395 1106.1968284249306 2051.3508616685867 1058.0446473360062 462.42673394083977 1353.1227045655251 1959.8585137426853 264.20782145857811 349.06632840633392 2837.4449571073055 2317.1129320561886 69.80859449505806 518.08755800127983 2370.3728412389755 600.95808532834053 104.72078227996826 3727.3288224935532 557.16488698124886 4876.1827379465103 754.26995515823364 1665.8279469311237 312.79422694444656 682.61969798803329 257.85649362206459 620.63434863090515 1455.4812879562378 1525.1236012876034 1260.7850739359856 936.25909307599068 765.24042993783951 475.72871324419975 2393.2602526545525 2270.0284956395626 3271.8282878398895 926.73102304339409 854.15173786878586 1063.2528430521488 2403.1434905827045 422.87013971805573 1761.7897896468639 1326.8580993413925 3073.3434187471867 2493.3896804749966 378.35106202960014 1330.9788360595703 2218.2198096215725 537.40538248419762 431.42948850989342 1147.4800424575806 324.11687690019608 1756.2677624225616 787.78856915235519 1512.9734026193619 1574.3719660639763 192.48733702301979 5317.5935020446777 1563.1899946928024 2788.3680934011936 1674.7803873121738 505.42473658919334 759.0957612991333 1080.8350824415684 898.64545071125031 854.35614523291588 306.37119102478027 484.60221570730209 323.4172571003437 713.8686942756176 971.73266714811325 633.48339015245438 1955.6010138392448 1908.363794028759 924.00401350855827 163.37799650430679 2874.8569622039795 1656.3884021639824 1385.6527036428452 840.34165102243423 142.78324183821678 343.62815251946449 747.28351703286171 155.82784074544907 380.20100554823875 250.51146012544632 1448.720300257206 760.62865832448006 1288.235299706459 791.84089431166649 1138.5589794814587 598.24815186858177 861.90627011656761 1533.8617878556252 1132.2142930626869 1643.7028239965439 2809.6202893257141 1368.5396957397461 112.24240416288376 2665.6712031364441 514.91755843162537 1535.5075855255127 902.62154015898705 1529.2672907412052 219.24363252520561 455.79433983564377 687.98761320114136 295.65787208080292 623.82359445095062 246.51809540390968 2521.1262914538383 883.25499153137207 1729.8211466372013 2254.5690592229366
leaf_count=3860 660 240 489 224 3152 1671 264 3755 1185 2059 391 1367 683 229 546 1423 2243 1274 613 1798 2253 293 424 3255 2847 75 608 3180 695 139 3780 755 6192 887 1165 472 706 319 695 1234 2305 1311 1220 1052 599 3423 2242 4283 1325 1293 983 1575 497 1508 1956 4243 3276 370 1878 3199 709 555 1473 437 2446 1045 1349 2268 213 6336 2306 3597 1834 632 920 945 1256 1092 357 598 384 1051 1289 673 2574 2504 1166 196 4119 1989 1513 1205 144 390 542 157 500 289 1939 823 1001 1062 1441 621 1131 1870 1626 2415 3808 1435 107 3756 575 1291 1280 2111 233 677 905 345 595 281 1791 1316 2402 2672
internal_value=-1.75839e-07 5.02114 -7.23168 1.87351 -9.95933 -1.90322 -8.32554 8.58643 4.08898 -3.74414 5.66089 -1.61845 6.64947 5.01867 -1.93641 -4.47227 -10.6032 -0.00944321 -3.10088 5.76443 6.87549 -0.786381 -3.63651 -2.40008 -1.74992 -14.4763 2.81591 7.58553 -4.64466 -12.3863 11.4734 6.28413 7.49119 -3.37689 -8.98055 -11.7659 -7.39381 -6.65646 0.0026636 -10.3604 6.85722 -4.58193 -1.88582 -0.23355 3.67564 8.06957 -9.81386 9.77058 9.15533 -0.141764 -13.6853 -12.7719 3.05548 -9.71504 0.350498 1.0233 12.812 -0.449662 9.05127 -1.72853 -2.43404 -7.60397 -6.25713 -2.2557 1.52775 2.90882 -11.4539 0.637122 6.90649 13.7214 7.84302 8.49164 9.29839 2.80577 -5.07653 -10.9305 4.70254 -2.97483 -7.06084 -10.7937 -12.7161 12.7511 6.39584 9.5343 4.26459 3.67001 -1.24584 -12.8971 8.83082 -4.62495 -3.44496 2.65031 2.62265 -8.24768 -11.8744 -4.93953 3.77524 0.897759 3.52487 -14.2016 -11.8245 2.91065 -3.30596 -4.14358 -7.64931 -5.85503 -5.54323 5.33255 7.82512 -9.23414 -0.374484 1.04419 -12.6753 -10.9816 9.24002 9.86059 -1.63492 7.96022 1.12005 -1.00515 -7.60054 1.92135 -16.1307 -0.327468 9.92852 10.8298
internal_weight=156435 92328.7 64106.2 49036.6 42401 21705.2 31138.2 43292.1 30001.9 17502.9 22687.1 19034.7 25909 17017.3 13747 11568 19570.2 14132.6 9668.8 4202.27 18464 7314.8 10124.9 8293.05 9598.93 11262.7 3622.09 16577.2 7614.87 6448.08 17383.1 13666.1 10258.5 4368.91 12820.5 4652.87 8167.59 5146.67 5455.6 3756 14617.4 3464.88 2204.09 7281.82 4533.62 9701.33 3822.23 8891.66 8182.95 3351.23 6749.76 5858.89 2945.89 4442.93 4223.1 5746.95 11538.3 2468.19 2736.9 3614.64 2274.81 2300.52 4902.14 1498.79 3019.79 2544.06 1899.23 1886.79 450.344 9044.92 11075 9511.76 7986.64 2810.09 1083.21 1681.79 1076.42 2645.51 2357.72 3501.91 2085.21 2388.65 2123.3 1151.57 2304.67 2673.6 2024.88 1676.35 5844.78 3724.66 3042.04 3407.62 2053.93 1406.88 3017.31 1534.87 3542.41 320.32 1911.15 4452.01 2048.86 3162.21 1294.39 1753.75 3754.66 2395.77 1396.42 2066.57 5597.99 1831.81 1465.37 3992.53 4340.08 2674.25 7308.07 6405.45 1155.5 1513.84 2089.84 1401.85 1138.74 1100.87 2625.85 1737.41 7256.22 5526.4
internal_count=187200 121219 65981 64959 39992 25989 31164 56260 40609 20535 30507 24350 34889 23524 16687 13105 18059 18509 11296 5454 24555 10102 12214 10119 12468 8828 4473 21896 8600 5676 21371 18721 13761 6005 12798 4098 8700 5557 6864 3848 19643 3917 2606 9621 6041 13006 3746 11365 10682 4803 5261 4772 4097 4492 5952 7799 13392 3043 3549 5118 3318 2614 5841 1903 4090 3491 1809 2659 532 10116 14901 12595 10290 3630 1357 1640 1485 3234 2600 3382 1892 2885 2570 1281 2998 3556 2539 1545 7979 4208 3502 4960 2696 1373 2784 1822 4742 364 2552 3399 1824 4242 1598 2074 4368 3001 1919 2912 7405 2095 1905 5712 3626 2461 9583 8303 1453 1951 2673 1768 1170 1373 1930 2609 9357 6955
is_linear=0
shrinkage=0.05


Tree=9
num_leaves=127
num_cat=0
split_feature=38 27 29 47 1 11 38 36 34 34 1 24 24 1 1 11 46 11 11 29 11 1 38 16 27 33 34 27 11 24 23 34 1 29 28 5 24 44 34 34 1 34 28 43 2 36 16 46 1 5 1 11 36 27 1 11 36 40 38 9 24 38 11 34 6 31 1 26 1 1 9 6 24 23 24 29 24 33 34 6 5 34 5 1 1 35 3 40 6 1 24 23 1 24 9 11 11 1 23 10 33 24 2 40 6 35 1 5 34 11 34 31 29 23 24 24 6 1 1 6 46 1 35 6 11 5
split_gain=2.05441e+09 4.48871e+08 2.60499e+08 1.48632e+08 9.99206e+07 9.08996e+07 8.20887e+07 6.89835e+07 5.7847e+07 5.60183e+07 5.59909e+07 5.37498e+07 5.07462e+07 4.88677e+07 4.74404e+07 4.17264e+07 3.7128e+07 3.54694e+07 3.46498e+07 3.08658e+07 2.89583e+07 2.62229e+07 2.60175e+07 2.46824e+07 2.43522e+07 2.31851e+07 2.19122e+07 2.05144e+07 1.8667e+07 1.85943e+07 2.77438e+07 1.83651e+07 1.82814e+07 1.82636e+07 1.81766e+07 1.80346e+07 1.7473e+07 1.74595e+07 1.73004e+07 1.72172e+07 1.65239e+07 1.5426e+07 1.42601e+07 1.4053e+07 1.37332e+07 1.30962e+07 1.29584e+07 1.29285e+07 1.29131e+07 1.27477e+07 1.26019e+07 1.25613e+07 1.24364e+07 1.21345e+07 1.19642e+07 1.18922e+07 1.15686e+07 1.12767e+07 1.11846e+07 1.11716e+07 1.10835e+07 1.19061e+07 1.09087e+07 1.03356e+07 1.01805e+07 1.01799e+07 1.0158e+07 1.01177e+07 9.81203e+06 9.38898e+06 9.38123e+06 1.11772e+07 9.27918e+06 9.76976e+06 9.22426e+06 8.79754e+06 9.20006e+06 8.77646e+06 8.58037e+06 9.01776e+06 8.5592e+06 8.50175e+06 9.5704e+06 8.4261e+06 8.87933e+06 8.30225e+06 9.47357e+06 8.2414e+06 8.10656e+06 9.21496e+06 7.96284e+06 7.99862e+06 7.93938e+06 7.90267e+06 7.87179e+06 8.92269e+06 7.84774e+06 7.75889e+06 7.74376e+06 7.72079e+06 7.68669e+06 7.6025e+06 7.53667e+06 7.52794e+06 7.48907e+06 7.45855e+06 7.37138e+06 1.00101e+07 7.36271e+06 7.2796e+06 7.2004e+06 7.12089e+06 7.11081e+06 7.08034e+06 1.21994e+07 7.06517e+06 6.98838e+06 6.9504e+06 6.98875e+06 6.93201e+06 6.88514e+06 6.8472e+06 6.80476e+06 7.19931e+06 6.79457e+06 6.76004e+06
threshold=0.012870370370370372 0.012870370370370372 0.0084876543209876556 1.0000000180025095e-35 6.5000000000000009 0.2310870947234584 0.019598765432098767 0.0061419753086419766 0.44166666666666671 0.33611111111111119 5.5000000000000009 0.013476544659265717 0.015110805556046998 7.5000000000000009 -5.4999999999999991 0.24085229808121375 1.0000000180025095e-35 0.24499799919967988 0.26425937974409025 0.018968253968253971 0.25728429985855733 6.5000000000000009 0.0073148148148148157 2.5000000000000004 0.0099382716049382733 0.017863974085059308 0.10277777777777779 0.0205952380952381 0.20919661733615225 0.031271710477426808 0.035281531531531539 0.052777777777777785 -9.4999999999999982 0.016944444444444446 0.26944444444444449 0.10275263951734541 0.021585798904918737 1.0000000180025095e-35 0.14722222222222223 0.10277777777777779 8.5000000000000018 0.13611111111111115 0.55277777777777792 1.0000000180025095e-35 1.0000000180025095e-35 0.024523809523809528 3.5000000000000004 1.0000000180025095e-35 -10.499999999999998 0.10050505050505053 5.5000000000000009 0.27675941080196403 0.0084876543209876556 0.0088095238095238105 9.5000000000000018 0.268405600722674 0.028055555555555559 0.0030739067695589434 0.018293650793650796 5.5000000000000009 0.025481086226421049 0.034506172839506181 0.29561459667093476 0.19722222222222227 0.24341649341649343 0.00042694402734970758 -6.4999999999999991 8.5000000000000018 13.500000000000002 -10.499999999999998 5.5000000000000009 0.133739837398374 0.024933922079967002 0.025019561815336468 0.03082839974304824 0.022500000000000003 0.021479067992073424 0.048965769712539943 0.10833333333333335 0.11558704453441297 0.13536417773705914 0.12500000000000003 0.15170694284618338 16.500000000000004 -11.499999999999998 1.0000000180025095e-35 5.5000000000000009 0.00011853959222380278 0.17165178571428574 7.5000000000000009 0.025481086226421049 0.02617121507472385 -17.499999999999996 0.015017561600146657 8.5000000000000018 0.20067114093959734 0.22708174178762416 11.500000000000002 0.024696106362773033 7.5000000000000009 0.034470990207961232 0.048270230607010363 1.0000000180025095e-35 0.0017591832390682963 0.26699669966996703 13.500000000000002 -7.4999999999999991 0.075614636935391666 0.11944444444444445 0.2152872444011685 0.21944444444444447 0.0012121212121212128 0.025154320987654324 0.02361990154711674 0.020754009811054453 0.027088718014664212 0.22767145135566189 -5.4999999999999991 3.5000000000000004 0.15424266455194294 1.0000000180025095e-35 -4.4999999999999991 8.5000000000000018 0.12933094384707292 0.28642149929278643 0.057307060755336627
decision_type=2 2 2 2 2 2 2 2 2 2 2 2 2 2 2 2 2 2 2 2 2 2 2 2 2 2 2 2 2 2 2 2 2 2 2 2 2 2 2 2 2 2 2 2 2 2 2 2 2 2 2 2 2 2 2 2 2 2 2 2 2 2 2 2 2 2 2 2 2 2 2 2 2 2 2 2 2 2 2 2 2 2 2 2 2 2 2 2 2 2 2 2 2 2 2 2 2 2 2 2 2 2 2 2 2 2 2 2 2 2 2 2 2 2 2 2 2 2 2 2 2 2 2 2 2 2
left_child=2 4 7 6 8 16 20 26 11 15 14 37 40 19 48 23 31 34 38 36 39 46 90 27 32 68 54 57 59 51 112 -4 -19 52 67 122 -5 53 47 43 55 49 -40 -3 -11 125 62 -6 100 75 66 56 105 111 64 80 99 74 -15 -14 93 -62 70 83 109 85 -30 69 -12 -13 -17 108 73 -50 87 76 -24 -67 79 -54 -9 82 116 84 -22 86 121 104 89 103 -16 -92 -35 -29 -49 -96 -55 -20 -83 -21 -7 -32 -10 -41 -8 -18 -26 -108 -72 -1 -52 -2 117 114 -86 -101 -71 -31 -119 -34 -42 -38 123 -33 -27 -36
right_child=1 3 5 13 18 10 9 12 102 44 25 17 28 58 22 21 33 24 97 29 63 -23 41 -25 106 124 -28 60 50 30 101 35 119 92 45 -37 65 -39 42 88 120 -43 -44 -45 -46 -47 -48 94 72 -51 110 -53 78 96 -56 -57 -58 -59 -60 -61 61 -63 -64 -65 -66 77 -68 -69 -70 81 71 -73 -74 -75 -76 -77 -78 -79 -80 -81 -82 98 -84 -85 113 -87 -88 -89 -90 -91 91 -93 -94 -95 95 -97 -98 -99 -100 115 -102 -103 -104 -105 -106 -107 107 -109 -110 -111 -112 -113 -114 -115 -116 -117 -118 118 -120 -121 -122 -123 -124 -125 -126 -127
leaf_value=12.281174295249594 2.6841048955145013 -7.8237277618300531 -2.6701216910293826 -9.7141222581030977 -9.6865344079032774 -5.9665841164263504 0.50677068382432078 6.5406458937249843 13.429083631418491 7.7713331495145788 -5.5777134073223085 -1.0693382974707453 7.8577420343438007 -11.306637949942214 5.5641773861273842 -11.158197455291194 9.0388951586533519 -7.4681422377166271 -9.1073432504036784 -12.66067820248338 -13.390514018565884 -15.550257072190744 1.205715557479579 -11.84940484962739 -8.602505884926277 0.91140977864255879 13.837639331926562 4.3750851344846859 4.9076025559196594 -9.7163501977961744 -14.7175448100264 6.9003847448770603 4.8179783951521262 -13.165284876056852 4.6049755066589171 -0.48911014965598132 0.13568255279112515 -8.7181613519636301 6.6292314158907635 4.1361727784748021 -7.5398840842330275 6.5064664665875203 -9.1943819575275452 -1.5210391749798193 -2.8919165164460332 -5.0096130342159979 -15.585946561109518 -6.1686890604076732 -0.90869462760822839 -2.5023666626050591 2.99433006024474 -17.304342419645618 5.7186532602971276 -0.63447239503649921 3.6192160576835222 0.88438008725376438 -15.99140173509155 -12.211501587446529 -17.395738076153869 13.025335577663611 -3.4895530646284088 -10.581658336256851 -11.824408878022659 1.5045921464940593 -3.9232003143111074 -7.5959922664778805 9.2875262248419297 12.552961186174567 -12.932413120428279 6.1044011708388046 -7.894126325506277 -11.283765281248737 3.339249683299208 -12.28394384353801 3.4672628087824537 -2.7330118455377592 5.8379295523912376 7.0955176031785916 8.6560038241966719 -1.0663095001672633 -0.16486342555036504 13.417363314616285 -5.2374688496070361 -18.042054703113063 -6.0191930053690221 -5.3255846896163597 -5.0496586942722423 -7.1252727225783321 -6.3212644274765557 -4.236147040033126 14.258743540617818 6.5800950643904335 3.779865464728362 -12.850053472947085 12.153768653581473 -1.551268255649505 -7.482357201867095 -15.398832328680948 5.7947358187160116 -8.6095171502914418 7.7102887606001262 -9.4187274898161792 5.9976115656877109 -2.2414638940389628 -18.261660868172243 18.023945517186633 -0.082910073750963098 -6.3440773976575198 -2.5681736900906471 9.2988602890763854 15.316919332795997 -8.7867239731531122 -6.0618692240608842 -7.3684179031595178 3.8591322536280601 2.6150034537850289 -9.6816846111609305 10.261576808951924 -7.5949956932210272 -3.7090916745962561 0.89153032412232103 16.41921678490192 14.592299271983023 -0.15790683041764672 -4.9303715650467455 -0.59339372236383736
leaf_weight=3659.2134368121624 1221.5767954289913 1337.0559611022472 1515.0686639845371 2771.3336453735828 1012.2507973015308 1796.1951099336147 1143.9085090756416 4469.2153325378895 945.86108976602554 562.32363134622574 1747.5212174355984 493.77040472626686 1565.744362950325 930.44610184431076 2313.4777438938618 1414.0138966143131 5418.185922563076 404.49782508611679 1219.7512947618961 1135.4962894320488 421.30925706028938 2527.4794780611992 2332.6094732284546 1667.4122060239315 641.5895092189312 1895.5078084468842 5666.0179862976074 71.211625009775162 1680.1831197142601 96.354082643985748 1611.5261867046356 1879.3631992340088 2351.2082277536392 70.806755214929581 1930.4423498213291 1546.8418884277344 98.176793605089188 1467.0176391601562 626.54198843240738 2354.5899448692799 376.13353353738785 1737.4133054316044 184.25105249881744 2612.4737996459007 652.10983800888062 636.63736966252327 845.89087578654289 619.46160221099854 1663.1000596284866 1712.8397306203842 1768.7666012644768 1925.0449683666229 2738.3127111196518 679.54674872756004 704.38633564114571 1608.6247083544731 1262.224084764719 245.4862904548645 3980.1304552555084 3149.9494084119797 1837.4087952375412 872.92048048973083 2392.6679213345051 397.60812771320343 122.21528005599976 1133.2029781639576 6240.5465469658375 561.53876695036888 612.41699784994125 1867.287869155407 1098.793748319149 865.28204542398453 1266.6077661514282 212.92258048057556 805.77374982833862 693.44536957144737 1983.261950314045 111.67207059264183 1986.9071799516678 596.36867555975914 532.60664412379265 637.5991957783699 231.81282582879066 163.60413134098053 1024.8171665668488 289.66541305184364 139.33116811513901 722.35416442155838 339.09910589456558 538.01038733124733 672.94841372966766 683.7171665430069 2910.4841208457947 1025.2850343286991 155.43926009535789 503.30657497048378 1088.6170019209385 819.13227716088295 697.84999811649323 741.65778368711472 108.96406272053719 1167.2076923847198 533.65800333023071 575.85752400755882 55.741035550832748 241.252994120121 1570.0957939326763 1075.7243562340736 1584.8801385760307 4641.7457120716572 127.06364926695824 152.14701321721077 991.95442289113998 2520.9622253477573 449.69079214334488 172.87044143676758 72.842917412519455 218.09657371044159 73.181707859039307 265.2273140847683 679.64767646789551 188.5353707075119 228.14058691263199 447.24329969286919 675.00174260139465 925.0939636528492
leaf_count=4413 1675 1515 2016 2636 1086 2367 1394 6325 1091 767 2416 650 2094 837 3192 1272 7151 474 1412 945 404 1855 3294 1516 730 2615 5957 60 2393 92 1163 2462 3064 75 2650 2074 127 1615 806 3106 514 2391 233 3423 950 779 650 818 2344 2308 2495 1266 3779 902 1098 2347 821 223 2301 3590 2170 840 2166 490 186 1093 7997 638 679 2416 1138 824 1750 241 1018 941 2705 144 2634 890 778 747 294 109 1213 296 152 798 431 658 778 953 4157 896 175 641 1307 714 982 692 135 1080 828 780 37 207 2001 1217 1911 6186 133 160 971 2903 565 214 93 264 79 351 1054 184 228 623 970 1277
internal_value=-3.53521e-07 -5.76381 5.69619 -8.42471 -0.340056 2.98601 -6.40137 8.75033 1.22623 -8.3684 0.788798 0.483639 6.98769 -11.9453 2.13688 -9.0279 5.46703 1.99119 -6.57201 -10.4518 -3.25185 -11.0974 3.83196 -6.39941 -0.816452 -3.90789 11.3953 -5.05911 8.72403 -12.1104 -9.61408 2.03409 2.42424 6.848 4.19006 3.77176 -7.15858 -4.21452 -3.24341 -1.34185 3.69625 2.3067 3.03335 -3.65472 2.04553 1.47512 -9.72522 -5.46531 -1.93635 1.22122 7.48199 -14.0924 7.79025 -2.11166 9.87912 4.62395 -12.2256 -1.94706 -16.242 11.3095 -7.48973 -5.77372 -9.05124 -6.22816 10.4026 -3.54625 8.35844 6.26801 -7.4863 5.38595 -7.71428 -6.34212 0.0326925 -2.19975 -1.02331 2.49443 3.33435 -6.27808 6.055 4.50524 5.82663 6.29473 4.36444 -6.89941 -6.48667 1.20539 5.64579 -2.90592 1.05727 1.77864 7.34765 10.3889 3.37741 -11.7314 -2.12239 1.68261 -4.85055 -11.635 9.4341 -9.90691 -5.18435 -12.4918 10.7486 2.88291 -0.365294 9.42191 -3.79446 -2.62854 -4.74881 10.6135 3.82022 1.41365 -3.81789 -5.75869 -3.00653 -6.48778 5.51171 1.92448 5.77523 3.95359 -2.11225 10.8434 6.35163 5.54357 -0.62261 2.92089
internal_weight=156435 77755.9 78679 52164.1 25591.8 41686.9 33126 36992.1 20451.6 20390.9 22108 18972.1 22198.5 19038.1 17177.5 19176.5 19579 14363.2 5140.13 14127.5 12735.1 10729 12129.7 8447.5 6308.34 4930.45 14793.6 6780.09 14532.3 9395.61 4158.32 5616.66 3020.93 13962.3 8054.88 4101.59 4731.92 4608.91 3101.25 7757.09 7666.23 8459.57 810.793 3949.53 1214.43 3492.17 8201.53 2290.46 5047.79 6722.16 9816.56 5237.29 10981 3141.89 9127.56 6610.45 3312.25 2973.26 4910.58 4715.69 3806.83 2710.33 7355.64 4977.99 8423.17 1960.58 7920.73 4562.7 2359.94 4001.16 4962.97 3548.96 3142.63 1876.02 2727.78 5009.32 4315.87 1244.88 5321.59 3334.68 5001.82 3507.39 2171.94 4580.38 4416.78 715.709 426.043 1922 3807.56 3468.46 3670.14 1356.67 2981.29 1096.5 1278.21 658.746 1768.16 2038.88 1335.45 2050.02 1905.16 2778.73 1479.52 2930.45 1199.65 5659.44 3287.41 2645.82 2683.67 8300.96 1895.83 1373.72 1379.59 3995.47 1474.51 914.528 1940.13 387.632 291.278 2616.44 1055.78 286.712 2554.75 2326.61 2570.51 2855.54
internal_count=187200 83265 103935 51439 31826 56375 36082 47560 25941 20485 30079 24022 29720 15357 23399 18768 26296 18363 5885 12219 15597 9816 16562 8952 7837 6680 17840 7436 18702 7587 3649 7403 3889 18893 10526 5387 4632 5659 3759 9913 11018 11639 1039 4938 1717 4706 7961 2720 6837 9248 13018 3938 14661 4044 11883 9450 2672 3470 3138 5684 3966 3010 7311 5684 10785 1996 10390 5820 3095 5182 5145 3873 4335 2585 3247 6940 5999 1237 7303 4669 7103 4532 2803 5194 5085 759 463 2229 4975 4544 4923 1731 4232 956 1634 816 2209 2126 1729 1851 2502 2243 1919 3886 1431 7358 3948 3218 3049 10599 2628 1835 1406 4681 1778 906 2509 435 343 3415 1568 311 3313 3085 3585 3927
is_linear=0
shrinkage=0.05


Tree=10
num_leaves=127
num_cat=0
split_feature=36 36 27 1 46 39 27 34 11 44 1 27 1 34 34 36 34 32 33 34 5 1 33 11 25 1 1 33 37 39 1 25 34 39 36 43 36 24 27 37 1 32 28 32 29 11 1 24 11 32 33 15 32 15 42 32 37 42 36 1 1 33 39 1 11 32 33 32 9 25 1 32 33 25 25 1 37 16 42 1 36 1 34 32 15 6 11 5 42 11 39 11 33 1 39 1 29 15 46 40 1 6 25 33 22 21 32 15 23 33 27 43 6 33 11 32 33 11 7 1 24 1 2 39 25 39
split_gain=1.86185e+09 3.43706e+08 3.05332e+08 1.33016e+08 1.09147e+08 1.04863e+08 9.7385e+07 7.91456e+07 6.6603e+07 6.37036e+07 4.8894e+07 4.43871e+07 4.38048e+07 4.08411e+07 3.87941e+07 3.86803e+07 3.67357e+07 3.50302e+07 4.12095e+07 3.44845e+07 3.00663e+07 2.83102e+07 2.33579e+07 2.30057e+07 2.28705e+07 2.26571e+07 2.20633e+07 2.14426e+07 2.14314e+07 2.11272e+07 2.00663e+07 1.99333e+07 1.93595e+07 1.92523e+07 1.8903e+07 1.83185e+07 1.73585e+07 1.69065e+07 1.64098e+07 1.63795e+07 1.5729e+07 1.56365e+07 1.55863e+07 1.54685e+07 1.49092e+07 1.45814e+07 1.45493e+07 1.43466e+07 1.37757e+07 1.36224e+07 1.87898e+07 1.33731e+07 1.30622e+07 1.44091e+07 1.27371e+07 1.48519e+07 1.26851e+07 1.23998e+07 1.38854e+07 1.22857e+07 1.21647e+07 1.21218e+07 1.17969e+07 1.20012e+07 1.16857e+07 1.11355e+07 1.90661e+07 1.11253e+07 1.10958e+07 1.09994e+07 1.09332e+07 1.08522e+07 1.28627e+07 1.07148e+07 1.05193e+07 1.0331e+07 1.01698e+07 9.97342e+06 9.89276e+06 9.88741e+06 9.86772e+06 9.54747e+06 9.53974e+06 1.05009e+07 9.71514e+06 9.41643e+06 9.38676e+06 9.37412e+06 9.33436e+06 9.24962e+06 9.18148e+06 9.0848e+06 9.07928e+06 9.02746e+06 9.01844e+06 8.8874e+06 8.83087e+06 8.69698e+06 8.58195e+06 8.55708e+06 8.43214e+06 8.30531e+06 8.26282e+06 8.14387e+06 8.14217e+06 8.89964e+06 8.14189e+06 1.26331e+07 8.10101e+06 8.0285e+06 8.01749e+06 7.86986e+06 7.78802e+06 8.13292e+06 7.78747e+06 7.74637e+06 7.74489e+06 7.68041e+06 7.64627e+06 7.56709e+06 7.51718e+06 7.36555e+06 7.28445e+06 7.27501e+06 7.24977e+06 7.24747e+06
threshold=0.015039682539682542 0.0089583333333333338 0.011697530864197532 7.5000000000000009 1.0000000180025095e-35 0.017839506172839508 0.0084876543209876556 0.18611111111111114 0.22648879716981135 1.0000000180025095e-35 6.5000000000000009 0.010524691358024694 -14.499999999999998 0.058333333333333341 0.069444444444444461 0.023395061728395065 0.16944444444444448 0.024386479975910876 0.020241937007606511 0.080555555555555561 0.080229885057471279 6.5000000000000009 0.03333367575804274 0.22745750184774577 0.097222222222222238 5.5000000000000009 -6.4999999999999991 0.013321965321780519 0.90833333333333344 0.0052777777777777788 4.5000000000000009 0.086111111111111124 0.2305555555555556 0.022500000000000003 0.0052777777777777788 1.0000000180025095e-35 0.026150793650793657 0.038990860100175447 0.021203703703703707 0.036111111111111115 12.500000000000002 0.016288948810135255 0.2416666666666667 0.029087938205585268 0.016388888888888894 0.27228596646072378 4.5000000000000009 0.017913957993992268 0.31057781919850891 0.027089424951267062 0.024032252064807198 18.500000000000004 0.012758809156378602 22.500000000000004 1.0000000180025095e-35 0.023680729601782236 0.48611111111111116 1.0000000180025095e-35 0.051759259259259276 14.500000000000002 11.500000000000002 0.018330377069088081 0.0029320987654320994 16.500000000000004 0.26161035226455792 0.032709034792368134 0.027960484448524611 0.031175988914084154 6.5000000000000009 0.086111111111111124 -6.4999999999999991 0.02685693935693936 0.014229823701018779 0.17500000000000002 0.10833333333333335 -4.4999999999999991 0.86388888888888904 2.5000000000000004 3.5000000000000004 12.500000000000002 0.028055555555555559 -4.4999999999999991 0.18611111111111114 0.026318186175822069 14.500000000000002 0.23845060412224592 0.33945417789757421 0.11915683704674532 1.0000000180025095e-35 0.24456264775413714 0.026150793650793657 0.25543735224586289 0.014710574154276278 1.0000000180025095e-35 0.0077083333333333335 18.500000000000004 0.022500000000000003 13.500000000000002 1.0000000180025095e-35 0.00091269841269841286 2.5000000000000004 0.18441295546558709 0.13055555555555556 0.030316871604521001 25.500000000000004 39.500000000000007 0.015652356902356907 8.5000000000000018 0.020005393743257823 0.016759545673902244 0.02194444444444445 1.0000000180025095e-35 0.057831661092530663 0.02390879876606548 0.27511467889908264 0.020005144032921814 0.030124051494124365 0.259437321937322 12.500000000000002 5.5000000000000009 0.011851402018136259 11.500000000000002 1.0000000180025095e-35 0.0039285714285714297 0.14166666666666669 0.0065740740740740751
decision_type=2 2 2 2 2 2 2 2 2 2 2 2 2 2 2 2 2 2 2 2 2 2 2 2 2 2 2 2 2 2 2 2 2 2 2 2 2 2 2 2 2 2 2 2 2 2 2 2 2 2 2 2 2 2 2 2 2 2 2 2 2 2 2 2 2 2 2 2 2 2 2 2 2 2 2 2 2 2 2 2 2 2 2 2 2 2 2 2 2 2 2 2 2 2 2 2 2 2 2 2 2 2 2 2 2 2 2 2 2 2 2 2 2 2 2 2 2 2 2 2 2 2 2 2 2 2
left_child=1 6 7 5 13 12 14 10 35 15 17 30 125 46 25 22 23 18 31 21 45 26 48 52 60 81 -8 -17 91 95 47 -2 57 122 104 101 79 65 86 -25 41 117 116 97 62 85 76 75 49 50 87 64 -14 68 55 61 71 67 78 -44 111 -11 -21 99 -41 66 92 112 -54 -36 -43 72 -37 -45 89 -10 115 -70 110 124 -56 -1 -38 84 -84 90 118 -7 -51 -20 109 -28 -19 -83 -71 -5 -66 -18 -23 102 -72 -6 -64 -67 -16 -106 -74 -108 -46 -15 114 -13 113 -29 -59 -3 -12 -22 -26 -110 -30 -96 -9 -42 -31 -4
right_child=2 4 3 29 8 9 19 33 11 54 42 24 16 20 34 27 43 37 74 44 40 98 -24 39 38 -27 28 32 120 36 -32 -33 -34 -35 69 56 82 -39 -40 51 123 70 59 73 108 -47 -48 -49 -50 88 -52 -53 53 -55 80 -57 -58 58 -60 -61 -62 -63 63 -65 96 103 -68 -69 77 94 100 -73 106 -75 -76 -77 -78 -79 -80 -81 -82 93 83 -85 -86 -87 -88 -89 -90 -91 -92 -93 -94 -95 121 -97 -98 -99 -100 -101 -102 -103 -104 -105 105 -107 107 -109 119 -111 -112 -113 -114 -115 -116 -117 -118 -119 -120 -121 -122 -123 -124 -125 -126 -127
leaf_value=5.2546858293675758 -4.3875236624860854 -1.7249203584628003 -5.544569176760926 -0.62606038545332032 3.0936582520051363 -3.6048962234769855 -0.91487398666939801 12.007069029453096 -2.1055076260982042 -13.185433816554372 -4.0828217482083602 -6.6128235904797599 21.620837112604814 2.0352464673148059 17.545313931298299 19.107702922543492 9.5473587740919026 16.357395390110344 8.2528885591259336 15.46869978906053 8.0001631157127857 -7.1933754000999306 -0.47762768705546332 -10.204841477221708 2.7964717481669199 1.3047675576282167 7.6021548367657887 -11.165226227020341 -9.4420252970481915 -11.538534707784159 -0.76233882763040528 4.1053558003577484 -3.9462133178627306 0.74033029435113307 7.8573635829134947 3.7920610232722201 -17.776411651138822 4.6859382315805442 -3.166526253264438 0.77936678720296493 5.8826609888373742 -9.7110804065112859 -8.5970029028233927 -4.5507356670174737 8.566344557234892 -2.3477694399950346 -10.807732051460787 7.7530973486693444 -11.899907291954793 -11.276675216179907 4.4702978293320692 -15.377423149650108 -3.9224913154132039 -9.5131223407962739 -7.2622143854685 -15.658023025368685 3.230790149697353 -3.4000566731522719 -17.724498531193056 -18.386375699287736 -12.978883386976149 -2.7366038664548427 7.7057686046722713 -4.9602488630790731 -2.5198799431875596 -16.42398734565608 1.7485109360655906 -14.976448641273009 5.4557052428834423 14.256347665306045 0.568251298201365 3.8347783004279901 13.849407921712462 5.1106068886734022 12.58246489773293 4.9642445379093987 -8.3052569614119545 -4.7056183139724279 0.21615767684542797 -14.751033495784302 -12.619290201165754 10.671084001985548 15.289778307328485 -14.055638166011031 -14.437664756969552 -6.3526594938178365 -9.7881563932287605 -10.730264325903768 -5.1458260753278964 -0.14413649009570184 1.2419826316392508 3.4734407454762093 -7.1869503498944232 6.4531105882079549 10.306583474721322 -14.311767802505186 -9.5640214448479313 1.4596471452111643 -0.03518901292149347 5.4866975495699464 -4.4060174131542018 -5.4311519319471433 12.296564416630387 -6.6012984296561008 11.21501354497104 16.076184751198955 11.12527440298468 5.9386311970403254 3.0462307132890825 8.6235112329689869 -10.368654886560648 -1.6939359258806648 -13.459186986205019 -0.9305677212955582 -10.817373404024329 -13.941434668738268 11.377810867547403 -3.0870223562024708 12.427811840920013 -5.7402880549840054 1.4995918385825633 0.22826705207036985 6.2640952523417788 -11.235957586164238 -5.3423683564592963 -14.143312311601282
leaf_weight=2319.6851735115051 2021.2499681413174 2133.4670110046864 331.59766721725464 424.5585590004921 2179.3285764455795 2141.4824584126472 1786.5704379975796 1138.4502611458302 789.61803436279297 731.19391030073166 601.93949317932129 1154.1988032460213 66.933403998613358 662.54440891742706 864.05270698666573 65.582183003425598 895.40852949023247 41.946614295244217 870.54427698254585 475.64046150445938 532.84519916772842 715.64189255237579 2265.7384223937988 1528.4933461248875 3218.8611324727535 1544.2944424748421 4082.3934680223465 377.99736014008522 284.35029748082161 2193.9807671308517 1665.600622355938 1049.6873045861721 1322.5362058281898 959.53184819221497 4995.9870193600655 1211.6670834422112 3379.0394619703293 511.15234470367432 1621.8925490677357 1206.5549830496311 68.326766848564148 541.03736254572868 1434.8150938153267 799.2527582347393 525.72379729151726 1169.9738554954529 1192.7537825405598 3071.6014218330383 957.13113510608673 1251.569347769022 624.95402067899704 236.5969290137291 807.91135168075562 398.60064226388931 1594.7265074253082 3728.2787027359009 2070.2991744875908 1051.8953852057457 405.78841418027878 412.68587231636047 342.19358855485916 447.41362425684929 3782.1838181614876 192.73651054501534 1026.9857117831707 298.26397407054901 1107.5122327804565 2143.1730136871338 1173.6406580209732 1584.6932533085346 1611.4250916540623 1556.0018517076969 893.49941888451576 447.7437519133091 704.75838619470596 1495.2910233438015 1111.1084215939045 304.03845876455307 333.55165272951126 2090.986399769783 1864.7932611405849 3381.5168349146843 62.11406135559082 989.13530594110489 49.295324444770813 204.48144885897636 140.14396548271179 588.42220875620842 1231.9646854698658 526.17725306749344 1233.8658340573311 1977.9016840457916 1717.6420487463474 2030.0687276124954 4775.8352185189724 164.62362337112427 785.025365203619 528.64110860228539 1009.1796827316284 2879.4912393391132 1807.6798748970032 328.81873166561127 1323.0050482749939 721.34468859434128 4157.0622081756592 1217.2039570808411 2453.0222434997559 2251.6814966797829 1331.9147717058659 1530.8650752604008 2721.0747630596161 2751.9687475264072 609.61804187297821 398.9959365427494 533.26548957824707 138.16426184773445 93.598497211933136 220.97900378704071 220.16566091775894 300.28375169634819 350.43045249581337 188.44118648767471 1072.1678972244263 677.05680429935455 601.51075059175491 938.89469909667969
leaf_count=3425 2540 2848 395 487 2980 2596 2627 1344 1157 607 730 1506 48 882 734 46 1151 29 1062 458 671 970 2888 1475 4478 2423 5575 351 343 2003 2464 1281 1606 1290 6687 1649 1877 694 2146 1450 88 599 1584 1008 670 1419 1327 4056 931 1219 798 210 927 392 1681 2396 2908 1280 258 293 380 473 4967 255 1187 273 1491 1461 1495 1586 2115 2330 990 598 777 2118 1231 381 382 1591 1503 4202 76 767 48 266 172 580 1491 718 1650 2816 2134 2779 5960 130 758 692 1503 4051 2279 434 1609 898 4918 1135 3043 3120 1917 1893 2531 3816 505 436 534 132 109 259 281 431 489 246 1516 756 711 808
internal_value=-3.95799e-07 4.54524 -6.54627 -8.47693 1.3655 -7.15611 7.47208 -0.378809 3.12903 -8.83718 -2.2195 1.01993 -3.14382 -2.13099 9.45537 -7.23815 -2.05391 -0.582002 2.20735 4.9187 -0.37923 2.83427 -4.87404 -3.83996 -1.21757 6.83396 4.02178 -9.38818 5.33911 -13.6337 4.03086 -1.48454 -9.57699 6.65457 10.8227 5.81286 -14.2114 -3.86261 1.00559 -5.93517 -2.91752 -1.85032 -8.38193 2.9844 6.88657 2.5067 -6.05952 5.52129 -6.33988 -5.42838 -3.35037 -3.9303 -0.196813 -0.740861 -12.4733 -14.1114 6.73496 -10.4454 -8.85513 -10.7837 -3.93927 -9.21893 7.81382 7.36858 -3.03307 -4.98686 -3.39087 -12.7186 0.788997 9.62436 -3.10671 7.60214 8.46295 -1.08176 7.60239 2.52108 -4.38529 3.36497 -8.07943 -12.1505 -10.1499 7.9384 -16.4596 -12.4165 2.13627 4.07057 2.89617 -5.14075 -8.23545 5.08954 4.69245 6.25466 -6.62568 9.08878 10.9723 -4.44999 -5.57164 6.54501 -3.00518 7.66617 -2.06164 1.97605 8.89547 -9.47471 13.0403 12.316 9.47391 8.64294 3.16839 6.63345 -8.72198 -3.14737 -9.22874 -5.9096 -5.89532 -2.46795 -2.00229 4.75002 3.41307 1.42973 -3.40171 9.92402 9.22168 -9.66675 -10.2053 -11.899
internal_weight=156435 92328.7 64106.2 48822.7 44252.4 38867.5 48076.3 15283.5 29415.9 27391.1 12113.3 16471.5 11476.3 14836.6 27058.8 19024.7 10205.8 9570.28 5172.42 21017.4 10261.1 10206.5 9061.26 7534.78 9449.42 9275.57 8481.65 9963.48 6695.08 9955.24 7022.11 3070.94 9897.9 3170.15 17783.3 12944.3 9366.06 4397.86 5201.06 4783.66 5459.35 4713.97 2543.04 2671.05 10811 4801.73 4575.49 5356.51 6795.52 5838.39 3354.86 3255.16 2751.12 2684.19 8366.41 4906.89 10436.2 8575.36 5045.58 1847.5 4248.36 1178.61 8653.06 8177.42 3018.57 3886.71 2867.1 3529.78 2285.59 11545 3960.14 8365.87 6809.87 1247 2101.48 2284.91 3382.74 1477.68 4639.79 4886.48 3459.52 7731.27 4479.58 1100.54 111.409 3631.76 3579.17 2729.9 2483.53 1396.72 3427.28 6060.3 1759.59 5411.59 6548.97 589.182 1812.01 1424.05 1724.82 7984.68 3419.1 2508.15 5105.19 1019.61 6238.32 5374.27 5598.2 4704.7 2157.92 2193.41 4306.24 3906.17 1386.61 776.993 1585.16 2271.63 695.538 753.824 3439.03 1632.2 634.781 4964.28 2210.62 745.384 2795.49 1270.49
internal_count=187200 121219 65981 47218 58443 39528 62776 18763 40028 26553 14613 22574 12975 18415 34095 19893 11772 11897 6378 28681 12877 14323 10503 8323 12779 12829 11850 9390 9223 7690 9795 3821 9344 4150 21266 17454 7073 5519 7077 5080 6767 5923 2716 3449 14358 6110 5538 7331 7615 6684 3974 3605 3243 3195 6660 3476 14040 7738 4985 1877 5702 1080 11340 10882 3395 4825 3654 2753 2803 14479 4993 11132 8802 1606 2557 3275 4211 1876 4727 4305 3184 10406 2768 891 124 4691 4931 3176 2710 1780 4425 8391 2163 6981 7792 617 1945 1843 2473 10627 4394 3414 6576 1171 6787 6053 7153 6163 3018 2775 4345 5322 1292 787 1814 2980 839 930 4759 2348 832 6206 2860 844 2714 1203
is_linear=0
shrinkage=0.05


Tree=11
num_leaves=127
num_cat=0
split_feature=36 29 29 36 46 25 0 11 33 11 27 5 39 11 38 25 5 30 5 25 23 44 11 0 37 44 33 5 33 38 33 15 46 33 27 25 39 25 5 29 9 5 40 36 37 6 11 37 11 33 25 21 23 23 0 6 0 25 11 25 23 36 15 23 33 27 15 33 23 33 28 11 25 25 5 33 23 28 39 36 5 6 6 25 39 5 36 11 6 38 39 5 39 5 25 29 33 15 36 5 14 22 15 23 11 11 12 5 15 11 23 5 8 33 33 39 14 39 7 12 11 0 0 33 33 11
split_gain=1.68345e+09 4.19566e+08 1.77492e+08 1.45976e+08 1.04171e+08 8.01513e+07 7.15835e+07 5.44346e+07 5.34181e+07 5.07142e+07 4.09885e+07 3.79616e+07 3.86017e+07 3.77409e+07 3.64408e+07 3.50103e+07 3.44715e+07 3.08784e+07 2.98075e+07 2.93755e+07 2.6703e+07 2.62135e+07 2.49538e+07 2.30665e+07 2.35042e+07 2.29198e+07 2.03973e+07 2.01635e+07 1.92605e+07 1.9753e+07 1.88365e+07 1.80077e+07 1.77242e+07 1.71123e+07 1.67434e+07 1.55125e+07 1.48473e+07 1.47973e+07 1.4315e+07 1.39755e+07 1.37428e+07 1.49557e+07 1.35649e+07 1.33546e+07 1.33393e+07 1.32635e+07 1.56623e+07 1.32411e+07 1.22338e+07 1.21744e+07 1.21516e+07 1.20525e+07 1.19567e+07 1.19357e+07 1.16384e+07 1.16202e+07 1.41476e+07 1.15755e+07 1.15701e+07 1.13642e+07 1.12157e+07 1.10121e+07 1.06511e+07 1.14868e+07 1.02528e+07 1.01411e+07 1.01341e+07 9.94679e+06 9.93025e+06 9.91758e+06 9.88428e+06 9.87907e+06 9.60278e+06 9.6003e+06 9.45484e+06 9.31432e+06 8.88538e+06 8.86824e+06 8.86592e+06 9.32111e+06 8.67107e+06 1.14951e+07 8.59647e+06 8.55364e+06 8.4455e+06 8.41517e+06 8.41283e+06 8.35098e+06 8.30845e+06 7.90447e+06 7.89352e+06 7.87068e+06 7.86368e+06 7.81743e+06 7.71354e+06 7.61083e+06 7.58155e+06 7.52549e+06 7.46619e+06 7.34137e+06 7.31893e+06 7.30082e+06 7.21754e+06 8.04795e+06 7.21473e+06 7.19057e+06 7.11751e+06 7.02922e+06 7.01001e+06 8.57651e+06 7.0038e+06 6.97848e+06 6.94472e+06 6.90488e+06 6.83018e+06 6.77565e+06 6.73096e+06 6.69203e+06 6.64793e+06 6.50168e+06 6.49778e+06 6.47218e+06 6.46142e+06 6.4504e+06 6.42838e+06 6.37829e+06
threshold=0.011697530864197532 0.013412698412698413 0.011697530864197532 0.020069444444444449 1.0000000180025095e-35 0.069444444444444461 65.500000000000014 0.25268941584731064 0.030124051494124365 0.27511467889908264 0.0061419753086419766 0.15643825301204822 0.012283950617283953 0.23265838011226947 0.0073148148148148157 0.091666666666666688 0.09491634491634493 0.0052777777777777788 0.20101010101010106 0.10277777777777779 0.024133367486338802 1.0000000180025095e-35 0.22099143206854346 33.500000000000007 0.063888888888888898 1.0000000180025095e-35 0.010317741268916311 0.14650406504065042 0.032087973261544604 0.018968253968253971 0.012081926516592201 8.5000000000000018 1.0000000180025095e-35 0.014999969561873609 0.0089583333333333338 0.10833333333333335 0.022808641975308644 0.14722222222222223 0.085867895545314918 0.018968253968253971 2.5000000000000004 0.14365079365079367 0.00039735591206179448 0.0049691358024691367 0.052777777777777785 0.17001204335608192 0.22346683354192745 0.063888888888888898 0.30571895424836609 0.020147963115386875 0.13611111111111115 41.500000000000007 0.024362026862026868 0.022653762359644714 30.500000000000004 0.093178294573643419 35.500000000000007 0.11944444444444445 0.25872210953346864 0.14722222222222223 0.024255696782319942 0.0094841269841269855 18.500000000000004 0.013908450704225354 0.05134333787509579 0.0093518518518518542 20.500000000000004 0.023325998167028777 0.030828853046594985 0.028124325601181551 0.069444444444444461 0.24202037351443126 0.097222222222222238 0.1138888888888889 0.073350071736011491 0.020739629613325799 0.018985690235690238 0.20833333333333334 0.028055555555555559 0.02675925925925926 0.075614636935391666 0.12294197031039138 0.15569985569985573 0.080555555555555561 0.029537037037037039 0.020942982456140354 0.010092592592592594 0.2259467040673212 0.085867895545314918 0.0058333333333333345 0.0045370370370370382 0.05486978774650008 0.044722222222222226 0.17262664963814392 0.080555555555555561 0.015493827160493828 0.039531784693732079 3.5000000000000004 0.0088095238095238105 0.14213564213564214 9.5000000000000018 23.500000000000004 19.500000000000004 0.015016188063063065 0.30655913978494626 0.27750275027502758 20.500000000000004 0.086688137412775104 2.5000000000000004 0.2103356216628528 0.016961675020885549 0.074271079590228536 4.5000000000000009 0.017779467010109677 0.029363802195251514 0.030079365079365084 15.500000000000002 0.010833333333333335 3.5000000000000004 1.0000000180025095e-35 0.22648879716981135 58.500000000000007 45.500000000000007 0.035044098506681089 0.020051897228965308 0.26339712918660291
decision_type=2 2 2 2 2 2 2 2 2 2 2 2 2 2 2 2 2 2 2 2 2 2 2 2 2 2 2 2 2 2 2 2 2 2 2 2 2 2 2 2 2 2 2 2 2 2 2 2 2 2 2 2 2 2 2 2 2 2 2 2 2 2 2 2 2 2 2 2 2 2 2 2 2 2 2 2 2 2 2 2 2 2 2 2 2 2 2 2 2 2 2 2 2 2 2 2 2 2 2 2 2 2 2 2 2 2 2 2 2 2 2 2 2 2 2 2 2 2 2 2 2 2 2 2 2 2
left_child=2 4 5 9 11 14 16 17 27 15 43 12 49 26 32 38 21 113 20 40 62 30 42 -14 125 34 86 45 29 66 -5 58 51 85 114 92 97 61 55 77 -15 60 89 118 -23 46 -8 -38 54 87 119 99 75 83 -49 56 -3 70 106 115 88 93 76 -64 108 67 72 -13 -61 -52 -11 122 84 90 -35 101 -17 -33 -30 -80 81 -41 91 -28 -9 -16 -4 -2 104 -12 -45 105 96 -24 -90 -59 -36 -32 -55 -1 -78 -21 -85 -104 -42 -34 -10 -54 109 -56 -58 -97 -73 -6 -19 124 -103 -102 -7 -22 -112 -110 -26 -109 -46 -25
right_child=1 3 13 6 7 10 8 28 31 57 22 65 23 19 33 18 -18 25 -20 52 50 44 37 24 71 -27 53 -29 78 -31 36 39 82 74 35 -37 47 -39 -40 80 41 -43 -44 73 59 -47 -48 48 -50 -51 69 -53 107 98 64 -57 110 95 -60 68 -62 -63 63 -65 -66 -67 -68 -69 -70 -71 -72 112 -74 -75 -76 -77 100 -79 79 -81 -82 -83 -84 102 -86 -87 -88 -89 94 -91 -92 -93 -94 -95 -96 111 -98 -99 -100 -101 117 116 103 -105 -106 -107 -108 123 121 -111 120 -113 -114 -115 -116 -117 -118 -119 -120 -121 -122 -123 -124 -125 -126 -127
leaf_value=3.2701808688180942 3.9352978538663268 -7.8323619712416832 0.11493048195953742 20.729089221464115 5.9602495513923275 7.3493586605426344 -1.248735927336025 -1.1940635588516639 5.8551927882959793 -17.144040964381293 14.134049195465508 -8.3922178104592984 -9.3276059688156696 -15.626686832216217 2.7475493005111162 11.422912715641417 -14.075890973504357 4.5962570472836921 -9.9163751813273855 -11.327183773233205 -9.4493633386795128 -18.498158137292393 6.2954426335067559 -6.3003703349702356 -3.0691497630459055 -2.8883987073360089 4.1357031749033375 -13.901424314083627 5.8675147075379783 -7.7387765931360795 0.90402589562229729 6.5242391150385703 10.749911711801232 6.1077584531600841 -0.37242234457538698 5.0912664159488088 -13.289762842639551 9.0682882487689991 -9.1922743213245983 2.1608538201994736 3.5805727439378963 -7.9712844161226988 6.9732918473935444 13.98852387083461 -14.439029729010176 -12.89859283418156 -8.411006435418912 -12.050260349922553 -12.775677556143147 6.5855509213860604 -2.4851199168554392 12.831569692689852 2.2314425298101295 5.4709188849935408 2.718563140270426 -7.9206639227851525 8.6883228905463312 2.9864816257339815 -3.4066291982393389 9.9214106244403215 -5.8938702966515315 1.6695211818527076 20.106175228912619 -4.0117990232269385 1.1501547213273358 -11.21786620441666 -23.123275326691683 2.6025050502772062 -8.4592044888553417 2.5821311592605802 -8.918317406436179 0.44849785969642053 2.5834630205542561 11.843045536276982 1.3112671442755266 10.217711951465926 6.946715794804156 -4.6202106087257704 2.1338974016458789 -8.55338592896838 -9.9312256878301568 -9.5859469187668349 1.472297844307713 10.066258643118914 -8.4208374378771946 -1.8670335246440275 -10.158505721106893 -5.0610596754720154 -5.7037471113850131 9.7650520423094278 7.9512324702613615 6.2301171947901821 -7.9976285236536491 -0.13208267231359422 2.9746362621961593 -3.6101489732680934 7.8449501365082019 -6.5508320088439067 0.87433135648035032 -3.8556283853453572 4.1653139068502743 5.682316503144115 9.6153682026769545 -2.253218139097009 -3.5076005212061512 5.1113086506032186 -13.209567944138294 -4.5732871375627822 -9.6549532613492861 -6.5840623895201844 3.1192194539313607 -9.3240994404497819 -5.2985187489122971 13.774696648524969 8.4925163391093257 -15.057646915137628 -5.8168728458509538 -6.0171882962457346 14.746817702956912 -3.2555740129462003 -4.0602369437198433 -1.744809448982287 4.6807978037981171 4.6407577680510315 -6.7686879778875895 -14.353666340135309
leaf_weight=1608.1879654228687 491.96729257702827 666.48976430296898 924.61347872018814 55.802098780870438 421.63687291741371 343.23781815171242 1129.5038922727108 1975.6264212727547 1058.8727957010269 408.33923944830894 1395.3890704214573 640.68700590729713 1726.7459706962109 203.370491117239 1611.6902499198914 523.80004754662514 7331.3988369703293 3255.1512989997864 855.97677075862885 84.283164858818054 532.38901343941689 850.2210191488266 6152.846340239048 831.58482620120049 361.13181820511818 1440.4181098937988 1859.3187983334064 1700.0932851433754 1034.8445027172565 1598.1540364325047 538.13540270924568 379.24597927927971 3391.9988024234772 2847.4351332783699 2628.7267543375492 2295.1330098211765 1634.7299310266972 2642.8605107069016 2116.7488599419594 462.46923542022705 1707.8871813416481 976.95299071073532 3731.1586713790894 611.88620445132256 482.48428702354431 899.72302162647247 2354.2533192038536 927.26559364795685 1164.1174346208572 1224.7729140520096 2056.4932141900063 273.70422515273094 2269.0468053221703 1533.4562164843082 362.34994655847549 1186.7416501641273 243.14661049842834 245.10731434822083 654.76220217347145 79.848375678062439 959.38292244076729 2127.3766016960144 54.347784668207169 538.9472408592701 465.72646206617355 1873.7833943367004 51.686331123113632 302.99374493956566 921.60693669319153 1820.327572375536 3457.286302536726 961.94143530726433 1336.374833792448 4211.0545734763145 1607.4051231741905 692.56905737519264 847.6008879840374 337.25184488296509 787.81148788332939 275.32006645202637 1057.2351493835449 378.887934923172 471.96293005347252 1938.1030890345573 508.28532668948174 2552.8257806301117 254.02101898193359 542.30304452776909 846.46429505944252 4011.3118896484375 4700.6032894551754 2465.2116177976131 299.6141300201416 512.46080350875854 367.08319091796875 1129.1157554090023 314.24835354089737 912.6690382361412 2084.0251106023788 466.24071761965752 388.68410578370094 863.94744089245796 285.20783969759941 286.12365034222603 454.54235535860062 678.50464349985123 51.329055070877075 886.10851681232452 1785.5245043039322 783.50070169568062 611.76522541046143 1014.4304715096951 1159.0367550253868 857.76139184832573 1718.6884870529175 1805.6327870190144 149.23989233374596 275.88922554254532 2637.3574250340462 2075.2613288760185 650.00817331671715 302.39106956124306 1053.6322426199913 241.7693127989769 629.60582539439201 349.07118359208107
leaf_count=2296 618 714 1323 41 548 453 1350 2687 1398 308 1469 718 1687 189 2278 598 5227 4484 880 83 545 429 8425 988 474 1829 2525 1237 1373 1728 671 516 4273 3956 3626 3105 1360 3332 2234 578 2436 1162 5012 628 343 740 2314 745 940 1457 2619 300 3215 2217 437 1419 295 303 769 79 1197 3019 52 664 575 1904 33 440 842 2416 3558 1202 1806 4815 2320 884 1065 362 1128 300 985 394 717 2372 647 3761 301 637 1111 4963 6218 3552 348 736 503 1355 450 940 3040 666 495 1242 348 401 619 974 47 1203 1628 783 818 1051 1361 894 2278 1142 198 367 2618 2625 818 400 1421 332 568 308
internal_value=-4.30517e-07 -4.72355 5.6956 -7.45342 -0.230332 7.256 -9.62742 1.88222 -6.24791 -4.29779 8.71645 -4.04468 -2.41149 1.68589 4.56851 -2.75958 -11.3087 3.81673 -0.995469 -0.330719 -0.157603 -9.82802 7.34428 -4.38333 -2.57315 3.02646 4.04087 -9.27925 -1.49991 -3.06202 -8.22994 -2.03761 6.72936 2.22304 3.83698 1.94578 -8.41199 5.78767 -5.972 -4.67142 -2.87095 -2.38263 9.29229 10.9741 -12.8209 -7.48657 -6.08885 -9.31587 -8.19407 3.21252 -1.88099 2.96979 2.3705 4.94704 -7.04131 -3.94217 -1.7678 -8.09633 1.86482 -11.5893 -1.12325 4.80159 4.09272 -1.80251 -5.78584 -9.08906 -1.1317 -4.86207 -6.99368 -0.105836 -9.78723 -0.533488 -0.834162 10.06 4.37708 5.67747 5.81062 1.2786 2.57303 -0.633797 -6.91687 -3.12908 7.98912 6.70597 -2.67289 -0.081165 -2.09922 -0.781798 0.232461 10.8926 8.6466 8.45972 -0.28062 5.80126 -3.07864 -5.35989 0.505022 -3.78566 2.82283 1.66861 3.86659 2.81231 8.61036 3.67156 2.09064 9.81002 4.97375 0.627865 -6.78476 -3.64231 0.918042 -6.31427 -2.69204 11.1994 5.94259 -13.1667 3.98852 -0.0618233 13.8949 -4.52012 -0.579309 -8.50933 2.70255 -2.59819 -10.0965 -8.6814
internal_weight=156435 85514.7 70920.2 53195.5 32319.1 51052.7 31496.6 20799.5 10463.6 21698.9 33077.5 11519.7 8702.19 19867.5 17975.2 15444.6 21033 13231.4 9969.72 10702.6 9113.74 13701.6 20573.4 6443.14 4716.4 11952 9164.87 6083.57 7568.1 5470.13 8932.21 4380.05 9355.81 8619.36 10511.6 5537.72 8876.41 11435.5 5474.9 2615.09 5515.68 5312.31 9137.86 12504.1 4769.4 4383.48 3483.76 7425.61 5790.88 2259.04 6484.47 2348.13 5186.96 7986.23 4626.76 3358.15 2171.41 6254.28 1764.96 3919.18 4335.36 8792.68 2629.27 593.295 3699.49 2817.46 3871.97 943.681 1001.46 3876.82 3865.63 3535.74 3820.29 9523.54 4454.84 1790.04 2035.97 716.498 2097.98 1063.13 1898.59 841.357 7007.68 4368.75 2483.91 4164.52 1178.63 1034.27 3375.98 5406.7 5312.49 6535.72 3242.59 6665.31 1213.55 2388.65 2942.98 1450.8 3617.48 2074.43 1512.17 1097.47 2509.43 571.331 2162.43 4070.5 1110.2 3396.92 3233.77 1145.85 1504.92 2143.55 2120.98 1279.4 4973.84 2917.72 1013.19 664.573 2980.6 2607.65 1261.77 2087.92 1414.76 1127.88 1112.09 1180.66
internal_count=187200 93518 93682 53039 40479 66781 27840 27264 10690 25199 41688 13215 10153 26901 25093 18624 17150 17562 12326 14374 11446 11923 26956 7441 5754 16120 12527 5641 9702 6901 8520 5049 12778 12315 14291 7529 8479 15512 6298 2835 7217 7028 11444 14732 3403 4404 3664 6868 5508 2712 8205 3262 7157 10903 4568 4064 2645 6575 2214 2974 5866 12180 3241 716 3823 3062 5173 1158 921 5035 3866 4458 5140 11661 6276 2407 2525 878 2801 1428 1957 972 9516 5646 3334 6039 1624 1255 4669 6432 6846 8799 4424 9161 1614 2709 4076 1611 5257 2962 1927 1523 3121 749 3055 5247 1445 4750 3248 1220 1931 2406 2563 1442 6762 2053 1440 862 3071 3170 1636 2028 1895 1535 911 1296
is_linear=0
shrinkage=0.05


Tree=12
num_leaves=127
num_cat=0
split_feature=38 29 29 1 38 0 38 34 25 6 1 34 1 34 29 34 32 33 1 25 24 1 33 32 1 39 32 38 23 1 25 1 39 38 43 24 25 24 32 23 40 24 33 32 28 1 28 34 1 12 32 37 46 38 1 32 1 14 33 29 0 39 46 37 34 29 38 33 32 1 33 1 33 24 1 33 32 6 30 31 28 24 24 33 29 39 1 29 24 1 23 6 7 1 29 24 33 34 4 38 1 21 0 25 30 23 29 43 39 1 34 1 40 33 33 32 1 40 34 1 30 14 1 32 38 28
split_gain=1.52679e+09 2.86261e+08 2.49392e+08 1.16304e+08 1.01508e+08 9.24182e+07 7.39927e+07 6.70598e+07 5.93912e+07 5.54632e+07 4.99737e+07 4.4499e+07 4.25416e+07 3.91377e+07 3.79794e+07 3.22322e+07 3.09935e+07 3.59885e+07 3.0142e+07 2.94063e+07 2.76676e+07 2.68952e+07 2.66645e+07 3.11757e+07 2.62712e+07 2.36129e+07 2.13236e+07 1.89713e+07 1.89416e+07 1.81336e+07 1.73539e+07 1.67017e+07 1.58984e+07 1.56133e+07 1.53029e+07 1.5239e+07 1.48983e+07 1.46638e+07 1.43084e+07 1.41806e+07 1.40673e+07 1.36618e+07 1.35434e+07 1.48758e+07 1.34709e+07 1.31543e+07 1.30717e+07 1.27994e+07 1.25635e+07 1.22001e+07 1.20058e+07 1.20026e+07 1.19186e+07 1.18965e+07 1.14755e+07 1.14546e+07 1.11628e+07 1.09508e+07 1.08912e+07 1.08796e+07 1.08252e+07 1.06585e+07 1.09511e+07 1.04931e+07 1.04213e+07 1.03896e+07 1.03703e+07 1.13635e+07 1.28876e+07 9.71585e+06 9.63008e+06 9.56768e+06 9.54405e+06 1.05272e+07 9.52171e+06 9.50206e+06 9.47158e+06 9.41656e+06 9.3485e+06 9.30855e+06 9.4821e+06 9.30664e+06 9.29663e+06 9.2543e+06 9.11035e+06 9.24516e+06 9.41854e+06 9.01417e+06 9.88142e+06 8.96721e+06 8.88802e+06 8.81504e+06 8.77941e+06 8.77792e+06 8.77282e+06 8.71467e+06 8.66513e+06 8.54447e+06 8.43459e+06 8.42109e+06 8.38698e+06 8.34716e+06 8.29547e+06 8.18531e+06 8.14637e+06 8.09242e+06 8.02469e+06 8.01016e+06 7.97115e+06 9.17169e+06 7.68469e+06 7.65635e+06 7.61516e+06 7.57016e+06 7.54175e+06 1.01647e+07 8.00426e+06 7.46565e+06 7.29987e+06 7.23103e+06 7.20836e+06 7.17971e+06 7.39566e+06 7.47395e+06 7.12804e+06 7.1006e+06
threshold=0.015039682539682542 0.010833333333333335 0.011697530864197532 5.5000000000000009 0.0073148148148148157 61.500000000000007 0.010833333333333335 0.18611111111111114 0.10833333333333335 0.133739837398374 5.5000000000000009 0.091666666666666688 6.5000000000000009 0.14722222222222223 0.018968253968253971 0.10277777777777779 0.024386479975910876 0.020241937007606511 5.5000000000000009 0.10277777777777779 0.037715435462933523 -5.4999999999999991 0.014618092494878098 0.018847261126672895 6.5000000000000009 0.0052777777777777788 0.018997522014248421 0.019598765432098767 0.044523809523809528 4.5000000000000009 0.086111111111111124 -10.499999999999998 0.022500000000000003 0.032314814814814817 1.0000000180025095e-35 0.021688070474514102 0.11944444444444445 0.038990860100175447 0.021549746549746552 0.017547182349813933 0.0026577407267062438 0.029981292347080749 0.04324456275878448 0.022595731324544888 0.34722222222222227 15.500000000000002 0.86388888888888904 0.20833333333333334 -6.4999999999999991 1.0000000180025095e-35 0.029250033346672005 0.086111111111111124 1.0000000180025095e-35 0.039475308641975314 13.500000000000002 0.024790281734726183 1.5000000000000002 10.500000000000002 0.05134333787509579 0.0061419753086419766 32.500000000000007 0.003402777777777778 1.0000000180025095e-35 0.025000000000000005 0.18611111111111114 0.017685185185185189 0.035092592592592599 0.023552388433461819 0.029250033346672005 17.500000000000004 0.023791792339293179 3.5000000000000004 0.028452746958343069 0.013476544659265717 -13.499999999999998 0.017684873621670868 0.037912581699346408 0.16345083487940634 0.0045370370370370382 0.00041740010897696743 0.036111111111111115 0.028613927295103276 0.016296809422140311 0.015100236182889247 0.0058333333333333345 0.0081790123456790143 8.5000000000000018 0.03070987654320988 0.030185325854464866 -7.4999999999999991 0.023531681190994917 0.05486978774650008 12.500000000000002 -8.4999999999999982 0.022808641975308644 0.02979041934145633 0.021349322596452513 0.069444444444444461 7.5000000000000009 0.021635802469135806 -6.4999999999999991 37.500000000000007 58.500000000000007 0.14166666666666669 0.012283950617283953 0.035281531531531539 0.027500000000000004 1.0000000180025095e-35 0.015493827160493828 -11.499999999999998 0.15277777777777782 13.500000000000002 0.00085974415018532627 0.030316871604521001 0.011842359870982427 0.019214860352155437 -16.499999999999996 0.0022422235023041481 0.075000000000000011 14.500000000000002 0.0065740740740740751 6.5000000000000009 -6.4999999999999991 0.052904301817345303 0.015648148148148151 0.13611111111111115
decision_type=2 2 2 2 2 2 2 2 2 2 2 2 2 2 2 2 2 2 2 2 2 2 2 2 2 2 2 2 2 2 2 2 2 2 2 2 2 2 2 2 2 2 2 2 2 2 2 2 2 2 2 2 2 2 2 2 2 2 2 2 2 2 2 2 2 2 2 2 2 2 2 2 2 2 2 2 2 2 2 2 2 2 2 2 2 2 2 2 2 2 2 2 2 2 2 2 2 2 2 2 2 2 2 2 2 2 2 2 2 2 2 2 2 2 2 2 2 2 2 2 2 2 2 2 2 2
left_child=1 4 7 5 19 14 15 12 10 13 22 24 16 33 35 18 17 30 21 29 51 107 40 75 34 69 96 97 121 31 -2 -1 -9 36 114 -4 55 66 72 -10 77 52 43 74 113 47 56 53 -38 104 -15 -16 65 103 78 70 98 108 87 -33 -60 -31 111 -37 79 -28 67 83 -69 -5 94 100 -17 -74 -11 -24 -49 -6 -12 89 -81 -52 -19 -18 -21 -86 -87 88 -53 -65 -58 102 93 -43 -7 -45 -13 -27 112 -83 -41 -99 -36 -29 -20 -90 -30 -3 -25 -110 -61 -63 -23 -14 -8 116 -116 -95 -80 -46 -26 122 -22 -124 -82 -56
right_child=2 6 3 25 8 9 11 32 39 42 54 26 44 50 20 38 37 82 49 84 28 46 23 57 120 27 41 45 106 61 -32 59 -34 -35 91 63 48 -39 -40 71 -42 92 -44 95 119 -47 -48 76 -50 -51 81 58 -54 -55 125 -57 90 -59 60 110 -62 62 -64 64 -66 -67 -68 68 -70 -71 -72 -73 73 -75 -76 -77 -78 -79 118 80 124 99 -84 -85 85 86 -88 -89 105 -91 -92 -93 -94 117 -96 -97 -98 101 -100 -101 -102 -103 -104 -105 -106 -107 -108 -109 109 -111 -112 -113 -114 -115 115 -117 -118 -119 -120 -121 -122 -123 123 -125 -126 -127
leaf_value=2.6234059766166422 -4.056059855705378 -5.1509212580822501 -7.6505270919704635 1.4199221520973913 2.5307561660965319 -2.1998182968553599 -9.1172430696271984 8.4528341061225554 11.604258738462192 -10.734827178388176 9.8745664295257853 3.4639764250792151 -5.087237748774065 6.0049832575490498 -15.509108641570478 6.6595052296195449 13.234811484743753 2.9687074406872052 -0.93432505383345466 12.935155659348339 -8.7450750154108743 7.6005749331962908 6.49042504435588 8.4462093897030091 -2.4552664088250022 -12.928396060157926 -1.9142597554107521 -13.3644623103919 -3.845406528184605 12.926362817355297 3.868297896316466 10.532710343031257 0.7455772615678431 -10.210388521614291 -1.5267324422570268 -10.755107621220453 -5.9638025571596707 4.3545585555433304 3.6782521405963582 3.8355832639689065 -13.561512096262357 -6.8009621158189617 0.45213410636300583 -13.760113186157378 -8.993571286012001 -17.189848169268647 -5.8950189539188225 -1.6914840471918486 1.986128038571302 -1.8603601806178922 -4.4695098916971903 -11.358615921659922 0.14266023415880874 -17.969650181624036 -0.15758434177022629 -8.5741677140463626 3.5171739378407909 -1.9406499890547355 -10.997586580747246 6.7855645602113785 3.4489678077909725 1.1318529096573335 5.2816371332539749 -9.1370767997284599 4.0251482281787032 -10.614070056227783 -14.224479740148276 1.6956421039002194 -5.3736354388903607 -11.649624710129912 5.4226215194196516 3.3173323731511348 -6.4329404790619114 15.232726362810716 -1.8227880509647467 11.241603797976079 -11.120854534266922 -4.1952697263862291 -3.7636756794372936 -14.323237100897442 9.5154134330617293 8.5977253714262361 9.7929756334771767 -9.4951943005062525 13.498128901541126 9.2531887960124966 0.20969511357633264 -14.403449059695152 -1.6424013445354064 16.484215266948414 -4.1228909517854317 -3.3747353368665922 11.608903637163905 4.2862120113039675 -10.446265115525856 -7.3559610084755578 12.349680258771006 -8.8221182525996671 -2.4321842611922819 0.051425055855539852 8.6232789599552149 -1.4604855773649206 4.2260679723472849 -8.6137885548104105 -15.573771139975017 -10.706970632625602 -11.108391172760676 0.38525808748352114 -7.1086817759212613 3.8839399788125029 12.622345855571028 -10.568928291176366 3.555689098504212 7.2294115906175564 -16.095596147373396 -7.9014154318613068 0.56208766537860944 -3.137215920250239 0.99224414884910728 -17.468890196038668 -10.898715494794509 -12.824262635517512 -0.53131402831076435 -12.312952764263215 -3.9031180481619936 -9.4911083753268688
leaf_weight=1144.9879729449749 2021.2499850690365 988.92011699080467 3889.8000263869762 462.64993578195572 4624.0113618075848 1485.0492309033871 983.22799107432365 2210.6179592907429 1887.792336255312 456.88560700416565 206.54527908563614 603.83976328372955 861.54027453064919 1670.5775600373745 1627.2078367769718 2057.8255423605442 46.950951039791107 815.60567075014114 138.74295523762703 3644.6896629631519 441.02438485622406 3354.423939883709 1993.4970411062241 948.74782252311707 304.46741637587547 860.1940878033638 831.51282691955566 4052.2363243699074 458.20512762665749 338.51381891965866 1049.6873045861721 5577.4876637458801 959.53184247016907 769.22360354661942 1399.6237312853336 402.49617528915405 651.79246830940247 511.15233707427979 3859.653436422348 1136.3375170230865 153.96150922775269 261.45220342278481 411.64275503158569 1516.6218106150627 1218.4367313981056 1804.8289400339127 309.73078283667564 430.14844918251038 2092.0898349881172 2248.780781596899 683.50555908679962 3683.4260497689247 2746.4308128356934 1125.2444622814655 294.14871361851692 1286.9779945015907 1237.2536104023457 813.1947845518589 259.11601424217224 5099.462740957737 259.57413554191589 733.19285124540329 2608.4096240699291 50.152196377515793 557.31892678141594 584.35074198246002 263.82981705665588 1167.1040385961533 1440.3602519631386 205.30140805244446 317.11274200677872 1593.3887012600899 61.340268135070801 652.20333331823349 871.20813089609146 2228.9852043688297 699.22212934494019 586.36097428202629 1436.7483799159527 213.07865944504738 103.65635913610458 417.03232660889626 1285.8743103444576 968.46453392505646 1239.2261528670788 3882.4965170025826 310.96577617526054 1713.9394575357437 544.57079100608826 107.03250661492348 549.84584793448448 2026.8019681572914 254.88763162493706 1796.2851828336716 411.98288440704346 817.57528376579285 502.844178378582 1553.6601275503635 299.67235222458839 933.31094452738762 4690.4366609156132 511.94259667396545 1134.6620677113533 1168.0594448447227 301.60796159505844 449.4189019203186 2237.1129418313503 1925.6085323095322 197.92206385731697 4596.9365792870522 634.03752368688583 172.74838903546333 1781.6342391073704 145.87974968552589 77.540571182966232 837.6628475189209 1030.8548910915852 417.38442623615265 1840.2987548708916 317.18217611312866 1488.8981669843197 200.89901122450829 1623.1347489058971 146.78362423181534 2188.6862989068031 663.21252730488777
leaf_count=1663 2540 1307 3983 546 6644 1883 1079 2860 2042 459 261 751 1003 2117 1058 2727 37 1068 186 3761 426 4420 2695 1268 397 742 1044 2973 504 347 1281 6719 1290 685 1880 369 710 694 5539 1636 151 312 523 1256 1325 954 393 542 2586 3229 837 3146 3793 559 402 1360 1793 1209 212 6888 322 1118 3813 50 736 585 241 1604 1812 177 383 2271 72 690 1008 2663 619 827 2106 176 132 579 1489 1131 1233 4813 444 1170 606 118 803 2666 323 2475 397 856 586 1589 393 1265 5982 630 1498 1098 279 383 1927 2722 263 6422 686 249 2529 170 77 1000 1294 576 2731 218 1622 171 1824 116 2456 872
internal_value=-4.71487e-07 4.11599 -5.92804 -7.6729 6.39527 -6.21254 0.715287 -0.354114 4.42076 -3.1807 2.92209 -1.67438 -2.04845 -1.2932 -8.33237 2.8046 -0.521022 2.1027 1.37011 8.72027 -9.90428 2.58526 4.21422 5.64773 -4.0294 -11.751 1.05889 -12.2519 -6.99324 7.45069 -1.34741 8.37795 6.12002 -3.48888 -2.72794 -5.47732 -2.66096 -3.60683 5.64636 7.73507 1.33369 0.0244343 -8.14678 -9.1133 -7.79664 -13.3588 4.16332 -12.4337 0.0976706 -3.35065 2.86424 -11.6457 -1.77841 -13.3066 -1.77504 -4.82294 4.59464 3.48988 -10.736 8.96048 -3.76793 4.45293 3.63674 -3.14371 -2.19227 -5.50482 -4.65386 -3.95689 -2.20942 -2.59713 -2.64253 6.7507 8.38731 13.3702 -4.88867 8.9985 -7.52945 1.77383 -0.442613 -3.49366 -4.23416 0.28448 7.14441 -8.4442 11.0013 9.70384 8.58257 -11.3014 -10.1648 8.30935 1.16652 -0.916802 2.77313 1.86322 -3.99072 -11.517 7.50138 -8.74127 5.7217 2.69082 7.68958 -6.9976 1.04894 -12.3015 -10.9613 -5.74082 -9.87368 -1.49321 4.25875 3.43019 7.43102 -1.0993 6.19745 -3.30372 -5.548 -3.74467 -0.603242 2.88653 -1.09288 -10.7441 -9.46523 -3.77426 -2.95192 -1.50839 -3.29635 -6.62339
internal_weight=156435 92328.7 64106.2 48822.7 55278.7 35949.2 37050 15283.5 29892.5 14792.6 20584.6 17282.7 12113.3 10718.7 21156.6 19767.2 9570.28 5172.42 13136.2 25386.2 13644.4 10447.1 16143.6 10779.3 9283.74 12873.5 7998.99 12205.5 5107.16 16308.8 3070.94 12456 3170.15 7014.23 7490.37 7512.22 6245.01 4397.86 6631.02 9307.96 5364.33 6892.3 4073.93 3662.29 2543.04 9279.74 7532.56 7474.91 2743.88 2689.13 3704.43 8537.25 4162.29 6345.54 4440.95 3501.12 7222.83 6556.8 6910.05 11311 518.69 3852.86 3514.35 3622.42 3219.92 1415.86 3886.71 3622.88 2607.46 667.951 2214.14 7420.16 2771.37 713.544 1328.09 4222.48 1129.37 5210.37 3483.59 2662.61 2505.42 2033.85 2101.48 1015.42 9077.38 5432.69 4193.46 6391.36 4677.42 157.185 1787.1 4561.09 2730.01 2475.12 1897.03 2334.2 1106.68 2925.8 5435.73 1350.34 5826.77 2065.6 2534.29 5220.3 440.351 993.99 2695.32 2914.53 5743.61 4794.86 5733.5 905.941 5136.06 1007.42 2929.29 1946.06 1108.4 2213.67 3277.05 1535.62 1793.37 2411.84 2210.94 1769.92 2292.34 957.361
internal_count=187200 121219 65981 47218 72179 36789 49040 18763 40445 16904 28514 21958 14613 12802 19885 27082 11897 6378 18054 31734 11865 14360 22142 14520 11513 10429 10445 9706 4968 21483 3821 15956 4150 8004 9494 8020 7319 5519 9028 11931 7622 9108 4102 3579 2716 6745 10331 5791 3296 3694 4798 6897 5422 4630 6372 4023 9938 9162 5839 14293 534 5527 5180 4037 3668 1629 4825 4584 3416 723 2663 9889 3489 762 1467 5358 1161 7471 5098 2932 2764 2681 2557 1168 10251 6490 5257 5305 4135 168 2596 6044 3686 3363 2280 2112 1337 2961 7342 1844 7618 2219 3378 4071 465 989 2431 4029 7953 6685 7574 1367 6949 1173 3450 2371 1371 3051 4837 1543 2019 2537 2366 1940 2588 1274
is_linear=0
shrinkage=0.05


Tree=13
num_leaves=127
num_cat=0
split_feature=38 29 29 13 1 38 11 39 24 0 1 1 25 1 6 40 1 25 29 39 0 1 1 38 39 1 11 1 39 25 37 1 33 1 25 23 33 37 33 1 28 38 13 33 32 1 29 33 6 44 42 33 38 1 1 29 15 32 32 33 32 38 32 25 24 1 39 33 32 33 39 40 1 33 32 15 11 1 11 33 28 25 35 37 32 32 33 33 15 23 15 28 32 11 46 11 35 29 28 38 1 32 39 11 32 39 0 33 6 33 46 29 1 39 32 24 33 15 32 33 6 32 25 33 38 12
split_gain=1.37934e+09 2.57232e+08 2.24384e+08 8.94191e+07 8.21093e+07 7.90262e+07 6.05067e+07 5.17113e+07 5.02083e+07 4.37054e+07 4.15688e+07 3.53169e+07 3.42614e+07 3.326e+07 3.33623e+07 3.21082e+07 2.98971e+07 2.6638e+07 2.57981e+07 2.54275e+07 2.53683e+07 2.48593e+07 2.39388e+07 2.29487e+07 2.16433e+07 2.15893e+07 2.0014e+07 1.96596e+07 1.75215e+07 1.65918e+07 1.60921e+07 1.58775e+07 1.57757e+07 1.54616e+07 1.52475e+07 2.12654e+07 1.50668e+07 1.45099e+07 1.44322e+07 1.36053e+07 1.34494e+07 1.33115e+07 1.32835e+07 1.31521e+07 1.7544e+07 1.30978e+07 1.29372e+07 1.28494e+07 1.30008e+07 1.26436e+07 1.2538e+07 1.24363e+07 1.2302e+07 1.26785e+07 1.27247e+07 1.2072e+07 1.20137e+07 1.17977e+07 1.1175e+07 1.58887e+07 1.11634e+07 1.05105e+07 1.05013e+07 1.04868e+07 1.03358e+07 9.94052e+06 9.93673e+06 1.22742e+07 9.71115e+06 1.04266e+07 9.7048e+06 9.69534e+06 9.63709e+06 9.56143e+06 9.48776e+06 9.33975e+06 9.3278e+06 9.22468e+06 9.20465e+06 9.1338e+06 9.06564e+06 8.98013e+06 8.9538e+06 8.93816e+06 8.85372e+06 8.81913e+06 8.66188e+06 8.60547e+06 8.5309e+06 8.52566e+06 1.0009e+07 9.08941e+06 8.47279e+06 8.44449e+06 8.42653e+06 8.3508e+06 8.71828e+06 8.31844e+06 8.15893e+06 8.08525e+06 8.07315e+06 8.01806e+06 7.97829e+06 7.92236e+06 7.86263e+06 7.86188e+06 7.73549e+06 7.67458e+06 7.65884e+06 7.51942e+06 7.49768e+06 7.45872e+06 7.43078e+06 7.28253e+06 7.20519e+06 8.89026e+06 7.69215e+06 7.16169e+06 9.00659e+06 7.62957e+06 7.10297e+06 7.06759e+06 7.25779e+06 7.05049e+06 7.04886e+06 7.01191e+06
threshold=0.01404320987654321 0.01451388888888889 0.010833333333333335 1.0000000180025095e-35 4.5000000000000009 0.0073148148148148157 0.27511467889908264 0.0088095238095238105 0.016930166054050278 59.500000000000007 8.5000000000000018 -6.4999999999999991 0.10833333333333335 9.5000000000000018 0.11558704453441297 0.0011600096370211318 7.5000000000000009 0.086111111111111124 0.0093518518518518542 0.0065740740740740751 68.500000000000014 5.5000000000000009 11.500000000000002 0.022808641975308644 0.011697530864197532 -10.499999999999998 0.2169243009774949 3.5000000000000004 0.0065740740740740751 0.16388888888888892 0.025000000000000005 -5.4999999999999991 0.026861330180001083 5.5000000000000009 0.080555555555555561 0.019910968660968666 0.028993166974034649 0.075000000000000011 0.058037238970252425 -10.499999999999998 0.74166666666666681 0.0073148148148148157 14.500000000000002 0.014618092494878098 0.018911392980541921 1.5000000000000002 0.0078571428571428594 0.022855377361085279 0.15424266455194294 1.0000000180025095e-35 1.0000000180025095e-35 0.050047952468456613 0.012283950617283953 5.5000000000000009 -7.4999999999999991 0.0058333333333333345 10.500000000000002 0.052904301817345303 0.027384433305485938 0.02390879876606548 0.028577828981054793 0.029537037037037039 0.01841675612810879 0.13611111111111115 0.020173841483507007 -12.499999999999998 0.044722222222222226 0.032802751206110058 0.023382321274763137 0.03475545088877819 0.003402777777777778 0.0026577407267062438 -5.4999999999999991 0.024651376408901835 0.046238202488202491 19.500000000000004 0.26589011580931865 14.500000000000002 0.22926223241590218 0.023791792339293179 0.86388888888888904 0.10277777777777779 23.500000000000004 0.86388888888888904 0.022824454889672285 0.048904320987654328 0.029363802195251514 0.039999370108498661 9.5000000000000018 0.022254901960784317 11.500000000000002 0.81388888888888899 0.022824454889672285 0.22648879716981135 1.0000000180025095e-35 0.2259467040673212 5.5000000000000009 0.0061419753086419766 0.025000000000000005 0.0084876543209876556 10.500000000000002 0.016698966408268737 0.015493827160493828 0.27151675485008825 0.031175988914084154 0.0029320987654320994 89.500000000000014 0.031628165648347729 0.11378020713463753 0.0073939196554922869 1.0000000180025095e-35 0.0077083333333333335 -6.4999999999999991 0.0081790123456790143 0.019557870370370375 0.029200923404145557 0.018610954486020136 28.500000000000004 0.024790281734726183 0.018516972028779135 0.14048793859649125 0.018997522014248421 0.10833333333333335 0.0453164089603664 0.010833333333333335 1.0000000180025095e-35
decision_type=2 2 2 2 2 2 2 2 2 2 2 2 2 2 2 2 2 2 2 2 2 2 2 2 2 2 2 2 2 2 2 2 2 2 2 2 2 2 2 2 2 2 2 2 2 2 2 2 2 2 2 2 2 2 2 2 2 2 2 2 2 2 2 2 2 2 2 2 2 2 2 2 2 2 2 2 2 2 2 2 2 2 2 2 2 2 2 2 2 2 2 2 2 2 2 2 2 2 2 2 2 2 2 2 2 2 2 2 2 2 2 2 2 2 2 2 2 2 2 2 2 2 2 2 2 2
left_child=2 4 5 16 7 17 10 47 21 23 11 41 18 14 26 34 20 33 40 82 37 43 46 76 77 -14 87 31 -12 56 -20 -26 52 39 89 75 45 -3 50 -1 112 -4 68 71 -45 -37 -21 48 121 66 60 61 53 54 -8 -19 106 -40 59 62 -25 72 -27 86 -48 -16 67 78 79 -70 -35 103 -39 -74 -53 -36 125 -10 -32 88 98 -43 111 124 -38 123 -60 117 -28 90 91 -13 -75 -23 -72 -49 -97 -41 -56 -17 113 -31 -83 -7 -69 -15 -22 -42 -46 -99 -64 -6 -9 -57 116 -116 -67 118 -11 -120 -92 122 -2 -52 -30 -5
right_child=1 3 6 9 19 8 32 12 24 13 28 15 25 105 65 99 -18 55 30 22 29 93 -24 38 27 58 42 -29 83 101 49 -33 -34 70 35 36 84 51 57 97 107 81 -44 44 108 -47 64 95 -50 -51 85 74 -54 -55 80 100 -58 -59 63 -61 -62 -63 110 -65 -66 114 -68 104 69 -71 94 -73 73 92 -76 -77 -78 -79 -80 -81 -82 102 -84 -85 -86 -87 -88 -89 -90 -91 120 -93 -94 -95 -96 96 -98 109 -100 -101 -102 -103 -104 -105 -106 -107 -108 -109 -110 -111 -112 -113 -114 -115 115 -117 -118 -119 119 -121 -122 -123 -124 -125 -126 -127
leaf_value=1.6297400517400682 3.8218090644866645 -15.013387710562444 4.1889669694372671 -8.1376032211140537 10.037639211760427 2.8482873319428896 -6.7288367928026176 -2.4679548083279514 9.6933416441708626 6.1715772460390141 3.7028132222617631 6.5832791344507529 -7.3055145772333709 4.9716413141092026 -11.24046729364154 3.3474180218622678 -14.070668846663848 11.858105788193212 -9.7692591432115758 0.12354042666785588 -4.6132135470268363 1.2650242168877059 -11.553939046084665 -6.9819891012917612 2.2860827871125853 11.484829855612006 4.6170058726481864 1.2930426926908734 -2.0075944189108048 20.751334976486973 1.5733239189426313 7.4267376236482763 1.48959549431449 13.257793297198162 11.907490314683905 5.240344942517952 17.671955033920355 -12.577058366224371 0.75754403539935977 9.6185914280805527 -6.5382230389258558 -5.0033994536183819 -6.9563463639353262 7.7899491535114471 3.2193723057498818 -0.2302200497982585 -8.4532014301099565 11.723301165186237 -6.4916528056669964 -7.1661837152019174 -8.1593228890970302 3.6722259799368935 -8.3520779117689479 -7.7977488075282118 -7.1410003541762155 12.250508564900903 -10.607912970835137 -10.26615148087307 -9.9744512222052464 11.418259954013825 -14.333725806223255 -13.122964293062729 -4.7515258066830333 3.3662257113815386 -3.064305705564629 -4.431552144370702 -8.7323528319015349 11.358815598811562 -5.2079846547539015 0.86804011021148819 -2.5205673557310764 -12.201666513223422 -9.5742829980651578 9.8543794559318467 -7.9671516663146198 3.6977044507177457 -7.6375876163307233 -0.093528684921681371 -4.2983014608430734 9.1461823299623486 -11.286364551684613 3.9271388434244843 23.307546730671874 -17.665117388251726 7.568845819666878 -13.485594004234327 0.28720784973893354 9.1188446632094848 -4.6453735743156264 -3.1336215020481486 1.4314875549213446 -4.0392597271088295 -5.4078887894375871 -4.4633758970619688 4.1475924659410177 9.9230447613702157 0.92606622794539062 0.69463058513253906 1.8957331469388086 -1.0692184466581758 2.7300663142512085 0.42867747816002694 -3.0519416335919929 -2.3422158549590546 -0.27521788122091267 -10.325458984609829 9.2729318242559096 3.2985740919262079 -3.9208237361159419 7.3114998871693562 3.6085314380097651 -1.4939279838408106 3.9411551181516824 8.2921661574535506 -8.9025300351567989 -2.7145415261971646 9.8366472360284938 -9.7873500869809593 -18.479165280984631 0.15574889967084629 -9.4123456098696678 -3.3274456012419096 13.399553049666824 -0.71177235979001963 -7.3892167952758347 -2.3027995099064058
leaf_weight=883.73214522004128 681.23923087120056 1456.8139412999153 947.56982254981995 655.68732824921608 178.97182029485703 2834.0318885445595 877.89983755350113 572.15191486477852 4349.393856972456 804.59198528528214 766.92694941163063 1924.1208760142326 527.9084121286869 87.710348814725876 919.81345510482788 1558.8367131352425 4278.8936038613319 4930.4177816212177 1162.4436909854412 996.73539215326309 795.19875130057335 1049.5286796092987 1923.9579009711742 653.97133338451385 1950.6156496703625 278.96165508031845 477.69447931647301 2624.9539813101292 1480.0318039059639 52.891546189785004 1033.4650005102158 6531.8354339301586 1605.4609384536743 221.57985407114029 1934.8323847651482 3813.8578597307205 259.25696733593941 1354.7200664579868 562.88104629516602 4668.7665660977364 786.22958639264107 1753.2346491515636 1345.6626768410206 2575.8923351168633 2123.0238496363163 1534.3186119496822 2220.1902915537357 976.99264287948608 328.90891003608704 1521.3587131500244 2496.70587849617 288.88188171386719 1320.7179927825928 1022.4396853148937 280.3036904335022 1472.1097564995289 1112.5839872360229 426.689208984375 311.10985118150711 831.04004722833633 2453.9771575927734 2174.4112096428871 411.30731183290482 1816.0298481583595 1484.8667760193348 250.70622313022614 457.54194223880768 300.48326361179352 1829.383717238903 1149.8669620752335 653.01681742072105 133.57932615280151 2357.4741075336933 98.022602468729019 444.45463371276855 421.98143911361694 2583.5639705657959 254.88015478849411 1884.7300681173801 354.10702842473984 161.90631631016731 753.7457680106163 47.582653731107712 130.00671398639679 1325.649592936039 696.41788864135742 606.62538838386536 443.91760087013245 518.33788019418716 561.72081154584885 805.02841892838478 224.92199873924255 1257.5305299758911 1662.3543274998665 1726.1316493451595 528.60329183936119 548.83105817437172 476.89551347494125 2293.4014334082603 3090.7462339401245 530.837945073843 589.14099368453026 896.62141588330269 992.64033204317093 281.07270646095276 1982.3422487974167 114.76602953672409 265.15464749932289 456.27893075346947 4307.2941492199898 770.78659471869469 647.71433308720589 2158.0761459469795 5515.4390171766281 1375.2318969964981 1004.3299943804741 151.5675627887249 133.16783571243286 58.296427577733994 950.30326905846596 185.88201567530632 220.30705478787422 278.72278007864952 364.13152122497559 1033.2376272678375 2398.06452947855
leaf_count=1307 878 895 1380 667 225 4110 1098 762 5178 1017 989 2641 597 106 857 2230 2643 5245 1264 1337 797 1609 1798 601 2820 303 588 3777 2081 48 1367 8458 2155 221 2304 5252 243 1047 764 5756 922 2377 1440 3394 3070 2204 2439 1104 414 1612 2390 347 1458 1304 385 1498 997 395 316 1022 1573 1396 459 2511 1815 302 529 384 2161 1547 1015 136 2076 110 400 568 2684 343 2357 451 157 985 33 111 1843 513 820 619 601 805 1125 317 1185 2383 2614 602 741 685 3092 4220 694 701 1182 1438 372 1775 147 360 681 5732 1011 756 2868 6967 1388 1199 177 133 40 1308 254 322 265 459 1291 2909
internal_value=-4.546e-07 -5.18055 4.25501 -7.56087 -1.35086 6.27192 1.01682 0.356131 4.4169 -5.79971 2.1856 2.98207 -0.858667 -3.83275 -2.80457 3.97716 -10.4785 8.28425 -2.54886 -5.79813 -9.20791 1.95624 -6.85567 -7.84731 6.26922 2.3133 -1.00093 5.07442 -2.95083 -4.89994 -4.42598 6.2446 -2.9093 6.69548 5.25328 6.33455 4.93978 -10.4249 -9.63019 7.56251 0.747659 -1.0524 -2.61738 3.20655 4.87118 3.67091 -4.93315 5.80235 2.29933 -3.29226 -10.4667 -9.58675 -4.09491 -2.8821 -1.49122 9.93539 -7.12289 -3.99572 3.32364 5.8985 -12.7868 -10.215 2.75889 1.16478 -6.29351 -6.73445 -1.80295 -0.897031 -1.26875 -2.86289 3.24947 1.03965 -8.96733 -7.6503 -3.38207 10.4375 -5.42637 9.15157 -2.21889 2.24893 0.189608 -2.51161 2.21654 -4.88133 9.2215 -8.43971 -3.19147 2.83691 -0.203161 2.53969 3.55461 5.47151 -4.30425 -2.24642 2.31735 8.37566 5.3401 8.11714 0.911537 0.41152 8.6745 2.10289 0.135502 1.50187 5.73595 -9.6773 -2.86187 -4.05742 1.95627 6.65192 0.699666 1.00258 2.59805 9.12609 -5.24454 -6.2908 0.944379 1.40415 2.2261 -0.921337 -0.602676 4.74914 6.60269 -7.21139 -4.22005 -3.55562
internal_weight=156435 70545 85889.9 43504.9 27040.1 52925.2 32964.7 19540.1 27539 27129.1 25402.5 21992.3 15976.5 13837 11767 17641.2 16375.8 25386.2 10422.7 7500.02 12096.9 11827.3 6625.75 13292.1 15711.7 5553.77 8065.33 11107.4 3410.2 2664.58 6641.1 8482.45 7562.13 12937.4 12991.6 9289.9 6933.08 9432.31 7654.77 10336.7 3781.61 4351.17 5675.05 9115.45 5155.2 5348.18 4701.79 3563.6 1509.18 5478.65 6665.2 7975.5 5956.67 4635.95 3613.51 12448.8 2022.55 989.57 5025.86 2292.1 3107.95 7242.16 1461.06 2733.77 3705.06 3701.65 3957.29 3499.75 4329.39 2979.25 2600.73 3960.25 5067.75 3713.03 733.337 2356.81 5637.32 4604.27 2918.2 1350.14 2735.61 3403.6 874.269 2643.28 1584.91 3557.26 917.735 2390.28 996.032 3701.67 3139.95 2149.04 1355.55 2711.88 2379.15 2054.43 1077.43 9452.96 2573.71 4649.58 7518.39 642.033 1650.37 3826.67 581.556 2070.05 909.965 1051.38 2579.3 4784.19 1182.09 826.686 2730.23 6987.55 2781.84 2379.56 402.274 1946.36 1813.19 1008.6 990.91 1180.27 959.962 2860.84 2513.27 3053.75
internal_count=187200 74018 113182 41453 32565 69131 44051 24162 37397 28664 34402 29930 19836 15709 13828 24006 12789 31734 12797 8403 10146 16821 7389 12955 20576 7039 9905 15055 4472 2690 7885 11278 9649 17330 17556 12414 9542 7456 6695 13480 4912 5924 6788 12829 7145 7456 5591 4326 1879 6621 5536 6561 7494 6036 4732 14404 1941 1159 6442 2795 2174 5814 1773 3647 4254 3923 5009 4480 5348 3708 3850 5684 4418 3371 747 2872 6260 5521 3724 1640 3634 4544 1014 3483 2086 3362 1136 3117 1189 5142 4337 2958 1295 3992 3629 2447 1343 12173 3477 6450 9159 749 2167 5548 756 1881 944 1282 3751 6417 1470 981 3630 8465 3066 2587 479 2498 2365 1348 1379 1465 1143 2849 3372 3576
is_linear=0
shrinkage=0.05


Tree=14
num_leaves=127
num_cat=0
split_feature=36 29 29 46 13 11 11 36 24 5 39 34 24 11 36 30 36 34 0 34 12 36 34 29 39 15 16 33 5 11 39 29 34 36 36 11 24 36 39 5 24 42 29 5 29 39 9 30 31 43 6 20 5 11 15 46 34 28 9 44 11 11 34 36 21 33 5 11 28 39 34 0 14 31 24 8 34 21 14 33 29 30 15 0 5 14 12 9 11 5 26 34 34 11 0 35 4 6 0 13 11 39 5 23 34 7 8 11 35 36 11 28 24 5 24 23 6 15 28 35 6 34 11 48 26 24
split_gain=1.24977e+09 3.0936e+08 1.35537e+08 1.00492e+08 9.45612e+07 5.65868e+07 5.54343e+07 5.31702e+07 3.64075e+07 3.569e+07 3.4435e+07 3.28933e+07 2.90581e+07 2.82915e+07 2.53238e+07 2.40772e+07 2.35189e+07 2.28169e+07 2.2731e+07 2.2575e+07 2.24341e+07 2.20311e+07 2.13814e+07 1.99981e+07 1.92298e+07 2.52552e+07 1.90573e+07 1.85409e+07 1.77376e+07 1.73191e+07 1.71649e+07 1.62028e+07 1.61123e+07 1.58877e+07 1.58427e+07 1.55488e+07 1.51375e+07 1.38834e+07 1.37319e+07 1.5993e+07 1.35933e+07 1.26455e+07 1.26072e+07 1.18482e+07 1.1783e+07 1.12171e+07 1.09762e+07 1.07824e+07 1.21891e+07 1.03677e+07 1.01833e+07 1.00265e+07 9.84036e+06 9.70295e+06 1.05729e+07 9.61794e+06 9.59689e+06 9.30357e+06 9.18513e+06 9.10358e+06 8.61746e+06 8.29246e+06 8.01541e+06 7.82879e+06 7.61831e+06 7.5482e+06 7.52184e+06 7.51245e+06 7.34586e+06 7.28813e+06 7.27981e+06 7.15994e+06 9.03025e+06 7.14633e+06 7.09507e+06 6.91557e+06 6.86861e+06 6.85549e+06 6.85533e+06 7.07217e+06 6.85352e+06 6.82588e+06 8.37364e+06 1.00011e+07 6.78774e+06 6.73212e+06 6.59694e+06 7.48918e+06 6.65977e+06 6.52718e+06 1.01274e+07 6.49879e+06 6.45234e+06 7.21248e+06 6.38693e+06 8.59933e+06 6.37853e+06 6.33344e+06 6.32016e+06 6.31612e+06 6.24029e+06 6.21229e+06 6.19226e+06 8.32652e+06 6.69264e+06 6.18701e+06 7.20543e+06 6.08117e+06 6.06256e+06 6.00656e+06 5.94262e+06 5.833e+06 5.81089e+06 5.75774e+06 5.74878e+06 1.12185e+07 5.74592e+06 5.74332e+06 5.89764e+06 5.74058e+06 5.74017e+06 5.72618e+06 5.72538e+06 5.59974e+06 5.58578e+06 5.58181e+06
threshold=0.011697530864197532 0.015039682539682542 0.0078571428571428594 1.0000000180025095e-35 1.0000000180025095e-35 0.23223304473304476 0.25268941584731064 0.02194444444444445 0.015110805556046998 0.09491634491634493 0.0088095238095238105 0.30277777777777787 0.026495737524120034 0.26589011580931865 0.029537037037037039 0.0052777777777777788 0.0067283950617283957 0.091666666666666688 23.500000000000004 0.19722222222222227 1.0000000180025095e-35 0.018968253968253971 0.45833333333333343 0.0078571428571428594 0.003402777777777778 19.500000000000004 2.5000000000000004 0.028124325601181551 0.17165178571428574 0.30810147299509011 0.0039285714285714297 0.0084876543209876556 0.10833333333333335 0.0061419753086419766 0.0058333333333333345 0.24085229808121375 0.021479067992073424 0.017839506172839508 0.0067283950617283957 0.083683473389355764 0.015290599104306512 1.0000000180025095e-35 0.018968253968253971 0.18786764705882356 0.015648148148148151 0.010833333333333335 3.5000000000000004 0.013412698412698413 -0.00018583042973286854 1.0000000180025095e-35 0.093178294573643419 1.0000000180025095e-35 0.08842144452717797 0.32772752967778412 16.500000000000004 1.0000000180025095e-35 0.14166666666666669 0.46388888888888896 5.5000000000000009 1.0000000180025095e-35 0.32772752967778412 0.17550555778759877 0.10833333333333335 0.068611111111111137 41.500000000000007 0.019456083736844151 0.071796759941089847 0.27511467889908264 0.041666666666666678 0.038611111111111117 0.041666666666666678 65.500000000000014 7.5000000000000009 0.0017907000407000409 0.022893075007091677 16.500000000000004 0.12500000000000003 41.500000000000007 1.5000000000000002 0.021349322596452513 0.0205952380952381 0.0052777777777777788 6.5000000000000009 75.500000000000014 0.2085622710622711 12.500000000000002 13.500000000000002 1.0000000180025095e-35 0.23463088939279417 0.086688137412775104 3.5000000000000004 0.10833333333333335 0.14166666666666669 0.27315608919382511 47.500000000000007 1.5000000000000002 13.500000000000002 0.15949737897008945 69.500000000000014 9.5000000000000018 0.26013698630136989 0.02194444444444445 0.11378020713463753 0.020271587376850538 0.14166666666666669 3.5000000000000004 4.5000000000000009 0.37271518777002333 1.0000000180025095e-35 0.028055555555555559 0.25105042016806728 0.025000000000000005 0.022664910267957684 0.082843137254901972 0.016024140337008382 0.022254901960784317 0.13069358178053833 6.5000000000000009 0.88611111111111118 1.0000000180025095e-35 0.15424266455194294 0.26944444444444449 0.17784594410361285 1.0000000180025095e-35 9.5000000000000018 0.032211119283795879
decision_type=2 2 2 2 2 2 2 2 2 2 2 2 2 2 2 2 2 2 2 2 2 2 2 2 2 2 2 2 2 2 2 2 2 2 2 2 2 2 2 2 2 2 2 2 2 2 2 2 2 2 2 2 2 2 2 2 2 2 2 2 2 2 2 2 2 2 2 2 2 2 2 2 2 2 2 2 2 2 2 2 2 2 2 2 2 2 2 2 2 2 2 2 2 2 2 2 2 2 2 2 2 2 2 2 2 2 2 2 2 2 2 2 2 2 2 2 2 2 2 2 2 2 2 2 2 2
left_child=2 3 8 10 14 18 15 13 33 16 28 26 23 32 27 65 92 114 -4 21 -17 53 41 70 122 38 35 43 56 40 -10 76 49 60 105 46 69 52 -26 42 68 -16 50 45 101 -3 -9 48 -29 -6 94 81 73 54 74 -35 -2 -13 75 107 116 -27 67 -24 -49 120 111 97 -18 85 -12 -38 -73 -25 -8 -41 84 102 79 -47 96 -34 83 -83 -22 86 87 -33 -89 90 -43 -82 93 -7 -40 -96 -48 113 -84 -23 108 -42 -14 -104 -105 -32 -107 -37 121 -71 -57 -15 -52 -36 -11 -116 -1 118 -95 -64 -5 -39 -20 -108 -44 -31
right_child=1 4 5 6 7 9 19 11 30 17 12 57 77 66 22 20 29 -19 24 -21 31 99 63 37 25 61 -28 47 -30 125 34 36 51 55 62 59 71 100 39 58 44 89 124 -45 -46 78 80 64 -50 -51 112 -53 -54 -55 -56 110 -58 -59 -60 -61 -62 -63 119 -65 -66 -67 -68 -69 -70 109 -72 72 -74 -75 -76 -77 -78 -79 -80 -81 91 82 98 -85 -86 -87 -88 88 -90 -91 -92 -93 -94 117 95 -97 -98 -99 -100 -101 -102 -103 103 104 -106 106 123 -109 -110 -111 -112 -113 -114 -115 115 -117 -118 -119 -120 -121 -122 -123 -124 -125 -126 -127
leaf_value=8.2618168679192632 1.4086515952483736 -2.5501930007236875 -4.7539864872616171 7.0679569288581554 -6.3433224151376528 6.7522323862806974 -1.3006821484319051 -9.159167610269618 13.402285181555946 -7.1168450780226893 -11.224209952519521 3.0729605139097762 0.75275263861099018 -9.8227235541788147 -15.306715397275026 -2.959964767758839 -20.46647996399539 1.561642982982276 16.849829762131243 4.3576043487837239 4.3786424038563059 -4.1222546177413122 7.4857471393633865 -1.3804957339314323 10.381674001227372 5.9592089650562388 -11.438375339838352 -0.16585046904585318 -7.6606474923854426 -4.8550149686001554 5.9586361624277657 -15.633610935955856 8.4258571837521181 0.035640465934990345 8.2482003031001518 -7.1985970774182695 1.5442833583024469 -6.6159171202260199 4.9331968787313443 -0.75871467271570225 6.3862056098933202 -9.0365684282555243 0.78705807511907322 -12.750640637980284 0.24477950575403007 -7.8653094348721968 0.27271392471106282 -6.9831766274968121 27.879006651682797 -1.6299231098358 1.2891015382195561 12.868712365959704 -7.8355827470600836 -7.0417799065989177 -14.244699073805345 5.7486533876167121 9.3952586182572979 -7.277898808744081 3.7678729526680956 -12.211100729900984 -4.6724163110572681 -2.6154219444994258 9.9821880154907525 -11.99205863694662 1.807968437299277 12.406444400972672 -8.655473931062728 2.5397928262274476 -1.130395631473627 -2.9235050444068937 -0.7694767313447376 9.5755462942985226 3.0742923273312313 -9.5011271828514481 2.8361976632490613 -19.503062056845053 7.9999539354002893 6.8940892812723495 -10.134395296013212 1.5153885289570512 -9.3876146595825496 0.81784075334865425 -9.6518400693000874 11.681774953594433 -11.027351910515657 -3.2862726846156045 -3.5286760704105742 5.0583995910041395 -1.5711450004009839 -12.585418408717421 9.9684517380940445 -3.5018468891008006 10.348772554110926 4.7614542404009415 9.2430927433137047 3.5312272627302228 -16.322260844941162 1.3572156918948008 -1.3531044399223009 -8.8938067389301114 -11.698832173278959 2.6413405916295711 14.52220499650077 -9.3876481987098082 0.38971264045298071 13.287747955156656 9.9615058553738223 -16.670893212141227 -11.791230305414473 -15.87145053235448 1.7746034043598806 -3.6205188906091026 6.8035763547483885 4.7979841898094904 0.5072673644182436 -6.54121913623697 2.3994323446848984 -3.6743126155309116 -13.202471816015567 6.1604229592129194 -6.3010794037369733 7.8866180608440546 9.1746095235061098 1.9528847641678078 12.407979984447838 2.6135528615500654
leaf_weight=3910.9588824510574 1188.7773757278919 721.80056241154671 589.26941961050034 564.3730436861515 1759.0876017212868 2048.6294793784618 2813.9623520970345 1101.9715336561203 1709.4074413180351 1376.7811116874218 184.36634922027588 942.38406667113304 1392.8427793681622 445.0455296933651 2868.6309501230717 1733.3005781471729 50.506876289844513 2603.7630154192448 322.67199316620827 1242.9967289865017 2542.2298352122307 1401.9459280073643 180.73552519083023 1557.8154434263706 1280.0243447721004 352.59449288249016 2934.2470569312572 309.48715615272522 406.91896519064903 1335.1953966617584 788.82012975215912 53.008202165365219 250.37193354964256 1629.7190055847168 4182.215978115797 4572.232735812664 1693.1176312565804 1340.9056436121464 1739.3726383149624 1052.0233442187309 2429.4072057008743 1169.6505740880966 1350.8208162784576 2108.8097882270813 2254.6359565258026 919.87486627697945 1219.4416846930981 2182.4199304282665 44.288309216499329 3464.4171761572361 1184.3760784566402 168.29551565647125 1986.4305367171764 581.76664134860039 129.96372240781784 3065.2998657226562 550.23487946391106 282.0654174387455 2737.0448935031891 1343.807487487793 146.99570679664612 1407.5769022703171 3072.7255630195141 72.196165025234222 277.80783334374428 794.73182398080826 1761.1550635695457 1239.4222499132156 1786.9650114178658 344.17092663049698 1718.9498845636845 939.47940051555634 1237.9436536729336 327.95708972215652 1640.809763520956 51.621585994958878 1738.8736462891102 289.8147519826889 4196.8634819686413 257.06874912977219 634.02091366052628 1886.1231532394886 269.77080196142197 238.64610025286674 73.565551728010178 925.96038103103638 490.4429469704628 1518.7567005753517 504.70616617798805 1841.626755386591 74.565823912620544 1801.8266880512238 642.87860378623009 963.36409115791321 4578.7591001987457 769.71693679690361 60.790382921695709 494.16476088762283 1534.1199020445347 1372.5210139155388 1861.8110384941101 2035.1616408824921 52.703428000211716 507.62118774652481 267.12466534972191 1823.1085058152676 3870.396769464016 175.96108081936836 625.88511428236961 121.08171901106834 1357.2097358703613 2557.8809363543987 800.67449423670769 1701.0212553441525 1128.836229622364 1129.2665860056877 467.99152734875679 331.47425150871277 47.964196503162384 1444.4927828609943 93.607682704925537 71.703589022159576 983.75366455316544 231.31400385499001 111.97707271575928 307.85518479347229
leaf_count=5088 1452 793 756 710 1970 2775 3764 965 1607 1840 158 1295 1663 462 1428 2171 36 3563 277 1694 3449 1606 251 1974 1539 491 2398 345 468 1776 1068 51 301 2353 5334 4402 2303 1407 2412 1573 3333 914 1998 1614 3107 872 1431 1989 35 4427 1737 192 2210 739 130 4371 620 352 3790 975 224 2054 3647 65 312 830 1831 1751 2576 462 2162 1237 1718 360 2182 39 2323 382 3504 291 588 2443 317 288 91 1287 664 2086 718 1278 62 2002 768 1394 5798 1117 42 723 2019 1405 1645 2863 64 548 313 1775 4440 96 583 95 2007 3022 1079 2320 1576 1485 693 472 47 1954 121 102 1141 369 134 412
internal_value=-4.61997e-07 -4.06989 4.90742 -0.77668 -6.81617 2.97376 1.16528 -5.09277 7.37828 1.1423 -4.10363 -7.16655 -5.13212 -2.91283 -9.75792 3.00178 2.52439 -2.01107 4.91527 -1.90811 2.36239 -2.88888 -12.3121 -6.37571 5.21959 4.78072 -7.86128 -8.319 1.73673 1.24618 8.60477 3.11959 -1.34566 4.99478 8.16965 -6.89923 1.75966 -7.50056 5.41913 4.97728 2.14902 -12.9169 5.98417 -9.52019 3.19117 -8.4026 -4.77672 -4.81683 3.34502 -3.21723 6.67866 0.903105 -5.37972 -0.958942 -0.187078 3.3191 3.93567 0.688526 2.21519 -8.57788 7.23555 -0.897767 7.09137 1.92605 -5.99048 9.12702 -6.0612 6.10173 -1.66189 -0.414514 -1.78218 3.98303 5.87935 -2.79277 0.22304 -1.63546 5.56442 -0.338401 -9.18868 -5.81637 -3.47714 0.421233 -0.0888982 2.03804 3.94537 0.36853 1.68692 2.9188 3.40481 -10.6953 -7.8976 -5.03384 5.75604 4.88544 7.56515 8.42108 -0.51528 6.79398 -2.59418 -6.48273 -9.60612 4.67912 -1.28246 -4.70832 -6.01651 10.1185 10.6723 -7.54963 -7.69479 -6.2932 4.52907 -4.53971 3.51338 7.25064 -4.5703 -3.01765 7.63529 2.0374 3.90948 8.76008 5.16601 -5.87977 11.0703 9.50986 1.67664 -3.45564
internal_weight=156435 85514.7 70920.2 38885.2 46629.5 39785 24553.3 29403.7 31135.3 20472.7 14331.9 15068.7 12185.9 14334.9 17225.8 15369.3 14234 6238.65 19312.3 9183.97 13916.6 7940.97 6207.41 9675.82 18723 17416.6 13844.3 11018.4 2145.93 10199.7 20557.1 12183.3 9570.83 10578.2 18847.7 10910.1 7828.67 7772.51 15656.4 14376.4 8556.68 5954.47 10535.7 8204.42 6719.2 6095.61 4818.05 2814 353.775 5223.5 9072.9 4347.33 3872.2 5166.5 4584.74 6052.23 1739.01 1224.45 3840.69 6092 4525.95 1760.17 12134 252.932 2460.23 1452.71 4764.08 7616.82 1837.47 3958.13 1903.32 3870.54 2177.42 1885.77 4454.77 1103.64 4354.67 2510.11 5373.81 1176.94 3716.08 4179.03 3928.66 2124.77 2615.8 3492.87 2566.91 2076.47 2023.46 3085.84 1244.22 2435.85 4034.31 3391.43 7087.85 5348.48 1280.23 6377.4 1803.89 2774.47 3900.31 4464.57 2220.29 827.449 774.746 6713.64 5924.82 4748.19 2038.49 465.253 4422.51 3002.93 1985.05 5883.24 3634.88 2258.1 4378.95 1342.8 1011.33 4517.22 657.981 1412.61 1306.43 4101.71 1462.8 1643.05
internal_count=187200 93518 93682 47947 45571 53958 31836 31818 39724 28023 16111 14546 13571 17272 13753 20316 19559 8464 25935 11520 18655 9826 3998 10601 25179 23761 12899 9755 2540 14103 24988 16484 11957 14736 23381 10501 10621 8281 21216 19677 11915 3682 14275 7074 9303 5460 5028 2681 380 6397 12143 5560 4544 6815 6076 8731 2072 1647 5402 5473 6005 2545 15729 316 2301 1661 5315 10128 2612 5363 2320 5258 2955 2334 5946 1612 5863 2970 4667 1163 4063 5368 5067 2731 3540 4806 3519 2855 2804 2254 976 2590 5456 4688 9327 6915 1473 8377 2336 3011 3737 6196 2588 925 861 7652 6584 4498 2092 557 6378 3484 2816 7654 4901 3061 5781 1913 1441 5601 831 1509 1418 4809 2132 2188
is_linear=0
shrinkage=0.05


Tree=15
num_leaves=127
num_cat=0
split_feature=36 36 27 46 29 5 11 11 34 11 32 34 32 5 0 24 25 0 27 34 15 34 11 25 34 32 32 39 32 0 34 34 0 32 34 13 15 27 34 27 24 24 15 32 25 11 11 15 0 32 34 32 34 38 29 11 40 5 13 36 11 34 11 5 29 29 32 24 5 32 32 25 24 23 15 5 21 5 15 15 0 37 5 32 37 37 9 5 34 9 34 27 22 0 11 24 7 34 32 42 34 37 32 10 9 13 11 2 32 23 19 24 15 42 32 15 32 11 22 23 19 29 16 32 32 24
split_gain=1.13746e+09 2.36437e+08 1.77544e+08 8.87706e+07 8.36687e+07 6.27287e+07 5.23086e+07 4.62636e+07 4.4635e+07 4.39272e+07 3.56156e+07 3.78553e+07 3.45216e+07 3.09429e+07 2.79292e+07 2.74899e+07 2.67175e+07 2.66191e+07 2.57413e+07 2.48285e+07 2.44301e+07 2.35553e+07 2.14867e+07 2.13086e+07 1.95033e+07 2.34014e+07 1.844e+07 1.77714e+07 1.67568e+07 1.58416e+07 1.55377e+07 1.47187e+07 1.45261e+07 1.45218e+07 1.6443e+07 1.37675e+07 1.32159e+07 1.31766e+07 1.30136e+07 1.2915e+07 1.18747e+07 1.16063e+07 1.15611e+07 1.47172e+07 1.1455e+07 1.12171e+07 1.12118e+07 1.22758e+07 1.23492e+07 1.10172e+07 1.09142e+07 1.08738e+07 1.08505e+07 9.85693e+06 9.78429e+06 9.62948e+06 9.54116e+06 9.49557e+06 9.48606e+06 9.47018e+06 9.40664e+06 8.98054e+06 8.86792e+06 8.75822e+06 8.57953e+06 8.2822e+06 8.19174e+06 8.10522e+06 8.05777e+06 7.91377e+06 7.91338e+06 1.07475e+07 7.83926e+06 9.2698e+06 7.65577e+06 7.63966e+06 7.56606e+06 7.40112e+06 7.38761e+06 7.3756e+06 7.3473e+06 8.08902e+06 7.3428e+06 7.28664e+06 7.22755e+06 7.13049e+06 9.23401e+06 8.5564e+06 7.98628e+06 7.09185e+06 7.0385e+06 6.99271e+06 6.9906e+06 6.94485e+06 6.92843e+06 8.12049e+06 6.96095e+06 6.89147e+06 1.04257e+07 6.87404e+06 6.81269e+06 6.78322e+06 6.73855e+06 6.68379e+06 6.68207e+06 6.94945e+06 6.52712e+06 6.51243e+06 6.47846e+06 6.46539e+06 6.65434e+06 6.42035e+06 6.40951e+06 6.40019e+06 6.6721e+06 7.72601e+06 6.38263e+06 6.37882e+06 6.37178e+06 6.34093e+06 7.94321e+06 6.25515e+06 6.20922e+06 6.14755e+06 6.11819e+06 6.11774e+06
threshold=0.015648148148148151 0.010092592592592594 0.010833333333333335 1.0000000180025095e-35 0.0067283950617283957 0.11330480451274073 0.27228596646072378 0.24085229808121375 0.10833333333333335 0.27511467889908264 0.024086586586586588 0.12500000000000003 0.022921557120500785 0.086688137412775104 53.500000000000007 0.030616080499741734 0.086111111111111124 42.500000000000007 0.028364197530864197 0.069444444444444461 22.500000000000004 0.10277777777777779 0.22099143206854346 0.058333333333333341 0.14722222222222223 0.028447811447811451 0.023680729601782236 0.0045370370370370382 0.039694211017740441 35.500000000000007 0.075000000000000011 0.18611111111111114 15.500000000000002 0.024980438184663539 0.10277777777777779 5.5000000000000009 7.5000000000000009 0.013263888888888889 0.13055555555555556 0.019598765432098767 0.018369882373998402 0.029002978149237489 11.500000000000002 0.017839068825910933 0.097222222222222238 0.32772752967778412 0.33945417789757421 5.5000000000000009 33.500000000000007 0.038712477598566317 0.16944444444444448 0.012974987974987978 0.10833333333333335 0.0067283950617283957 0.0078571428571428594 0.20816666666666669 0.00098346372599218928 0.15569985569985573 17.500000000000004 0.0058333333333333345 0.26425937974409025 0.13611111111111115 0.20919661733615225 0.21466973886328727 0.016388888888888894 0.0058333333333333345 0.040754357298474951 0.040930305866617049 0.056710977701543742 0.019357554034973395 0.026197089947089951 0.10277777777777779 0.025757265672650697 0.025019561815336468 11.500000000000002 0.16575091575091577 39.500000000000007 0.10557275541795667 8.5000000000000018 8.5000000000000018 122.50000000000001 0.1138888888888889 0.054200940070505292 0.013908450704225354 0.01388888888888889 0.23611111111111113 1.5000000000000002 0.037855266300453792 0.22500000000000001 2.5000000000000004 0.10277777777777779 0.028364197530864197 24.500000000000004 102.50000000000001 0.27949082858950036 0.029591921350785404 5.5000000000000009 0.080555555555555561 0.02127771087024399 1.0000000180025095e-35 0.43055555555555564 0.036111111111111115 0.018997522014248421 12.500000000000002 12.500000000000002 1.0000000180025095e-35 0.17883486781887689 1.0000000180025095e-35 0.01906441869677164 0.028958019915466725 1.0000000180025095e-35 0.048270230607010363 16.500000000000004 1.0000000180025095e-35 0.033151135005973727 8.5000000000000018 0.026721857325305607 0.31612258494337114 19.500000000000004 0.023235879926020775 1.0000000180025095e-35 0.023395061728395065 3.5000000000000004 0.022254150702426565 0.037912581699346408 0.028613927295103276
decision_type=2 2 2 2 2 2 2 2 2 2 2 2 2 2 2 2 2 2 2 2 2 2 2 2 2 2 2 2 2 2 2 2 2 2 2 2 2 2 2 2 2 2 2 2 2 2 2 2 2 2 2 2 2 2 2 2 2 2 2 2 2 2 2 2 2 2 2 2 2 2 2 2 2 2 2 2 2 2 2 2 2 2 2 2 2 2 2 2 2 2 2 2 2 2 2 2 2 2 2 2 2 2 2 2 2 2 2 2 2 2 2 2 2 2 2 2 2 2 2 2 2 2 2 2 2 2
left_child=1 4 8 10 23 9 13 14 16 17 11 30 118 29 85 39 60 32 50 -7 33 55 58 76 25 57 65 -21 82 92 -4 49 -3 34 78 -31 94 40 67 100 -24 54 -13 -44 -39 61 47 48 -11 125 68 -38 62 -37 -29 56 -15 117 70 116 77 72 -25 -36 -34 -18 79 -35 124 -54 71 -19 73 74 89 -57 -1 -2 -16 -52 -22 -82 101 -73 -64 88 -87 -88 -5 -8 -85 -74 -6 -80 95 -32 -97 106 -99 -72 113 -26 -42 111 105 -49 -55 -94 -53 110 -56 -20 -108 114 115 -12 -23 -9 -10 120 -46 123 -40 -43 -17 -14
right_child=2 5 3 7 6 19 45 24 12 46 15 42 31 21 20 18 26 22 103 27 80 59 37 52 28 -27 -28 41 -30 35 36 -33 64 38 63 53 51 44 122 -41 102 121 43 -45 119 -47 -48 104 -50 -51 66 108 69 97 109 75 -58 -59 -60 -61 -62 -63 84 -65 -66 -67 -68 -69 -70 -71 99 83 91 -75 -76 -77 -78 -79 93 -81 81 -83 -84 90 -86 86 87 -89 -90 -91 -92 -93 107 -95 -96 96 -98 98 -100 -101 -102 -103 -104 -105 -106 -107 112 -109 -110 -111 -112 -113 -114 -115 -116 -117 -118 -119 -120 -121 -122 -123 -124 -125 -126 -127
leaf_value=4.3541262197850337 -1.7918927704879004 -14.02605380265903 -9.4785791254362266 -11.530642131574885 -11.089036621186066 -7.0498197996542089 -12.540582589754743 -4.0858272027453193 -10.086216543055999 -6.3427497702387674 -8.205449822044482 9.6809725106870346 -1.8678861410681336 4.7891962694240897 4.4027568737690919 1.0106942641666352 15.433694981179299 4.6147644958197338 -12.266939728809151 7.9064845995391666 -16.026115112978985 11.218881199778068 0.51435438802859856 9.7702822966285634 -5.0048338172194757 -10.821313424724124 -4.2775369325078429 1.031051419845582 -7.6893045378801261 9.1369359030907642 -0.80778525481882879 4.4520473882222094 1.1518319451884789 -6.1004855774157498 8.4530807564460986 7.275261189285338 14.936277279347776 -3.8247374538202252 1.4327133946270512 -13.291346353608674 8.6296827697142149 9.7894559347025591 11.245412680309625 -6.3417095637789016 9.2596044324232825 -3.6212003608641448 -6.8182594353657624 -12.376720117260426 2.0735002037844761 -9.8670631354918132 9.1060461944806068 -3.6378588502068645 12.688256239773878 8.1691224487142122 -3.0705586612881093 0.49929214549524348 -4.8714937229741437 -11.752023256163497 -0.84430069490270743 4.0880121463313843 -9.0612817262328171 5.4047233966404393 -0.51378981574962268 -11.093761677399122 -4.1602235106959231 4.001658774533726 -4.4700999578399623 3.4730578643147134 -8.4021737256427365 9.0066870237837051 -0.73273329449619917 16.880956521937495 4.9586964981027295 -9.7536097640826984 -7.7859772814924106 -4.4869947274514885 9.7069330543556731 -8.4928450527692316 -7.715077296524278 -3.8383266270401402 0.016941925212508212 -11.578852917071144 -4.2739944956383651 5.640519990677066 7.0744176512870247 -11.346920537064737 -0.48740292469898883 -6.4535333365038134 -2.6331951383144165 1.0287350910479147 11.044370127780482 -4.7521414333744634 4.982390258852317 1.401093396191303 -4.9794489625166793 20.66789418662448 2.6350883381597421 8.116087388747621 3.5499426047989093 5.5806820159052144 0.47591729277494593 2.6215435295090193 3.732516033002593 0.35556115195929672 1.9181690883687399 -4.0194824791457435 2.963619994234016 -1.4458678104139648 -10.351689730647848 -13.125060105151944 -8.8532005064743231 -7.9038595256338526 -3.936890610614217 -7.1477576543806753 -14.312666271693619 -15.366319222174562 -2.8199424112330544 -8.8720591936812117 9.5402874905512149 0.086454534753312481 -2.3095016789688336 -4.084689875243936 -9.4633357439588632 1.2426030358930378 -10.045616850354815 4.0083873016394724
leaf_weight=4388.0880418121815 1517.9786830544472 212.42332231998444 3458.7495355904102 842.75694581866264 104.64131417870522 2976.393894046545 99.51754629611969 3844.2003269195557 42.349580079317093 519.00334271788597 1838.1490305066109 411.22260671854019 1626.352026283741 1637.8568604290485 491.65421408414841 513.69491881132126 194.00723126530647 3441.720789283514 2283.5134425163269 466.49349123239517 237.82890349626541 881.33749130368233 2330.510559886694 3676.8835119605064 386.3032763004303 3857.4445552825928 719.43119794130325 881.40205186605453 1809.4291534423828 3804.2839281857014 421.10724028944969 1689.6438940167427 2361.3247707486153 1479.4039885103703 1196.5059154629707 6233.670479953289 53.433285593986511 1553.0240800380707 2560.8957678675652 5445.2511265873909 985.62494239211082 282.43116092681885 167.05013805627823 413.14995983242989 481.49183019995689 1471.1627655029297 1072.0755176544189 299.02351647615433 2720.5746301412582 345.02999630570412 334.17085063457489 553.27302557229996 2488.9176227450371 515.51755383610725 2334.557262212038 2387.4450088143349 302.83471673727036 576.52589222788811 610.06155398488045 2434.5860595703125 1276.6896014213562 1068.9097570478916 331.85298252105713 60.189104586839676 1120.9472896456718 863.95250701904297 448.74227523803711 259.92937105894089 1300.2457967400551 3529.813812315464 806.31943237781525 254.37702116370201 1221.689189851284 271.88708022236824 299.52418959140778 1132.5919293761253 777.05882474780083 565.59866234660149 433.31376585364342 164.07941666245461 307.96670317649841 293.94177344441414 1349.8000005185604 1385.708731263876 5768.2579255402088 396.75730413198471 1361.1117059588432 1076.0653462409973 359.91360938549042 2969.5038059353828 1066.2322084009647 218.54720550775528 925.9958508014679 403.42979589104652 431.83052459359169 101.2819452881813 113.47338724136353 2523.5677080452442 2477.2514857649803 926.60953560471535 157.2530765235424 1188.9233247339725 2444.991720110178 143.26046484708786 375.20506393909454 1479.5823994576931 2632.229682892561 685.80023738741875 1024.9314838647842 223.30433738231659 632.22895643115044 1336.7441618740559 385.84090450406075 1328.3025913834572 1165.3972994089127 473.75350400805473 89.151010066270828 850.07105472683907 1758.5950976014137 1827.5511542856693 214.44609442353249 370.24084866046906 137.78386127948761 824.85134187340736 165.41623401641846 608.69397985935211
leaf_count=6263 1952 183 3104 651 123 3566 119 4249 48 605 1664 469 2088 2280 617 551 191 4618 1536 573 182 986 3431 4336 427 3318 936 1193 1839 4522 525 2347 3196 1639 1484 8247 40 2035 3470 3467 1179 347 190 443 603 1972 1283 292 3597 363 385 623 2327 679 2977 3492 442 470 844 3324 1349 1378 490 53 1342 1107 473 316 1163 4228 1143 215 1668 339 405 1603 935 633 505 187 382 313 1567 1824 7473 336 1654 1133 428 4367 1221 319 1274 543 450 90 117 3236 3581 1372 213 1482 3413 149 456 1931 3871 1026 901 216 753 1209 551 1361 701 296 118 854 2068 2512 291 495 150 1083 139 847
internal_value=-7.75452e-07 3.41864 -5.31727 -6.59202 5.42611 0.326268 3.98912 -4.54831 0.370474 1.47545 -8.7634 -5.79999 3.27317 4.95323 -2.26134 -10.0025 -3.05936 2.53924 -7.50185 -3.31465 -0.525726 2.48908 3.3197 7.94728 -6.51139 -7.86204 1.89834 -1.46653 -3.90728 6.03001 -7.25982 0.824406 -1.33245 0.437992 3.417 6.45475 -4.41685 1.72923 -1.29725 -11.6099 3.26851 -2.2545 3.26753 -1.27806 -0.446153 0.300766 -2.14816 -1.21986 0.725157 -1.55127 -3.98454 -7.24696 8.8589 5.76381 -3.63202 0.453943 3.2817 -5.69629 5.1624 5.75284 -5.6817 1.23902 7.8307 7.51689 -0.558125 6.09805 0.430058 -4.6698 -6.09663 10.5291 5.62737 6.46854 0.362605 -0.872738 -0.155932 -1.10507 5.15942 -3.6109 -0.461588 4.84332 -8.58574 -5.64586 -1.56771 8.82605 6.66161 -5.64213 -4.27314 -3.12158 -8.86797 0.58873 7.9904 3.48514 1.43421 -3.31978 -0.0919228 3.22732 11.1396 4.65982 5.85416 2.6431 -9.76498 0.751276 5.13948 -10.2368 -4.14539 -5.42452 2.96957 2.24724 -7.99801 -4.9204 -4.30285 -10.6559 2.08143 -10.1001 -11.2279 -9.67285 9.92925 -4.95255 9.07877 1.63312 5.6947 1.54142 0.876404 3.42262 -1.68237 -0.267538
internal_weight=156435 95216.9 61217.9 50009.6 57736.2 37480.7 36775.3 25762.1 11208.3 28488.8 24247.5 7149.5 6070.66 29154.6 11899.4 17098 5137.66 22023.4 6689.87 8991.9 7862.84 8865.8 18328.7 20960.9 13862.7 9128.24 1777.39 6015.51 4734.46 20288.8 6158.08 4269.72 3694.7 7023.11 2585.09 18572.4 2699.33 9837.64 4438.01 10408.1 5761.13 5549.02 991.423 580.2 4076.51 7620.74 6465.46 5393.39 3239.58 2580.08 2926.35 1631.64 15795.7 14768.1 4071.49 5460.73 1940.69 5270.8 8491.03 3405.07 3360.27 6149.58 9776.99 1256.7 3482.27 1057.96 946.993 1739.33 1979.36 6018.73 7880.97 6148.04 5080.67 3640.43 3368.55 3520.04 5165.15 2083.58 1328.4 498.25 839.737 601.908 2925.03 2706.32 6100.11 4036.6 2833.93 2437.18 1202.67 3069.02 2451.94 1440.24 1716.44 836.744 1067.69 635.863 214.755 8534.41 5000.82 1732.93 4962.86 1575.23 3430.62 3763.52 2153.81 1778.61 3533.59 1611.8 1578.2 3190.09 2966.79 3620.26 3018.07 4805.6 3477.3 2311.9 970.489 4694.27 1800.94 2523.49 695.938 1477.52 2698.68 1107.28 679.111 2235.05
internal_count=187200 124763 62437 48508 75974 48789 49922 28062 13929 37586 20446 6952 7761 39355 13856 13494 6168 29422 5792 11203 9654 12245 24701 26052 14206 8891 2234 7637 5315 27110 5850 5645 4721 8777 3202 24687 2746 13464 5575 7702 8023 7064 1102 633 5441 10567 8164 6881 4202 3298 2898 1564 18854 20165 5139 7817 2722 5573 11237 4428 3934 8595 12299 1537 4538 1298 1045 1955 1853 6555 10393 7878 7217 5230 4891 5095 7198 2585 1665 572 877 695 3476 3260 7963 4202 3123 2787 1079 4486 3045 1987 2423 1048 1182 732 207 11918 6817 2515 4235 1909 4592 2894 2679 2223 5101 2300 1524 3946 3730 2745 4422 4022 2661 1960 1104 5103 2116 3406 894 1925 3620 1430 690 2935
is_linear=0
shrinkage=0.05


Tree=16
num_leaves=127
num_cat=0
split_feature=36 36 29 1 29 39 1 1 11 1 34 37 42 29 39 5 34 39 36 24 5 11 13 33 34 39 6 24 37 33 34 1 29 6 15 9 39 11 14 36 1 1 24 1 6 33 39 1 27 1 39 37 15 39 34 30 39 1 23 33 37 16 1 39 21 37 34 11 23 30 24 40 34 37 37 11 2 27 5 28 1 37 6 23 24 2 1 6 24 23 29 24 40 40 17 40 29 46 28 34 36 14 30 39 27 37 33 33 1 1 36 33 1 42 33 15 46 1 36 33 30 11 34 23 1 39
split_gain=1.02655e+09 2.13385e+08 1.60233e+08 9.85781e+07 7.5511e+07 7.16749e+07 6.28247e+07 5.53559e+07 4.72084e+07 4.10176e+07 4.02831e+07 3.84526e+07 3.37165e+07 3.06392e+07 2.88613e+07 2.7926e+07 2.56702e+07 2.50367e+07 2.37975e+07 2.36951e+07 2.30985e+07 2.23865e+07 2.20149e+07 2.19381e+07 2.13772e+07 2.10603e+07 2.0528e+07 1.90897e+07 1.84721e+07 1.71275e+07 1.65945e+07 1.63815e+07 1.56151e+07 1.54206e+07 1.44408e+07 1.42556e+07 1.34431e+07 1.331e+07 1.31605e+07 1.29303e+07 1.51765e+07 1.26301e+07 1.26195e+07 1.22087e+07 1.21421e+07 1.18838e+07 1.21696e+07 1.11824e+07 1.10946e+07 1.10674e+07 1.22805e+07 1.15271e+07 1.09972e+07 1.15935e+07 1.09937e+07 1.07497e+07 1.01182e+07 1.01178e+07 1.00567e+07 1.35447e+07 9.77682e+06 9.68718e+06 9.64696e+06 9.47202e+06 9.3116e+06 9.30961e+06 9.29853e+06 9.26359e+06 8.93884e+06 8.90911e+06 8.68869e+06 8.6753e+06 8.66325e+06 8.50729e+06 8.48144e+06 8.94871e+06 8.39519e+06 9.15042e+06 8.31639e+06 8.01643e+06 7.9245e+06 7.795e+06 7.72686e+06 9.32054e+06 1.19037e+07 7.64934e+06 7.6131e+06 7.405e+06 7.36895e+06 1.03459e+07 7.51389e+06 7.29035e+06 7.24566e+06 7.19701e+06 8.60968e+06 7.18086e+06 7.16875e+06 7.14974e+06 7.12774e+06 7.12621e+06 8.05337e+06 7.11051e+06 6.98026e+06 6.95312e+06 6.93116e+06 6.918e+06 6.82404e+06 6.82387e+06 6.80591e+06 6.79895e+06 6.78836e+06 6.75642e+06 6.71386e+06 6.6978e+06 6.68244e+06 6.65588e+06 6.65585e+06 6.49626e+06 6.47025e+06 7.00842e+06 6.99776e+06 6.44009e+06 6.43138e+06 6.52805e+06 6.4021e+06 8.19055e+06
threshold=0.015648148148148151 0.010092592592592594 0.010833333333333335 4.5000000000000009 0.0067283950617283957 0.017839506172839508 4.5000000000000009 -6.4999999999999991 0.27228596646072378 -13.499999999999998 0.10833333333333335 0.75277777777777788 1.0000000180025095e-35 0.022808641975308644 0.03070987654320988 0.086688137412775104 0.20833333333333334 0.0058333333333333345 0.023981481481481482 0.018831011770625638 0.13536417773705914 0.22511261261261264 1.0000000180025095e-35 0.022325725377738758 0.097222222222222238 0.017839506172839508 0.17165178571428574 0.015110805556046998 0.041666666666666678 0.011196573919245379 0.45833333333333343 9.5000000000000018 0.013412698412698413 0.088073691014867506 22.500000000000004 3.5000000000000004 0.0052777777777777788 0.21828631138975971 21.500000000000004 0.032314814814814817 -7.4999999999999991 11.500000000000002 0.029591921350785404 13.500000000000002 0.060120481927710849 0.024032252064807198 0.033055555555555567 15.500000000000002 0.0081790123456790143 -10.499999999999998 0.0052777777777777788 0.025000000000000005 8.5000000000000018 0.0071825396825396836 0.13611111111111115 0.0039285714285714297 0.012129629629629631 9.5000000000000018 0.024133367486338802 0.018897065111087494 0.030555555555555558 2.5000000000000004 8.5000000000000018 0.0077083333333333335 37.500000000000007 0.036111111111111115 0.1138888888888889 0.27461753932342176 0.022254901960784317 0.0065740740740740751 0.018831011770625638 0.00068072024593763712 0.069444444444444461 0.047222222222222228 0.019444444444444448 0.22439443066946407 1.0000000180025095e-35 0.013263888888888889 0.080229885057471279 0.030555555555555558 -24.499999999999996 0.10277777777777779 0.075614636935391666 0.028339002267573698 0.025898305974175268 1.0000000180025095e-35 10.500000000000002 0.25150602409638562 0.025757265672650697 0.025019561815336468 0.022500000000000003 0.036252114730583401 0.0013128413912082643 0.0016614408526173237 3.5000000000000004 -0.00041544213358408452 0.0099382716049382733 1.0000000180025095e-35 0.025000000000000005 0.19722222222222227 0.019598765432098767 2.5000000000000004 0.0049691358024691367 0.0065740740740740751 0.018293650793650796 0.86388888888888904 0.018330377069088081 0.02490568721699515 -5.4999999999999991 -6.4999999999999991 0.0071825396825396836 0.036716507852610956 4.5000000000000009 1.5000000000000002 0.017779467010109677 22.500000000000004 1.0000000180025095e-35 8.5000000000000018 0.035092592592592599 0.028620845973846381 0.010833333333333335 0.2808003153952297 0.075000000000000011 0.027471941638608308 -7.4999999999999991 0.021635802469135806
decision_type=2 2 2 2 2 2 2 2 2 2 2 2 2 2 2 2 2 2 2 2 2 2 2 2 2 2 2 2 2 2 2 2 2 2 2 2 2 2 2 2 2 2 2 2 2 2 2 2 2 2 2 2 2 2 2 2 2 2 2 2 2 2 2 2 2 2 2 2 2 2 2 2 2 2 2 2 2 2 2 2 2 2 2 2 2 2 2 2 2 2 2 2 2 2 2 2 2 2 2 2 2 2 2 2 2 2 2 2 2 2 2 2 2 2 2 2 2 2 2 2 2 2 2 2 2 2
left_child=1 4 10 5 27 9 7 32 15 102 19 20 18 29 37 26 21 81 45 57 25 34 118 43 41 52 35 62 -23 -14 82 54 55 60 69 -6 115 113 58 40 -15 68 -31 97 -44 78 79 99 -21 -37 -51 -52 -9 -54 88 -3 -22 116 59 -30 -27 71 108 -26 -34 -16 -62 -42 70 -11 -17 107 87 -18 -55 -76 77 -35 -7 -47 -57 -8 83 84 -20 -25 111 -29 89 -10 -90 -58 -68 94 -87 -36 -67 -19 -60 100 122 -48 -4 -43 -73 -13 -82 -53 -1 -61 -56 -39 124 -12 -77 -24 -2 -65 119 -5 -121 -50 -38 -124 -74 -126
right_child=2 6 3 22 8 12 17 11 31 16 14 105 13 39 65 24 73 23 30 48 56 28 36 85 63 33 -28 72 38 42 -32 -33 64 76 95 49 47 86 -40 -41 67 103 44 -45 -46 46 101 -49 121 50 51 61 53 74 110 80 91 -59 98 109 66 -63 -64 117 -66 96 92 -69 -70 -71 -72 104 112 -75 75 114 -78 -79 -80 -81 106 -83 -84 -85 -86 93 -88 -89 90 -91 -92 -93 -94 -95 -96 -97 -98 -99 -100 -101 -102 -103 -104 -105 -106 -107 -108 -109 -110 -111 -112 -113 -114 -115 -116 -117 -118 -119 -120 120 -122 -123 123 -125 125 -127
leaf_value=3.0441608043632606 -6.9541148466722422 7.8054102482237786 -0.1872498433530807 -12.042943804533813 2.76317029893168 -6.1348876976181517 7.0876219293897051 8.9681991318502856 -0.22214460677151357 11.059176790963001 10.646929307536908 -0.44006562135309268 20.453963007694085 -10.942196671009945 -8.5379335277985327 0.83639307148030506 1.1639895764637911 -7.174409267706479 -8.5253900345490319 6.1076249090316566 4.5603571542701733 -7.6019438301359434 4.1203285212787106 -9.1373891210902549 9.4458264833096877 -1.900905955064043 0.071551154191241473 6.6632555042938835 -2.1435811864764855 -4.333630094047999 4.7353586021604102 -6.4303567995516575 -6.9135841026587741 4.3687796111433084 -13.385571292157023 2.1539700696550237 -10.589096666044188 1.6290010570118696 -15.635587425739415 -9.2881730965592393 -1.2759566958799793 2.1553693823732285 3.2956789480047437 -10.884228690922006 -3.6238520789684503 -7.5026373282830434 -1.3904925367742349 -13.083883739912139 0.48010906921062491 11.561100129428496 2.2284712475460369 7.9475619791826135 8.5229994190343383 -2.4797510679228218 10.486359466797881 -19.485891666386337 -4.0945008713955602 -11.804435812015489 -7.7206194456321899 -0.31273604483780387 3.040160871612533 1.7609799475078043 0.47856844288100064 4.864430241207387 -0.6042333943543543 2.1539233731756862 9.7173687357298313 -7.3277268329999972 -2.9171420273947306 2.5468229632991815 6.3315686739563057 6.5674132114685042 6.7884479002432077 8.4459290696712568 8.1958192328105994 -2.4140357829389814 -5.7573852709481184 -2.7185917586245019 -10.883674898200731 2.6114597130231694 -2.9550893418011834 -2.8381278724350665 -13.193715272898892 -12.045053407225312 3.4528573519395076 6.2580109339555001 -5.5628567366589721 -15.365604502196646 4.9103019771305725 -10.012651091910195 -3.281101441606955 4.3810911514148847 4.3433418606165421 -4.354212666763801 -0.70050204018261553 -0.018161446994694044 -5.6762166378985661 -2.9164891183323145 -0.57292542141060865 -4.0714666834775732 -9.6202181599882408 -8.7883774114996331 -10.321897698589483 -7.6976584153839029 0.59422183572986886 -5.4858450120194053 1.473453081037986 12.222850780776326 7.0094470993260094 10.832553953826658 2.4395039673308454 6.8523555947499624 6.8974404583493616 1.8822273883281071 5.7200561511381807 -8.1516500013349198 -2.0130013938201938 -1.40810431435008 -14.265640446153283 4.181431039490394 -8.8920123118237253 -8.577014104279284 -0.79581803241652549 -8.6868799527064411 12.174918859026651 8.737704646086625
leaf_weight=1391.5268563628197 1243.6621035933495 365.87542736530304 195.32967013120651 3417.3914514780045 2632.0388164818287 2606.0817758738995 706.70742508769035 2624.6850400269032 3819.8833470344543 369.73754543066025 1257.0536287128925 1455.5872781276703 85.979046732187271 794.11187088489532 432.02243754267693 2178.3993943631649 670.01994323730469 1856.4395852088928 1314.5527949929237 787.8416194319725 636.22554072737694 1682.0175562798977 332.4030873477459 263.32304733991623 980.32234796881676 650.55444002151489 1486.2200436294079 3287.267824947834 699.2314056456089 2860.3564114570618 173.02355062961578 811.28925627470016 2126.88412129879 967.60866808891296 189.88978004455566 1220.9694664180279 437.45038396120071 1321.2409855723381 147.6260489821434 2820.1361339688301 2035.6266664266586 244.22760477662086 1551.3821370601654 1092.2326348423958 1072.125640630722 251.12157216668129 474.28302013874054 1108.5789296925068 811.69085532426834 1401.164688795805 1332.6435517668724 5434.0480006635189 1326.587977707386 594.03193345665932 439.91178101301193 58.248186320066452 1579.8789895176888 527.71431964635849 545.17761063575745 189.10526847839355 4040.352157920599 787.23046320676804 859.49728989601135 2288.292933434248 806.54045203328133 994.45982870459557 1202.0917672216892 917.29240247607231 926.00382271409035 1822.5421253442764 1073.9744445979595 4320.4246751368046 1314.0565477907658 999.25941064953804 842.39682021737099 563.05695244669914 606.10102665424347 860.35830584168434 1426.667914390564 891.15993303060532 1865.971262216568 274.68288645148277 2308.8006511032581 1625.4728476405144 246.27078178524971 610.4770995080471 223.22620639204979 38.596730381250381 1250.1878974735737 290.34365275502205 360.73463708162308 302.2561901807785 1311.5440073013306 791.27089604735374 1635.2144983410835 213.34083274006844 414.00191640853882 2102.4730858802795 968.22632339596748 1145.3251218497753 3938.8293226659298 1030.6061699688435 1305.0551623404026 670.95603403449059 547.16861307621002 1273.7451828122139 1629.5439065396786 1126.8926419317722 4866.815722733736 495.05389925837517 648.39060974121094 1164.9645158052444 2226.3571992516518 263.69493293762207 457.7876817882061 165.49877482652664 1507.8865030407906 503.62614965438843 1876.3860446810722 110.87290239334106 1332.7061458230019 258.86239784955978 770.24628284573555 397.27004215121269 3765.6893268227577 3211.0632832050323
leaf_count=2033 1371 430 247 2435 3705 2664 868 3340 5517 445 1466 1868 72 690 503 3231 933 2135 1090 970 821 1698 394 293 1116 983 2199 4327 861 3387 253 1090 2469 1322 169 1752 442 1690 119 2360 2408 347 2040 1187 1263 261 532 760 1086 1500 1941 7046 1608 851 491 52 2040 486 547 226 5409 1103 1327 3075 1052 1322 1520 915 1400 2286 1411 5762 1642 1275 1109 784 833 1101 1212 1066 2593 364 1446 1065 256 886 293 54 1705 349 503 407 1836 1031 2200 236 484 2985 1157 1382 3423 987 1226 934 831 1501 2279 1271 6367 581 912 1612 2783 391 632 180 1985 731 974 113 1059 270 940 433 3761 3758
internal_value=-1.01487e-06 3.2477 -5.0514 -6.26242 5.15481 -4.80707 0.309955 1.48869 3.78967 -1.34932 0.351951 2.74655 -6.28869 -4.41721 3.10951 4.70556 -0.0722212 -3.24511 -8.12818 -2.90639 3.5612 -1.34786 -9.64853 -4.13287 2.36463 4.25986 5.72851 7.54991 -3.39663 -1.68936 -10.5111 0.285728 -2.41994 2.78288 2.38297 6.17565 -7.92417 5.38355 -1.07323 -6.7308 -4.80604 0.251743 -2.03654 -6.2043 0.467936 -6.10623 -3.50325 -8.43278 1.60422 6.73109 7.10492 6.64406 6.48129 4.75623 1.08589 -0.355202 -0.890734 -5.4626 -0.331101 2.75027 3.94533 7.12577 5.44562 5.2176 -5.17884 -2.11713 4.52564 -3.15587 1.41697 3.98247 2.65097 7.49531 8.6319 5.52308 2.7227 4.38132 -0.65785 1.03301 -7.81487 0.387955 -1.19537 4.30949 -10.9911 -9.39512 -6.63543 -0.962506 3.28234 6.40761 0.209664 -0.913739 3.076 -2.73339 6.91335 -0.253694 1.19113 -6.31316 -0.147661 -4.91314 -3.14776 -7.66196 -8.40374 -6.45685 -9.0025 -5.06826 5.89596 -2.79487 -0.890586 8.68188 6.12778 7.75194 5.69219 4.07652 9.3353 9.12715 1.23362 0.0412166 -4.24632 3.73295 -11.7717 -10.809 -7.88792 -1.70993 -5.41832 -3.4809 9.98994 10.5929
internal_weight=156435 95217 61217.9 50009.6 57736.2 34976.7 37480.7 28147.9 36775.3 10491.6 11208.3 21294.8 24485.1 12137 6070.66 29154.6 8991.23 9332.82 12348 5137.66 18565.5 7321.95 15033 8351.43 8865.8 16047.2 20288.8 20960.9 4726.44 5569.84 5668.12 7620.74 6853.06 9638.61 2595.51 18802.6 8295.6 4230.18 3044.42 6567.17 3747.03 5093.56 5483.86 5051.15 2623.51 6679.92 2647.17 7797.7 1858.39 16170.5 14949.6 13548.4 6408.55 3783.86 6809.45 3919.64 2518.36 3279.26 2896.79 1383.39 7204.54 12215.8 7117.84 3772.24 2933.42 1840.48 6553.99 2952.92 4178.38 2192.28 3252.37 11428.5 13843 1669.28 2457.27 1863.24 2434.07 1827.97 4032.75 1142.28 3553.76 981.39 5495.1 3186.3 1560.82 3300.29 2709.43 3325.86 5721.15 4110.23 1610.92 1882.14 2513.64 3036.96 2245.69 403.231 1408.46 3958.91 1513.4 6689.12 5543.8 1504.89 1500.38 915.184 4867.59 2729.33 3495.52 6560.94 6258.34 684.159 1088.3 2486.21 10517.2 1520.75 1020.84 497.902 2751.55 2791.92 6737.36 4860.97 1443.58 1070.55 1604.97 1167.52 8290.81 6976.75
internal_count=187200 124763 62437 48508 75974 35973 48789 36840 49922 12006 13929 27965 23967 13135 7761 39355 10533 11949 10832 6168 24596 8325 12535 10717 12245 21328 27110 26052 5189 6762 4110 10567 8875 13004 3136 24911 7954 5452 3491 6373 4013 7323 6690 6307 3303 6722 2846 7380 2326 21206 19454 17954 8324 4984 9477 5354 3268 3842 3372 1668 9748 16013 9727 4922 3521 2309 8765 3323 6042 2731 4642 14910 16325 2208 3376 2525 3256 2423 3876 1327 4924 1232 3857 2411 1346 4410 3595 4381 8074 5866 2208 2447 3356 4117 3086 405 1806 5120 1704 6620 5238 1519 1473 1281 6593 3369 4872 8317 8400 807 1403 3302 11944 1857 1416 574 3356 3806 4581 3607 1172 1356 1815 1373 9161 7519
is_linear=0
shrinkage=0.05


Tree=17
num_leaves=127
num_cat=0
split_feature=38 38 29 46 1 34 11 0 1 29 34 6 24 1 1 0 14 0 34 1 14 39 1 5 1 24 37 34 0 39 1 1 0 5 0 1 37 0 37 0 1 39 33 1 1 0 1 0 33 1 5 21 38 39 6 11 34 29 0 39 1 37 29 6 1 0 14 46 1 11 0 6 1 6 0 11 28 11 5 3 39 14 29 33 37 37 40 1 5 39 29 33 33 39 1 4 6 34 39 39 28 39 1 39 11 14 0 39 1 38 0 24 20 8 24 42 34 29 29 38 1 7 28 28 39 40
split_gain=9.26465e+08 1.95128e+08 1.46203e+08 8.7179e+07 6.29805e+07 6.12738e+07 5.49729e+07 5.19595e+07 4.25761e+07 3.94729e+07 3.88312e+07 3.84978e+07 3.22982e+07 2.97674e+07 2.59063e+07 2.50689e+07 2.35265e+07 2.28671e+07 2.26875e+07 2.24334e+07 2.15714e+07 1.92612e+07 2.14848e+07 1.91521e+07 1.86317e+07 1.74456e+07 1.65601e+07 1.84103e+07 1.61814e+07 1.59661e+07 1.5894e+07 1.63393e+07 1.47434e+07 1.47403e+07 1.38295e+07 1.38052e+07 1.37864e+07 1.38286e+07 1.35605e+07 1.41251e+07 1.31053e+07 1.30701e+07 1.2901e+07 1.27559e+07 1.70594e+07 1.25491e+07 1.24837e+07 1.6531e+07 1.15788e+07 1.1447e+07 1.56962e+07 1.12928e+07 1.09904e+07 1.05969e+07 1.05129e+07 1.03913e+07 1.03782e+07 1.0329e+07 1.02193e+07 1.01177e+07 1.10102e+07 1.00553e+07 1.12999e+07 9.96036e+06 9.57453e+06 8.63617e+06 8.6201e+06 8.61053e+06 8.56889e+06 8.51837e+06 8.29137e+06 8.14482e+06 8.08589e+06 8.03424e+06 7.95064e+06 7.90709e+06 7.69777e+06 7.64844e+06 8.26188e+06 7.63624e+06 7.62854e+06 7.5384e+06 7.4534e+06 8.24069e+06 7.2851e+06 7.22819e+06 7.18699e+06 7.15071e+06 7.1455e+06 6.96178e+06 7.51528e+06 7.14806e+06 6.90314e+06 6.86193e+06 6.82622e+06 6.70202e+06 6.68642e+06 6.50127e+06 6.47333e+06 6.46941e+06 6.49364e+06 6.43175e+06 6.39996e+06 6.58288e+06 6.3855e+06 6.31743e+06 7.12966e+06 6.25907e+06 8.08407e+06 6.24514e+06 6.2292e+06 6.21112e+06 6.19097e+06 6.07749e+06 6.06656e+06 6.05213e+06 6.47659e+06 6.03124e+06 6.02354e+06 5.91798e+06 5.87292e+06 5.8629e+06 5.83484e+06 6.44506e+06 5.96596e+06 5.82283e+06
threshold=0.015648148148148151 0.0078571428571428594 0.01404320987654321 1.0000000180025095e-35 5.5000000000000009 0.18611111111111114 0.20848321342925663 52.500000000000007 7.5000000000000009 0.013263888888888889 0.069444444444444461 0.133739837398374 0.019880676249866652 6.5000000000000009 6.5000000000000009 83.500000000000014 8.5000000000000018 19.500000000000004 0.15277777777777782 -10.499999999999998 18.500000000000004 0.003402777777777778 4.5000000000000009 0.11330480451274073 -5.4999999999999991 0.013875331115079806 0.069444444444444461 0.15277777777777782 39.500000000000007 0.022500000000000003 -11.499999999999998 7.5000000000000009 52.500000000000007 0.059114735002912061 119.50000000000001 12.500000000000002 0.041666666666666678 59.500000000000007 0.10277777777777779 95.500000000000014 -7.4999999999999991 0.0052777777777777788 0.042642683909942337 4.5000000000000009 -4.4999999999999991 57.500000000000007 -6.4999999999999991 23.500000000000004 0.026861330180001083 -5.4999999999999991 0.052289815447710192 39.500000000000007 0.0058333333333333345 0.003402777777777778 0.089815615096513993 0.21073190789473686 0.13611111111111115 0.028055555555555559 111.50000000000001 0.0058333333333333345 7.5000000000000009 0.019444444444444448 0.018425925925925932 0.17165178571428574 14.500000000000002 97.500000000000014 11.500000000000002 1.0000000180025095e-35 16.500000000000004 0.21132485972747053 25.500000000000004 0.23570261437908499 14.500000000000002 0.15424266455194294 60.500000000000007 0.24085229808121375 0.063888888888888898 0.29745817245817252 0.25728429985855733 1.0000000180025095e-35 0.035634920634920637 11.500000000000002 0.0093518518518518542 0.016393040015908741 0.052777777777777785 0.041666666666666678 0.00058551198257080709 -15.499999999999998 0.057831661092530663 0.010524691358024694 0.028364197530864197 0.050047952468456613 0.014229823701018779 0.0099382716049382733 2.5000000000000004 7.5000000000000009 0.082903780068728533 0.10833333333333335 0.0058333333333333345 0.021635802469135806 0.069444444444444461 0.025625000000000002 -14.499999999999998 0.01451388888888889 0.17992805755395685 24.500000000000004 100.50000000000001 0.034506172839506181 -7.4999999999999991 0.025154320987654324 116.50000000000001 0.036608995819876249 1.0000000180025095e-35 2.5000000000000004 0.017189713678195839 1.5000000000000002 0.11944444444444445 0.0099382716049382733 0.018293650793650796 0.057857142857142864 3.5000000000000004 12.500000000000002 0.55277777777777792 0.041666666666666678 0.016080246913580249 -0.00065774019262391321
decision_type=2 2 2 2 2 2 2 2 2 2 2 2 2 2 2 2 2 2 2 2 2 2 2 2 2 2 2 2 2 2 2 2 2 2 2 2 2 2 2 2 2 2 2 2 2 2 2 2 2 2 2 2 2 2 2 2 2 2 2 2 2 2 2 2 2 2 2 2 2 2 2 2 2 2 2 2 2 2 2 2 2 2 2 2 2 2 2 2 2 2 2 2 2 2 2 2 2 2 2 2 2 2 2 2 2 2 2 2 2 2 2 2 2 2 2 2 2 2 2 2 2 2 2 2 2 2
left_child=1 10 5 13 7 8 28 26 15 12 14 18 43 17 46 16 25 -3 33 75 58 104 24 41 -23 109 -4 49 -5 94 -11 45 -6 38 -22 56 74 107 39 -9 -40 -21 84 44 -8 76 117 -48 65 -28 70 61 99 -10 92 -20 125 96 66 87 63 -43 122 85 71 81 -17 -16 118 86 -51 93 80 -36 -27 -19 -32 78 105 -78 -55 -15 -25 -84 110 -61 -49 -30 -46 -57 91 -91 -47 -14 -7 113 101 -56 -58 -26 -101 -29 -86 115 -12 106 -35 108 -38 -2 -13 -59 -94 -71 -68 116 -104 -1 -24 -96 121 -95 123 -63 -125 -34
right_child=2 3 4 6 32 29 9 11 53 30 21 42 64 48 67 20 -18 19 55 23 34 22 68 82 52 36 27 57 59 -31 31 -33 35 77 73 -37 37 -39 40 -41 -42 51 -44 -45 88 54 47 69 -50 50 -52 -53 -54 72 97 89 98 111 -60 60 -62 62 -64 -65 -66 -67 114 -69 -70 95 -72 -73 -74 -75 -76 -77 79 -79 -80 -81 -82 -83 83 -85 102 -87 -88 -89 -90 90 -92 -93 112 120 119 -97 -98 -99 -100 100 -102 -103 103 -105 -106 -107 -108 -109 -110 -111 -112 -113 -114 -115 -116 -117 -118 -119 -120 -121 -122 -123 -124 124 -126 -127
leaf_value=3.2531587808019227 -3.9412618488998108 -7.8224259678088721 -12.605389763082732 0.48445964484036708 -11.990323801986278 8.0669479962503594 -1.6238977297440202 -7.0607586026573985 4.5125164169729004 -7.6727799174190823 16.737847449838661 -12.660347619771473 8.6465979426298141 -6.7110469629015022 -5.6717334428943085 6.1678128156755836 -10.250375279206814 -1.7507164293799453 5.5289262588032875 10.287701966520682 -11.852712316131527 4.3353423309670198 4.8417595892654246 1.521507163618441 11.332036329978919 -11.376001147756362 -10.78606867006463 13.558340013875048 -0.39729068020284208 -0.17842227683749662 -10.069187294382314 -5.4321716749537501 -15.712134113608787 -4.4082810225684419 4.2232196315470754 -11.042459295011405 -6.0436430322533781 4.454066664270413 -5.350188652300476 4.2120651380145002 3.6840250794881748 -5.4706407802015589 0.008285213380960851 -2.4022274696547732 5.4096342959361152 -1.8322873175195893 -3.0195914519857321 10.099032207029961 0.49009583668266998 -8.3516651662918484 -9.3271210569749705 6.0355671695516673 6.9932255830744214 -5.4635979913660071 -4.0592486809813613 4.1443427220562254 8.4731196546435186 -11.204573153595373 12.26898017184668 3.4781633940223067 0.3634632880656547 -0.71005195688193756 -2.69818963951057 -0.52680541520998625 -5.9673710834192706 -2.0470216855110528 -5.1352728944326307 1.0209316302095572 -3.1910115186646024 -0.83026911259976244 -2.9875125736499646 -4.9823770639296345 -13.123990583530693 -10.035783994016697 -2.5966132600230836 -8.9607344110388318 1.7032272868762928 -10.647966303122663 -12.667456803281526 -3.8044148293966615 -12.456286658570594 -13.976087501416536 -6.8855130292723334 -1.2921679954295424 -11.381966108088022 7.4701460886377209 5.3937093709151585 10.708353249405782 1.2101980896218247 -1.5264846198251307 -5.7238630897900151 6.4561874283181302 4.0632428730443042 5.12016594995427 4.4153738532790339 -5.0050896448715756 -5.7823561068737375 2.4362021339121513 -4.109575025998903 1.937598671460627 9.0164654089398546 0.17756156570121884 -0.80222175039008781 -7.4086392980395761 10.162987509933595 -13.749431933007811 2.4549716976680247 -3.7572541479588608 2.087712263230086 -9.5769907928664146 -0.91301489351713083 -4.0827935292810009 15.443829133338355 5.6058794265890812 3.1966757984650118 -6.28835869794373 15.489836262552467 -2.0402218114052011 -2.7815151015517752 -7.3991852344953486 1.9993937255312488 11.119599166588072 0.29161340676797609 8.9338958334479113 3.4404334598461128 -7.6199694869442745
leaf_weight=1566.4570082724094 1823.7449657320976 990.73582372069359 1458.9842196106911 1408.3198581635952 4422.0758840739727 1884.4884543120861 2274.8346019685268 1294.3192875981331 160.71544274687767 851.17670500278473 500.24745461344719 1172.5538433790207 1460.8356022536755 2197.7609152495861 754.13617885112762 1167.7684015631676 940.50801452994347 703.12618747353554 1003.7165234088898 462.98563754558563 363.72016826272011 3690.9491015970707 4341.0077003240585 992.24692162871361 3408.4875418543816 373.72515365481377 2701.2815100252628 98.556571066379547 159.66684404015541 1387.9942824542522 282.9559123814106 1429.7120649218559 249.45260053873062 2612.3610457181931 407.77363094687462 2632.9367613196373 374.25614374876022 1611.4338895380497 537.09486973285675 353.85614031553268 1589.215981990099 580.30777075886726 505.52051520347595 2391.0966258645058 2555.033863067627 494.93328443169594 536.6937130689621 1840.7203731536865 719.04244744777679 1021.5771220624447 3468.1928983032703 1229.4164006710052 7191.8137130737305 1649.1404589116573 932.26785343885422 669.42656391859055 109.83950087428093 490.16753935813904 379.43288779258728 1433.3310496807098 932.36163714528084 590.83254736661911 1298.8595791459084 522.23152276873589 192.75338459014893 832.68812403082848 381.0098964869976 1324.9071035385132 405.86539602279663 397.33662751317024 2443.374706029892 187.9158373773098 756.52325230836868 130.37318894267082 831.91589093208313 828.12993043661118 1125.2030155658722 626.38093850016594 294.30010342597961 1428.1055826544762 510.84022921323776 426.32457199692726 1099.5828487575054 1641.6293004453182 599.23762989044189 5428.8616996109486 1451.4542869925499 1571.9563905894756 1678.3435265719891 1201.9394238293171 759.49537664651871 365.77727377414703 2588.0298722982407 4673.6124035716057 665.93088290095329 169.08416128158569 463.89334672689438 656.51149156689644 1472.799242824316 368.11595466732979 2701.2369702160358 1011.4937362670898 202.21585071086884 1282.4122621119022 1410.5889011919498 155.37488970160484 442.49252042174339 1384.6843951642513 1667.782725661993 672.95087480545044 124.86514186859131 815.48336839675903 125.28529676795006 4770.2642715871334 512.10936740040779 270.54413357377052 87.351156830787659 819.71679785847664 275.57422417402267 126.05738291144371 1410.7547308206558 446.09211266040802 1744.4193969070911 715.90600442886353 1596.1145358085632 2042.5051201879978
leaf_count=2317 2224 1006 968 1968 2830 2364 3344 1347 174 1034 345 912 1750 2603 1089 1477 986 918 1346 504 380 4983 5962 1346 3544 358 2112 126 226 1810 320 1856 146 2800 496 1898 410 2109 590 429 1960 744 623 3532 3521 691 728 2170 888 827 2798 1585 9107 1830 1251 836 142 353 425 2092 1304 801 1585 746 260 1111 508 2026 592 617 2605 252 607 152 1107 933 1539 511 221 1908 407 388 1346 2076 496 7131 1974 1724 2406 1438 873 529 3621 6385 942 238 443 829 1589 528 3135 1164 235 1231 1475 136 595 1699 2144 611 141 871 148 6532 657 322 83 1205 423 154 2081 527 2437 870 2186 1880
internal_value=-1.00482e-06 3.08532 -4.79883 1.24376 -6.51135 -1.31238 2.59875 -5.33171 -2.6972 1.37449 5.86734 -3.40017 2.81799 -1.56373 3.7314 -1.44736 -2.7363 -0.490797 -1.94256 0.0479117 2.28621 7.06576 6.65441 0.777896 7.48761 -1.92776 -7.56424 -6.9765 5.50379 4.17324 -1.1402 -0.52668 -9.7626 -3.49521 -4.32142 -8.24879 -0.515209 0.634121 -1.23653 -4.64053 1.40203 2.12687 -7.48855 0.720828 1.86823 0.392117 4.65614 5.49481 -5.28274 -8.02497 -6.94919 1.63971 8.33876 -7.98669 1.95098 1.12574 -6.35038 -3.46858 4.72819 6.20727 5.48331 0.811638 1.42475 6.12974 5.04726 -6.48355 3.33984 -1.40671 3.77435 6.02438 -4.56903 5.30683 -8.67546 0.768787 -5.31805 -5.65002 -2.24442 -5.55901 -4.64943 -1.37728 -7.11738 -7.89137 -2.19173 -3.53583 -8.50208 6.63633 8.02455 9.68434 3.74475 -0.349101 -1.64165 0.33602 3.59817 5.54878 6.42998 4.79049 -0.741151 -1.37521 -3.2363 9.83259 8.16748 1.36558 -6.89334 -5.43351 11.8843 -3.91437 -3.41415 -1.16223 0.597432 -5.4603 -11.5298 -6.75645 4.58873 5.111 -0.357782 -0.911329 4.11246 1.43474 4.38671 2.5349 4.85581 5.64291 2.57707 3.95047 5.14146 -8.50071
internal_weight=156435 95216.9 61217.9 57292.3 41053.1 20164.9 38642.2 30123.5 16100.4 27185.5 37924.7 16150.5 17271.3 18650.1 13630.8 13023.2 9681 14474.3 11905.8 13483.6 3342.19 24293.9 22383.1 11952.3 17360.6 8740.49 13973 12514 11456.7 4064.47 9914.18 9063 10929.6 7905.4 901.867 6507.53 6243.8 5038.16 3774.49 1648.18 2126.31 8218.84 4244.7 8899.31 6508.21 7633.29 11551.7 9165.55 4175.82 9634.43 6933.14 7755.86 13669.7 3077.22 4797.03 4000.36 3874.6 2879.59 2440.32 10048.4 8316.79 6526.44 5946.13 7384.42 8371.96 3456.77 2060.89 2079.04 5022.45 8628.86 3464.95 8179.21 2916.5 538.147 1205.64 1531.26 2836.26 4130.91 3504.53 2553.31 2159.98 2624.09 3733.46 2741.21 3739.18 6862.19 3292.17 1731.62 4233.38 2996.64 2327.21 1567.72 3208.25 7991.29 2676.48 5336.69 1573.94 1588.78 1582.64 6477.84 3069.35 1110.05 2441.76 1842.52 1910.84 3210.23 3054.85 3426.72 2042.04 2496.7 1297.42 1305.65 2713.32 5167.6 893.119 560.111 289.567 2386.17 4616.58 791.988 6530.46 5119.7 4647.27 2902.85 2312.02 2291.96
internal_count=187200 124763 62437 75773 38406 24031 52446 29921 18761 37255 48990 17654 24058 23327 18896 15743 11648 18337 13611 17331 4095 30094 28274 15480 21297 10662 12267 11299 15191 5270 13197 12163 8485 8589 1028 5655 7827 6362 4326 1776 2550 10712 4043 12803 9271 10307 15781 12259 4990 8342 6230 10208 16314 3018 6540 5022 3757 2957 3067 13223 11273 8623 7879 9969 11255 4102 2642 3115 6977 11531 3432 10995 2844 648 1465 1851 3767 4263 3752 3447 2237 2991 4768 3422 3420 9223 4144 1950 5927 3676 2840 1967 4460 10743 3460 7387 1733 2080 1731 7207 3663 1290 2367 1871 1820 3531 3395 4253 2554 2835 1053 1224 3769 7149 1165 640 318 3522 6385 1096 8993 6912 6294 3857 3056 2026
is_linear=0
shrinkage=0.05


Tree=18
num_leaves=127
num_cat=0
split_feature=36 27 1 36 27 0 1 24 32 33 0 33 25 6 32 33 15 11 1 6 11 39 5 1 34 11 34 5 1 39 0 11 36 6 32 39 24 12 32 13 33 33 1 1 5 30 1 32 15 1 25 24 34 1 5 0 32 6 26 17 34 32 27 6 36 39 42 33 11 33 11 11 39 36 25 12 33 15 0 27 15 1 1 2 32 33 9 7 8 21 21 43 11 1 6 1 25 16 24 0 24 24 1 32 33 11 5 0 32 33 1 29 34 11 15 1 2 1 32 11 1 22 33 33 42 27
split_gain=8.4382e+08 2.49302e+08 8.88051e+07 8.19638e+07 7.40904e+07 4.71891e+07 4.56403e+07 4.51184e+07 4.23195e+07 6.01647e+07 3.95156e+07 3.41691e+07 3.3653e+07 2.52318e+07 2.31907e+07 2.31568e+07 2.26771e+07 2.2451e+07 2.20502e+07 2.17785e+07 2.09266e+07 2.04936e+07 2.03952e+07 2.03585e+07 1.6903e+07 1.59892e+07 1.59057e+07 1.59052e+07 1.55797e+07 1.62491e+07 1.5205e+07 1.51263e+07 1.50784e+07 1.47677e+07 1.36653e+07 1.29816e+07 1.26771e+07 1.26647e+07 1.24899e+07 1.2306e+07 1.22674e+07 1.22644e+07 1.22158e+07 1.3867e+07 1.21937e+07 1.15267e+07 1.15017e+07 1.1299e+07 1.12971e+07 1.11212e+07 1.05877e+07 1.00712e+07 1.00157e+07 9.71032e+06 9.46294e+06 9.46185e+06 9.43078e+06 9.40546e+06 9.36566e+06 9.1829e+06 8.92155e+06 1.049e+07 8.71975e+06 8.70691e+06 8.67728e+06 8.59461e+06 8.43372e+06 8.42504e+06 8.28981e+06 8.45229e+06 8.28374e+06 8.19933e+06 8.10204e+06 7.90693e+06 7.98354e+06 7.81516e+06 7.70095e+06 7.65704e+06 1.04568e+07 7.82452e+06 7.65412e+06 7.56229e+06 7.56019e+06 9.09961e+06 7.29847e+06 7.71139e+06 7.22367e+06 7.13567e+06 7.66881e+06 7.11363e+06 6.97955e+06 7.84968e+06 6.78961e+06 6.77627e+06 6.77286e+06 6.73081e+06 6.71092e+06 6.27506e+06 6.26224e+06 6.21308e+06 6.19986e+06 6.19573e+06 6.15916e+06 6.15803e+06 6.87775e+06 6.10407e+06 6.03881e+06 6.20239e+06 6.00008e+06 6.36229e+06 5.92583e+06 5.87106e+06 5.83402e+06 5.77325e+06 5.74208e+06 5.66568e+06 5.66098e+06 5.64707e+06 7.53737e+06 5.64168e+06 5.63005e+06 5.59881e+06 5.58193e+06 5.57275e+06 5.48358e+06 5.47557e+06
threshold=0.010833333333333335 0.01404320987654321 6.5000000000000009 0.019598765432098767 0.011697530864197532 33.500000000000007 5.5000000000000009 0.01574820647112633 0.023275173908085308 0.019851627152801195 63.500000000000007 0.026861330180001083 0.091666666666666688 0.13015245623941277 0.029250033346672005 0.017863974085059308 7.5000000000000009 0.25728429985855733 8.5000000000000018 0.1082709215239336 0.26539642405634828 0.0065740740740740751 0.20101010101010106 10.500000000000002 0.14722222222222223 0.26488306165839837 0.19722222222222227 0.16024691358024692 14.500000000000002 0.010833333333333335 39.500000000000007 0.26256313131313141 0.0058333333333333345 0.077350427350427367 0.021371142981312475 0.0045370370370370382 0.033750818445583086 1.0000000180025095e-35 0.01841675612810879 4.5000000000000009 0.017779467010109677 0.028452746958343069 -11.499999999999998 9.5000000000000018 0.085867895545314918 0.027500000000000004 -10.499999999999998 0.01906441869677164 10.500000000000002 -8.4999999999999982 0.21944444444444447 0.021794878998718962 0.20833333333333334 -7.4999999999999991 0.18441295546558709 15.500000000000002 0.025020128824476653 0.15643825301204822 1.0000000180025095e-35 1.5000000000000002 0.10833333333333335 0.018270417853751188 0.024523809523809528 0.13667496886674971 0.040648148148148149 0.003402777777777778 1.5000000000000002 0.044541256354546636 0.20434031865630645 0.03333367575804274 0.26064311594202905 0.23348909657320874 0.022808641975308644 0.037870370370370381 0.14166666666666669 21.500000000000004 0.023552388433461819 7.5000000000000009 71.500000000000014 0.024523809523809528 4.5000000000000009 11.500000000000002 -12.499999999999998 -1.0000000180025095e-35 0.036815476190476197 0.03359929482937301 3.5000000000000004 3.5000000000000004 4.5000000000000009 27.500000000000004 39.500000000000007 1.0000000180025095e-35 0.23670062252405208 -5.4999999999999991 0.034286833855799378 -11.499999999999998 0.10833333333333335 1.5000000000000002 0.013273176546718004 64.500000000000014 0.050432103558745549 0.026196071881995124 -24.499999999999996 0.016207498482088651 0.015930278531535998 0.29745817245817252 0.085236118318630011 54.500000000000007 0.018130685510071479 0.017403953383427779 -7.4999999999999991 0.0045370370370370382 0.16944444444444448 0.31494165398274993 4.5000000000000009 9.5000000000000018 -1.0000000180025095e-35 -4.4999999999999991 0.01841675612810879 0.19837990292535748 13.500000000000002 25.500000000000004 0.02490568721699515 0.02390879876606548 1.0000000180025095e-35 0.0065740740740740751
decision_type=2 2 2 2 2 2 2 2 2 2 2 2 2 2 2 2 2 2 2 2 2 2 2 2 2 2 2 2 2 2 2 2 2 2 2 2 2 2 2 2 2 2 2 2 2 2 2 2 2 2 2 2 2 2 2 2 2 2 2 2 2 2 2 2 2 2 2 2 2 2 2 2 2 2 2 2 2 2 2 2 2 2 2 2 2 2 2 2 2 2 2 2 2 2 2 2 2 2 2 2 2 2 2 2 2 2 2 2 2 2 2 2 2 2 2 2 2 2 2 2 2 2 2 2 2 2
left_child=4 2 5 12 7 55 10 18 9 19 16 31 39 24 63 37 30 28 25 27 22 68 35 32 64 46 36 38 29 -4 72 49 87 50 41 -14 84 51 40 -3 96 113 -37 45 95 77 102 53 92 -10 58 -6 73 -11 66 -2 97 75 105 -57 -41 -62 93 -13 70 -20 -26 116 -9 -70 117 -40 -5 74 -8 106 -36 79 -79 -44 -33 -19 -21 -84 85 -16 -27 -23 -89 -90 91 -48 -49 -22 -47 -39 -7 -54 -31 -38 -35 -64 -1 104 -93 -32 107 -34 109 -30 -68 -88 -102 -17 -109 -58 -15 118 -12 -46 -67 -91 -105 -50 -86 -73
right_child=1 3 17 6 15 8 52 21 11 47 13 14 20 67 26 34 -18 81 65 82 62 23 -24 -25 54 86 -28 -29 108 98 33 80 57 100 76 42 99 44 71 60 -42 -43 43 -45 119 94 90 48 123 -51 -52 -53 56 -55 -56 59 115 -59 -60 -61 61 -63 101 -65 -66 120 110 -69 69 -71 -72 125 -74 -75 -76 -77 -78 78 -80 -81 -82 -83 83 -85 124 -87 111 88 89 121 -92 103 -94 -95 -96 -97 -98 -99 -100 -101 112 -103 -104 122 -106 -107 -108 114 -110 -111 -112 -113 -114 -115 -116 -117 -118 -119 -120 -121 -122 -123 -124 -125 -126 -127
leaf_value=-18.120150034899673 -11.592826386490531 -7.9166892233865482 4.2059368673378295 -2.197523242736267 -7.1028107388458466 2.8859351681853656 -10.841408469967854 12.41628859025743 -9.2463574214381463 5.5571391468767715 5.929830942643683 5.9844415828361068 9.4236606512082233 -6.1615590219184808 -5.7169573061664751 4.9579424463883575 -13.961780661102091 -5.9343417212356888 7.8717868350084279 -6.9665533789789436 -6.5911272338819771 4.1496650200898832 -7.7736860064803466 0.16154165105445395 8.1260907386103511 -5.8491360269947714 3.2656322093281065 -4.5645387260350301 -7.8371283759731298 -7.4938795075250857 -2.1985546848335011 -3.4056037837276758 4.6987749652465451 -8.9534454559679215 -2.8981529942289228 -6.5795860821880074 -0.60403179603892088 -4.2565334168721636 3.9288328146914751 -5.1689271937452146 12.437784244832658 12.530497312323151 8.5384963562177028 -6.1895585505080177 3.1650940083788317 1.677047711934349 2.1676177404784491 9.9842969560447372 -2.7183063089335344 -0.52765311006879556 1.8323599622223332 1.1602985855963561 12.043349057608319 12.647197866382509 -8.1058106673903616 0.54504058074221295 -3.9293699755885316 1.5447288166807924 -9.3161570405644643 -5.3590416406660184 11.328241762251992 -2.0746923201594552 -13.082747205654314 -0.90976943481973283 -13.779203878976347 -0.2483120952122656 -6.0402749031738425 1.0809362727139038 6.6823741322564247 14.813792899309869 -6.3587267725809502 5.5796639560469901 -9.0686626860260038 -13.835258153170756 -6.439713043368454 -5.4103977735134059 2.4922965625376499 -9.9266715044639522 2.4123292999619039 1.5398054638339294 -10.517821575352299 -10.752320271392682 1.2225136445467879 -5.7266545084638487 -12.453478787747073 1.0777829379115089 6.6764547847973663 11.2898399637456 13.122883844840491 11.901883270679493 8.7735998784379845 5.9287994495951271 5.0554753815161071 -0.89263139649185408 -2.9389413038008798 2.8904968008669396 8.7073260616985291 -7.2919724723958055 -1.6300224520238691 7.4891319472130284 -6.6696950456017037 -5.4664031932939734 0.83952419484509311 2.2020111546179781 10.75237060574384 -7.3021302887440882 4.3843484012488414 9.4828764317740344 -11.202282145329015 4.5138429562837619 2.684088567581937 0.98509615927792959 6.0356453907711147 -3.469597250568309 6.538149315679985 -10.889240467200487 -11.430620618684564 0.96621292132955239 -7.2021236999913683 -3.6419327672381465 -5.7489150990735363 6.3525170403945275 7.1407939101867504 4.5434373591765809 -3.8192366133429889 -3.3056026069259987
leaf_weight=44.85812771320343 404.93504533171654 3116.594006896019 1093.846343934536 465.07038968801498 1079.00541639328 2236.5200619101524 4433.2279034852982 1853.8178856670856 421.18055206537247 717.72477805614471 136.65233218669891 2819.9346968233585 403.07921877503395 1407.1213731765747 910.92080014944077 3243.6248647272587 1145.7481099367142 2071.0138734579086 239.56897261738777 727.42840957641602 700.85730051994324 923.85188615322113 781.41149646043777 1341.9350628852844 646.32446432113647 326.30240657925606 1890.2071914672852 680.35012722015381 300.59696489572525 617.67162427306175 2586.4906971752644 632.16265133023262 2862.72553601861 2493.7738882303238 820.2380123436451 609.15441969037056 701.97346875071526 361.45664790272713 1110.9142673611641 3650.8517023026943 532.4019513130188 540.20406347513199 1029.9189530313015 652.11983740329742 369.76306116580963 1499.9405058026314 1829.975940734148 1397.5937637984753 453.56079024076462 2779.2696712613106 775.94732287526131 560.19889169931412 110.85417792201042 1476.124259352684 195.58280622959137 972.75815710425377 552.14807525277138 1306.3927268385887 820.44866243004799 2039.1904665529728 167.75180879235268 1125.1839134693146 321.91961425542831 546.76430848240852 184.44808053970337 1357.8668855428696 234.20874983072281 283.85966724157333 2023.9512205719948 379.50551173090935 1001.3046036064625 205.68532705307007 5534.4999518692493 1555.1629616618156 1341.9677900373936 149.30886629223824 3447.0052308440208 189.22002732753754 1854.6950334608555 652.29105213284492 941.97323116660118 1342.3375104665756 1431.7171363830566 702.09541100263596 407.15775001049042 770.99176800251007 547.00310719013214 2173.7794589996338 538.91848349571228 517.29659253358841 1494.3648745715618 3170.4040456712246 1397.2558871805668 2040.6756342053413 1690.0391155481339 3717.3235482573509 635.81505930423737 67.520609229803085 1732.0699382722378 358.1267925798893 258.51023653149605 1565.6506147384644 949.80371457338333 1646.1057992577553 963.62383392453194 757.45991894602776 3839.8475189208984 2356.6629764139652 578.70606675744057 159.64375498890877 1151.9131496548653 2640.4670549631119 138.89738008379936 216.79907494783401 5563.8190848827362 621.59466704726219 799.33397227525711 1417.9018057584763 545.31749448180199 1721.7598864734173 707.6113894879818 3745.0827040374279 876.88493221998215 632.79841727018356 335.34369111061096 1104.372013092041
leaf_count=47 342 2966 1407 508 1288 3110 3023 1677 496 849 153 3823 452 1359 1206 4315 697 2476 280 920 782 1310 815 1931 823 460 2621 869 376 739 2761 806 3902 2036 1128 691 920 481 1542 4297 581 558 1292 749 536 2003 2559 1673 601 3812 914 725 144 1498 208 1226 611 1904 707 2371 180 1467 261 716 132 2158 270 365 2394 320 957 291 4357 790 1193 203 4892 203 2548 912 950 1255 1979 922 329 1100 747 2222 493 495 1846 4318 1928 2490 2084 5324 753 70 2234 516 227 1791 1443 2460 1067 676 5278 2871 582 209 1531 3913 183 255 7254 468 637 1696 568 2430 1007 4719 1120 881 440 1474
internal_value=-9.96024e-07 -2.99337 -0.0193014 -5.2231 4.50501 1.14024 -6.85305 5.51908 1.79595 3.58417 -5.68622 -0.247131 -2.88267 -2.85008 1.61084 1.58014 -7.20193 -4.77373 3.44938 1.07082 -1.40009 6.69434 -0.0403303 6.15465 -0.963392 4.17198 -0.427418 2.66963 -2.44716 -0.828038 -6.64195 -3.64875 6.49006 -5.19093 3.42438 0.663937 -2.43075 -0.372343 3.51446 -5.45609 5.46668 5.52376 0.232152 0.780419 0.665471 1.43762 5.11174 7.45956 5.83837 -1.67504 -3.52996 -4.27889 -9.9414 10.3277 2.39848 -4.41697 -5.98734 5.61124 -4.52911 -3.45222 -3.90491 -0.33573 -4.15007 4.8648 -3.24313 -1.09297 3.40931 -7.02727 9.90405 7.96632 -2.61647 0.768963 -8.53603 -10.6707 -9.8186 5.97086 1.45616 3.32629 1.27002 5.8247 -7.6616 -7.82906 -2.56463 -1.06399 -4.425 -2.60224 1.23644 8.27897 8.82589 7.71035 5.62268 5.06787 7.52018 -2.34942 -0.768486 2.25714 4.17455 4.72431 -3.17144 2.13003 -8.02915 -6.76535 -0.0155357 5.86514 7.05315 -3.3546 6.08707 6.6934 -7.81372 -3.55295 1.20996 1.96179 -2.22907 4.42995 7.41432 -7.6152 -8.07039 -0.832015 -4.57076 -2.43851 -2.13276 7.02601 3.91852 1.51162 -8.55391 -1.91057
internal_weight=156435 93985.8 40271.1 53714.6 62449.1 32375.2 31663.3 46371.7 28958.4 15442.4 22980.8 13516 22051.4 8003.97 8741.42 16077.4 14976.8 7895.89 16794.8 9367.3 13991 29576.9 9361.87 25319.6 5513.65 14489.8 5374.72 6506.06 4482.53 3443.59 13831.1 4774.59 23977.7 7831.53 8267.87 8580.46 3484.51 7809.51 5825.71 8060.38 3404.74 4000.63 8177.38 7568.22 6170.3 6916.1 10976 6075.06 3881.21 3200.45 4940.35 1639.2 8682.48 2193.85 2228.03 3416.88 1352.12 16078.8 4164.4 3011.95 4943.79 1292.94 4629.1 3366.7 3285.62 2305.05 2032.45 2490.32 4257.27 2403.46 3101.18 2420.97 5999.57 7330.36 5775.2 14772.4 4267.24 3726.13 2043.92 1682.21 1574.14 3413.35 2861.24 2133.81 2424.41 1681.91 3513.77 7898.93 6975.08 4801.3 9981.36 8486.99 2794.85 2741.53 3189.98 4078.78 2872.34 178.375 2349.74 1060.1 2891.18 1887.57 994.662 6657.02 4134.03 3343.95 14623.1 10783.2 1038.95 460.241 1386.12 3187.47 397.408 3460.42 7920.48 1173.74 2206.46 2099.87 681.97 2091.52 2065.48 4262.38 2522.99 1086.36 742.501 1310.06
internal_count=187200 104870 50823 54047 82330 41545 28064 60398 37606 19871 21765 17735 25983 8699 11671 21932 13066 9278 23425 12441 17073 36973 11749 32582 6338 19980 7132 8620 5547 4380 12369 6064 30651 7504 11148 10934 4511 10784 7751 8910 4444 5128 10482 9791 8771 9042 14860 7430 5083 4308 5058 2013 6299 2347 2832 3939 1293 21412 4144 3597 5944 1647 5324 4539 3506 3445 2624 2361 4391 2714 3374 3307 4865 5006 4216 19508 6020 4955 2751 2204 1756 3731 3821 2901 3075 2306 5120 9239 7929 5707 13370 11524 3601 3272 4087 5805 3863 214 2973 1436 2446 2052 1490 8965 5385 3437 19305 14027 1167 585 1801 4660 410 4570 10125 1079 1996 2417 721 2966 3165 5214 3580 1482 769 1765
is_linear=0
shrinkage=0.05


Tree=19
num_leaves=127
num_cat=0
split_feature=38 29 1 13 29 11 38 11 29 9 11 24 32 33 1 5 5 39 1 33 1 11 1 1 37 28 24 33 39 37 16 20 24 33 38 32 42 33 24 24 32 38 33 30 1 31 33 39 14 38 11 1 1 1 38 32 33 9 33 14 24 42 38 13 14 11 37 13 24 23 24 23 11 1 37 13 33 32 15 11 24 21 33 32 15 32 5 28 1 11 1 23 32 24 2 33 32 32 33 15 11 9 33 23 33 9 24 39 1 23 24 24 33 5 33 32 29 15 37 5 37 12 32 13 11 1
split_gain=7.61548e+08 2.25129e+08 9.16455e+07 6.83228e+07 6.73227e+07 4.15857e+07 3.94282e+07 3.08717e+07 2.63442e+07 2.49398e+07 2.44802e+07 2.42938e+07 2.33829e+07 3.31925e+07 2.27985e+07 2.57244e+07 2.23444e+07 2.09984e+07 1.99459e+07 1.94856e+07 1.88396e+07 1.81621e+07 1.65335e+07 1.65e+07 1.63192e+07 1.65585e+07 1.55208e+07 1.49264e+07 1.47774e+07 1.46038e+07 1.4452e+07 1.44378e+07 1.34391e+07 1.29514e+07 1.24792e+07 1.23058e+07 1.5087e+07 1.38629e+07 1.22616e+07 1.20746e+07 1.15474e+07 1.13382e+07 1.08509e+07 1.04634e+07 1.02552e+07 1.05738e+07 1.00882e+07 1.0038e+07 1.1762e+07 9.87643e+06 9.87038e+06 9.7946e+06 1.06895e+07 9.48397e+06 9.26014e+06 9.23358e+06 1.67423e+07 8.93267e+06 8.8301e+06 8.69228e+06 8.42625e+06 8.22189e+06 7.99023e+06 7.97933e+06 7.94338e+06 7.87417e+06 7.83591e+06 7.81739e+06 7.7896e+06 7.66133e+06 7.65107e+06 8.09579e+06 7.63073e+06 7.58494e+06 7.58459e+06 7.50574e+06 7.4417e+06 9.38708e+06 7.43099e+06 7.7267e+06 7.42997e+06 7.42959e+06 7.36964e+06 8.08006e+06 7.19054e+06 7.08349e+06 7.02446e+06 6.99623e+06 6.96891e+06 6.9028e+06 6.83305e+06 6.74959e+06 6.74381e+06 6.99418e+06 6.73189e+06 7.07975e+06 6.57492e+06 6.56257e+06 1.74934e+07 6.47036e+06 7.36552e+06 7.78646e+06 6.5259e+06 6.3632e+06 6.36204e+06 6.31106e+06 6.23525e+06 6.18242e+06 6.17695e+06 6.61039e+06 1.07887e+07 7.58706e+06 6.14999e+06 6.11707e+06 6.09087e+06 6.77743e+06 6.07768e+06 6.06558e+06 5.98746e+06 5.97513e+06 6.71487e+06 5.90064e+06 7.42785e+06 6.84331e+06 5.72625e+06 5.72389e+06
threshold=0.010833333333333335 0.015039682539682542 4.5000000000000009 1.0000000180025095e-35 0.0084876543209876556 0.23831367409349064 0.022808641975308644 0.28992753623188411 0.0078571428571428594 1.5000000000000002 0.26589011580931865 0.019015871070708092 0.02357874134296899 0.019851627152801195 -7.4999999999999991 0.063966175668303329 0.086688137412775104 0.003402777777777778 4.5000000000000009 0.060253738337578903 -5.4999999999999991 0.20848321342925663 13.500000000000002 -6.4999999999999991 0.025000000000000005 0.71388888888888902 0.028613927295103276 0.062729416748181874 0.010833333333333335 0.84722222222222232 2.5000000000000004 1.0000000180025095e-35 0.016838963274050479 0.018986213156238625 0.019598765432098767 0.030354723190089049 1.0000000180025095e-35 0.03359929482937301 0.016024140337008382 0.027916472592928687 0.040754357298474951 0.019598765432098767 0.017591851402044025 0.010833333333333335 -9.4999999999999982 0.0017591832390682963 0.025719257372563451 0.0045370370370370382 15.500000000000002 0.0061419753086419766 0.19933774834437087 3.5000000000000004 -7.4999999999999991 2.5000000000000004 0.016944444444444446 0.022730595427963855 0.02490568721699515 7.5000000000000009 0.012777105300926135 5.5000000000000009 0.0172817986544796 1.0000000180025095e-35 0.050277777777777789 7.5000000000000009 2.5000000000000004 0.20919661733615225 0.025000000000000005 5.5000000000000009 0.022220753615601437 0.026089113181504489 0.0172817986544796 0.018081798375916027 0.27013513513513521 14.500000000000002 0.6083333333333335 4.5000000000000009 0.01974889551274428 0.024696106362773033 12.500000000000002 0.21225529632609283 0.015290599104306512 41.500000000000007 0.038650373001290102 0.048904320987654328 18.500000000000004 0.019357554034973395 0.044610281923714766 0.041666666666666678 -13.499999999999998 0.19521722560975613 -9.4999999999999982 0.018764267412066157 0.020107683135852154 0.019776768519466307 -1.0000000180025095e-35 0.046978636142405293 0.018997522014248421 0.024980438184663539 0.027634781877882857 11.500000000000002 0.25308830257739828 10.500000000000002 0.023552388433461819 0.025403330731199585 0.025992745654490466 3.5000000000000004 0.023476958557748472 0.017839506172839508 15.500000000000002 0.026564078282828286 0.035236951210720617 0.025757265672650697 0.037081847849303219 0.16575091575091577 0.034174273480653918 0.028327886710239652 0.0099382716049382733 5.5000000000000009 0.91388888888888897 0.046620299934796793 0.19722222222222227 1.0000000180025095e-35 0.013401286440502128 13.500000000000002 0.20434031865630645 -13.499999999999998
decision_type=2 2 2 2 2 2 2 2 2 2 2 2 2 2 2 2 2 2 2 2 2 2 2 2 2 2 2 2 2 2 2 2 2 2 2 2 2 2 2 2 2 2 2 2 2 2 2 2 2 2 2 2 2 2 2 2 2 2 2 2 2 2 2 2 2 2 2 2 2 2 2 2 2 2 2 2 2 2 2 2 2 2 2 2 2 2 2 2 2 2 2 2 2 2 2 2 2 2 2 2 2 2 2 2 2 2 2 2 2 2 2 2 2 2 2 2 2 2 2 2 2 2 2 2 2 2
left_child=4 2 5 18 11 9 10 16 70 -2 31 21 13 38 27 24 23 60 20 30 85 -1 49 74 116 67 44 125 -22 53 35 47 75 50 42 37 -37 58 121 54 -21 46 -30 -35 -14 59 91 68 57 104 118 52 -9 63 -17 56 65 86 -8 -46 -10 -36 82 -25 -12 105 -44 -26 -5 89 -4 -72 -63 -52 -6 -19 -56 -78 79 -59 -54 -67 -38 -84 107 -3 117 -82 -51 -55 -15 124 93 -60 95 -87 -92 98 -20 100 101 102 -94 -65 -23 -13 -81 -69 109 111 -111 -66 -43 -40 -57 -116 -16 -49 -18 120 -47 122 -11 -123 -34 -7
right_child=1 3 8 6 7 14 19 51 17 12 64 55 26 90 15 39 33 32 97 40 28 22 -24 29 25 -27 -28 -29 34 -31 -32 -33 41 43 61 36 62 -39 113 -41 -42 112 66 -45 45 119 -48 48 -50 88 73 -53 80 69 76 114 -58 78 92 -61 -62 72 -64 103 108 81 -68 84 -70 -71 71 -73 -74 -75 -76 -77 77 -79 -80 106 87 -83 83 -85 -86 94 -88 -89 -90 -91 96 -93 99 -95 -96 -97 -98 -99 -100 -101 -102 -103 -104 -105 -106 -107 -108 -109 -110 110 -112 -113 -114 -115 115 -117 -118 -119 -120 -121 -122 123 -124 -125 -126 -127
leaf_value=6.6680854986051843 -6.1619896746527187 -5.0338614851270087 -2.1908122258105274 0.44434210415686182 2.1564512343974278 -8.1792288979545571 17.244931121451994 -5.2448791738554803 -2.3578401282631258 6.8814497558943488 -1.194413458408319 2.5045028195174961 -9.4018840952239611 3.9741722168724203 1.0306483639448101 -1.4407264213865021 4.5447154251878237 -10.380838626795228 -9.0523738474773161 4.679657599602268 2.39602333114482 4.6093548556735415 -5.978057968256774 8.0631386496152135 8.7891679075739777 -1.9265940822873369 4.1593968834240185 8.0358468629420852 -6.3678638099611913 -0.56848959878647976 -9.6452847635096113 9.0321666627587973 10.402910763098237 6.9271529895788166 -9.0433628436857898 -10.695267207888541 -6.3257411059703568 4.4049627411779868 5.1670519136040429 2.1010987486163191 -4.385437500460605 -9.0559454320254069 -11.239298255443536 1.3593408985720601 3.0217846435010109 -14.157865720502375 1.3474935638367245 0.67445966838501414 -5.9037565842433111 -5.3241123530337937 -1.2786492276526498 -5.0465500420259275 -2.9611441354795218 8.5092475030270887 -11.053290872373765 3.2275939332729822 11.532504277467584 9.8925612080596164 -5.9413897463395893 -2.0173846257262675 11.265382983246246 -2.7887482373682433 -11.240123742545236 6.1437222514049896 -4.7088787530048553 5.2272465062038371 1.6189145021119373 6.6815257118126219 12.280446821473141 -1.9204143319541513 8.230228906443827 0.037968054505019173 -8.6606154412255645 -8.5370510604970686 -4.0944234127742751 -6.040049583779787 2.2597215523099399 -6.84872558182321 -2.9954872962890269 -2.0326816040011697 -5.0608783707395784 10.780563599753844 0.13153889644535541 -8.1622708342682966 -16.500733639889141 -10.329928144304596 -4.0529136963727757 4.9034413321230161 2.7560596837751969 2.9793457726079779 12.511156484370218 -6.3469198108289664 -6.432899677054019 7.6154631518442359 -16.550889442356972 0.83848584647892555 7.7102008544354295 -11.131681695285534 7.1663192146839023 -9.569693322923003 -7.0704789723882122 17.455830266448508 2.5893834967078777 2.5063449278141849 9.4987264833953855 9.7809442587868318 3.7923855511824125 2.3835329279526558 -13.86580609088807 -9.8452774518069877 -3.1250827563670249 3.244513979341344 -2.3904024113107862 -4.0345255804250169 10.665053851262813 4.0969921842105741 -6.6306390759004987 -3.689407189433469 -10.408723481695318 -12.880688363737239 1.6359573000537428 2.6428443076657286 -6.4953702920451066 -5.1936255123251192 -2.4594989433811389 -3.7275145895454145
leaf_weight=6527.1830115020275 744.26475274562836 707.73512822389603 1490.4566044509411 342.16921937465668 2830.1952086985111 1063.528056204319 46.185372561216354 685.19428727030754 206.25424855947495 126.79149708151817 1187.0804768502712 333.5728987455368 321.20379441976547 720.33929386734962 444.53161352872849 2254.4473451375961 932.26906400918961 1785.0531825721264 2133.9391120374203 651.55856037139893 609.49244967103004 3732.325260668993 457.31095597147942 3697.7227217555046 916.87549161911011 1203.9916232824326 2457.7006592750549 229.24048328399658 1125.070257037878 1107.378740042448 2691.3271577954292 357.56987175345421 112.64222833514214 1238.6455083489418 2646.35913169384 1806.4026384353638 2265.3321480751038 517.81011033058167 2754.6658534109592 1186.8355760574341 762.32569408416748 1277.4377512037754 131.72815823554993 2647.1469947695732 2037.2276500463486 90.33660227060318 1207.9868588447571 2677.4620883464813 1338.9506110548973 280.52080345153809 2831.1445133388042 1286.1241943240166 575.88341221213341 734.29585152864456 554.05496191978455 1948.1359450519085 2622.5668344497681 325.64691415429115 175.59490409493446 1475.624825745821 252.40989565849304 1478.9122079014778 495.07240998744965 4181.074282258749 1541.2867359519005 5066.6265310645103 1178.692045211792 1281.6785339415073 234.11872467398643 595.71170616149902 478.15664899349213 816.60113626718521 884.0215485394001 412.34467199444771 585.70562842488289 2252.4846521914005 399.86298495531082 966.76398700475693 743.21896347403526 742.44296282529831 201.35280686616898 683.53546127676964 1205.8424043655396 388.20036697387695 43.809339284896851 2198.9342274665833 2454.8935379981995 1407.9882261157036 5474.8207926750183 2437.9798974394798 1090.647183150053 1354.3980919122696 404.28993716835976 207.64140036702156 410.21139526367188 151.6859073638916 2060.3245078921318 4015.4115648269653 180.30636098980904 763.04424414038658 970.59217721223831 55.191424399614334 397.45981165766716 1687.7182635366917 809.6462916135788 2793.6816221475601 1205.0500249266624 2409.9209326207638 224.75091856718063 1450.3697459995747 1015.3350628018379 372.27881115674973 474.6292405128479 193.2905946969986 792.96291306614876 778.22786805033684 619.7891960144043 1133.3492119014263 72.120981186628342 220.1819697022438 263.88412606716156 1612.3975599110126 571.7023096382618 336.7784027159214 373.26584523916245 2248.9683940410614
leaf_count=8254 858 748 2025 405 3987 1163 36 895 244 179 1459 473 384 908 621 2895 1295 1565 1775 931 691 5152 680 4578 1104 1527 3395 280 1201 1524 2155 453 124 1578 1742 1243 2202 650 3612 1566 873 1207 109 3696 2755 85 1642 3476 1616 423 4121 1807 801 905 548 2716 2488 431 167 2065 265 1427 385 5517 1723 6595 1356 1645 271 919 592 1170 731 515 863 2793 512 1065 949 929 266 722 1482 353 44 1646 2952 1872 7924 3472 1102 1656 401 227 212 173 2624 2449 192 722 876 59 446 2467 874 3011 1563 3254 141 1399 1229 502 577 260 838 1016 711 1410 86 204 324 2277 672 464 480 2859
internal_value=-9.53615e-07 -2.8437 -0.28961 -5.18832 4.27976 1.07798 -3.77492 2.58047 -4.01389 2.78912 -2.18803 5.86578 3.197 4.80815 -0.768657 0.250461 3.22031 -5.29185 -7.65449 -5.76901 -6.41581 4.58746 3.32469 4.20971 2.26459 3.29967 0.975571 -4.30291 -5.08907 4.94887 -6.4036 -0.858258 -5.83319 1.04807 -5.70186 -5.50405 -6.85368 -3.15376 2.34558 -2.34915 -0.207981 -4.04505 -2.76602 3.13415 -0.799401 -0.12336 -2.20279 -1.17409 -1.52281 3.73783 -0.860203 -1.42055 0.204127 5.40706 -3.61419 7.33666 8.02249 -0.890855 -4.44979 0.905008 5.13923 -7.12924 -5.26004 6.24393 -4.84129 6.98556 0.326361 4.65221 5.2528 3.28236 0.251698 3.06339 -4.98553 -2.20141 1.08465 -7.95917 -6.16534 -4.18367 1.34468 2.76373 1.91271 5.88738 -4.49293 -1.88827 3.63677 -9.49662 -1.96706 3.65675 2.36222 4.25937 8.36759 -4.53321 -4.78672 1.40385 -10.6406 -9.60923 9.37196 -9.90944 -7.78875 -5.70252 -4.08787 -0.709697 -1.96019 5.0977 5.48093 9.00479 1.57169 3.87574 -5.78158 -5.36669 -7.07802 -3.16157 -7.25027 4.56373 5.09563 7.41182 -3.43077 -0.62337 3.47097 -6.41251 -2.39193 -0.124145 -4.06719 1.28886 0.522239 -5.15681
internal_weight=156435 93985.8 44983.4 49002.3 62449.1 32901.7 31149.8 30148 12081.8 17077.4 17346 32301.1 16333.1 9466.94 15824.3 12282.6 25991.5 9296.56 17852.5 13803.9 11522.8 17281.8 10754.6 17857.8 6920.6 5856.28 6866.16 3541.74 8054.28 14441.9 12390 11554.9 8837.9 8133.67 7444.78 9698.66 6160.85 3537.81 5595.63 5361.96 1413.88 4800.36 2435.49 3885.79 4408.46 4087.26 3048.29 11197.3 10621 10297.3 4247.88 4156.54 2870.42 13334.5 4175.13 15019.3 11500 9282.06 3020 3512.85 458.664 5009.29 4354.45 9566.52 5791.1 8877.42 1310.42 4652.28 576.288 3767.99 2785.21 1294.76 2362.93 3243.49 3415.9 4037.54 1920.68 1366.63 3016.36 2273.14 2185.22 5750.16 3859.37 1594.04 3735.41 3468.57 6265.7 1609.34 5755.34 3172.28 3871.31 1840.31 2973.81 383.236 2760.83 2350.62 3150.97 6329.66 2314.25 2590.58 1827.53 856.941 801.75 5868.79 4541.97 3127.25 1947.49 3691.6 4604.02 4379.27 2465.7 1913.57 1752.07 2947.96 3519.33 1571.19 1064.32 3810.81 1004.39 574.403 354.221 2647.67 698.494 1949.18 485.908 3312.5
internal_count=187200 104870 56302 48568 82330 41962 34116 41164 14340 22168 20908 41166 21310 12098 19794 15492 35523 10553 14452 13208 10036 23307 15053 24232 8906 7574 9212 4302 7257 19382 11404 14455 10044 11291 6566 9249 5665 3584 7464 6586 1804 5686 2666 5274 5817 5433 3902 14002 13326 14373 6017 5641 3834 17858 5020 17859 13289 11710 2934 4820 509 3900 4422 12562 6453 10801 1465 6047 676 5296 3787 1762 2158 4636 4850 4358 2125 1577 3872 2923 2939 7317 4037 1835 4943 2779 7838 2138 8347 4377 4634 2260 2898 394 2031 1819 3726 4416 1967 2504 1782 906 847 7984 6026 3484 2492 4899 4994 4853 2628 2225 1784 3872 4570 1854 1332 4886 1381 613 409 3592 851 2741 604 4022
is_linear=0
shrinkage=0.05


Tree=20
num_leaves=127
num_cat=0
split_feature=36 29 27 1 11 0 34 1 32 25 23 34 37 5 33 44 1 32 33 32 0 33 12 1 25 33 36 29 14 11 1 0 6 0 32 6 1 1 33 1 0 1 33 32 33 36 38 27 24 34 23 25 32 1 6 24 23 14 29 30 32 33 12 32 25 1 6 24 1 33 34 29 37 14 5 5 30 36 11 14 47 5 40 14 37 0 29 0 14 11 14 5 19 31 27 25 1 6 37 32 32 32 10 32 28 34 37 34 32 33 24 24 11 1 11 1 32 10 0 11 38 33 14 11 33 32
split_gain=6.90738e+08 1.50259e+08 1.11986e+08 6.97177e+07 5.58015e+07 5.36046e+07 4.19821e+07 3.94038e+07 3.70063e+07 3.68131e+07 3.42417e+07 3.09081e+07 2.94862e+07 3.03045e+07 2.71626e+07 2.44756e+07 2.37637e+07 2.35166e+07 2.09794e+07 2.05083e+07 1.98197e+07 1.96717e+07 1.92186e+07 1.9142e+07 1.91406e+07 1.76855e+07 1.75974e+07 1.70664e+07 1.69336e+07 1.56744e+07 1.55357e+07 1.54522e+07 1.49998e+07 1.49984e+07 1.45785e+07 1.41748e+07 1.40322e+07 1.47408e+07 1.35309e+07 1.32948e+07 1.44124e+07 1.18635e+07 1.15401e+07 1.24975e+07 1.14927e+07 1.13668e+07 1.12354e+07 1.10308e+07 1.07983e+07 1.07206e+07 1.06203e+07 1.27662e+07 9.84726e+06 9.62586e+06 8.58523e+06 8.58256e+06 1.09442e+07 9.45427e+06 8.54595e+06 8.45521e+06 8.3141e+06 8.44032e+06 8.29407e+06 8.19753e+06 8.01195e+06 7.89242e+06 8.28929e+06 7.77596e+06 7.73493e+06 7.62973e+06 7.32326e+06 7.28887e+06 7.26856e+06 7.24092e+06 7.22339e+06 7.20637e+06 7.07277e+06 7.43629e+06 7.06873e+06 7.0628e+06 7.03962e+06 6.95592e+06 6.93101e+06 6.92224e+06 6.81728e+06 6.78753e+06 6.77711e+06 6.76411e+06 7.00777e+06 6.7069e+06 6.60098e+06 6.597e+06 6.53164e+06 6.50743e+06 7.15277e+06 6.49442e+06 6.46624e+06 8.57104e+06 6.33142e+06 6.2599e+06 6.23186e+06 6.18914e+06 6.17616e+06 5.95846e+06 5.90759e+06 5.85795e+06 6.24851e+06 9.91441e+06 9.39852e+06 5.7939e+06 5.78099e+06 5.77181e+06 5.75697e+06 5.63303e+06 5.5773e+06 5.56501e+06 5.91006e+06 5.52927e+06 6.31304e+06 5.5011e+06 5.48877e+06 6.04721e+06 5.47676e+06 5.43026e+06 5.41184e+06 5.36935e+06
threshold=0.015648148148148151 0.0094841269841269855 0.010833333333333335 4.5000000000000009 0.27511467889908264 53.500000000000007 0.069444444444444461 -12.499999999999998 0.020107683135852154 0.091666666666666688 0.023531681190994917 0.10833333333333335 0.041666666666666678 0.12294197031039138 0.024781583104592175 1.0000000180025095e-35 5.5000000000000009 0.026721857325305607 0.05134333787509579 0.02724186655638269 86.500000000000014 0.024530885333059072 1.0000000180025095e-35 -4.4999999999999991 0.086111111111111124 0.037442097678296267 0.010833333333333335 0.016944444444444446 3.5000000000000004 0.20318851626016263 13.500000000000002 39.500000000000007 0.042705167173252283 15.500000000000002 0.023680729601782236 0.17262664963814392 14.500000000000002 -10.499999999999998 0.026861330180001083 15.500000000000002 71.500000000000014 -7.4999999999999991 0.021997605046772162 0.019924648786717753 0.036040839319458173 0.0084876543209876556 0.0058333333333333345 0.047376543209876547 0.028261804897780917 0.18611111111111114 0.020969982078853051 0.11944444444444445 0.024580277662469448 8.5000000000000018 0.13536417773705914 0.02277674836306285 0.018365772234819857 14.500000000000002 0.012870370370370372 0.023981481481481482 0.020961279461279465 0.016301717087709132 12.500000000000002 0.01906441869677164 0.15277777777777782 3.5000000000000004 0.14833149981664837 0.028613927295103276 9.5000000000000018 0.034174273480653918 0.2305555555555556 0.02194444444444445 0.42500000000000004 6.5000000000000009 0.11915683704674532 0.042705167173252283 0.0049691358024691367 0.0058333333333333345 0.23670062252405208 8.5000000000000018 1.0000000180025095e-35 0.052289815447710192 0.0017591832390682963 3.5000000000000004 0.12500000000000003 126.50000000000001 0.0065740740740740751 42.500000000000007 4.5000000000000009 0.21073190789473686 11.500000000000002 0.043717152412804598 1.0000000180025095e-35 -0.00020660413999351056 0.0067283950617283957 0.2416666666666667 2.5000000000000004 0.054200940070505292 0.063888888888888898 0.011405458089668618 0.022730595427963855 0.020183295540438403 4.5000000000000009 0.038712477598566317 0.01388888888888889 0.47500000000000003 0.25833333333333336 0.11944444444444445 0.034003367003367015 0.043857816716882846 0.01473401434772565 0.020754009811054453 0.28018691588785055 -4.4999999999999991 0.26589011580931865 -20.499999999999996 0.024386479975910876 12.500000000000002 82.500000000000014 0.25824574121058358 0.019598765432098767 0.022112045217897416 13.500000000000002 0.25105042016806728 0.03359929482937301 0.035385531730560978
decision_type=2 2 2 2 2 2 2 2 2 2 2 2 2 2 2 2 2 2 2 2 2 2 2 2 2 2 2 2 2 2 2 2 2 2 2 2 2 2 2 2 2 2 2 2 2 2 2 2 2 2 2 2 2 2 2 2 2 2 2 2 2 2 2 2 2 2 2 2 2 2 2 2 2 2 2 2 2 2 2 2 2 2 2 2 2 2 2 2 2 2 2 2 2 2 2 2 2 2 2 2 2 2 2 2 2 2 2 2 2 2 2 2 2 2 2 2 2 2 2 2 2 2 2 2 2 2
left_child=1 6 11 5 9 28 16 63 21 15 30 24 20 18 52 26 33 78 23 44 25 29 -5 71 68 -9 96 48 31 99 41 60 98 -1 74 46 37 -31 45 40 87 115 -42 -44 100 -6 -35 55 -12 67 117 92 73 64 89 56 57 -43 -17 120 61 -4 -28 -7 -29 66 -39 103 114 -21 72 -14 -30 -10 86 -74 -32 -78 -13 -58 83 -54 104 111 -34 -59 -26 125 -89 -22 123 113 -52 -18 -95 -73 97 -3 -33 -8 -16 -40 -100 -19 -50 106 -62 -108 -109 -65 -101 -47 -27 -48 -2 -11 -117 118 -25 -53 121 -15 -80 -45 -61 -24
right_child=2 4 3 22 38 7 8 12 14 10 27 17 13 59 19 58 93 49 -20 69 54 -23 39 50 34 112 62 53 70 36 76 32 84 35 -36 -37 -38 65 101 -41 42 47 43 90 -46 80 91 -49 82 -51 51 119 81 -55 -56 -57 79 85 -60 124 105 -63 -64 109 -66 -67 -68 -69 -70 -71 -72 95 75 -75 -76 -77 77 -79 122 -81 -82 -83 -84 -85 -86 -87 -88 88 -90 -91 -92 -93 -94 94 -96 -97 -98 -99 102 110 -102 -103 -104 -105 -106 -107 107 108 -110 -111 -112 -113 -114 -115 -116 116 -118 -119 -120 -121 -122 -123 -124 -125 -126 -127
leaf_value=-7.6990910014101219 -2.0231103243154616 5.3601936409088857 -5.8654695406874318 -10.911057340324769 -0.48661340286901811 -2.6431835457425428 15.774720106517368 -8.6961562369277754 3.6252455543030147 -11.097831480469978 0.060386533300535263 8.2981398257903276 -0.17726211484029772 -3.2088221078951991 7.8003179620149545 -1.114259908050349 7.425248708612596 -3.156574169494089 9.5411088612408257 -1.2321452458499174 6.9167266652371966 10.701213142809562 -7.4492468561541019 6.2854111480957036 14.88022457985292 0.62172786612082653 -0.22834639212559429 -2.1463387793485071 -10.933924141790932 -0.753526483680385 4.0178311232979 -5.2447185224883297 -9.9397302529778244 6.458016791917915 -3.7755792544881404 -2.145620289490155 -4.1878163267744579 7.799936660823386 10.031047447102736 -10.795482500812561 -7.4597701590055738 13.215293788465852 10.425145833345068 3.9225349886943528 10.824738318753377 -3.8903824916422765 1.9528704609995948 -1.0135436138683627 1.0461002330633675 3.3481337299055962 -1.175612225898877 5.2952301097646162 -0.1207697152884105 -7.4545993798241499 -5.7869441409462761 9.1476208716404894 5.7950052800108098 -0.20947315255061061 -6.4586707151899381 -10.786288088475466 -12.037581988303437 3.0731264161498846 -4.6627577773206195 -10.699223169470789 1.8593259003915781 3.6785500146584802 1.5088047952929096 2.1821915255973137 -10.287157346815537 3.797338024429616 -2.4562004827366275 -6.5584924302799186 -2.737827846931209 -0.61774485383848299 -2.8640524988344884 -9.07713446292518 9.9880900309661911 -8.7320999874919618 4.9875032083281106 -1.2637898407284904 -6.9350351211144954 -9.4363087734988849 0.20197814590352242 -4.9367537112757622 -3.650804473508936 9.8891195703537988 4.7961078009995992 -3.8675912707787159 -7.9864499931502015 -0.50588147591759547 -5.7918953643607303 1.5745230786151738 -14.290305059635186 0.44054107150113542 -4.6695877907203824 4.4111493686369156 0.23356354097678356 1.0801988729484964 8.5069437353340938 5.4850206954396779 4.3117920271707595 0.10286399659983934 0.60255785644161086 -12.242652304902256 6.4760497269955763 3.1988995316073794 -8.2780639503012221 2.4860163112781279 -5.8633329862268884 -1.3742203470443179 9.4320923462869857 2.4980242302676934 -7.1835921190477876 5.5827421155979344 -6.6539910926547039 3.3805135237477182 -11.994012674879949 2.0673289609353223 16.830854751987328 0.52473557894780798 -4.7315379806618463 8.9062799021236128 -3.2801374584696612 -3.9418062442968278 -2.0070021170390295 -12.932950472251234
leaf_weight=296.33734419941902 1828.1549236774445 2581.2051252424717 680.46852833032608 4124.4347415268421 2296.5237045288086 521.4619305729866 296.33278632164001 2508.4939421415329 2292.8366783261299 78.311355441808701 2058.4659581184387 1615.4120125174522 1574.5405158996582 223.50260403752327 2250.4591679573059 1275.0837414562702 189.18280014395714 1101.8715626597404 754.58255636692047 1117.2335576415062 476.34575000405312 3275.4826583862305 931.33419117331505 367.3158868253231 227.7470498085022 917.46620658040047 3743.312631636858 2512.9330452680588 2456.4475422203541 825.80301633477211 316.98437324166298 344.15433430671692 572.92598682641983 3654.218686491251 719.43119603395462 968.99689620733261 380.65009304881096 5419.047944933176 169.23914515972137 1827.4322491884232 1030.8962157964706 610.03038010001183 216.51829612255096 512.15495452284813 1467.0715980529785 679.90044054389 1603.6123799979687 410.02185168862343 613.49856546521187 1333.1381933391094 1431.299579501152 1774.9118696153164 450.31483021378517 496.75805193185806 455.55909645557404 3357.5460051298141 723.06805342435837 349.1891930103302 1809.4985339343548 708.04104885458946 630.42707458138466 431.60388547182083 1468.0038833320141 1639.3951050937176 2480.5923865735531 2178.8794257938862 579.60237917304039 610.36885005235672 523.05427926778793 2319.6613121032715 454.71278065443039 1132.3953025639057 689.93364945054054 1790.9192953705788 209.51660802960396 1280.0605546832085 62.478710979223251 351.48145580291748 939.51757544279099 694.96457082033157 2126.6469781398773 361.06663849949837 764.35930806398392 2520.2379755377769 1738.5756457149982 317.84792056679726 620.69605731964111 1659.8477818369865 2733.0765632390976 842.76998537778854 755.84069600701332 3750.8785909414291 101.68407174944878 1344.1468689739704 1395.9494321346283 153.17725992202759 2401.0885741710663 2139.1301581263542 314.08462843298912 1314.5816369354725 2969.2794271111488 2166.2086783647537 1159.2498756051064 215.76777166128159 2729.4361200332642 135.09652656316757 3589.7395614981651 455.86078092455864 1293.2153258323669 185.41588690876961 3151.852681607008 736.62230440974236 318.16428819298744 3204.8187448382378 1009.0565367639065 1261.2979893684387 65.766210675239563 302.6458523273468 231.28444066643715 916.2876963019371 788.92424213886261 191.04236117005348 254.58852073550224 384.13368988037109 233.4005174934864 857.28932809829712
leaf_count=326 2317 3475 702 2724 3169 635 228 2386 3188 93 2927 1931 1955 278 2629 1677 238 1404 930 1666 602 3234 816 464 212 1240 5078 3406 1686 1187 433 333 403 4660 936 1403 517 6453 184 1246 1016 672 230 644 1553 913 2367 683 848 1845 1697 2310 657 623 508 3937 965 486 2058 579 415 532 1882 1379 3586 3065 829 848 479 3141 504 1192 739 2726 277 1058 76 418 1222 982 2214 478 1097 3154 1835 341 809 1703 2431 1075 779 5375 65 2087 2042 202 3551 3057 384 1778 4021 2916 1355 186 3705 200 3007 536 1180 240 3388 981 302 4197 1138 1670 73 371 231 1084 848 225 325 438 306 508
internal_value=-9.95577e-07 2.66405 -4.1436 -5.15601 0.625341 -3.9321 4.59919 -2.11117 5.64164 1.57511 2.97645 0.373597 -1.2443 0.265132 3.8228 -0.265947 2.53813 2.78906 1.57207 5.3014 -4.22144 7.20957 -8.00363 0.819045 -2.48052 -6.28435 0.730376 1.2107 -6.03622 6.40113 5.36995 -4.97677 -2.5373 3.42518 1.71573 3.67525 5.21543 5.61299 -2.54242 -6.90435 -6.12131 6.01772 -3.21292 -0.870014 6.91479 -3.4824 4.13707 6.9231 3.01608 -0.0994259 2.64773 1.59643 0.76489 -0.816808 0.130794 7.46075 5.35925 8.71671 -4.24943 -5.0604 -6.37255 -2.39633 -1.4775 -8.17184 -0.156478 6.25591 7.19207 -2.48327 -4.70009 2.1624 -8.49874 -2.45802 -9.11947 1.76449 5.44991 -6.85698 -1.60277 -5.90668 6.14186 2.33556 -4.61706 -4.26621 4.4974 -3.36489 -5.20957 4.60258 7.50298 -7.48554 -6.43016 2.1745 -2.35029 3.14618 -2.04552 -1.5436 -2.16283 -5.25145 2.34605 3.42061 0.861311 8.73728 5.81585 0.822314 2.28761 -4.64445 5.47954 -7.09692 -7.32994 -6.77404 -3.68725 -9.75173 8.27037 -0.568274 -1.38808 4.37218 -3.67009 1.85427 2.61859 7.57519 10.3599 3.67099 -2.28384 2.3744 3.22481 0.552015 -8.60974 -10.0776
internal_weight=156435 95217 61217.9 50009.6 46367.7 34976.7 48849.2 18750.1 32441.1 35672.4 20255 11208.3 16403.8 10885 15018.8 15417.3 16408.1 6070.66 8740.13 10123.7 5518.8 17422.2 15033 7985.54 5137.66 3744.12 12332.7 11656 16226.6 14146.7 8598.99 11345.4 4128.99 13478.9 1777.39 13182.5 9383.98 9003.33 10695.4 10908.5 9081.09 7868.04 2899.54 1868.65 6686.81 8359.93 12213.5 6462.67 6165.76 3261.15 5125.43 4224.18 4895.14 5490.28 1774.67 6052.65 2695.1 1277.07 3084.58 2144.91 7216.41 1112.07 5211.32 2346.27 4993.53 8177.53 5998.65 1928.01 3360.27 3436.89 4881.15 2860.11 4426.44 4083.76 1057.96 1969.99 730.945 413.96 2809.52 1418.03 6063.41 811.381 4107.29 3936.76 2311.5 667.037 848.443 6181.55 4392.92 1319.12 1652.13 8559.31 1532.98 2929.28 2740.1 1285.57 7121.42 4720.34 1817.49 4762.77 5219.74 2335.45 1473.33 1317.64 3342.93 6104.34 5969.24 5338.82 1749.08 1824.81 4466.43 1416.52 1235.63 4808.43 2837.21 1405.38 1327.06 901.246 598.6 2691.2 1203.47 414.545 1194.11 896.289 941.442 1788.62
internal_count=187200 124763 62437 48508 61330 35973 63433 21104 40738 47799 27021 13929 18850 12737 20059 20778 22695 7761 10501 13010 6113 20679 12535 9571 6168 3928 17043 16192 14869 17445 10829 10882 4310 18328 2234 18002 12051 11534 13531 9811 8565 9902 3107 2091 8203 10431 16599 8066 8577 4283 6222 5156 7049 7615 2185 7383 3446 1499 3735 2236 6572 1234 6960 2254 6992 10347 7282 2438 3934 4807 3987 3349 3483 5914 1298 1797 927 494 3478 1947 7262 1135 5650 5048 2238 827 1021 5458 4134 1677 1861 11939 1762 4367 4129 1394 10083 6532 2072 5394 6650 3100 1739 1590 4553 5338 5138 4723 1716 1619 5166 1894 1542 6564 3455 1836 1743 1066 695 3394 1351 503 1547 1082 885 1324
is_linear=0
shrinkage=0.05


Tree=21
num_leaves=127
num_cat=0
split_feature=38 29 46 16 27 0 5 11 34 5 11 24 15 0 37 15 11 34 44 39 14 0 27 30 25 37 39 0 24 37 0 15 30 44 37 0 30 37 9 29 21 14 24 14 15 39 38 14 5 15 39 35 11 37 14 24 0 11 15 2 14 29 11 33 15 14 22 16 11 39 39 38 9 34 7 37 11 30 24 5 25 21 8 11 15 14 3 11 38 22 39 5 0 11 42 28 39 33 34 33 34 22 39 37 15 37 9 31 39 14 37 30 0 25 39 10 37 33 38 39 0 15 39 24 24 10
split_gain=6.25763e+08 1.85179e+08 6.59436e+07 5.94864e+07 5.7004e+07 4.69829e+07 4.41566e+07 3.73225e+07 3.69923e+07 3.00597e+07 2.69361e+07 2.42534e+07 2.31573e+07 2.57799e+07 2.31247e+07 2.16049e+07 1.96195e+07 1.93143e+07 1.7295e+07 1.71498e+07 1.60876e+07 1.83137e+07 1.55549e+07 1.51511e+07 1.5023e+07 1.46989e+07 1.44816e+07 1.44e+07 1.33886e+07 1.23645e+07 1.16935e+07 1.13793e+07 1.13233e+07 1.11467e+07 1.07994e+07 1.19271e+07 1.05404e+07 1.04095e+07 1.14993e+07 1.00591e+07 1.00177e+07 1.05121e+07 9.83532e+06 9.80408e+06 9.63713e+06 9.60421e+06 9.4901e+06 9.48013e+06 9.41146e+06 9.2714e+06 1.46019e+07 9.048e+06 8.86087e+06 8.70399e+06 8.51012e+06 8.4179e+06 8.33457e+06 8.2473e+06 8.1851e+06 8.13738e+06 8.13347e+06 8.11319e+06 8.09061e+06 7.98445e+06 7.94221e+06 7.88184e+06 7.72303e+06 7.70729e+06 7.5882e+06 7.57066e+06 7.54689e+06 7.50009e+06 7.40785e+06 7.33267e+06 7.30787e+06 7.11305e+06 6.85078e+06 6.81378e+06 6.69899e+06 7.07946e+06 6.62352e+06 6.57786e+06 6.55474e+06 6.51735e+06 8.75496e+06 6.43835e+06 6.38739e+06 8.94398e+06 6.32326e+06 6.29705e+06 6.25956e+06 6.22675e+06 6.18575e+06 6.08371e+06 5.95529e+06 7.05298e+06 7.08512e+06 7.60914e+06 5.9467e+06 5.9462e+06 6.36843e+06 5.88873e+06 5.87694e+06 5.83126e+06 5.8152e+06 5.80808e+06 6.31751e+06 5.72423e+06 5.69015e+06 6.4596e+06 5.62611e+06 5.51914e+06 5.51415e+06 5.48975e+06 5.47071e+06 5.43585e+06 5.42494e+06 5.41685e+06 5.38526e+06 5.37727e+06 7.03444e+06 5.33447e+06 7.05223e+06 6.83474e+06 5.23451e+06 5.22594e+06
threshold=0.010833333333333335 0.015039682539682542 1.0000000180025095e-35 3.5000000000000004 0.0061419753086419766 52.500000000000007 0.11791443850267382 0.23348909657320874 0.10277777777777779 0.09491634491634493 0.28345771144278614 0.019493958768029649 5.5000000000000009 71.500000000000014 0.086111111111111124 11.500000000000002 0.27511467889908264 0.16388888888888892 1.0000000180025095e-35 0.01404320987654321 3.5000000000000004 35.500000000000007 0.0093518518518518542 0.0081790123456790143 0.11944444444444445 0.058333333333333341 0.0081790123456790143 98.500000000000014 0.028441356281641638 0.019444444444444448 89.500000000000014 20.500000000000004 0.0052777777777777788 1.0000000180025095e-35 0.030555555555555558 15.500000000000002 0.028950617283950621 0.019444444444444448 1.0000000180025095e-35 0.012870370370370372 41.500000000000007 8.5000000000000018 0.019978645757652253 9.5000000000000018 7.5000000000000009 0.033055555555555567 0.0045370370370370382 2.5000000000000004 0.033520599250936332 14.500000000000002 0.028055555555555559 4.5000000000000009 0.26589011580931865 0.025000000000000005 14.500000000000002 0.013973659704946783 128.50000000000003 0.21340823970037456 6.5000000000000009 -1.0000000180025095e-35 16.500000000000004 0.023395061728395065 0.29442724458204339 0.036040839319458173 7.5000000000000009 21.500000000000004 24.500000000000004 2.5000000000000004 0.30053763440860221 0.01451388888888889 0.0039285714285714297 0.023395061728395065 2.5000000000000004 0.14166666666666669 4.5000000000000009 0.030555555555555558 0.22439443066946407 0.003402777777777778 0.025071780270197293 0.052289815447710192 0.13611111111111115 30.500000000000004 5.5000000000000009 0.18950808393532856 17.500000000000004 10.500000000000002 11.500000000000002 0.23831367409349064 0.025154320987654324 43.500000000000007 0.0045370370370370382 0.033520599250936332 139.50000000000003 0.32934002869440465 1.5000000000000002 0.019444444444444448 0.030079365079365084 0.030124051494124365 0.16944444444444448 0.010317741268916311 0.10833333333333335 25.500000000000004 0.0099382716049382733 0.12500000000000003 13.500000000000002 0.26388888888888895 4.5000000000000009 0.0023222339221396155 0.0039285714285714297 17.500000000000004 0.01388888888888889 0.022500000000000003 75.500000000000014 0.063888888888888898 0.021635802469135806 4.5000000000000009 0.41388888888888892 0.056115123459264123 0.024523809523809528 0.026150793650793657 35.500000000000007 23.500000000000004 0.012738095238095239 0.017189713678195839 0.038117964956138298 4.5000000000000009
decision_type=2 2 2 2 2 2 2 2 2 2 2 2 2 2 2 2 2 2 2 2 2 2 2 2 2 2 2 2 2 2 2 2 2 2 2 2 2 2 2 2 2 2 2 2 2 2 2 2 2 2 2 2 2 2 2 2 2 2 2 2 2 2 2 2 2 2 2 2 2 2 2 2 2 2 2 2 2 2 2 2 2 2 2 2 2 2 2 2 2 2 2 2 2 2 2 2 2 2 2 2 2 2 2 2 2 2 2 2 2 2 2 2 2 2 2 2 2 2 2 2 2 2 2 2 2 2
left_child=4 2 11 5 24 14 10 18 9 16 12 26 25 64 117 30 33 22 32 86 21 71 59 -10 46 63 54 85 76 -25 43 57 -4 67 -28 -36 99 51 -39 55 41 45 -24 110 61 -21 101 -12 -31 50 -40 -34 104 -44 -2 -11 -33 -29 72 -9 -32 78 108 112 103 -59 -35 83 94 -57 -5 74 -18 -63 -16 -19 121 -58 -23 -80 -20 -68 91 119 -85 90 87 -13 -30 105 -17 -72 -56 107 95 -50 97 -97 -73 -27 -101 -1 -45 -14 115 106 -47 114 -48 -110 -15 -55 -7 -41 -74 -37 -100 -3 -54 120 -6 122 -8 -124 -38 -75
right_child=1 3 7 70 8 6 28 17 23 39 47 19 13 15 20 27 58 75 80 40 -22 44 42 29 -26 36 34 31 88 48 60 56 37 66 35 52 124 38 49 113 -42 -43 53 102 -46 89 62 -49 68 -51 -52 -53 118 111 92 69 77 65 -60 -61 -62 73 -64 -65 -66 -67 81 -69 -70 -71 82 98 93 125 -76 -77 -78 -79 79 -81 -82 -83 -84 84 -86 -87 -88 -89 -90 -91 -92 -93 -94 -95 -96 96 -98 -99 116 100 -102 -103 -104 -105 -106 -107 -108 -109 109 -111 -112 -113 -114 -115 -116 -117 -118 -119 -120 -121 -122 -123 123 -125 -126 -127
leaf_value=12.862950379055917 5.4701041424508796 -12.784190391593087 8.0119089117255804 1.8995738952748671 2.1527410249708496 -7.5696640977998886 2.9323178256118481 3.270097706326256 8.0161836789441736 -2.300161491021584 4.5677358837600481 8.1473470633293399 -7.1440396447218539 -4.0486976152601706 -0.75195008699948707 14.923440012723368 -10.085330438867521 -0.98846564445452489 -3.2032525363798556 0.56573695038172034 -7.7486572068317798 -2.2951227025807031 -4.6260469233476593 -0.10515431297937934 8.6533382443558207 25.376406022315521 -9.7547687185407739 6.3172185301257899 -1.2247466030276861 6.513031534384699 8.3556672136813912 -9.3352900839421817 -4.5424083743712016 -10.027663350449885 -11.907537113855128 -3.893069711799499 -0.68472007027158466 -10.562816862980595 6.612679291006315 -8.0357694787101508 4.7335449542062049 -8.3503007130839748 -7.1035840730844004 3.670685425762235 -14.664493871034418 -16.481621551784539 9.3158611364743251 -6.219882647513387 -0.079478095959554962 0.040843319342306547 2.0455028045406736 2.256504546265611 -4.8743964811379143 3.1570622436573892 -4.5930788468886448 4.3022893128805668 9.9250734748020619 1.0956716446659251 -4.0648771884323134 -1.0184755150518643 -4.561577108364899 -5.5480599914097199 0.10314325641411902 2.1150886108794111 -9.3489144973242144 -9.9659802824315697 -4.1859569803246934 -0.0013181127017247137 -1.8689789454122048 -0.42620665091049709 -5.0639081440801483 -8.9717824027866442 3.999186853290853 7.1678095951973972 -6.0586293628019865 4.5481368946431573 -8.8806830412265132 -3.6329949825413692 5.9171472995145047 -2.068846503327892 5.7180001440390127 2.6846284271155541 -12.425254897518052 4.2183084795779262 -1.2616055967132092 -9.9163267918766422 -5.5227623533810837 0.80108025988426967 -5.9536771698772313 12.864909187037501 -4.4525019298916479 -9.767884458329382 5.7474116717626416 -2.2275833681353876 0.86138912618398789 5.7340458239853644 3.2753482760599222 12.358515750107639 -7.8579823102444877 3.625265098822525 10.01389892474096 6.843480945083936 -7.0311164765978367 -0.72873103070480849 -7.9627059881010727 -1.6588355711879044 -5.7916129171454056 9.8586750873163425 5.1338939172726139 0.34775113355896292 3.9406561237478819 -1.4073075625285503 4.3924176173914811 -2.2346077345268465 -1.1872630487412497 0.28394965998004812 0.9402110986281409 -7.1829779047623168 -10.186111795186889 1.725544104563123 8.4243839527203157 -10.000629693803758 6.0433041206337021 -8.6371919574398568 5.4750434670004982 -2.078789861324541
leaf_weight=473.50242006778717 502.30761295557022 1392.8117047548294 1342.1716160476208 141.79778656363487 556.10121810436249 569.97131282091141 358.08999264240265 1971.828727722168 3096.7068999707699 1828.4533992111683 218.65938067436218 855.50434345006943 654.51867243647575 261.53808239102364 958.2088571190834 45.730897128582001 143.14322489500046 793.60432097315788 1360.8181764483452 2003.893154412508 4950.1123216152191 1185.6938088536263 3831.9776852726936 1529.0935648977757 4712.6305632889271 44.251554787158966 1132.7228677272797 629.91779950261116 1627.0566877424717 4288.770909100771 997.03742507100105 520.04802596569061 709.94233521819115 168.62650474905968 504.01053223013878 1376.5212406814098 979.4742805659771 134.59084594249725 4474.1936266124249 512.29336878657341 487.2991498708725 718.16263902187347 501.32789757847786 170.09200492501259 148.28911226987839 173.47653278708458 725.94756811857224 2968.6906009912491 625.69994473457336 1173.8354138433933 2874.3420173227787 1574.8255675137043 2394.3962812721729 956.20946955680847 752.13169226050377 1673.0303173959255 123.02003902196884 920.98543086647987 1026.294183075428 2519.3711597323418 138.83319747447968 1721.6860965788364 900.76729035377502 673.9619517326355 1084.6027252674103 195.16268938779831 451.17150032520294 1061.037014067173 600.01554948091507 1713.4594735205173 917.22230693697929 2507.6282470822334 1291.2742982208729 202.10299584269524 2008.9040665924549 2156.3754270374775 3197.7478429973125 375.60261821746826 761.33344107866287 436.68859654664993 245.60476666688919 1528.8597250282764 1651.0298655629158 9347.1168047785759 790.50642949342728 789.72425597906113 172.38433891534805 803.41642633080482 1249.9530065953732 49.475216388702393 470.90011948347092 3019.3869135379791 179.05833506584167 801.42892450094223 1173.4377920925617 1597.6537652611732 1764.9926235377789 594.89454805850983 377.29448890686035 787.48235845565796 772.98158803582191 2862.6701573729515 521.93646463751793 772.02160543203354 395.05406707525253 638.23915189504623 679.7807779610157 256.84044820070267 7925.5789685249329 773.80504995584488 1399.4338692724705 2154.6508378684521 115.93562036752701 1999.6436747908592 838.67676219344139 1793.9955404400826 327.10357296466827 625.48225021362305 595.93746045231819 533.92851981520653 2281.0611741542816 324.22720858454704 96.006047487258911 455.16157519817352 532.34871697425842 626.46085977554321
leaf_count=412 612 735 1528 140 820 595 446 2626 3551 2654 265 995 673 316 1099 51 155 1100 1717 2464 4209 1303 4720 2218 5092 32 1121 821 1929 5430 1265 514 1016 184 383 1580 1233 143 5926 646 630 768 571 206 84 132 748 2939 859 1623 3938 2182 2664 1265 938 2244 137 1200 1457 3476 158 1706 1323 911 1029 190 609 1538 833 2530 877 1818 1854 244 2045 2889 2643 472 989 490 316 2062 1064 12970 1168 776 176 951 1182 53 582 2280 213 1119 1850 2004 2404 618 295 1014 965 3492 591 962 444 787 744 288 10564 1109 1804 2727 146 2776 1230 2374 350 579 510 771 2748 298 102 448 693 673
internal_value=-7.1253e-07 -2.57775 -0.261332 -4.70418 3.8795 -4.07028 -2.66463 1.17541 2.90411 1.84935 -1.31686 -2.81216 -0.404755 -1.73474 -6.0013 -0.276768 2.82738 -0.56407 3.0395 -0.473034 -5.37295 -4.32868 -1.45948 4.89347 6.21909 2.58746 -4.41148 -2.75118 -5.93526 4.09918 2.61058 -0.707098 3.67752 3.60622 -5.2227 -4.49555 4.48007 3.14584 3.93812 -0.818345 -2.05775 -2.83405 -2.86151 0.599387 -2.10538 -1.7165 5.37943 -5.47983 4.70309 4.16713 4.82625 0.143889 -3.92573 -0.989613 0.224763 0.433722 -4.90677 1.74303 -0.16069 0.864391 6.77684 -1.72792 4.63039 -1.75 -6.12405 -0.8385 0.244295 4.10201 3.48194 1.90982 -9.49183 -6.15731 1.04207 -3.68813 -4.34487 3.05868 -7.65966 -0.287952 0.369242 3.00619 -1.83929 1.11909 -9.78091 4.42431 3.791 -7.07724 3.63765 4.58955 -3.27929 -4.68434 -2.73739 -8.67187 -2.60471 1.54167 4.03967 4.85339 5.6333 7.53143 -7.83154 7.30244 6.7899 7.69782 -4.40075 -3.67217 -2.24233 -5.26648 -7.96501 2.80729 5.06306 4.70817 2.68265 -0.00432151 -5.54777 -3.41772 1.957 -1.52956 -3.77234 -11.0483 -5.93296 6.32881 7.1951 -4.49423 -2.53074 -6.08005 1.48428 0.176637
internal_weight=156435 93985.8 44983.4 49002.3 62449.1 43272.9 25043.1 28775.7 44074.2 28802.9 17734.9 16207.8 14547.5 10071.1 18229.8 7559.96 21076.1 14885.3 13890.3 6581.63 16211.5 11261.4 11935.4 15271.3 18374.9 4476.41 9626.14 4071.09 7308.24 12174.6 3488.87 2764.74 12283.9 16718.4 8192.64 7059.92 3116.54 10941.7 8656.96 7726.88 4750.33 4263.03 7444.17 2353 5082.25 3544.86 13662.3 3187.35 10645.5 8522.37 7348.54 2284.77 6555.9 3612.19 1433.5 5214.94 1018.67 1746.07 4357.66 4491.2 1135.87 4933.97 10326.1 1359.87 2511.14 1116.15 2148.66 14569.8 6356.69 3386.49 5729.44 6179.14 3331.36 2550.25 2967.11 2949.98 4431.23 498.623 2383.72 1198.02 1606.42 1980.03 5587.64 13508.7 10137.6 1306.36 1831.31 1658.92 2877.01 1540.97 516.631 3936.61 931.19 3188.22 5756.68 4583.24 3957.54 2192.55 3212.03 1604.72 1560.46 3336.17 692.028 1426.54 3565.57 1491.5 853.257 2386.79 9425.33 8699.38 1660.97 3110.86 685.907 2511.94 2129.95 3170.52 704.398 2018.29 2990.33 3371.09 2837.16 1233.48 909.258 551.168 1511.82 828.564
internal_count=187200 104870 56302 48568 82330 44207 27588 37763 59590 39823 20540 18539 17336 11747 16619 9083 28973 19374 18389 7700 15305 11096 15385 19767 22740 5589 10839 4743 7048 16216 4340 3334 16356 22870 9076 7955 3937 14828 11630 10850 5578 4948 9283 2917 5489 4180 17648 3204 13998 11487 9864 3198 7572 4563 1763 7428 1123 2211 6103 6102 1423 5405 13744 1652 2664 1390 2855 20015 8568 4774 4361 5607 4646 2623 3144 3989 3937 609 2782 1479 2033 2671 4221 18477 14138 1409 2122 1946 3111 1716 633 3157 1151 4491 7735 5885 5026 2622 2463 2011 1979 3904 797 1635 4398 1663 876 3372 12421 11673 2120 3992 741 3422 3084 3954 645 1314 3174 4339 3568 1294 996 550 1926 917
is_linear=0
shrinkage=0.05


Tree=22
num_leaves=127
num_cat=0
split_feature=38 29 27 1 0 11 6 34 46 32 5 1 1 11 27 25 34 1 33 1 21 33 40 1 24 32 23 37 37 34 0 0 23 34 25 24 32 27 32 6 11 1 1 14 30 14 5 28 32 24 1 32 33 1 0 14 23 37 1 32 28 1 6 30 33 30 11 33 33 28 1 27 14 23 33 5 9 14 5 33 37 9 37 1 32 38 37 34 14 32 28 0 23 24 25 42 37 42 30 5 6 32 33 1 24 23 5 43 12 30 34 32 33 33 32 33 33 14 23 33 32 33 11 24 25 32
split_gain=5.69094e+08 1.23736e+08 9.37696e+07 6.84756e+07 5.27071e+07 5.26179e+07 3.56571e+07 3.42107e+07 2.9963e+07 2.87494e+07 2.79571e+07 2.52471e+07 2.44689e+07 2.21009e+07 2.16506e+07 2.08975e+07 2.06355e+07 2.04742e+07 2.01599e+07 1.81127e+07 1.70892e+07 1.68834e+07 1.67435e+07 1.74824e+07 1.6179e+07 1.60129e+07 1.53593e+07 1.51264e+07 1.43085e+07 1.69773e+07 1.36806e+07 1.34906e+07 1.33904e+07 1.32178e+07 1.31314e+07 1.27109e+07 1.26408e+07 1.23068e+07 1.22401e+07 1.22124e+07 1.20486e+07 1.27702e+07 1.30306e+07 1.20388e+07 1.17171e+07 1.16591e+07 1.13533e+07 1.08015e+07 1.02982e+07 1.06134e+07 1.00468e+07 9.69493e+06 1.14972e+07 9.56223e+06 9.30167e+06 1.01874e+07 1.11787e+07 9.83912e+06 9.06426e+06 8.93861e+06 8.82186e+06 8.7909e+06 8.78201e+06 8.58282e+06 8.44291e+06 9.01489e+06 8.42013e+06 8.02573e+06 7.92118e+06 7.85257e+06 7.76907e+06 7.65407e+06 7.63196e+06 7.61284e+06 7.58788e+06 7.53259e+06 7.45156e+06 8.17812e+06 7.42928e+06 7.3968e+06 7.33648e+06 8.45836e+06 7.81379e+06 7.31722e+06 7.11408e+06 6.74331e+06 6.72382e+06 6.71658e+06 6.71485e+06 6.69727e+06 6.68792e+06 6.60344e+06 6.59932e+06 6.59226e+06 6.58746e+06 6.57536e+06 6.47747e+06 6.46175e+06 6.43711e+06 6.43065e+06 6.37101e+06 6.36211e+06 7.16791e+06 6.84928e+06 6.34048e+06 6.29796e+06 6.26845e+06 6.2502e+06 6.09007e+06 5.99724e+06 8.89407e+06 5.94764e+06 1.00109e+07 6.48913e+06 5.93075e+06 8.44623e+06 6.5273e+06 5.86732e+06 5.77164e+06 6.21376e+06 5.74459e+06 7.26884e+06 5.69869e+06 5.6822e+06 5.67899e+06 5.66951e+06
threshold=0.015648148148148151 0.0093518518518518542 0.0089583333333333338 7.5000000000000009 57.500000000000007 0.24568837347606307 0.12294197031039138 0.069444444444444461 1.0000000180025095e-35 0.020107683135852154 0.19378911892152145 9.5000000000000018 -10.499999999999998 0.22511261261261264 0.018968253968253971 0.10277777777777779 0.10833333333333335 6.5000000000000009 0.024781583104592175 -8.4999999999999982 41.500000000000007 0.024407251550909226 0.0013570253215610803 3.5000000000000004 0.037715435462933523 0.02657804863687217 0.030374310480693462 0.030555555555555558 0.063888888888888898 0.18055555555555558 83.500000000000014 15.500000000000002 0.044523809523809528 0.047222222222222228 0.086111111111111124 0.039425423519242032 0.02357874134296899 0.018425925925925932 0.022494335599093699 0.11558704453441297 0.19933774834437087 16.500000000000004 -10.499999999999998 8.5000000000000018 0.0049691358024691367 14.500000000000002 0.15643825301204822 0.030555555555555558 0.018911392980541921 0.021688070474514102 -7.4999999999999991 0.034770343820523041 0.024032252064807198 16.500000000000004 74.500000000000014 23.500000000000004 0.015386506315709857 0.15277777777777782 14.500000000000002 0.014924560205508407 0.019444444444444448 2.5000000000000004 0.066300366300366315 0.0081790123456790143 0.042085659463998386 0.0088095238095238105 0.26256313131313141 0.039999370108498661 0.036040839319458173 0.87500000000000011 15.500000000000002 0.028364197530864197 17.500000000000004 0.01960981179620443 0.039531784693732079 0.052289815447710192 4.5000000000000009 7.5000000000000009 0.034286833855799378 0.054334271823336118 0.091666666666666688 3.5000000000000004 0.59722222222222232 10.500000000000002 0.023869920267489717 0.024523809523809528 0.069444444444444461 0.14722222222222223 11.500000000000002 0.017335249042145597 0.025000000000000005 35.500000000000007 0.022017715547525848 0.049274447081283416 0.091666666666666688 2.5000000000000004 0.036111111111111115 1.5000000000000002 0.0029320987654320994 0.083683473389355764 0.14048793859649125 0.018510251322751328 0.018705367044618986 -6.4999999999999991 0.02277674836306285 0.027731481481481485 0.10470653377630124 1.0000000180025095e-35 16.500000000000004 0.0058333333333333345 0.091666666666666688 0.023785944835680754 0.012777105300926135 0.015930278531535998 0.01912986704653372 0.026266730654541371 0.014805865673012454 17.500000000000004 0.014782586763518969 0.018801235984997267 0.038712477598566317 0.030124051494124365 0.15916328894035903 0.028613927295103276 0.069444444444444461 0.017839068825910933
decision_type=2 2 2 2 2 2 2 2 2 2 2 2 2 2 2 2 2 2 2 2 2 2 2 2 2 2 2 2 2 2 2 2 2 2 2 2 2 2 2 2 2 2 2 2 2 2 2 2 2 2 2 2 2 2 2 2 2 2 2 2 2 2 2 2 2 2 2 2 2 2 2 2 2 2 2 2 2 2 2 2 2 2 2 2 2 2 2 2 2 2 2 2 2 2 2 2 2 2 2 2 2 2 2 2 2 2 2 2 2 2 2 2 2 2 2 2 2 2 2 2 2 2 2 2 2 2
left_child=1 7 16 4 14 8 10 17 20 21 13 12 -7 54 28 37 34 31 84 98 33 40 23 76 71 74 60 63 93 51 70 -1 66 -3 85 90 -36 61 -18 59 -9 42 -42 64 -25 47 101 92 49 -45 -49 52 111 72 57 118 -57 67 88 91 -17 62 69 -15 65 -8 80 -6 -27 -14 -5 79 -46 -39 -20 100 -21 -78 -24 94 -26 -82 -83 96 -11 -2 -67 -65 -32 -44 -28 -33 -29 -4 -16 -34 -40 -62 -10 -92 -54 102 124 -103 -105 -96 -31 -19 114 110 -90 113 -113 -30 116 -116 -79 -100 -56 -120 121 -52 -93 -50 -35 -121
right_child=2 5 3 30 6 11 43 9 19 18 -12 -13 15 27 24 26 38 107 25 22 -22 -23 78 44 32 68 35 45 29 106 58 39 95 46 36 -37 -38 73 83 -41 41 -43 89 48 53 -47 -48 50 123 -51 120 -53 75 -55 55 56 -58 -59 -60 -61 97 -63 -64 87 -66 86 -68 -69 -70 -71 -72 -73 -74 -75 -76 -77 77 108 -80 -81 81 82 -84 -85 -86 -87 -88 -89 109 -91 99 122 -94 -95 105 -97 -98 -99 117 -101 -102 103 -104 104 -106 -107 -108 -109 -110 -111 -112 112 -114 -115 115 -117 -118 -119 119 125 -122 -123 -124 -125 -126 -127
leaf_value=-7.2033659415052327 -2.4747050701839921 -5.1022966985973079 -9.5201422132179996 -8.1934418351004279 -5.0703461778358969 -5.8516110652024516 10.373171451536086 8.2695990340554903 6.4778767640491033 1.9219180921064876 -7.3401503810800666 -5.7991986961300794 3.0813122165335765 1.0731432136005379 -9.1670248198536246 -0.48721804623227122 8.216638249264717 -6.4054121718418306 5.8992534003552892 2.7073492238160188 6.2867003851442202 9.9944013878071125 2.6215492668105598 7.1507178438572838 -6.6313923821319456 -0.47487072741808628 -10.963466751550371 7.3071408851163318 -5.8728118803889711 5.3535123921459382 3.1532635148450767 2.3039044945186142 -7.4870938012991575 -2.8851488053850058 7.2383689731470717 2.183477558933109 -3.6208525763707948 2.3544116888543742 -0.82975225875027869 0.075998022833066489 -0.82650033480403762 -5.9205023703127324 7.0467006224306381 -5.1847698827550763 2.2222078307355289 -6.3829626002370388 -4.0455043203204033 -3.0412284776467726 -9.9220757693516077 7.77550398609442 2.2108306512226772 -7.4250914053001829 4.492498174640267 -7.9032073537662502 14.823267734352946 7.6136752941406316 -8.9556509891427059 5.1563023626643734 -8.3186409217131594 2.164247723304686 5.6296787560696231 -3.0601167600074382 -1.7384249307829713 -8.3473142143685095 4.6382743743272794 -8.3813177180674696 -4.5312431574706755 4.0529348959423137 4.3498983596961507 -7.2779581383831191 -11.913579598101061 -9.9799301236682041 -5.3205853781909589 -7.0607710270622581 11.443853988458576 -3.0151933660109975 7.9285901398153671 3.7222926992890084 -2.2668530400048246 -0.85678258719896583 -1.9726738387718983 4.7722038138335519 20.26090309686127 -7.503629223648919 -2.8852419815515589 -10.459626568815121 -2.1527966053324739 -2.3017240848955582 -8.3093496098222825 4.0907673257132489 0.45417710910942088 11.443837651606191 -4.263591756807088 7.421549732453073 -0.851073406064079 0.61267716457204191 4.6202969627175241 0.027856765987696954 -0.21495471600493865 -8.1602539487835628 -4.7699430437442869 -6.3665563539982664 7.9546337385862431 -2.4642957999301589 2.7824353297447932 -6.960028054542085 -3.7855793361061227 -0.42901934967090227 -2.5106354082397608 -6.4229174568628737 9.4088443799299046 15.150110353355309 -7.7854953012417241 -0.24207608664144092 -0.33986143236027938 6.620812906339328 8.7296132185145918 -6.1244579395083525 -0.51932928506149079 14.795092170703317 -2.2167576653938457 7.4651501239506972 5.5847111105747729 -5.1061741536685101 3.4147377551607541 5.4576319358321719
leaf_weight=306.10142856836319 1825.8210162222385 1599.4914260804653 1090.1901281476021 6549.1294650733471 871.46620634198189 1931.0529742240906 110.19788217544556 3883.0199786424637 262.14893892407417 3379.2670893371105 1330.8288794159889 2567.0148180425167 2658.2436886429787 531.73781263828278 2472.0571276843548 1006.0070826411247 1219.1408939659595 593.42559176683426 4984.3994887769222 1881.3867877721786 884.52745404839516 3201.3067874908447 1727.8355168998241 808.57520988583565 215.87388798594475 1491.8267342150211 315.08583980798721 137.44031339883804 928.21776160597801 812.14272195100784 401.07063883543015 1469.0259793996811 2443.6349227428436 522.69794693589211 692.36921268701553 1470.4028568267822 437.22093024849892 256.49722149968147 801.02594056725502 2236.4025880694389 798.25327834486961 262.77777799963951 4824.9303788840771 653.40981587767601 2725.4113556742668 624.98053199052811 1372.8542218208313 758.69732531905174 1834.7692872285843 208.33384466171265 1783.1629176735878 1316.397497177124 995.00609025359154 310.8741729259491 164.49922525882721 165.95680764317513 263.28683257102966 632.03268533945084 1119.7493303418159 3627.0069894790649 3317.8959005773067 2599.0478935241699 2392.8428266048431 1229.4089931249619 375.22239661216736 667.1255190372467 1094.3770937919617 333.23587992787361 1979.4847431182861 196.45287933945656 1786.2005770802498 2937.9398324489594 382.41670572757721 1317.4968979358673 704.23046112060547 1045.7470805644989 3751.2721035182476 1091.0325699448586 1412.7255408167839 477.5626163482666 384.45246520638466 411.6460320353508 101.50666683912277 181.98863047361374 996.6060286462307 309.18038782477379 1236.2228197753429 733.53903207182884 123.16563871502876 3178.6428009867668 619.17080530524254 455.7897475361824 1191.8829700350761 60.612081289291382 563.57336017489433 279.188227891922 1706.9558471739292 609.33343899250031 1538.5397697687149 333.23831948637962 228.23579889535904 422.77359834313393 563.55175465345383 1003.8074651956558 1350.5181334614754 1678.2566632330418 243.99602091312408 1664.7209739089012 268.58995452523232 871.49158126115799 166.67578661441803 49.303560256958008 1358.3379325866699 1140.2200559675694 916.01800706982613 831.33785307407379 1613.0230061113834 577.75847598910332 404.40530729293823 177.68068844079971 405.01312926411629 1043.3571434617043 4637.3958584368229 919.41862457990646 1133.3836498558521 1910.970633149147
leaf_count=340 2279 1973 945 5151 1039 2354 130 4344 301 4883 1311 3100 3573 647 1881 1403 1415 841 6211 2618 1124 3134 2415 1034 200 2203 347 167 1008 1085 468 1993 2053 737 823 2059 570 318 1119 3231 1151 340 5759 710 3866 692 1764 879 1645 247 2213 1219 1214 406 169 199 292 817 906 5158 4313 3585 3251 1203 459 615 1025 494 2629 236 975 1992 527 1497 695 1155 4790 1480 2033 526 402 496 95 214 1431 279 1382 938 123 4323 870 474 1316 87 592 337 2330 947 2214 393 247 537 672 1410 1748 1428 293 2528 366 904 185 35 1320 1373 1374 1087 1882 821 561 171 509 1383 6166 980 1504 2520
internal_value=-6.54096e-07 2.41812 -3.76109 -4.47403 -3.57343 0.723535 -1.75583 4.33527 2.11666 5.3185 -0.429177 -1.14469 -0.516586 0.259104 -5.25832 0.0861746 1.61003 2.38817 3.6189 3.18422 -0.306855 6.74308 3.73412 4.44743 -6.56993 4.95259 2.02364 -1.29405 -3.41014 -2.67044 -7.99119 3.1664 -4.31024 -1.03871 -1.32444 -0.979561 3.03518 -1.49149 4.06068 3.42186 5.93919 4.94091 5.26518 -5.00217 1.73794 0.0772587 -0.0182829 0.836253 -6.82184 -2.05151 2.13669 -3.55475 -2.66792 0.457731 2.9213 4.59771 -2.54952 0.103934 -4.88519 4.15623 3.69038 -0.682088 0.495723 -4.56171 -2.2477 -3.5309 -1.41665 -2.54673 2.27641 2.36841 -8.99064 -7.94049 1.29407 -5.52648 6.58565 0.100601 5.5538 6.18596 0.422588 -6.78634 1.64451 3.63487 7.83602 2.17713 0.827086 -3.63104 -4.3359 -6.08812 -2.42449 5.87274 -4.64896 5.25722 -3.06728 -8.62783 -7.38706 -6.65657 2.8796 4.76052 -0.912783 -2.55993 2.76429 1.0882 3.08384 -0.506846 0.545401 -5.4243 3.24214 -1.99957 4.80099 -4.35079 1.87965 -4.47506 -6.98216 -2.76889 5.24216 2.97181 6.70926 -1.82827 5.75212 5.15358 3.35236 4.15036 6.10904 -8.3144 1.42635 6.25197
internal_weight=156435 95216.9 61217.9 54044.2 43026.8 50542.3 20698.3 44674.6 28952.6 29684.7 14693.6 21589.8 19022.8 13362.8 22328.5 17091.7 7173.7 14989.9 13535.8 20098.9 8853.61 16148.9 17720.5 14579.9 13060.1 9159.94 7671.13 8439.22 9268.41 8117.6 11017.5 12731.7 4930.68 7969.08 3264.59 2737.9 1129.59 9420.58 3909.11 12425.6 12947.6 9064.6 8801.83 6004.7 4227.28 5944.53 6369.59 5319.55 3615.93 861.744 3990.23 7061.47 5745.07 3418.7 4923.53 3086.8 429.244 1836.73 2682.15 10189.2 4933.24 7846.59 5247.54 2494.69 2388.77 2013.55 2207.86 1204.7 3471.31 2854.7 8335.33 8129.39 3107.83 1573.99 5688.63 2268.99 10352.7 8471.27 3140.56 5191.45 1113.48 897.605 513.153 2689.97 4375.87 2135 1903.35 1962.95 1562.4 8003.57 1267.49 6562.21 1329.32 1150.8 4713.89 2722.82 2507.98 3927.23 2378.45 952.409 1223.24 4996.73 2219.63 2777.1 2354.33 2241.83 1056.14 2258.15 4720 1161.33 289.841 3476.08 1407.64 2068.44 4451.41 1747.36 2704.06 2116.3 2657.56 2493.06 3231.53 2826.52 5093.19 2754.19 1656.08 2088.65
internal_count=187200 124763 62437 53408 44696 66929 23688 57834 38683 37103 17520 28246 25146 16209 21008 22792 9029 20731 18052 27214 11469 19051 23878 19430 11027 11738 10332 9947 9981 8949 8712 17362 4608 10345 3951 3669 1393 12460 5078 17022 15917 11573 11233 6168 5833 7159 8372 6467 3582 957 4984 7571 6352 4799 6262 3912 491 2350 2586 13791 6663 10645 7060 2788 2586 2127 2218 1533 4832 3809 6126 6419 4393 1815 6906 2616 13597 10979 4448 4427 1193 993 591 3663 6314 2558 1997 2141 1680 10082 1610 8633 1483 1032 3901 2390 3449 5260 3336 1263 1461 6608 2913 3695 3158 2020 1378 3369 6189 1212 308 3736 1355 2381 5823 2461 3362 3035 3421 3252 4105 3596 6640 2625 2241 2691
is_linear=0
shrinkage=0.05


Tree=23
num_leaves=127
num_cat=0
split_feature=38 29 11 25 27 40 25 5 27 6 5 25 38 11 29 5 33 44 25 23 25 33 11 37 5 13 23 5 23 25 38 6 26 25 6 33 29 23 11 38 29 11 15 36 39 33 23 25 35 36 39 33 14 27 33 33 23 6 33 33 23 18 42 39 15 39 14 9 37 9 38 23 37 11 15 8 14 23 33 14 12 37 15 25 30 15 37 5 11 33 36 14 23 22 12 33 39 4 29 23 25 5 23 40 7 25 8 6 25 23 12 5 15 43 46 11 39 36 36 33 11 37 14 40 33 12
split_gain=5.17059e+08 1.52941e+08 6.90088e+07 4.90547e+07 4.81047e+07 3.75545e+07 3.24848e+07 3.12327e+07 2.91009e+07 2.87221e+07 2.61193e+07 2.41327e+07 2.38863e+07 2.18013e+07 1.8751e+07 1.71771e+07 1.71505e+07 1.5367e+07 1.43537e+07 1.43247e+07 1.41159e+07 1.3848e+07 1.29776e+07 1.28915e+07 1.25553e+07 1.22349e+07 1.21776e+07 1.07948e+07 1.05368e+07 1.01532e+07 1.00569e+07 9.77377e+06 9.76474e+06 9.75467e+06 9.72209e+06 9.50795e+06 9.47829e+06 9.1654e+06 8.84833e+06 8.49449e+06 8.48524e+06 8.30286e+06 8.07685e+06 8.03956e+06 8.02385e+06 1.07489e+07 8.02093e+06 7.84577e+06 7.42598e+06 7.31079e+06 7.12454e+06 7.10953e+06 8.96448e+06 7.08795e+06 6.96768e+06 6.95757e+06 6.94772e+06 6.69084e+06 6.68102e+06 6.63898e+06 6.62254e+06 7.1194e+06 6.87706e+06 6.62248e+06 6.45643e+06 6.40149e+06 1.08765e+07 6.88081e+06 6.92264e+06 6.94238e+06 6.37072e+06 6.30958e+06 6.23879e+06 6.22657e+06 6.11293e+06 6.11144e+06 6.00305e+06 7.94179e+06 6.92504e+06 5.86642e+06 6.16674e+06 6.08558e+06 5.83791e+06 5.8003e+06 5.7999e+06 5.74424e+06 5.63406e+06 5.62814e+06 5.61989e+06 5.59795e+06 5.56096e+06 5.49066e+06 5.49113e+06 5.44591e+06 5.42458e+06 5.4217e+06 5.41031e+06 5.49823e+06 5.34172e+06 5.33973e+06 5.32693e+06 5.28976e+06 5.2846e+06 5.25842e+06 5.21406e+06 5.20478e+06 5.17792e+06 5.16683e+06 5.12526e+06 5.87711e+06 5.08643e+06 5.04482e+06 5.02687e+06 5.00947e+06 5.24214e+06 4.99552e+06 4.90967e+06 4.90169e+06 4.89815e+06 7.18028e+06 4.82411e+06 4.78576e+06 4.76558e+06 5.6699e+06 4.68676e+06 4.67852e+06
threshold=0.010833333333333335 0.017253086419753091 0.25308830257739828 0.13055555555555556 0.011697530864197532 0.0015223665223665229 0.10833333333333335 0.17883795309168446 0.028364197530864197 0.21076774505070017 0.060737812911725968 0.10833333333333335 0.017253086419753091 0.22009174311926608 0.0077083333333333335 0.14009345794392528 0.017863974085059308 1.0000000180025095e-35 0.21944444444444447 0.020876778538068866 0.13611111111111115 0.039999370108498661 0.32934002869440465 0.069444444444444461 0.18942218080149117 6.5000000000000009 0.020271587376850538 0.085867895545314918 0.018159787367104444 0.11944444444444445 0.021203703703703707 0.1502688172043011 8.5000000000000018 0.063888888888888898 0.11443452380952382 0.058037238970252425 0.0073148148148148157 0.03797547547547548 0.19837990292535748 0.016944444444444446 0.027500000000000004 0.21631706333198872 17.500000000000004 0.0058333333333333345 0.02675925925925926 0.018046523593380621 0.023235879926020775 0.097222222222222238 1.0000000180025095e-35 0.0052777777777777788 0.0081790123456790143 0.016021954984635017 3.5000000000000004 0.05618055555555556 0.014325426327506966 0.060253738337578903 0.016484468339307053 0.19727575982209047 0.04796150058001885 0.014229823701018779 0.034575617283950623 3.5000000000000004 4.5000000000000009 0.0093518518518518542 12.500000000000002 0.0084876543209876556 10.500000000000002 8.5000000000000018 0.069444444444444461 4.5000000000000009 0.023981481481481482 0.020005393743257823 0.96944444444444455 0.24456264775413714 20.500000000000004 15.500000000000002 8.5000000000000018 0.029646164021164025 0.018330377069088081 5.5000000000000009 17.500000000000004 0.7861111111111112 17.500000000000004 0.075000000000000011 0.01404320987654321 20.500000000000004 0.069444444444444461 0.085867895545314918 0.32772752967778412 0.023552388433461819 0.02194444444444445 7.5000000000000009 0.024255696782319942 25.500000000000004 19.500000000000004 0.021453415695731975 0.028055555555555559 8.5000000000000018 0.018293650793650796 0.016130755445271577 0.075000000000000011 0.035929432013769365 0.022489998709510909 0.0011775970109303448 11.500000000000002 0.10833333333333335 2.5000000000000004 0.041885964912280707 0.13055555555555556 0.015627942561205279 1.0000000180025095e-35 0.086688137412775104 6.5000000000000009 1.0000000180025095e-35 1.0000000180025095e-35 0.21286446020488578 0.029537037037037039 0.003402777777777778 0.023981481481481482 0.036375203300954499 0.23046398046398051 0.21944444444444447 15.500000000000002 0.0014230874489495179 0.042085659463998386 5.5000000000000009
decision_type=2 2 2 2 2 2 2 2 2 2 2 2 2 2 2 2 2 2 2 2 2 2 2 2 2 2 2 2 2 2 2 2 2 2 2 2 2 2 2 2 2 2 2 2 2 2 2 2 2 2 2 2 2 2 2 2 2 2 2 2 2 2 2 2 2 2 2 2 2 2 2 2 2 2 2 2 2 2 2 2 2 2 2 2 2 2 2 2 2 2 2 2 2 2 2 2 2 2 2 2 2 2 2 2 2 2 2 2 2 2 2 2 2 2 2 2 2 2 2 2 2 2 2 2 2 2
left_child=4 2 5 12 6 7 13 9 19 11 22 14 28 49 -2 43 33 24 37 82 36 34 23 100 40 71 83 31 54 88 51 60 -11 -6 65 44 -12 70 -35 79 47 56 84 -15 45 -25 106 55 -23 72 -41 -7 -53 110 -3 -14 -27 87 -24 -45 61 -21 -62 -49 -17 85 67 68 -67 120 -10 -13 93 -36 -43 113 77 78 -30 81 -81 -38 -5 -18 95 94 -84 -40 91 -32 -22 92 103 -1 -16 -9 97 -61 -31 -19 -4 -48 -89 -28 -56 -46 -8 -39 109 -108 121 -91 -98 -51 -115 -72 -112 -110 119 -29 125 -20 123 -111 -52 -70
right_child=1 3 10 8 16 30 46 42 18 32 20 25 17 15 21 64 26 99 53 27 90 48 58 35 -26 41 29 118 76 98 89 -33 -34 38 73 -37 39 107 57 50 -42 74 -44 59 105 -47 101 63 -50 75 124 52 -54 -55 104 -57 -58 -59 -60 96 62 -63 -64 -65 -66 66 -68 -69 69 -71 115 -73 -74 -75 -76 -77 -78 -79 -80 80 -82 -83 86 -85 -86 -87 -88 102 -90 111 -92 -93 -94 -95 -96 -97 112 -99 -100 -101 -102 -103 -104 -105 -106 -107 108 -109 117 122 116 -113 -114 114 -116 -117 -118 -119 -120 -121 -122 -123 -124 -125 -126 -127
leaf_value=11.931530741505348 4.6452332469158906 -3.5291253983009883 -7.9256123257055684 11.952600879516787 -3.6315072393813317 -6.1100089525849821 2.3399922720448711 -2.1933235714958852 -1.3841988016277496 -5.6655095079811311 -1.2667877109549015 11.416694127568011 -6.3323646179725905 4.568936606162608 5.5310701816379719 -0.42225663505388528 2.840601906314705 3.9305025560066378 -10.428961264619117 6.6362629033307945 1.2235670156923071 10.366074131146206 -6.5025543393395679 -0.78689715303326757 -10.243866753341692 11.765907665554796 7.7830679140274945 -3.5330236467568379 -4.4259679021493747 5.2802507830300414 -13.1429279770664 -4.6344434871013531 10.312838921454619 4.2737097681196179 -2.1458315103584109 8.0681336324081894 -0.5018816352576273 -5.7130791120712479 1.3587741055339677 -0.20008978823609486 -7.7844106100113342 2.0029089764907919 -8.1645643936848096 0.35843398239926105 -3.6155842141321912 4.3352087997294246 6.2243958156884345 5.0164176012424946 1.916599161330911 1.7448107236093564 -8.4750170851615216 1.4251115463717501 -4.5272567134406847 -4.8580240781468085 3.955510758202315 2.5731692494429441 4.415198299515799 -7.3778731810334923 5.8255391590395931 4.2896096420399674 -1.2922581211800832 0.60624010335717282 10.521768882358813 -3.1122939636574158 -7.0427829267523308 -3.7775912715071116 -4.7386119146656025 5.6149664300157047 -4.3246762079996071 3.3291937760051442 -0.66666424624986631 6.0378740415835708 -9.257523595518526 -9.9584467578499325 -10.507208821150167 9.7226109368477793 -7.186418112403846 -6.6560818323270441 0.50029290335081411 -4.9679414907038257 -13.941444054912825 -7.9391860347448846 9.995043395236813 8.0546963222639256 -4.0039480749684913 -1.2427374251748573 -8.0936214087080902 0.055681574152902806 -11.718750842683063 -3.0483820647491147 -4.6815357787395451 -3.7498056556629771 -1.1132780635739066 6.2771799591798016 -10.428423822476589 6.6533683349862445 1.8484215254266574 -3.6955194988877111 1.1771807823950595 -9.4855195164503652 -2.1561238070992923 3.1300959256101364 -5.8596288261122069 -0.029374937532256309 21.523049943238405 0.87506225931493464 9.7404360588604604 -9.8581635584381999 13.124066322823552 6.5088444236292151 2.8493845594756855 -10.042814774253815 -5.3217106843029196 1.4807951585922263 5.0908418198553189 -7.5647572011509201 -2.3577483358549398 8.0062246612316343 -5.9786839239109355 4.967237100793958 -6.6913915779669058 -0.80407240904917998 -1.1929903791768908 -0.72745317962462341 -3.0699651755936017 2.1329119901579863
leaf_weight=487.52204605937004 3383.818242430687 360.81824636459351 591.68402397632599 312.2067791223526 1895.9181023240089 702.23168990015984 521.13573679327965 390.70347341895103 1256.2903397083282 1373.9977799057961 1298.720239430666 754.72450414299965 3614.2114085555077 4819.5796830058098 1291.5981682240963 1907.0427688956261 899.16108870506287 75.149532198905945 221.24372723698616 934.89125272631645 1349.8780896365643 487.36555033922195 1279.7347658276558 2174.9985972642899 1550.0916060209274 370.87545368075371 472.41131198406219 1105.5698012113571 1426.0184151530266 1839.0505207479 259.43026575446129 807.12430727481842 102.76911556720734 1225.0304651856422 1661.167464017868 410.29962068796158 1392.7771645784378 1366.0467086136341 2803.0501844286919 325.09738129377365 2578.6492090821266 2767.6144347786903 699.61519730091095 3589.2234486937523 1665.5463360249996 1935.9145821928978 2950.0312027931213 283.02804893255234 557.48677042126656 2069.3311685025692 3687.9873536229134 1954.7498621046543 935.13726505637169 1515.2699332237244 410.77150943875313 233.4884477853775 2412.4948406219482 328.68256363272667 120.22242945432663 4606.2372588515282 1978.0231315791607 1027.4424076080322 131.36245420575142 2184.3931927084923 456.38259959220886 920.10824465751648 1086.2367696166039 642.27877932786942 406.57359981536865 1725.5426690578461 330.76004862785339 1964.0288701057434 59.984135061502457 301.28865814208984 101.2201184630394 477.01954090595245 1441.6956686675549 1316.5095009803772 1427.5455680787563 1652.3327661454678 216.54876798391342 342.73380562663078 81.959826409816742 1311.123441696167 1188.9520716369152 536.96168696880341 90.669962137937546 913.01083824038506 109.11690527200699 890.29942241311073 565.79997318983078 760.65094411373138 1085.572477042675 3365.6695969700813 55.532857805490494 311.07718622684479 1676.2588993608952 226.15959289669991 1394.8989740312099 5673.7785683870316 1235.4330591261387 2597.1522544622421 643.81566047668457 395.88557893037796 47.077839732170105 1053.3026579022408 875.04542610049248 1671.9125313460827 525.44859156012535 2464.0224935114384 1112.532228320837 362.87367036938667 286.17946237325668 1194.0614852011204 6371.1164833307266 1271.0197194814682 763.24480104446411 4268.5148983001709 1179.0537007153034 320.44599437713623 323.02684330940247 310.27528461813927 274.51053076982498 304.10542920231819 450.0005396604538 904.41560369729996
leaf_count=429 4524 411 636 312 2534 760 684 478 1473 1682 1730 758 3260 6385 1663 2721 1178 88 171 1194 1718 598 1410 2804 1003 352 622 1281 1614 2474 177 825 113 1700 2209 527 1812 1269 3939 358 2046 3646 739 5339 2044 2337 3657 335 740 2900 3212 2721 1199 1722 494 273 3294 418 152 6274 2353 1208 160 2282 614 1217 1428 854 477 2287 342 2456 77 308 143 528 1588 1397 1767 1967 173 361 94 1573 1446 699 100 1318 121 943 597 1048 1578 4148 66 409 2444 338 2005 3718 1549 3518 875 549 41 1346 858 1250 425 3009 1489 297 413 1680 8417 1008 851 4757 1062 436 416 325 391 392 554 1242
internal_value=-6.57973e-07 -2.34318 -0.591454 -4.66557 3.52648 0.891978 4.34359 1.64267 -2.70092 2.20274 -2.76222 2.64316 -6.21025 3.43841 1.39385 2.26481 1.16969 -7.23408 -4.52288 -0.456019 -4.43121 0.384448 -0.963316 -0.271526 -6.09129 4.77485 2.75684 -0.995592 -3.63211 1.59772 -3.03766 0.392006 -4.55357 -0.510604 -0.195868 0.675578 -5.23107 -6.08218 0.489969 -5.86925 -5.36754 3.44911 -3.57473 2.88125 0.231469 1.62521 6.27838 -4.38066 5.85781 4.90844 -7.32728 -1.59753 -0.501013 -2.17907 1.66697 -5.79195 5.39466 -0.49865 -5.44387 2.09794 1.38838 3.47905 -0.556537 -2.17988 -1.70069 0.587249 -0.210175 0.789218 0.0649849 1.11738 -4.04973 7.53103 6.7435 -3.34527 1.56152 4.19827 -4.40516 -3.44361 -1.96152 -4.06386 -6.00771 -1.97062 7.87281 5.93356 -1.87638 3.13015 0.494374 0.0199614 -0.592984 -6.45769 -0.520519 -0.145756 1.25732 6.99259 4.87317 1.72814 3.0168 3.9159 3.51047 -9.31015 -4.02448 4.77567 -2.39056 4.22111 5.76187 -1.87587 7.18123 -7.99429 7.47083 6.12927 -0.492807 -5.07372 0.802812 3.92476 4.52104 -6.14033 0.730627 8.56717 -3.59432 -1.62289 -1.21832 -4.81041 5.09072 5.71387 -7.88723 0.130237
internal_weight=156435 93985.8 53575.2 40410.6 62449.1 31826.2 46371.7 26721.5 17787.3 24131.1 21749 22654.4 22623.2 31591.8 14283.4 17567.1 16077.4 16192.8 9818.6 7968.75 11281.9 10899.6 10467.1 9067.18 10443.9 8370.96 8267.87 7483.91 6430.44 6057.59 5104.72 4878.84 1476.77 7809.51 9854.73 7240.06 9366.2 5896.03 5913.59 8067.48 8893.77 5652.2 2590.35 15203.6 6829.76 4110.91 14780 6315.12 1044.85 14024.7 4463.09 3592.12 2889.89 3922.57 818.668 3847.7 2783.37 4688.56 1399.96 10384.1 4071.72 1962.33 2109.39 2467.42 2363.43 7892.28 6008.18 4921.95 4279.67 3359.56 2858.07 2718.75 3913.18 1962.46 2868.83 10111.5 5611.77 4170.07 2853.56 3604.39 1868.88 1735.51 484.837 2210.28 1890.73 1884.09 172.63 4359.88 2823.64 1512.6 1915.68 2714.52 1953.87 3853.19 1347.13 701.781 6794.84 4832.4 3233.95 5748.93 1827.12 5547.18 1556.83 868.297 457.849 2718.85 9232.78 3037.96 8711.65 3917.68 2407.3 1253.17 1962.44 9634.51 7565.18 1601.78 1875.78 4793.96 2605.07 1426.02 1634.02 531.519 3042.64 2768.13 4137.99 1310.99
internal_count=187200 104870 65628 39242 82330 40341 60398 34244 18925 31172 25287 29377 20317 42707 18728 24528 21932 13005 9900 9025 12482 14204 12805 11243 9199 10649 11148 8519 7312 8397 6097 5740 1795 10784 12866 9058 10167 5342 8250 8437 8196 7435 3072 21193 8531 5141 17691 6150 1338 18179 4124 4680 3920 4558 946 3533 3646 6550 1562 14808 4915 2402 2513 2617 3335 10349 7921 6493 5639 4422 2823 3214 4654 2517 3789 13525 6366 4778 3381 4313 2140 2173 506 2751 2333 2428 194 6132 3918 1417 2315 3797 2749 4577 1729 887 9469 6612 4479 3806 2185 7175 2193 1171 535 3390 10516 2519 9832 4650 2836 1240 2857 12997 10097 1350 2340 5182 2779 1717 2135 496 3792 3401 3766 1719
is_linear=0
shrinkage=0.05


Tree=24
num_leaves=127
num_cat=0
split_feature=36 38 27 1 1 1 44 0 39 21 46 5 37 39 30 29 1 13 1 14 0 32 1 5 37 0 1 14 39 11 26 44 11 24 25 16 15 39 1 43 0 15 39 14 24 11 37 26 25 39 14 22 24 11 11 1 32 38 39 5 30 25 39 1 39 22 21 1 6 15 9 6 25 11 46 32 11 14 15 11 25 11 30 11 9 15 11 6 21 0 25 32 37 1 10 15 5 22 11 9 1 30 29 24 39 11 14 0 10 32 26 29 29 14 32 30 27 13 11 11 37 1 15 0 7 30
split_gain=4.67994e+08 1.12039e+08 7.8391e+07 5.86192e+07 6.1816e+07 5.09299e+07 4.07506e+07 3.49498e+07 2.50919e+07 2.23348e+07 2.23911e+07 2.17195e+07 2.14429e+07 2.12868e+07 2.11391e+07 1.94665e+07 1.92468e+07 1.84136e+07 1.81511e+07 1.63958e+07 1.73671e+07 1.58226e+07 1.51291e+07 1.69399e+07 1.73186e+07 1.64434e+07 1.49065e+07 1.44102e+07 1.40171e+07 1.3294e+07 1.31623e+07 1.28482e+07 1.20317e+07 1.10682e+07 1.08134e+07 1.06937e+07 1.06895e+07 1.0854e+07 1.0226e+07 9.76576e+06 9.75137e+06 9.67169e+06 9.54268e+06 9.45454e+06 9.31867e+06 9.27153e+06 9.11489e+06 8.7856e+06 8.69115e+06 8.67828e+06 8.67785e+06 8.59594e+06 8.40621e+06 8.37318e+06 8.34788e+06 8.2679e+06 8.20082e+06 8.19157e+06 8.15001e+06 8.12656e+06 8.07384e+06 7.85045e+06 7.83465e+06 7.75649e+06 8.13904e+06 7.36642e+06 7.34357e+06 7.29826e+06 7.23794e+06 7.21532e+06 7.04276e+06 6.86975e+06 6.85269e+06 6.72434e+06 6.70846e+06 6.50918e+06 6.18522e+06 6.73583e+06 6.06642e+06 6.03414e+06 6.01929e+06 6.00979e+06 5.93931e+06 5.9262e+06 6.62769e+06 7.52809e+06 5.902e+06 5.69426e+06 5.65232e+06 5.6237e+06 5.612e+06 6.26511e+06 5.583e+06 5.87886e+06 5.52427e+06 5.52351e+06 5.47959e+06 5.42676e+06 5.36395e+06 5.31119e+06 5.25703e+06 5.17251e+06 5.3236e+06 5.10416e+06 5.08012e+06 5.06652e+06 6.48585e+06 5.00055e+06 4.93295e+06 5.36667e+06 5.45247e+06 4.91883e+06 4.9053e+06 4.87788e+06 4.87738e+06 4.87558e+06 4.72847e+06 4.7056e+06 4.69941e+06 4.67539e+06 5.03857e+06 5.48425e+06 4.63174e+06 5.1073e+06 4.61576e+06 4.60572e+06
threshold=0.016388888888888894 0.0081790123456790143 0.010833333333333335 4.5000000000000009 -5.4999999999999991 7.5000000000000009 1.0000000180025095e-35 56.500000000000007 0.017839506172839508 41.500000000000007 1.0000000180025095e-35 0.052289815447710192 0.019444444444444448 0.0099382716049382733 0.0065740740740740751 0.012870370370370372 9.5000000000000018 6.5000000000000009 13.500000000000002 10.500000000000002 98.500000000000014 0.014201940035273369 -6.4999999999999991 0.060120481927710849 0.063888888888888898 42.500000000000007 4.5000000000000009 23.500000000000004 0.0099382716049382733 0.22439443066946407 1.0000000180025095e-35 1.0000000180025095e-35 0.25105042016806728 0.021688070474514102 0.14166666666666669 3.5000000000000004 9.5000000000000018 0.028364197530864197 14.500000000000002 1.0000000180025095e-35 19.500000000000004 12.500000000000002 0.003402777777777778 3.5000000000000004 0.021898518988499 0.27511467889908264 0.84722222222222232 1.5000000000000002 0.14722222222222223 0.0093518518518518542 3.5000000000000004 25.500000000000004 0.020553377021342197 0.26425937974409025 0.28992753623188411 -11.499999999999998 0.030582788671023969 0.028950617283950621 0.003402777777777778 0.15569985569985573 0.0058333333333333345 0.11944444444444445 0.013263888888888889 15.500000000000002 0.035634920634920637 32.500000000000007 27.500000000000004 13.500000000000002 0.11733416770963706 23.500000000000004 5.5000000000000009 0.21473779385171793 0.075000000000000011 0.20541829745596871 1.0000000180025095e-35 0.019214860352155437 0.21828631138975971 15.500000000000002 1.5000000000000002 0.2097338145725243 0.16944444444444448 0.19650488400488403 0.020069444444444449 0.26944684528954194 2.5000000000000004 3.5000000000000004 0.32934002869440465 0.12294197031039138 41.500000000000007 67.500000000000014 0.036111111111111115 0.022824454889672285 0.9472222222222223 -7.4999999999999991 9.5000000000000018 5.5000000000000009 0.11173533083645444 26.500000000000004 0.20816666666666669 1.5000000000000002 -6.4999999999999991 0.025625000000000002 0.044722222222222226 0.051752531880171447 0.016080246913580249 0.20656665468918436 7.5000000000000009 109.50000000000001 12.500000000000002 0.015479443143377571 1.0000000180025095e-35 0.0078571428571428594 0.02675925925925926 6.5000000000000009 0.023486446745940422 0.0039285714285714297 0.0071825396825396836 1.0000000180025095e-35 0.17080889163322016 0.39369100844510685 0.036111111111111115 -12.499999999999998 11.500000000000002 75.500000000000014 5.5000000000000009 0.0058333333333333345
decision_type=2 2 2 2 2 2 2 2 2 2 2 2 2 2 2 2 2 2 2 2 2 2 2 2 2 2 2 2 2 2 2 2 2 2 2 2 2 2 2 2 2 2 2 2 2 2 2 2 2 2 2 2 2 2 2 2 2 2 2 2 2 2 2 2 2 2 2 2 2 2 2 2 2 2 2 2 2 2 2 2 2 2 2 2 2 2 2 2 2 2 2 2 2 2 2 2 2 2 2 2 2 2 2 2 2 2 2 2 2 2 2 2 2 2 2 2 2 2 2 2 2 2 2 2 2 2
left_child=1 9 13 4 15 6 8 11 19 10 26 43 28 59 38 33 34 51 31 32 122 -8 103 24 117 78 61 68 79 71 41 47 114 73 36 48 37 53 -5 52 -13 62 60 46 -32 66 86 54 56 -46 -42 -12 -19 90 72 104 100 83 -28 76 -7 92 -31 64 80 -53 124 97 98 -61 -68 82 -16 -3 -30 -35 115 -78 99 -9 -44 -29 108 84 -25 88 -6 89 -86 113 -15 -92 93 -1 -47 -64 -43 -60 -22 -26 -23 102 -74 112 -17 -72 -107 -40 109 -14 -111 -39 -10 -57 -4 -2 -45 -24 -54 120 -34 -122 123 -21 -41 -50
right_child=2 3 5 14 7 42 21 12 22 -11 17 40 29 16 18 55 -18 39 -20 20 27 35 23 57 25 -27 58 81 74 30 44 -33 119 75 -36 -37 -38 111 107 45 50 96 63 116 49 94 -48 -49 125 -51 -52 65 118 -55 -56 87 -58 -59 67 69 -62 -63 95 -65 -66 -67 70 -69 -70 -71 105 -73 101 -75 -76 -77 77 -79 -80 -81 -82 -83 -84 -85 85 -87 -88 -89 -90 -91 91 -93 -94 -95 -96 -97 -98 -99 -100 -101 -102 -103 -104 -105 -106 106 -108 -109 -110 110 -112 -113 -114 -115 -116 -117 -118 -119 -120 -121 121 -123 -124 -125 -126 -127
leaf_value=-1.7726898831141324 14.2309675406224 2.1041038162062695 7.2249300908553984 4.944861162667288 4.7296506388901056 9.3044814437766288 15.587052358323298 7.0811238714681695 -6.0105168811837615 7.589799926721958 10.15334410190755 -9.8180170736145218 12.897389016213916 -2.5214001067732434 -1.7009648766277099 -3.810246721865612 -8.0054282202586986 -1.5488777175932411 -6.9225240635452456 -11.828640131871589 9.2129908098450226 -7.7816663102000847 -11.128187199958205 -10.261608190251367 -8.499813277338566 2.0594859115954711 8.5694372315516354 -0.99222975177768036 -6.7003962817623295 9.5110888468640393 -4.4879670083188739 -6.0228669856871946 -4.3494607407837682 5.9267115751543429 4.431279650200227 -9.6460963302172331 -6.7128816280086445 0.095876411130470574 -7.5739557739734469 4.3579078326027139 0.45969401225362455 2.0767969024331387 -6.6583006050447784 4.9986711867013156 8.4041427830381181 3.9712209589968555 -0.52824622109622943 -5.5425781935486853 9.920142371755718 0.68098692283623619 -4.1339367987098905 3.5536735309031364 -7.5026677270777729 -1.5002777509769842 -3.745700721756906 -2.0742951471673705 -8.6335524399445198 -7.0029271371481672 -8.828888729415274 1.1697620947136025 -7.7836611588850859 6.0953357806862964 6.5522085214685548 -10.325917090855155 -9.5171979574082926 7.171330797809917 2.0664147073346935 -8.7247551390732561 -2.5592485853857885 -16.247819708763721 6.4975286503410263 -2.7084478718351868 3.7627372106959345 -2.2585872441275607 -0.29707663563199049 0.91389298928930529 5.1529421115617939 -2.9634656425589396 -5.0121043064039705 1.439192207845692 -1.8584321044745327 -10.063548177947991 5.0265653520155951 -5.5910906519391945 0.80359064982300055 -3.4020663208544946 -2.7078767549693885 -5.3747480557055276 12.584806742735296 1.8372083019522691 9.2828743347697333 2.6314821551919967 -5.3338187960609069 3.1443357346138563 -1.0385576905625891 3.0397650241291987 -7.5925579730283062 -0.18133630972762371 2.2483966839877989 1.2949747914584169 -3.8062525167924508 -0.63497198637819174 -7.845581053073774 -1.009896643226103 -9.1383878137790813 5.7510095399510996 2.4581472653746652 1.0855719668339237 4.5203116512050032 9.993455802701817 5.3829443473870224 -4.9527670975459888 -10.526680852443919 -12.430723223255953 2.4903609271969822 6.2215359971377477 -1.9556120420554906 -4.406806068602612 5.1138392618625268 -16.456894856371445 -7.5895777361121421 2.1469205689697186 -9.5702950534674418 -2.2203520350432733 9.6234733129553316 -3.3039862517422316
leaf_weight=758.50466164946556 254.19677895307541 1182.9978763461113 898.063635379076 1478.4296311736107 4483.3551986515522 151.6624154150486 83.025351405143738 853.65545484423637 1818.328934699297 4382.14457026124 1387.9744085669518 364.0256884098053 663.61759504675865 278.13723775744438 2624.1596876978874 913.78357782959938 852.84251439571381 1539.2095656394958 2156.2160868346691 173.24317201972008 401.52714997529984 1204.1661306321621 306.27867597341537 222.13864231109619 162.9336314201355 3662.2828730344772 161.83315417170525 337.8654845058918 548.48741960525513 1059.1544516086578 646.7304752767086 1593.2124214172363 607.969716578722 1056.8297226727009 1129.1624912023544 1978.9093980491161 699.8022064268589 804.18203428387642 280.09819263219833 673.21092045307159 2685.201654702425 630.32164385914803 4117.9346094429493 291.51164337992668 464.98675003647804 971.08485400676727 1237.9063232243061 1008.9835632741451 67.878039330244064 1670.3950876891613 1665.9823491275311 2282.7598934173584 79.630686581134796 1137.690352499485 1655.8187756836414 1215.0838792324066 2671.9819798469543 2532.0316563546658 211.80924016237259 230.70760044455528 127.01451605558395 1336.683911293745 2157.1705709397793 2406.8083056211472 2273.8236787319183 3668.5365076065063 3017.4564272761345 445.29450517892838 522.35004392266273 80.104235798120499 3094.142596244812 195.77561402320862 2061.0559929907322 3485.7914780974388 1608.6845169067383 1672.3719384372234 986.97126680612564 344.9729240834713 1624.3259065151215 1065.3537397682667 776.30446311831474 397.26324659585953 2815.6521922647953 1938.2481517791748 851.8604719042778 1560.4573403894901 283.60967135429382 1007.5259521603584 115.62835338711739 1054.5444978773594 578.92799612879753 911.35710915923119 265.23366570472717 3061.4729692339897 1269.8341663479805 2326.3028037548065 190.89149662852287 1264.6623410880566 887.57564693689346 919.22199636697769 2687.8231452405453 1472.2724529504776 103.73694679141045 340.50778961181641 876.45773595571518 2823.1614426374435 3179.6399363875389 411.83457601070404 807.70276722311974 1382.8915224671364 1195.7381613850594 1205.9028518199921 898.30753022432327 125.43473088741302 1379.5578869581223 752.40020036697388 1513.4476483762264 1738.3063228130341 1009.4412649273872 47.08411693572998 162.70252928137779 1301.8868555426598 732.26046296954155 685.80369997024536 1090.1332532167435 2195.1459176540375
leaf_count=1111 206 1624 1082 1923 5948 188 73 1010 1863 5170 1318 318 682 345 3717 1155 868 2235 2538 155 499 1043 194 197 146 4479 169 388 673 1337 849 1840 653 1302 1539 1334 834 1035 335 852 3746 870 3443 407 557 1335 1582 1249 80 2285 2085 3001 93 1408 2253 1550 1938 2122 274 294 122 1665 2868 1421 1504 4375 4322 618 607 68 3800 300 2845 5011 2363 2344 1234 443 1569 1505 830 388 3741 1874 971 1810 385 1237 128 1406 712 1298 348 4144 1823 3160 241 1946 1114 1027 2550 2096 146 384 951 3635 4435 557 1057 1589 1601 1474 666 115 1813 936 2078 1971 1284 22 166 1590 722 814 1097 2085
internal_value=-6.10102e-07 2.10545 -3.55223 0.764736 1.65661 -4.40025 -3.57188 2.79957 -2.53795 4.23249 3.79452 0.722836 4.08195 0.417445 -1.96268 -1.32164 -0.928229 4.48695 -2.7434 -0.291724 -2.55081 -6.15705 -3.56369 -2.93463 -1.40992 -0.124578 1.3879 0.00979606 0.840273 4.89724 3.63897 -1.88677 1.83411 0.325505 -0.0334046 -6.32411 -0.931082 -0.108064 2.59692 3.65577 -1.9568 4.89312 -7.60453 2.34067 0.770216 4.11659 3.29446 -1.14852 -5.57936 2.36273 -1.29912 6.61006 0.829679 1.84583 -0.588518 -3.66825 -6.50058 -4.71128 -2.20658 4.27666 1.5161 2.76924 5.64342 -7.86998 -7.04536 5.78369 4.59846 -3.11404 2.40584 -3.3192 4.15965 6.52695 0.246418 -1.15315 -1.9252 2.85501 5.28622 3.0508 -3.07995 3.94896 -5.89696 -5.89437 6.7903 -3.47362 -1.98124 -1.25362 4.28716 -2.22109 2.21161 -0.894452 3.9985 5.21533 1.68094 2.168 1.13239 4.72974 -0.170851 -1.42188 4.41771 -0.179767 -5.03623 1.65146 3.20647 -6.78057 -6.41877 4.85397 4.0068 -2.41985 8.01651 8.88747 7.85551 -2.93294 -7.50387 -3.04336 4.3572 8.24416 -0.832454 -5.41367 4.19135 -0.877032 -0.523091 1.06528 -6.64856 -4.15805 7.61318 -2.90734
internal_weight=156435 98219 58215.8 60245.2 45399.4 47968.5 38114.9 32808.6 27226 37973.9 33591.7 12525 20283.5 10247.4 14845.8 12590.8 7598 26086.2 12675.5 8535.15 4137.89 10888.9 18690.9 15633.7 8413.35 6368.76 7505.49 2546.58 4076.18 16207.3 9145.95 10519.2 4397.26 7397.99 6745.16 10805.9 5616 4916.2 2170.36 18746.9 4715.21 6363.84 9853.55 7809.83 2782.11 16118.7 6004.87 8926.03 8827 2135.38 4351.18 7339.27 2628.28 2906.11 7917.04 5192.83 6563.97 7220.36 2083.6 2649.35 278.677 5421.9 5542.63 9574.87 7168.06 5951.3 13877.7 1921.77 1811.45 310.812 12114.4 7061.38 6261.23 4668.79 2157.17 2729.2 2338.54 1331.94 2706.48 1919.01 4894.24 735.129 6865.6 4688.33 2750.08 2527.95 4766.96 3402.59 967.489 2395.06 1768.42 1490.29 4085.21 3819.98 2240.92 4483.47 821.213 1476.47 1289.1 1082.16 3891.99 3637.07 2164.79 3057.14 1790.24 9096.94 6002.8 691.933 4049.95 3242.25 2578.63 2010.08 2716.64 1340.52 2277.62 1006.6 1804.96 2044.58 1089.07 2119.64 2072.56 1464.59 1591.31 859.047 1763.34 2263.02
internal_count=187200 128481 58719 79431 59932 46025 38517 43237 29414 49050 43880 16549 26688 12694 19499 16695 9513 33605 16684 10013 4687 9103 19401 16488 9386 7221 10275 2996 5551 21137 12167 14146 5326 10281 8645 9030 7106 6272 2815 24911 6149 8476 7508 10400 3691 21299 7915 12306 7696 2842 5831 8694 3612 3763 11057 6414 5531 7102 3007 3181 310 7268 7365 7198 5777 7376 18141 2838 2220 362 16192 8970 8804 6635 3036 3646 2819 1677 2742 2515 4273 776 8670 4980 3106 2909 6333 4308 1099 3071 2355 2010 5603 5255 3158 6028 1111 2220 1613 1173 3593 5087 2991 2913 2106 11870 8070 892 4929 3872 3190 2509 2529 1665 2895 1142 2485 2165 1377 2431 2409 1756 1691 969 1949 2165
is_linear=0
shrinkage=0.05


Tree=25
num_leaves=127
num_cat=0
split_feature=36 29 1 1 29 0 25 32 33 37 1 1 34 33 39 46 23 2 0 36 32 32 32 40 2 33 33 33 39 33 15 30 1 34 25 15 1 34 32 27 15 7 33 32 1 13 6 39 1 39 1 1 28 30 37 6 0 35 15 32 32 33 39 32 34 30 2 34 40 15 39 16 25 24 30 23 15 9 39 13 25 39 37 1 12 37 1 32 23 24 33 44 39 9 38 1 33 24 23 1 0 40 15 1 6 24 24 25 15 0 23 23 23 29 30 6 30 13 40 33 0 32 1 6 33 32
split_gain=4.24646e+08 1.28259e+08 8.66763e+07 5.01435e+07 4.26098e+07 4.18276e+07 4.08051e+07 3.75085e+07 3.52387e+07 3.09313e+07 2.91628e+07 3.08081e+07 2.57645e+07 2.49827e+07 2.41924e+07 2.29962e+07 2.13713e+07 2.00837e+07 1.81497e+07 1.76571e+07 1.73721e+07 1.7148e+07 1.636e+07 1.53211e+07 1.45797e+07 1.4497e+07 1.40263e+07 1.39859e+07 1.30398e+07 1.29669e+07 1.27881e+07 1.24234e+07 1.37191e+07 1.21066e+07 1.16073e+07 1.13253e+07 1.0871e+07 1.08351e+07 1.1358e+07 1.00301e+07 9.90056e+06 9.88915e+06 9.53349e+06 1.2865e+07 9.41557e+06 9.40774e+06 9.37724e+06 9.34722e+06 9.14206e+06 9.03526e+06 9.01357e+06 1.05755e+07 8.88035e+06 1.06937e+07 9.02921e+06 8.8099e+06 8.70819e+06 8.42023e+06 8.35318e+06 1.03509e+07 8.2421e+06 1.01756e+07 8.12091e+06 7.93264e+06 1.20959e+07 7.67444e+06 7.42122e+06 7.57543e+06 7.40405e+06 7.47596e+06 7.31818e+06 7.27264e+06 7.12974e+06 6.87552e+06 8.6543e+06 6.83799e+06 6.68223e+06 6.63651e+06 6.61097e+06 6.58498e+06 6.5699e+06 6.47063e+06 6.44419e+06 6.43863e+06 6.33595e+06 6.32778e+06 6.24655e+06 6.17964e+06 6.04217e+06 5.95377e+06 5.91174e+06 5.83534e+06 5.69298e+06 5.66306e+06 5.58908e+06 5.57987e+06 5.52155e+06 5.74065e+06 5.51469e+06 5.4513e+06 5.42504e+06 5.42117e+06 5.4051e+06 5.3226e+06 7.15045e+06 5.31391e+06 5.27125e+06 5.26619e+06 5.20068e+06 7.12978e+06 5.14859e+06 5.12331e+06 5.12142e+06 5.12091e+06 5.06798e+06 5.05116e+06 4.99637e+06 4.98543e+06 4.9767e+06 4.95764e+06 4.9249e+06 5.44606e+06 4.9227e+06 5.10764e+06 4.91093e+06 9.30171e+06
threshold=0.010833333333333335 0.018968253968253971 4.5000000000000009 -6.4999999999999991 0.0061419753086419766 33.500000000000007 0.13055555555555556 0.02357874134296899 0.017591851402044025 0.036111111111111115 5.5000000000000009 -5.4999999999999991 0.46388888888888896 0.024032252064807198 0.003402777777777778 1.0000000180025095e-35 0.025403330731199585 -1.0000000180025095e-35 49.500000000000007 0.029537037037037039 0.018911392980541921 0.023869920267489717 0.01841675612810879 0.0014717348927875244 1.0000000180025095e-35 0.029363802195251514 0.024032252064807198 0.012660639822155728 0.0052777777777777788 0.018237310699646243 20.500000000000004 0.0039285714285714297 -12.499999999999998 0.069444444444444461 0.11944444444444445 6.5000000000000009 14.500000000000002 0.13055555555555556 0.030582788671023969 0.013263888888888889 9.5000000000000018 10.500000000000002 0.031628165648347729 0.028447811447811451 -5.4999999999999991 6.5000000000000009 0.22654088050314466 0.003402777777777778 12.500000000000002 0.0071825396825396836 -10.499999999999998 4.5000000000000009 0.025000000000000005 0.012870370370370372 0.025000000000000005 0.042705167173252283 15.500000000000002 4.5000000000000009 16.500000000000004 0.014386192511192513 0.02724186655638269 0.030546087338368503 0.003402777777777778 0.03921101774042951 0.12500000000000003 0.012870370370370372 -1.0000000180025095e-35 0.10277777777777779 0.00085974415018532627 9.5000000000000018 0.0093518518518518542 3.5000000000000004 0.086111111111111124 0.013579330578215658 0.023981481481481482 0.030010683760683766 7.5000000000000009 5.5000000000000009 0.0084876543209876556 11.500000000000002 0.11944444444444445 0.016080246913580249 0.9027777777777779 1.0000000180025095e-35 1.0000000180025095e-35 0.030555555555555558 14.500000000000002 0.013787845385067608 0.015016188063063065 0.029002978149237489 0.013843627115401642 1.0000000180025095e-35 0.0052777777777777788 5.5000000000000009 0.017685185185185189 -11.499999999999998 0.025855703771817725 0.026646246850875001 0.020719156656656659 1.5000000000000002 37.500000000000007 0.0020834520417853759 8.5000000000000018 1.5000000000000002 0.087167581257914753 0.035565921543314109 0.020458845532212767 0.052777777777777785 17.500000000000004 116.50000000000001 0.020099524658348192 0.022097362514029186 0.021517375860098869 0.031706349206349217 0.051759259259259276 0.1502688172043011 0.012283950617283953 1.0000000180025095e-35 -0.0003218407215830702 0.015100236182889247 25.500000000000004 0.027624513783189586 2.5000000000000004 0.083683473389355764 0.04324456275878448 0.048904320987654328
decision_type=2 2 2 2 2 2 2 2 2 2 2 2 2 2 2 2 2 2 2 2 2 2 2 2 2 2 2 2 2 2 2 2 2 2 2 2 2 2 2 2 2 2 2 2 2 2 2 2 2 2 2 2 2 2 2 2 2 2 2 2 2 2 2 2 2 2 2 2 2 2 2 2 2 2 2 2 2 2 2 2 2 2 2 2 2 2 2 2 2 2 2 2 2 2 2 2 2 2 2 2 2 2 2 2 2 2 2 2 2 2 2 2 2 2 2 2 2 2 2 2 2 2 2 2 2 2
left_child=4 2 3 12 34 56 21 8 22 57 11 39 17 27 -12 47 30 31 24 25 108 29 58 42 55 103 89 -11 -17 94 70 92 -33 91 50 100 45 -23 40 66 -39 72 43 106 -27 107 52 -4 63 -19 -1 78 53 118 81 -13 -5 -9 79 -60 61 -47 -32 64 120 102 67 -6 69 77 -8 124 -31 88 111 -71 -51 -34 -52 87 -76 -54 -26 101 -40 -80 112 -7 -56 -22 -89 -16 -2 -87 -3 -67 -62 -98 -43 -55 -24 -46 -41 104 117 -45 -15 -30 -10 -110 -82 -75 -35 114 -85 -59 -93 -18 -20 -95 -49 -122 123 -29 -21 -126
right_child=1 6 15 5 10 7 16 9 20 13 14 18 -14 23 33 28 19 49 46 71 26 37 35 -25 82 44 -28 122 36 41 62 32 68 86 -36 -37 -38 38 84 65 -42 98 -44 105 83 60 -48 48 -50 76 51 -53 54 99 73 -57 -58 115 59 -61 96 -63 -64 -65 -66 95 -68 -69 -70 75 -72 -73 -74 74 80 -77 -78 -79 85 -81 110 -83 -84 113 -86 93 -88 90 -90 -91 -92 116 -94 119 -96 -97 97 -99 -100 -101 -102 -103 -104 -105 -106 -107 -108 -109 109 -111 -112 -113 -114 -115 -116 -117 -118 -119 -120 -121 121 -123 -124 -125 125 -127
leaf_value=0.024850006004127373 9.8855334345409602 -4.3854066944533026 3.3998878865620021 -9.2125556741333572 0.87368232272847435 12.342762427560476 7.7467135394934648 -4.9741116803972325 11.347016151722062 25.792903548459442 8.4938407022216644 6.7616106031639163 7.5159299221375013 1.2182014614466627 -2.5444822623853067 3.8072486438904249 -4.4338474677597217 -2.5100813834907099 11.024166300753038 -6.2300284823813978 1.6079219202634603 -8.5989846437578485 -9.410984181026059 0.12690079467016532 0.21318468840472626 -4.9116036192166197 8.0150236062338394 -0.27855804410673851 -5.3623611424133699 -5.7157781550195459 9.9829291533539397 -5.583591166699188 -2.4976336067265397 2.5443535027628985 7.3582863730560462 -6.400767276595893 -7.5589812039669839 2.1818344848055578 -9.6435504389823965 8.4962476601792911 -6.8431528789676692 16.142141168354161 6.617070176853824 -4.0694217642046349 6.264869864974111 -2.1853002029150788 -2.7962442482221115 -10.249075285360455 -8.966464185500719 -6.0151218997872773 8.1042764079915006 2.2385650828670398 4.3228749532982214 1.1423393978345515 5.1588676424264239 1.5468341492359416 -2.2781893006194127 0.58918871422835417 5.580637674950375 -6.1266436381330101 -10.802470317706131 7.4423751504785436 -7.1203800358250877 -10.903157007975555 0.29858193139047612 -8.6938349261053762 -4.6052543528918504 4.9729385473781083 -4.6819664850610883 -2.2610009461360696 1.2036830939960823 -9.9554043447067038 -0.27914369779654363 8.6124388588743628 3.1986486312343367 -16.35529843442588 -14.706592050817637 2.9518732858667858 0.017197366278974752 0.63532592271786248 15.635096380927273 -1.7129777030037474 -5.8640998442111263 3.871862914370793 -5.5175281712131463 3.4426675077666546 -3.3709873688890988 2.0032379884123461 -0.60048612113031052 7.3790910700748062 7.8292402586186185 -1.918559384236489 -1.3767821964571887 4.0760854986885882 -8.3150642050802457 -2.355127475432417 -6.2882438025799026 -0.54452773636981833 1.8895872850853768 -6.0711512657552014 1.8871212828440287 -0.85977624273751185 -0.55876232837353623 -6.3228727187002942 -5.7029467387528072 4.2554580596914011 7.719262079064535 3.1801871967257549 -3.3919859091152333 9.4182625705370366 6.224104080870303 5.1923600366014364 -1.033849827543118 -4.0056568512853072 -4.4748349176080753 -7.2678821740377586 -12.485413080572254 0.63492949709516877 4.0756821529990033 7.6108862172471703 -3.9128894923338748 -8.9851513550292665 -8.4116859974225662 -5.6413351645216396 0.4754939332075111 -6.5569717215129444
leaf_weight=1047.9748955070972 294.61484310030937 2245.5383042693138 265.00982910394669 512.79512521624565 3908.1069164574146 324.1621812582016 707.15440925955772 2544.4592589735985 1751.3937599360943 42.585716843605042 735.14790761470795 1516.4606508612633 600.20050704479218 472.51628968119621 2514.6588150262833 856.12179380655289 716.53064081072807 398.44003289937973 283.3124178647995 2749.5149188637733 2502.4022517204285 6584.0954555869102 116.91799837350845 2672.3697584867477 2881.8398255109787 676.09980529546738 2015.7569080889225 1289.2582485973835 215.2890567779541 1013.3862536549568 80.584500461816788 2743.3377188146114 794.07214778661728 2780.5087025165558 4712.6306901276112 926.15004098415375 1000.6807086467743 757.77250701189041 1363.5239355862141 215.70897337794304 507.33597493171692 109.40547728538513 3027.3131271600723 743.95192265510559 937.65107789635658 2936.112690359354 419.1454943716526 524.28616854548454 2075.7897883951664 351.48543736338615 2140.5655863583088 2964.2748868763447 1282.4018118679523 1499.5437751114368 1358.2441638410091 1738.3241726458073 3866.2533569335938 1516.5272334516048 320.42119699716568 459.62597149610519 371.43266588449478 302.74287605285645 500.23296904563904 520.20401740074158 1062.163896292448 475.87014648318291 452.60252618789673 1583.7665557563305 1190.1534543931484 1260.9224605858326 1080.0599364638329 833.74653953313828 1489.3230304718018 4196.2979161441326 2692.0142582952976 92.359550029039383 596.34803140163422 1884.6814144551754 597.36058983206749 789.38038146495819 156.98805153369904 679.19660118222237 514.00511085987091 727.99769899249077 2929.4138428866863 2438.6354591846466 876.04036149382591 899.0773746073246 685.08927977085114 544.05416283011436 844.34487500786781 177.87553882598877 181.23354184627533 1484.691088616848 1515.5115504264832 1283.8877263069153 1153.9388361573219 698.26634210348129 178.7687654197216 317.33343887329102 1164.5531564354897 373.29236793518066 698.34206628799438 1446.9331922829151 1273.2841057777405 258.22468355298042 916.77062237262726 1113.5852114856243 153.48025020956993 371.59631758928299 1957.1788481473923 1481.6416829824448 1561.6415608227253 628.81174102425575 242.42443838715553 236.44773355126381 301.45427227020264 1501.9639390707016 2849.5831540822983 2988.7696592211723 2443.1942817568779 675.51726424694061 370.02650287747383 677.21959125995636 975.07963132858276 908.12162017822266
leaf_count=1488 340 2473 278 424 5710 363 868 3084 1878 24 780 1897 724 652 3703 1090 688 555 250 2283 3416 4814 140 3548 4121 745 2493 1652 262 965 101 3199 1016 3949 5092 1213 1054 874 836 286 474 106 3982 949 1185 3991 611 387 1737 379 2332 4295 1662 2132 1834 2447 4421 2067 379 596 331 413 521 338 1300 592 659 2016 1532 1644 1325 483 1634 4874 3661 78 527 2427 891 1110 138 1054 700 923 2622 3232 1218 1207 1018 710 1084 269 237 2005 1252 1763 1292 927 208 462 1504 477 1013 1533 1303 361 1223 1463 219 384 2478 2031 2258 647 273 256 307 1914 3697 3405 2818 550 430 749 1157 779
internal_value=-5.99146e-07 -2.12348 -0.698952 0.482425 3.19584 1.45345 -4.51842 2.1653 4.10387 0.434721 2.35254 3.00165 -2.5397 1.90074 -0.195852 -3.81138 -2.69482 -3.15633 3.84595 -3.43829 6.41081 -6.11427 1.20721 3.22512 1.58523 -2.01595 4.77946 -2.60339 -2.05011 -4.05275 1.69795 -2.25183 -2.72065 -0.973746 5.21858 -2.18821 -2.69367 -7.22668 -5.60103 0.404689 -1.43738 -1.47057 4.75306 2.39344 0.40367 -1.97679 4.60309 -5.82451 -6.15933 -8.82777 4.48052 4.85069 4.76264 2.93421 5.38727 3.97649 -3.09022 -3.13708 3.26818 -1.31763 -2.89465 -1.28538 -4.74741 -5.04419 -4.39642 -2.13865 1.54868 2.05584 -1.21668 -0.193817 3.79259 -5.65644 -2.48052 5.88118 6.3983 -3.22292 -11.4835 1.33646 5.65308 4.52026 4.8369 2.23298 -0.706691 1.63853 -6.82804 4.95437 0.48043 6.00348 3.22787 2.63857 4.82479 -3.50821 5.59612 5.38105 -5.96886 -4.06923 -5.23865 -4.12291 7.30058 -0.11756 0.856312 4.23612 1.57815 -3.77297 -2.71633 -1.9244 5.50816 1.79622 10.0385 5.67382 6.92292 7.71998 1.25746 -0.490801 1.78675 -0.470602 -8.56414 -1.00219 4.70404 6.43773 -5.76531 -5.01155 -3.12095 -2.1254 -4.88276 -2.91572
internal_weight=156435 93985.8 58932.2 42717.9 62449.1 32330 35053.6 27951 13183.3 14767.7 44074.2 35126.9 10387.8 10470.2 8947.33 16214.3 16359.5 9787.65 26508.6 13991.5 7338.68 18694.1 5844.63 8091.15 6650.63 8524.99 5062.21 2379.09 8648.17 6551.93 2368.03 8441.38 7965.53 8212.18 18374.9 2207.62 7792.05 12142.1 5558.05 8618.28 1265.11 2790.88 5418.78 2391.46 3586.28 6791.37 19858 7566.17 7301.16 1346.27 13662.3 12614.3 19438.8 4949.77 14489.1 3254.78 4379.05 4297.43 3637.01 780.047 5462.49 3238.86 580.817 5225.37 4705.16 2673.81 5944.48 5491.87 5222.19 4032.04 1787.21 5466.46 2502.71 12527.5 10484.1 1353.28 947.833 2678.75 9650.02 2856.96 4806.18 1961.6 3395.84 2910.18 4292.94 7509.46 5218.19 2067.58 2043.33 3046.46 1743.42 2993.99 475.848 6912.1 3761.05 1759.76 2223.64 1852.21 288.174 1816.88 1281.47 1310.94 914.051 4938.71 3491.78 1002.18 1389.29 1328.87 2276.47 525.077 2114.17 5677.94 4342.15 1599.23 970.422 1752.97 479.33 2218.49 3132.9 4473.46 3643 3118.71 2336.5 1966.48 4632.72 1883.2
internal_count=187200 104870 71407 53176 82330 40518 33463 35673 16696 18977 59590 47106 12658 13570 12484 18231 17205 11934 35067 14390 9100 16258 7596 10715 9165 9688 6619 2855 10823 6638 2815 10473 9896 11704 22740 2857 9733 9620 4806 12039 1348 2913 7167 3185 4250 8679 25902 7408 7130 1461 17648 16160 25291 6541 18750 4344 4845 5407 4739 975 6954 4404 622 5393 5055 3654 8385 7726 6697 5165 2193 4702 2599 16034 13182 1722 906 3443 11865 3764 6277 2716 4821 3505 3458 9533 7425 2654 2852 4126 2291 4279 577 8642 3725 2355 2550 2219 314 2594 1644 1662 1299 5438 3905 1310 1875 1725 2481 603 2616 6905 6207 1843 1196 2323 576 2602 3947 5410 3755 3368 2831 2401 4219 1936
is_linear=0
shrinkage=0.05


Tree=26
num_leaves=127
num_cat=0
split_feature=38 38 34 12 34 32 11 33 32 5 32 33 33 14 1 34 21 46 40 14 32 33 32 33 6 5 32 1 42 1 32 37 11 43 1 11 11 32 14 1 5 1 23 38 27 0 25 0 1 33 11 1 32 33 38 1 14 21 14 1 32 4 32 24 36 37 33 30 37 24 11 39 24 33 36 21 25 32 32 14 1 27 21 40 33 1 5 37 42 14 32 11 34 37 0 24 5 0 12 37 14 32 1 24 32 33 32 12 29 33 1 34 12 32 40 34 32 32 33 21 25 33 33 33 37 1
split_gain=3.85323e+08 9.31417e+07 6.9252e+07 5.55468e+07 5.35283e+07 4.56103e+07 4.47699e+07 3.61078e+07 2.63503e+07 2.5392e+07 2.53691e+07 2.77075e+07 2.50069e+07 2.37005e+07 2.33964e+07 2.0695e+07 1.8447e+07 2.01682e+07 1.7454e+07 1.52252e+07 1.4863e+07 1.34787e+07 1.39383e+07 1.34698e+07 1.32462e+07 1.32172e+07 1.25572e+07 1.40532e+07 1.38242e+07 1.211e+07 1.16593e+07 1.16114e+07 1.23025e+07 1.16046e+07 1.1484e+07 1.13383e+07 1.1272e+07 1.07625e+07 9.79326e+06 9.69996e+06 9.58608e+06 9.87306e+06 8.75045e+06 8.73659e+06 8.54955e+06 8.45582e+06 8.17735e+06 8.14091e+06 8.96709e+06 8.13388e+06 8.11663e+06 8.03477e+06 8.94842e+06 1.09096e+07 7.88131e+06 7.86468e+06 7.84142e+06 7.81477e+06 7.71114e+06 7.59962e+06 7.47947e+06 7.40098e+06 7.37862e+06 7.34279e+06 7.33116e+06 7.33042e+06 7.28043e+06 6.99484e+06 6.94766e+06 7.48802e+06 6.82371e+06 6.80091e+06 6.79443e+06 6.54246e+06 6.35724e+06 6.29026e+06 6.2843e+06 6.2591e+06 6.25667e+06 6.20441e+06 6.13577e+06 6.13512e+06 6.02239e+06 6.01849e+06 5.96198e+06 5.93586e+06 6.38174e+06 5.93395e+06 5.89672e+06 5.88827e+06 8.81614e+06 5.79487e+06 5.78017e+06 5.77278e+06 5.70929e+06 5.70685e+06 5.65878e+06 5.59425e+06 5.75705e+06 5.58581e+06 6.22574e+06 5.53904e+06 5.48513e+06 5.48382e+06 5.44642e+06 5.37876e+06 1.26038e+07 5.35937e+06 5.26184e+06 5.2519e+06 5.21112e+06 5.19143e+06 7.31372e+06 5.11557e+06 5.10559e+06 7.12954e+06 5.02383e+06 4.93773e+06 6.77017e+06 4.9049e+06 4.89188e+06 4.88084e+06 4.83168e+06 4.79497e+06 4.7839e+06 4.77973e+06
threshold=0.016388888888888894 0.0073148148148148157 0.43055555555555564 1.0000000180025095e-35 0.063888888888888898 0.01912986704653372 0.25362623502207277 0.026553151354550626 0.02657804863687217 0.087228260869565227 0.024696106362773033 0.023091566807786089 0.017779467010109677 7.5000000000000009 9.5000000000000018 0.13055555555555556 41.500000000000007 1.0000000180025095e-35 0.00088527485586309179 12.500000000000002 0.037912581699346408 0.031408180546042698 0.014201940035273369 0.013102657320380578 0.065395580898075567 0.11915683704674532 0.03921101774042951 -10.499999999999998 1.0000000180025095e-35 1.5000000000000002 0.015890180878552974 0.041666666666666678 0.31057781919850891 1.0000000180025095e-35 5.5000000000000009 0.22099143206854346 0.20919661733615225 0.022060007577910396 13.500000000000002 -1.0000000180025095e-35 0.097693531283138943 -11.499999999999998 0.022489998709510909 0.033919753086419757 0.018293650793650796 34.500000000000007 0.11944444444444445 19.500000000000004 12.500000000000002 0.036716507852610956 0.22264957264957266 10.500000000000002 0.024452160493827164 0.019456083736844151 0.04972222222222223 11.500000000000002 3.5000000000000004 6.5000000000000009 18.500000000000004 2.5000000000000004 0.016576278659611997 10.500000000000002 0.020183295540438403 0.016117124916581762 0.010833333333333335 0.4694444444444445 0.018986213156238625 0.0049691358024691367 0.14166666666666669 0.015935470949211612 0.32025641025641033 0.003402777777777778 0.014260630838860861 0.024781583104592175 0.058958333333333342 27.500000000000004 0.10833333333333335 0.016426846100759146 0.015564663023679417 12.500000000000002 -4.4999999999999991 0.010524691358024694 41.500000000000007 0.00041520369344502851 0.022971211755269113 -9.4999999999999982 0.15285947712418305 0.052777777777777785 1.0000000180025095e-35 13.500000000000002 0.016426846100759146 0.22869249394673127 0.17500000000000002 0.036111111111111115 74.500000000000014 0.022556894843440232 0.038711288711288719 38.500000000000007 15.500000000000002 0.58611111111111125 8.5000000000000018 0.014023332465955418 16.500000000000004 0.021898518988499 0.015479443143377571 0.02390879876606548 0.023021094402673355 1.0000000180025095e-35 0.0205952380952381 0.04796150058001885 4.5000000000000009 0.069444444444444461 14.500000000000002 0.020661245126705658 0.0025759612251547745 0.13611111111111115 0.014924560205508407 0.023021094402673355 0.029738064522252871 26.500000000000004 0.091666666666666688 0.017137392555699831 0.021997605046772162 0.056115123459264123 0.9472222222222223 -4.4999999999999991
decision_type=2 2 2 2 2 2 2 2 2 2 2 2 2 2 2 2 2 2 2 2 2 2 2 2 2 2 2 2 2 2 2 2 2 2 2 2 2 2 2 2 2 2 2 2 2 2 2 2 2 2 2 2 2 2 2 2 2 2 2 2 2 2 2 2 2 2 2 2 2 2 2 2 2 2 2 2 2 2 2 2 2 2 2 2 2 2 2 2 2 2 2 2 2 2 2 2 2 2 2 2 2 2 2 2 2 2 2 2 2 2 2 2 2 2 2 2 2 2 2 2 2 2 2 2 2 2
left_child=1 16 3 20 9 12 10 13 55 24 11 25 36 18 31 23 17 34 35 62 21 22 63 -12 29 58 27 -17 -28 45 -21 67 44 61 46 121 72 66 70 -4 41 -14 47 96 82 80 124 -11 -49 87 75 52 53 -24 123 57 -37 -9 60 93 -5 73 -13 -2 -26 89 103 -8 69 -32 77 -36 -6 110 -41 -35 -55 125 -60 114 -3 -20 -33 -77 -78 -25 97 -10 -22 -43 -91 95 -34 -29 -58 -39 120 -87 -99 100 117 -74 -42 -15 -40 -46 -107 -73 -67 -61 119 -62 -113 -102 115 -52 -47 -59 -119 -19 -23 -7 -93 -30 -1 -38
right_child=2 4 39 6 5 7 14 8 49 42 15 19 40 37 -16 26 -18 33 81 30 88 43 51 85 64 -27 28 59 54 -31 68 32 92 50 71 56 38 91 104 74 102 65 -44 -45 105 116 -48 48 -50 -51 79 -53 -54 76 -56 -57 94 99 78 109 111 -63 -64 -65 -66 108 -68 -69 -70 -71 -72 107 101 -75 -76 83 84 -79 -80 -81 -82 -83 -84 -85 -86 86 -88 -89 -90 90 -92 122 -94 -95 -96 -97 -98 98 -100 -101 113 -103 -104 -105 -106 106 -108 -109 -110 -111 -112 112 -114 -115 -116 -117 -118 118 -120 -121 -122 -123 -124 -125 -126 -127
leaf_value=1.6811816001076019 -2.0227939800367376 -6.088175295070883 6.8994065020779587 8.5344547237379267 0.77364318105408147 -1.7353362290580527 5.7251460455460403 -13.017631297497946 -4.232368917194175 -9.7398956074108494 21.162325382126511 16.239705740043668 1.0637783338009361 -7.3456755105494667 -8.4217295830862362 -7.7668430191613389 7.3263797287361996 -8.1613718870720842 0.29935261131208196 15.341920626863757 -11.620594542365385 -0.97752002885285716 -6.2914240379946955 -9.9978947319118809 -0.13881557514967718 -4.833732500471597 -9.6861125427193659 -0.47074205560024152 -1.3853533133365021 -1.8063681827935345 -7.5469747106609013 -0.92762791014451462 -6.2988267993491149 9.0785640341659981 8.1096151551303972 4.6109752995202866 0.28061782270420671 -6.9942521638052826 0.043348928724915928 3.4165638980264932 3.9728919188740193 10.862570540574195 -7.8115799199399936 -6.1262393647260343 -5.7974982757589943 6.2878377869598125 5.9863950339524621 -1.3593284378180064 -7.6962970526133789 2.0969713422516811 3.7621790254749534 -10.315339612945964 -7.4813290367927685 -3.1011943625870666 -7.1844681085291136 -2.2213729633626427 -2.3399928123045877 10.055234728546893 1.4585223132606178 -1.8190653673334787 -2.0694577632410365 -9.5032615072979763 7.2011363061953091 21.966846766757584 -3.7805175696744402 5.8908628310572055 0.20838917449329394 -6.9156020614516995 -6.8461860634976777 4.8668899710151683 -5.7446126800692978 -9.9973074560112227 10.509015487536898 5.9709786741882773 -3.6990650590039253 6.4654001494065803 9.6248319714625268 0.67430337778602822 -7.9996647767835256 0.44753506282800154 1.331990031101624 -3.2954364761974535 5.3013257261305569 3.8088525750485225 -1.3156063264782993 -6.7189736988425013 -7.9654502827511768 0.12510167783880641 -7.3580356101390425 10.220787326005954 2.6012534416989199 -11.180659623614607 -0.31967441437436217 4.7322383682848939 2.3616922783115655 0.18956493578493161 -2.1470757363947199 -1.7509825533765218 -6.9663497367982519 0.44286903019738122 9.0624949052417616 4.4996495078533725 -4.2689497654687436 -0.4178149206052762 -5.8176332810783107 15.869845520242301 -2.7622003750562718 -2.1112438845125965 -3.5775583632640093 7.9373889552111336 -4.1435094992215644 4.0564273547700536 -3.8925485893300933 2.3484073341495892 -2.4095538173041149 7.5483689269433984 2.3284502364537354 2.6037102209645608 8.1218785383139984 2.5763189283653674 8.228374649074393 6.0851676929117398 -5.4728265471117501 4.5719475777488787 -5.6105743440779268 6.7705849007690366
leaf_weight=3371.4596984982491 62.492822170257568 364.54536229372025 1551.1443436741829 359.46984577178955 837.13133132457733 223.81796631217003 113.72410550713539 57.31439346075058 1042.5618477165699 425.66997623443604 50.662096709012985 288.60425820946693 614.07464575767517 746.21161869168282 3141.813454002142 426.53455522656441 3853.5081341862679 113.6382392346859 2033.9135909676552 131.16165465116501 1402.4941353499889 256.79129326343536 2470.6065924167633 491.71742710471153 2616.3522898852825 1514.6581861674786 648.23826476931572 724.79956349730492 1422.7744827866554 2270.1665621399879 154.93989482522011 3513.7643430829048 2966.297750800848 1272.5585100054741 136.8027066886425 927.5924254655838 384.42470714449883 522.19062983989716 846.94817405939102 1025.6868712306023 1909.0492650568485 1945.7061208486557 1330.5537481307983 792.30105367302895 1564.2554491758347 1433.100305378437 1181.6091034412384 3221.6950304806232 675.25682279467583 4519.4711284637451 6620.4450702369213 1157.0710074305534 4228.0897564888 1116.3038374185562 475.092055529356 364.21321216225624 1835.3494797050953 1086.5458222925663 302.91196686029434 1511.010860234499 975.02953180670738 145.09597027301788 1037.527123093605 65.151622921228409 2929.2533650398254 1304.1373547613621 2027.6538124084473 2904.4207691252232 302.78061074018478 562.45669877529144 261.81621134281158 263.7804944217205 532.05744749307632 788.45314511656761 452.31722310185432 4920.9595482945442 227.30630704760551 1807.3202593326569 413.58590856194496 1232.364525526762 1181.7210463285446 2850.1033324301243 436.21520188450813 3761.8691946864128 275.39980745315552 1074.1222640573978 976.37889030575752 3117.686075180769 1924.9533133804798 825.22297674417496 703.06451606750488 655.19020584225655 467.97344544529915 2015.8137965500355 996.10852494835854 587.47437211871147 878.70016741752625 3140.9515132308006 636.34093192219734 491.9294301867485 351.85628959536552 1372.957960486412 225.74461609125137 462.79968005418777 745.08430695533752 93.848725318908691 2762.5115668773651 1175.694610118866 165.33303043246269 151.79090437293053 448.80141136050224 1440.376639187336 362.12167423963547 1464.6107625961304 278.64605510234833 1530.8662696480751 1816.8462693095207 909.49030360579491 1429.4634735286236 1658.8572992384434 329.433679074049 1837.0133819580078 854.06606864929199 442.92831420898438 241.01528695225716 1082.7594133317471
leaf_count=4666 82 473 1964 430 1200 333 135 67 1489 388 32 248 830 1032 2178 405 4439 155 2836 111 653 286 2315 420 3723 1608 454 934 1713 3167 182 4226 2741 1262 141 1251 519 748 1141 1559 2416 2057 1502 604 1475 1833 1452 4504 779 6347 9040 709 3260 1114 390 492 2497 1236 365 1748 1212 224 1241 46 3638 1617 2919 2673 336 705 329 298 565 909 570 5794 256 2494 479 1692 1581 3778 545 4986 306 956 784 4313 1444 840 952 726 535 2559 1400 864 914 3727 621 754 388 1752 273 657 1041 110 2858 1832 215 198 667 1856 447 1928 377 1679 2533 1246 1774 2254 377 2371 1112 623 313 1381
internal_value=-7.8536e-07 1.91046 -3.22324 -3.62727 0.815299 1.70865 -2.64982 0.6115 2.40302 -1.48139 -1.13942 1.14214 3.92191 -0.993465 -4.50241 -2.40097 4.07522 3.64533 0.405606 5.51599 -6.20165 -5.37312 -6.19037 -4.51652 -0.23326 -0.876445 -0.677416 0.898868 -3.22452 1.20223 1.30932 -3.67169 -2.9641 4.34101 1.15842 2.25521 1.94046 -3.55094 0.556812 4.13752 5.94925 7.04321 -4.26593 -1.89648 -1.9302 2.62627 2.37572 -3.17453 -2.45739 0.628445 4.79365 -6.41148 -5.86842 -4.20089 -1.4351 4.90533 0.621142 5.35353 0.679009 1.73827 1.74795 1.52643 9.16819 10.2219 -2.0624 7.78597 -1.62274 -6.4393 -0.494821 2.1858 2.02285 -2.54388 4.52816 2.05815 1.23895 5.79559 -1.01075 2.6439 -4.00105 3.76131 -0.417377 -1.79841 -0.239735 5.31444 3.63128 -4.72238 -4.27727 -0.966884 -9.15467 9.0382 6.71554 -5.93396 -5.48407 3.35623 -0.685937 -3.19102 0.39118 -3.53499 -2.62959 5.53716 6.01523 6.17802 3.10136 -4.69375 -2.69964 -3.4407 -2.15002 -3.55635 4.82555 -0.928435 0.669289 0.869631 2.45948 3.64895 4.24574 4.47325 4.07439 7.27002 5.97617 1.8879 4.1958 5.23582 -7.95068 0.0289434 1.19469 5.07011
internal_weight=156435 98219 58215.8 55186.7 65222.6 46957.5 39999.6 31394.6 14835.1 18265.2 22034.8 7845.62 15562.8 16559.5 17964.8 14189.2 32996.4 29142.9 10703.9 2477.47 15187.1 11859.6 9602.42 6370.17 12612 5368.15 7818.98 4829.95 2989.03 7066.38 1151.34 14823 11804.9 22772.6 6370.36 5819.88 7870.5 5855.59 5128.35 3029.15 7692.33 5557.54 5653.18 2257.23 8370.6 4796.21 4794.08 4322.62 3896.95 8679.72 19617.7 9474.78 8317.71 4089.62 2340.79 6155.42 3759.05 5791.21 3853.5 4403.42 3137 3154.85 1326.13 127.644 5545.61 4943.46 3236.67 3018.14 1020.18 717.397 3536.32 1576.28 2742.15 3009.75 1478 9955.39 1619.01 3274.5 716.498 9662.32 1546.27 4884.02 3949.98 8682.83 502.706 6319.51 5827.79 4160.25 3327.45 3473.99 1528.29 2618.92 3434.27 2740.61 2831.46 1109.67 1464.93 4851.41 3777.29 5733.9 5241.97 1905.02 2134.79 1209.01 1592.03 4420.62 2856.36 1439.48 1469.47 1662.8 2221.3 2777.53 1802.5 1816.47 8429.96 8151.31 3249.95 3425.5 2338.95 1772.5 586.225 2060.83 1509.26 1865.7 3612.47 1467.18
internal_count=187200 128481 58719 54626 86301 62180 42260 42558 20034 24121 24784 9220 19622 22524 17476 15564 42180 37741 14466 2823 12366 10269 8088 6540 16948 6397 9024 5844 3180 9587 1334 15298 12490 29039 8702 7852 10422 8058 6905 4093 9200 6511 7173 2181 9214 6420 6431 5671 5283 12149 24830 7960 7251 3991 2726 7885 5148 7393 4789 5439 3945 4209 1489 128 7361 5681 4608 2808 1223 887 4723 2271 3517 3985 2129 12042 1676 4394 844 12788 2054 6614 4771 10780 562 6508 6088 5802 2097 3849 1792 3450 3276 3493 3897 1612 1577 5304 4348 7326 6572 2317 2689 1689 2182 4443 2968 2130 1832 1946 3076 3515 2303 2316 11096 10719 4366 4256 3020 2409 663 2704 1838 2336 4979 1900
is_linear=0
shrinkage=0.05


end of trees

feature_importances:
Column_1=373
Column_11=256
Column_33=256
Column_32=218
Column_34=185
Column_39=170
Column_5=158
Column_24=145
Column_0=139
Column_25=127
Column_29=118
Column_38=112
Column_37=104
Column_15=91
Column_6=90
Column_23=88
Column_36=88
Column_14=83
Column_27=72
Column_30=51
Column_28=42
Column_42=40
Column_40=38
Column_46=37
Column_12=36
Column_13=31
Column_9=30
Column_2=24
Column_21=24
Column_16=20
Column_44=20
Column_35=16
Column_4=15
Column_47=15
Column_43=14
Column_22=13
Column_7=12
Column_10=10
Column_31=9
Column_8=8
Column_26=8
Column_19=4
Column_3=3
Column_18=3
Column_20=3
Column_17=2
Column_48=1

parameters:
[boosting: gbdt]
[objective: regression]
[metric: l2]
[tree_learner: serial]
[device_type: gpu]
[data_sample_strategy: bagging]
[data: ]
[valid: ]
[num_iterations: 800]
[learning_rate: 0.05]
[num_leaves: 127]
[num_threads: 4]
[seed: 42]
[deterministic: 0]
[force_col_wise: 1]
[force_row_wise: 0]
[histogram_pool_size: -1]
[max_depth: -1]
[min_data_in_leaf: 50]
[min_sum_hessian_in_leaf: 0.001]
[bagging_fraction: 0.8]
[pos_bagging_fraction: 1]
[neg_bagging_fraction: 1]
[bagging_freq: 0]
[bagging_seed: 400]
[bagging_by_query: 0]
[feature_fraction: 0.8]
[feature_fraction_bynode: 1]
[feature_fraction_seed: 30056]
[extra_trees: 0]
[extra_seed: 12879]
[early_stopping_round: 0]
[early_stopping_min_delta: 0]
[first_metric_only: 0]
[max_delta_step: 0]
[lambda_l1: 0]
[lambda_l2: 0]
[linear_lambda: 0]
[min_gain_to_split: 0]
[drop_rate: 0.1]
[max_drop: 50]
[skip_drop: 0.5]
[xgboost_dart_mode: 0]
[uniform_drop: 0]
[drop_seed: 17869]
[top_rate: 0.2]
[other_rate: 0.1]
[min_data_per_group: 100]
[max_cat_threshold: 32]
[cat_l2: 10]
[cat_smooth: 10]
[max_cat_to_onehot: 4]
[top_k: 20]
[monotone_constraints: ]
[monotone_constraints_method: basic]
[monotone_penalty: 0]
[feature_contri: ]
[forcedsplits_filename: ]
[refit_decay_rate: 0.9]
[cegb_tradeoff: 1]
[cegb_penalty_split: 0]
[cegb_penalty_feature_lazy: ]
[cegb_penalty_feature_coupled: ]
[path_smooth: 0]
[interaction_constraints: ]
[verbosity: -1]
[saved_feature_importance_type: 0]
[use_quantized_grad: 0]
[num_grad_quant_bins: 4]
[quant_train_renew_leaf: 0]
[stochastic_rounding: 1]
[linear_tree: 0]
[max_bin: 255]
[max_bin_by_feature: ]
[min_data_in_bin: 3]
[bin_construct_sample_cnt: 200000]
[data_random_seed: 175]
[is_enable_sparse: 1]
[enable_bundle: 1]
[use_missing: 1]
[zero_as_missing: 0]
[feature_pre_filter: 1]
[pre_partition: 0]
[two_round: 0]
[header: 0]
[label_column: ]
[weight_column: ]
[group_column: ]
[ignore_column: ]
[categorical_feature: ]
[forcedbins_filename: ]
[precise_float_parser: 0]
[parser_config_file: ]
[objective_seed: 16083]
[num_class: 1]
[is_unbalance: 0]
[scale_pos_weight: 1]
[sigmoid: 1]
[boost_from_average: 1]
[reg_sqrt: 0]
[alpha: 0.9]
[fair_c: 1]
[poisson_max_delta_step: 0.7]
[tweedie_variance_power: 1.5]
[lambdarank_truncation_level: 30]
[lambdarank_norm: 1]
[label_gain: ]
[lambdarank_position_bias_regularization: 0]
[eval_at: ]
[multi_error_top_k: 1]
[auc_mu_weights: ]
[num_machines: 1]
[local_listen_port: 12400]
[time_out: 120]
[machine_list_filename: ]
[machines: ]
[gpu_platform_id: -1]
[gpu_device_id: 0]
[gpu_use_dp: 0]
[num_gpu: 1]

end of parameters

pandas_categorical:null
