tree
version=v4
num_class=1
num_tree_per_iteration=1
label_index=0
max_feature_idx=48
objective=regression
feature_names=Column_0 Column_1 Column_2 Column_3 Column_4 Column_5 Column_6 Column_7 Column_8 Column_9 Column_10 Column_11 Column_12 Column_13 Column_14 Column_15 Column_16 Column_17 Column_18 Column_19 Column_20 Column_21 Column_22 Column_23 Column_24 Column_25 Column_26 Column_27 Column_28 Column_29 Column_30 Column_31 Column_32 Column_33 Column_34 Column_35 Column_36 Column_37 Column_38 Column_39 Column_40 Column_41 Column_42 Column_43 Column_44 Column_45 Column_46 Column_47 Column_48
feature_infos=[12:298] [-64:64] [-1:1] [0:50] [0:54] [0:0.80000000000000004] [0:0.81818181818181823] [0:30] [0:30] [0:16] [0:19] [0:0.68965517241379315] [0:42] [0:43] [0:80] [0:84] [0:13] [0:4] [0:4] [0:6] [0:2] [1:54] [1:53] [0:0.16666666666666666] [0:0.2929600950367654] [0:1.1944444444444444] [0:70] [0:0.21944444444444444] [0:5.927777777777778] [0:0.21944444444444444] [0:0.16666666666666666] [-0.07079365079365077:0.074867724867724861] [0:0.13819444444444445] [0:0.22187441918237702] [0:0.96111111111111114] [0:70] [0:0.1788888888888889] [0:5.416666666666667] [0:0.1788888888888889] [0:0.16500000000000001] [-0.07079365079365077:0.079999999999999974] none [0:30] [0:1] [0:1] [0:1] [0:1] [0:1] [0:1]
tree_sizes=13771 13995 13945 13937 13952 13918 13945 13944 13918 13952 13926 13961 13929 13890 13946 13948 13943 13895 13892 13937 13937 13939 13895 13917 13876 13959

Tree=0
num_leaves=127
num_cat=0
split_feature=38 27 27 1 0 1 0 38 1 1 38 25 34 38 38 11 11 1 0 5 34 1 47 0 1 11 34 1 11 5 1 33 33 47 11 1 1 39 47 34 30 4 38 39 37 5 0 1 1 5 33 33 11 33 25 39 0 25 28 24 39 28 12 25 5 11 1 5 42 11 43 5 27 27 11 9 27 4 11 0 39 39 34 25 33 11 38 1 23 39 33 42 33 37 24 39 25 39 11 38 34 12 27 38 5 34 17 1 34 1 27 38 30 15 39 38 33 27 4 11 11 1 4 24 24 33
split_gain=3.09486e+09 6.6936e+08 4.8637e+08 2.10103e+08 1.86616e+08 1.81591e+08 1.36752e+08 1.29613e+08 1.25398e+08 1.08291e+08 9.21168e+07 7.97517e+07 7.59803e+07 6.05266e+07 5.68239e+07 5.51367e+07 5.34254e+07 5.09625e+07 5.02965e+07 4.88272e+07 4.40735e+07 4.35665e+07 3.95963e+07 3.6989e+07 4.07851e+07 3.36492e+07 3.31964e+07 3.09388e+07 3.08395e+07 2.67294e+07 2.66239e+07 2.66161e+07 2.61315e+07 2.599e+07 2.49733e+07 2.43366e+07 2.40524e+07 2.77771e+07 2.35802e+07 2.24672e+07 2.13013e+07 2.11572e+07 2.06213e+07 1.9857e+07 1.93835e+07 1.91459e+07 1.89241e+07 1.88204e+07 1.84154e+07 1.67915e+07 1.60907e+07 1.57414e+07 1.56448e+07 1.54611e+07 1.52038e+07 1.45333e+07 1.42015e+07 1.3817e+07 1.33731e+07 1.31198e+07 1.29419e+07 1.28236e+07 1.27155e+07 1.26026e+07 1.24821e+07 1.24742e+07 1.19321e+07 1.19193e+07 1.20496e+07 1.17603e+07 1.1754e+07 1.16488e+07 1.13978e+07 1.13802e+07 1.07159e+07 1.06122e+07 1.05209e+07 1.04343e+07 1.02744e+07 1.02395e+07 1.0239e+07 1.01107e+07 1.00989e+07 1.00267e+07 1.00119e+07 9.71686e+06 9.69226e+06 9.55487e+06 9.46974e+06 9.40404e+06 9.37342e+06 1.03282e+07 9.37116e+06 9.02625e+06 8.87815e+06 9.43306e+06 8.79445e+06 8.78344e+06 8.73223e+06 8.68786e+06 8.66356e+06 8.535e+06 8.32479e+06 8.2962e+06 8.25431e+06 8.22438e+06 8.21925e+06 8.21734e+06 8.13697e+06 8.12319e+06 8.06605e+06 7.95207e+06 8.8818e+06 1.0107e+07 7.90821e+06 7.85514e+06 7.79875e+06 7.74561e+06 7.74405e+06 7.67159e+06 7.64906e+06 7.61088e+06 7.54996e+06 7.53033e+06 7.51781e+06 7.43204e+06
threshold=0.012870370370370372 0.013412698412698413 0.0089583333333333338 6.5000000000000009 53.500000000000007 6.5000000000000009 34.500000000000007 0.0071825396825396836 5.5000000000000009 -7.4999999999999991 0.0084876543209876556 0.069444444444444461 0.43055555555555564 0.019598765432098767 0.020069444444444449 0.25362623502207277 0.25463121783876502 -10.499999999999998 62.500000000000007 0.093178294573643419 0.097222222222222238 8.5000000000000018 1.0000000180025095e-35 47.500000000000007 -9.4999999999999982 0.25105042016806728 0.48055555555555562 6.5000000000000009 0.25362623502207277 0.039736842105263161 4.5000000000000009 0.018314406283436228 0.051284066511676211 1.0000000180025095e-35 0.27315608919382511 -7.4999999999999991 -8.4999999999999982 0.022500000000000003 1.0000000180025095e-35 0.27500000000000008 0.015493827160493828 4.5000000000000009 0.028950617283950621 0.0088095238095238105 0.86388888888888904 0.1202409638554217 16.500000000000004 -6.4999999999999991 13.500000000000002 0.20101010101010106 0.039316068176116221 0.013878612240135237 0.2466642946095001 0.022563105248922129 0.10833333333333335 0.014365079365079367 24.500000000000004 0.063888888888888898 0.45277777777777783 0.020411923454544394 0.0039285714285714297 0.45277777777777783 1.0000000180025095e-35 0.041666666666666678 0.071008403361344549 0.26161035226455792 12.500000000000002 0.11791443850267382 1.5000000000000002 0.29280610987928063 1.0000000180025095e-35 0.034286833855799378 0.0099382716049382733 0.025625000000000002 0.25543735224586289 5.5000000000000009 0.01451388888888889 7.5000000000000009 0.24152298850574716 81.500000000000014 0.0052777777777777788 0.032314814814814817 0.2416666666666667 0.086111111111111124 0.023645762517796105 0.32163382594417084 0.021049382716049388 15.500000000000002 0.019217988480283565 0.0049691358024691367 0.019464247463153988 1.5000000000000002 0.022444023410738083 0.097222222222222238 0.038506783191249103 0.021203703703703707 0.16944444444444448 0.044722222222222226 0.27093068535825549 0.019920634920634925 0.063888888888888898 1.0000000180025095e-35 0.0058333333333333345 0.033919753086419757 0.2293374316939891 0.13055555555555556 2.5000000000000004 8.5000000000000018 0.12500000000000003 -11.499999999999998 0.0039285714285714297 0.015039682539682542 0.027500000000000004 1.0000000180025095e-35 0.0058333333333333345 0.02194444444444445 0.032374110615331859 0.011388888888888891 3.5000000000000004 0.28292357537640561 0.20761973875181425 14.500000000000002 7.5000000000000009 0.014862094953743198 0.021911638125364761 0.013778473743765488
decision_type=2 2 2 2 2 2 2 2 2 2 2 2 2 2 2 2 2 2 2 2 2 2 2 2 2 2 2 2 2 2 2 2 2 2 2 2 2 2 2 2 2 2 2 2 2 2 2 2 2 2 2 2 2 2 2 2 2 2 2 2 2 2 2 2 2 2 2 2 2 2 2 2 2 2 2 2 2 2 2 2 2 2 2 2 2 2 2 2 2 2 2 2 2 2 2 2 2 2 2 2 2 2 2 2 2 2 2 2 2 2 2 2 2 2 2 2 2 2 2 2 2 2 2 2 2 2
left_child=2 5 7 4 13 6 39 20 10 26 23 21 15 31 43 36 33 69 29 25 27 34 28 56 74 41 65 57 58 44 47 101 42 49 70 -17 89 90 80 46 59 81 53 93 85 54 -2 -13 62 60 86 -20 -26 -15 72 -27 -4 104 120 -21 -10 -49 -18 -24 111 73 -45 68 84 114 -9 -39 -37 77 -25 -73 -31 -6 125 -22 -16 -11 -65 -35 98 -19 -42 96 -61 -8 122 -92 -64 -5 95 -55 -82 -34 -53 -57 -23 -3 -59 -99 -1 -78 -33 -62 -36 -67 -29 -48 113 -113 -12 -75 -30 -47 -58 -103 -7 -80 -38 -91 -93 -32
right_child=1 3 8 14 9 22 12 11 16 19 17 30 -14 32 38 35 48 18 51 40 79 100 63 24 52 55 -28 110 116 76 78 106 97 83 108 45 37 71 -40 -41 50 -43 -44 66 -46 117 64 61 -50 -51 -52 67 -54 94 -56 99 118 102 -60 88 107 -63 92 82 -66 109 -68 -69 -70 -71 -72 75 -74 115 -76 -77 105 -79 121 -81 87 -83 -84 -85 -86 -87 -88 -89 -90 123 91 124 -94 -95 -96 -97 -98 103 -100 -101 -102 119 -104 -105 -106 -107 -108 -109 -110 -111 -112 112 -114 -115 -116 -117 -118 -119 -120 -121 -122 -123 -124 -125 -126 -127
leaf_value=1697.7592238921418 1662.7250353474242 1667.3476351383733 1679.7545274601086 1690.0716850537447 1679.6700011865862 1693.1319862170653 1693.1586423894316 1689.3943535331664 1700.7778817055701 1694.0656418077904 1690.2891629868056 1694.1024948149745 1701.9354054428802 1665.4402676632967 1680.5534244821949 1676.628048544804 1669.8273051799827 1691.1000795580692 1686.3723420248314 1673.5887639451132 1702.7621038682848 1674.9236300003006 1661.110467689487 1690.3438139423554 1699.610746533187 1687.8683067508903 1698.1286985483482 1699.6115088355098 1670.1089906482653 1684.74518450183 1686.2716368853385 1682.2868849813401 1681.3368014744995 1673.4568600642604 1684.9878200435637 1688.0768748188643 1693.6804389295314 1692.08791977598 1658.792634247646 1697.2987841689803 1675.6797199488144 1682.3020602898387 1663.4020313245369 1671.5127955603962 1679.5449824284321 1681.8080108672391 1686.1131260880657 1701.7065185482866 1669.0317528068238 1676.8677114126563 1683.8561582276584 1697.3611699973844 1694.1757226478876 1687.9045865912544 1691.9164420323091 1682.4514707765118 1690.8972727270316 1704.0313045981361 1676.545454499405 1705.0691678793501 1692.3418792955363 1696.2513312734764 1677.8596524245049 1669.7639887113555 1670.886631597235 1663.3244912181444 1664.3328859921392 1687.7427251845877 1690.682496808364 1669.3393627295811 1695.3379475791592 1681.6655167682536 1680.3860006324096 1675.7588650617106 1679.2882368897447 1689.9851165832756 1676.8893978862541 1670.8008368966478 1689.8964054599419 1707.3498427897334 1664.6858375946142 1685.8656110905833 1692.2930421981391 1684.4244560846116 1703.4257162862884 1680.0196338653827 1667.4748716763402 1659.3930467941373 1685.1090230400598 1675.6866103297921 1701.6389778351547 1681.2580413725382 1685.7139686305243 1674.8754938102431 1677.0414726164527 1669.0357244355728 1672.9032282513238 1679.0890792129467 1686.874647609045 1674.808343877133 1684.6337232668259 1676.7744182538988 1699.664875988982 1668.0294891059411 1677.603792996179 1687.2068577429336 1676.1448480626063 1686.0198614404967 1696.7202632386179 1671.5647618707251 1689.7903533036158 1686.3041210184074 1688.5737790036587 1671.9043440852765 1678.7898223343921 1664.5943803366406 1679.1559411275878 1671.4501241597102 1676.7209110140689 1668.6696626974863 1683.390447450518 1675.09600575166 1680.7151886772733 1684.8853320823962 1695.9741788439205 1697.2445251262923
leaf_weight=3075.9308187365532 313.08648204803467 1023.9594516158104 388.13424456119537 158.84875696897507 751.59837085008621 308.0374453663826 230.96821194887161 1148.1737704873085 232.63358670473099 1388.5416235327721 176.12848550081253 1668.2880966067314 941.60618287324905 1947.9403337240219 105.32217043638229 1111.0362038612366 330.68889337778091 2437.8148120641708 844.00337082147598 244.12671327590942 3126.3583191633224 442.36441177129745 482.69921034574509 562.91242253780365 3261.9444245100021 495.91651862859726 113.72359430789948 259.54325062036514 967.09751272201538 1462.9280595183372 184.43549650907516 837.56351697444916 343.69290041923523 483.27786386013031 1374.5903421640396 987.79207944869995 909.03875440359116 1141.0056734085083 2878.3960713148117 109.79225921630859 695.01776170730591 835.58654075860977 3159.1155703663826 1580.3896560072899 508.58770233392715 511.90694373846054 302.63365083932877 3860.8947271704674 635.54917311668396 291.71182954311371 318.02447444200516 1032.4704698324203 2228.726865530014 68.899462580680847 1002.9027267694473 640.70160377025604 1933.5981616973877 2116.4598627686501 500.56877988576889 66.935693442821503 819.43591523170471 1494.2072857022285 1108.6342385411263 951.33696287870407 749.87589025497437 733.92264527082443 912.91311687231064 617.18044900894165 893.7475979924202 294.15172326564789 3018.9192838072777 847.39001643657684 940.31740313768387 227.69412809610367 358.94835597276688 699.88084775209427 1134.9820887446404 593.46007287502289 820.41008764505386 1990.6649407744408 1588.3855254650116 515.46772056818008 52.486750721931458 366.3651447892189 547.47234916687012 215.3339678645134 746.56420177221298 650.41561657190323 529.39851295948029 324.22847652435303 873.75414609909058 113.18567311763763 577.63864141702652 253.92575562000275 548.01643282175064 1714.1454831957817 409.5495280623436 254.18939167261124 245.77592688798904 885.88005292415619 477.86631071567535 731.9201534986496 2254.2549575567245 509.34598779678345 51.649778485298157 232.7629759311676 1557.688716173172 1378.9506161808968 165.58572000265121 504.77627295255661 1074.8724892139435 151.26666003465652 135.53110003471375 626.77465415000916 989.30708062648773 511.41546338796616 316.06095904111862 278.78543549776077 101.38493567705154 485.74713915586472 582.67606616020203 97.147164881229401 128.10950684547424 708.99032831192017 372.06275600194931 944.88686937093735
leaf_count=4195 240 934 478 170 960 390 314 1696 265 1697 242 2382 1152 1595 124 1314 354 3272 1155 275 3698 580 334 838 4130 606 160 340 1067 2133 272 1057 467 567 1981 1333 1199 1559 1658 135 835 1011 2306 1722 685 657 398 4467 667 380 430 1288 3053 81 1272 826 2787 2421 636 62 1142 2071 1584 967 784 561 785 866 1339 302 4213 1105 1256 253 486 959 1418 607 1190 1945 1322 718 70 506 585 294 680 381 672 409 937 174 818 292 640 1652 458 293 322 996 737 881 2931 476 68 331 1785 2062 202 538 1693 187 177 677 1321 422 430 314 126 485 798 128 159 986 525 1246
internal_value=1684.85 1675.96 1692.94 1671.62 1674.02 1683.5 1686.14 1697.35 1688.04 1678.89 1689.93 1694.23 1688.29 1670.03 1664.89 1687.15 1681.83 1687.01 1688.26 1682.31 1700.85 1690.06 1674.29 1693.78 1695.77 1685.32 1671.57 1698.72 1677.93 1685.33 1697.28 1674.63 1667.53 1685.82 1691.69 1683.12 1690.21 1691.74 1661.96 1675.21 1676.8 1688.93 1666.47 1670.57 1688.49 1685.06 1674.14 1698.74 1676.45 1688.2 1673.68 1692.47 1697.4 1668.73 1686.92 1680.43 1688.52 1699.96 1683.08 1683.35 1689.56 1700.18 1678.79 1667.75 1675.96 1670.66 1668.88 1694.02 1695.44 1678.27 1693.7 1688.26 1684.33 1673.02 1686.04 1685.43 1681.8 1675.76 1692.26 1704.55 1665.26 1691.85 1670.94 1678.19 1697.77 1690.2 1671.43 1664.66 1687.35 1684.04 1695.66 1698.39 1680.55 1680.72 1671.48 1669.76 1666.37 1674.7 1695.34 1678.02 1679.97 1670.71 1701.78 1671.71 1697.43 1678.65 1678.29 1688.38 1686.25 1666.68 1691.7 1679.09 1676.76 1674.7 1680.53 1668.03 1672.34 1678.16 1690.19 1673.54 1686.76 1688.33 1692.08 1682 1692.54 1695.45
internal_weight=107533 51192 56340.7 32519.1 23981 18672.9 14511.9 29647.5 26693.2 10798.8 20468.3 15697.8 12123 13182.2 8538.15 11181.4 6224.89 11632.6 10173.1 7362.16 13949.7 6627.5 4160.96 8835.65 6412.53 4762.09 3436.59 8832.71 2674.44 5992.41 9070.27 4636.88 8545.35 3572.37 5707.27 4832.74 6348.61 5084.43 5632.07 2388.96 2600.07 2739.6 7438.12 2906.08 3161.74 3721.7 2279.17 7023.39 2652.51 2722.73 1759.61 4180.65 5490.67 4279 2931.01 2022.5 2423.12 7498.3 1391.28 840.461 2431.02 5355.1 2016.96 1486.52 1966.08 3322.87 2493.3 3336.65 2719.47 1459.59 4167.09 2688.28 1928.11 2084.17 921.861 1547.27 2830.67 1345.06 2046.88 5117.02 2753.67 1904.01 1003.82 849.643 1825.72 2653.15 1441.58 2648.35 596.334 1264.19 2396.15 1359 1686.27 412.775 2331.06 1783.04 1997.94 1107.23 1278.25 1526.58 920.231 2241.63 4370.71 763.535 3127.58 1367.75 2395.25 2198.39 1540.18 1238.7 1334.42 1216.21 913.572 778.041 1165.44 739.11 1283.16 790.692 2034.98 1217.67 890.714 917.557 1037.15 1033.22 485.248 1129.32
internal_count=129039 54787 74252 31873 24961 22914 18222 38456 35796 12309 27451 21165 15624 12652 6912 14472 8345 15553 13688 8808 17291 9409 4692 11898 8507 5854 3501 11648 3321 8133 11756 5142 7510 4922 8092 6146 8326 6617 3943 2598 2954 3426 6274 2969 4251 4832 2463 8920 3423 3849 1945 5555 7183 3968 3861 2428 3391 9615 1824 1009 3469 6538 2756 1371 2223 3341 2507 4400 3534 1865 5909 3623 2589 2242 1324 2064 3882 1567 2836 5643 2285 2415 1037 1073 2195 3566 1515 2161 734 1709 2994 1636 2402 462 2373 1733 1780 1236 1610 1822 1317 2300 5352 769 4263 1749 2842 3204 2183 1099 2033 1439 1041 864 1563 675 1497 971 2913 1366 1188 1318 1358 1395 699 1518
is_linear=0
shrinkage=1


Tree=1
num_leaves=127
num_cat=0
split_feature=36 29 29 13 36 34 11 25 11 5 25 36 11 36 12 34 13 34 36 36 34 5 32 33 34 32 36 29 5 34 32 32 11 11 32 12 37 36 40 24 12 34 5 5 5 36 33 11 29 34 5 32 34 40 24 39 11 6 36 24 36 9 2 24 32 11 5 5 42 33 11 34 11 34 24 33 33 23 36 2 25 2 6 36 29 11 36 5 34 34 32 25 12 25 6 5 34 15 24 34 6 13 34 36 15 11 11 4 33 2 24 40 34 14 21 23 34 34 32 9 33 33 32 29 34 14
split_gain=2.79848e+09 5.58697e+08 4.92809e+08 1.63315e+08 1.36826e+08 1.36574e+08 1.18068e+08 1.15128e+08 8.23058e+07 8.15495e+07 7.47719e+07 5.93158e+07 5.84682e+07 4.78696e+07 4.78563e+07 4.14626e+07 3.90919e+07 3.68901e+07 3.64362e+07 3.56826e+07 3.9325e+07 3.38341e+07 3.19165e+07 3.08734e+07 2.70094e+07 2.99623e+07 2.60007e+07 2.57754e+07 2.38962e+07 2.38577e+07 2.30301e+07 2.12693e+07 2.12606e+07 2.06759e+07 2.05856e+07 2.0371e+07 1.98609e+07 1.84334e+07 1.82983e+07 1.74591e+07 1.73926e+07 1.69305e+07 1.67725e+07 1.61202e+07 1.5844e+07 1.55671e+07 1.48534e+07 1.43211e+07 1.42624e+07 1.41436e+07 1.41268e+07 1.40234e+07 1.39697e+07 1.37944e+07 1.37723e+07 1.36315e+07 1.34614e+07 1.34113e+07 1.30516e+07 1.28139e+07 1.27816e+07 1.24817e+07 1.24394e+07 1.23171e+07 1.22607e+07 1.21745e+07 1.23551e+07 1.2132e+07 1.13869e+07 1.13357e+07 1.12008e+07 1.11868e+07 1.09168e+07 1.03139e+07 1.03051e+07 1.02361e+07 1.02354e+07 9.36128e+06 9.34939e+06 9.33265e+06 9.11234e+06 9.09536e+06 8.98212e+06 8.87355e+06 8.83408e+06 8.75197e+06 8.58342e+06 8.4553e+06 8.44215e+06 8.34108e+06 8.24939e+06 8.19511e+06 8.16811e+06 8.10864e+06 8.04704e+06 7.86346e+06 7.81037e+06 7.72865e+06 7.56309e+06 7.51742e+06 7.46459e+06 7.38417e+06 7.31898e+06 7.30762e+06 7.53094e+06 7.24023e+06 7.22118e+06 7.26627e+06 7.14225e+06 7.13777e+06 7.69174e+06 7.10109e+06 7.05747e+06 7.05291e+06 7.03009e+06 7.00848e+06 6.87273e+06 6.81288e+06 8.52217e+06 6.76935e+06 6.7679e+06 6.74244e+06 6.70869e+06 6.68685e+06 7.84811e+06 6.67243e+06
threshold=0.013412698412698413 0.013412698412698413 0.0094841269841269855 1.0000000180025095e-35 0.0071825396825396836 0.19166666666666668 0.26944684528954194 0.063888888888888898 0.26256313131313141 0.10923295454545455 0.069444444444444461 0.019598765432098767 0.25362623502207277 0.0067283950617283957 1.0000000180025095e-35 0.10277777777777779 1.0000000180025095e-35 0.086111111111111124 0.0089583333333333338 0.022808641975308644 0.3083333333333334 0.082079496968335955 0.032924319983940582 0.021418070321682251 0.13611111111111115 0.02284385324291428 0.019920634920634925 0.0058333333333333345 0.16024691358024692 0.063888888888888898 0.027318609593199761 0.019301900584795324 0.25268941584731064 0.26992063492063495 0.025256470959595965 4.5000000000000009 0.89166666666666672 0.018819444444444448 0.0014957264957264963 0.028472545933180656 4.5000000000000009 0.37500000000000006 0.034286833855799378 0.09491634491634493 0.09491634491634493 0.028364197530864197 0.025690674927081526 0.25595575723199099 0.010833333333333335 0.063888888888888898 0.089087301587301604 0.013199476650563608 0.45833333333333343 0.00087263766699250571 0.036787326923761431 0.018293650793650796 0.19837990292535748 0.052357456140350887 0.0088095238095238105 0.019494938045513419 0.031180555555555559 4.5000000000000009 1.0000000180025095e-35 0.022596707787810401 0.019141313932980606 0.31383948928408578 0.042705167173252283 0.12208672086720869 1.5000000000000002 0.022563105248922129 0.23887201162329946 0.069444444444444461 0.27675941080196403 0.13611111111111115 0.020806145839767681 0.017027216107929101 0.008934018077980008 0.031036565050807933 0.010833333333333335 1.0000000180025095e-35 0.10833333333333335 1.0000000180025095e-35 0.19895833333333338 0.0088095238095238105 0.0071825396825396836 0.21455026455026457 0.020069444444444449 0.15424266455194294 0.10833333333333335 0.097222222222222238 0.017825801547816478 0.10833333333333335 12.500000000000002 0.10833333333333335 0.17416582406471184 0.057307060755336627 0.069444444444444461 11.500000000000002 0.025758989379100844 0.047222222222222228 0.11796331435800128 1.0000000180025095e-35 0.097222222222222238 0.030079365079365084 19.500000000000004 0.24626532887402455 0.32282878411910676 3.5000000000000004 0.018415392708959522 1.0000000180025095e-35 0.016522762415609221 -0.0029286460528581428 0.13055555555555556 1.0000000180025095e-35 41.500000000000007 0.026449735449735452 0.31388888888888894 0.10277777777777779 0.027063229482584324 4.5000000000000009 0.018506227115415705 0.047628809922481648 0.015977564102564106 0.036736111111111115 0.18055555555555558 11.500000000000002
decision_type=2 2 2 2 2 2 2 2 2 2 2 2 2 2 2 2 2 2 2 2 2 2 2 2 2 2 2 2 2 2 2 2 2 2 2 2 2 2 2 2 2 2 2 2 2 2 2 2 2 2 2 2 2 2 2 2 2 2 2 2 2 2 2 2 2 2 2 2 2 2 2 2 2 2 2 2 2 2 2 2 2 2 2 2 2 2 2 2 2 2 2 2 2 2 2 2 2 2 2 2 2 2 2 2 2 2 2 2 2 2 2 2 2 2 2 2 2 2 2 2 2 2 2 2 2 2
left_child=2 5 4 11 15 7 9 16 14 13 21 29 28 36 116 27 86 35 44 43 42 33 81 40 60 125 87 74 34 -3 47 51 49 71 46 63 -4 67 68 65 -11 62 55 53 73 114 48 69 64 -12 72 -31 -47 57 -33 97 -42 -16 -25 -53 80 -44 -28 -15 108 66 -20 82 94 -18 100 -6 -29 106 85 -57 -23 -41 -34 -22 -13 -7 91 -58 -51 -1 -2 -10 -55 -61 -17 -14 -43 -59 -19 -49 -52 -21 -36 -45 119 -60 -88 104 -63 -78 -8 -108 -9 111 -111 -24 -69 -39 -27 120 -5 118 -115 -37 -82 -105 -93 124 -77 -26
right_child=1 3 6 8 10 22 18 12 26 23 32 24 37 17 19 90 30 38 39 20 79 76 109 58 25 45 41 50 -30 31 -32 54 78 -35 98 70 -38 113 -40 77 56 92 61 99 -46 52 -48 95 -50 84 96 59 -54 88 -56 75 83 93 101 89 -62 103 -64 -65 -66 -67 -68 112 -70 -71 -72 -73 -74 -75 -76 123 105 -79 -80 -81 115 -83 -84 -85 -86 -87 102 -89 -90 -91 -92 122 -94 -95 -96 -97 -98 -99 -100 -101 -102 -103 -104 121 -106 -107 107 -109 -110 110 -112 -113 -114 117 -116 -117 -118 -119 -120 -121 -122 -123 -124 -125 -126 -127
leaf_value=17.42339285906046 -11.47221054507466 -16.847305484592933 12.905779634991067 -14.398464540655045 6.3878837552342871 16.348619427467579 3.8204274857619298 9.8351485737914288 -9.0368683533261205 -11.542569087064969 8.3875917140408003 -21.735429110852778 -1.623213054264804 -6.1979724584803693 5.8921305538893964 21.62194917835394 -2.6609425942674836 12.768691313161057 -0.87658883232033169 8.8335290988387012 13.867603500871851 -8.7869377481079134 18.247851136525874 10.034873168862486 21.215550086493895 -11.842440040662876 -13.798237925050728 13.517475271824148 -5.4100171697189214 27.984262727191624 -13.629122095255923 -13.388065937931865 9.7843122457090992 1.9870673052111751 -2.4858172150193099 3.7593020240277548 -2.5838220743336091 11.135264395901203 2.7727843923603248 3.9321603619748107 5.17694354549515 3.6376451860502108 -19.152492509713607 -24.739105464077355 -4.315569027385302 -19.909798813711916 16.364330754904028 -3.9429839178340012 0.19553854075198904 15.937886243053171 3.1645331461217499 -10.698785464127814 -3.0023471836043574 -9.0861208061759751 -1.6587697989558361 13.498676480191438 -0.069385840350316905 -6.9326590730704512 -5.3783343608802063 0.96216149105112514 -25.172184552755624 -5.3627836766448818 -18.850556482761441 3.8865222351051778 4.4930380830576233 -11.872421797482932 -8.4726687977023154 -11.217885096305507 5.7724367896194808 7.5042557045599274 -0.070300507540565521 11.831413453912255 6.9122307818028492 11.853435761067828 19.685539017605802 -10.851036425333191 3.8665390908029438 -4.950698325468796 4.2609688023992609 -2.1667078218882687 -18.937925710195618 8.5274741180622993 -11.313322945278641 -7.4041950592152821 11.928080383475642 12.087885756908435 -20.869513193865636 -17.537034634628238 -1.0536098722491396 23.644271903612776 17.266091928535051 22.851557422146996 -19.129520020169732 1.3509248346401583 3.2244118378307167 -11.983620464678628 10.715671770087253 -5.7678803655731032 3.9435897819503456 -6.4970289158555161 -0.16677587848799583 3.6575442790440125 -11.624617780974697 -15.393714692076314 -17.473531974211504 -2.1354256681514063 0.066432632245811071 -14.167347325619293 20.267486449948379 -9.2417183441961512 2.6099842508649953 2.6830858380342857 5.2104372940455663 -8.5187254438325635 4.6951410780287652 -18.452002746150121 -0.37638060628875142 -5.8890829139772931 -19.411765588924602 9.1578127767760247 -2.6061262531978686 -0.381960489443602 4.3037194168384429 -19.340326413707455 1.0903809027123206 -1.854514376754435
leaf_weight=1353.4289005994797 1404.8292298316956 1454.4228721857071 2876.4115142822266 2109.9676667451859 2058.7269971370697 993.85225695371628 1473.4154291152954 445.97243201732635 2528.8517268300056 682.25249016284943 1420.8378074765205 2678.5294279456139 845.30937564373016 1009.4559925198555 973.86630344390869 1644.5338268876076 1123.5636799931526 2112.8174982666969 874.31186330318451 197.40446758270264 201.24350559711456 309.4473540186882 108.09149605035782 585.71758478879929 54.866606712341309 589.89131510257721 2225.3543493747711 3379.7950949668884 637.70607537031174 43.37968647480011 704.48746252059937 1337.7458684444427 2522.2024951577187 1521.9607511758804 868.19779241085052 1075.0865258574486 222.98933631181717 44.999447345733643 1273.1912642717361 580.13598138093948 462.47138392925262 157.32572418451309 622.81671178340912 58.985646069049835 962.54583936929703 1943.7828856110573 425.87851423025131 694.25013321638107 685.86489313840866 2818.6025218367577 781.73572140932083 208.19539648294449 130.36587274074554 638.57634508609772 307.86194336414337 47.833932280540466 692.46690011024475 492.15420150756836 337.55142217874527 159.42294579744339 1711.9994120001793 696.22623330354691 2692.2275128960609 432.52496302127838 750.79690432548523 1137.3279564380646 1380.6337178945541 396.500204205513 1190.1844335198402 362.81776684522629 1321.6391835212708 1742.7668793201447 767.61710965633392 306.93456900119781 1302.4079304337502 656.55739051103592 1044.9772745966911 606.86197990179062 1100.4332904815674 165.28271394968033 108.34959894418716 593.8276202082634 145.8338423371315 1019.3183446526527 2679.2579920291901 1778.6630876660347 613.04290699958801 330.833291888237 670.63924568891525 54.349599897861481 3205.9494406580925 52.814341425895691 52.555390238761902 739.07706254720688 246.62513834238052 541.03180944919586 609.38451850414276 167.54398810863495 966.69386547803879 1327.1155728697777 480.59593093395233 684.78642058372498 328.96544563770294 827.40812438726425 157.38210606575012 967.83711451292038 422.05389767885208 113.84892892837524 259.54406076669693 206.2073667049408 407.31191539764404 227.52887827157974 78.280239105224609 520.06893140077591 72.118966996669769 1142.6654857993126 91.162020087242126 878.18834120035172 274.23018890619278 1262.7021709680557 153.02435946464539 82.23269259929657 633.79641669988632 166.01941019296646 174.07147783041 73.099148213863373
leaf_count=1634 1462 1326 3791 2037 2911 1163 2121 535 2922 770 1989 1862 1107 1227 1286 1582 1531 2580 1156 232 253 398 123 791 45 586 2195 4464 807 28 750 1332 3428 2161 1148 1603 291 49 1842 792 627 256 529 36 1320 1443 464 895 910 3319 1193 238 173 738 387 38 1019 664 409 197 935 819 2196 553 1054 1344 1673 473 1789 471 1880 2381 1101 374 1419 716 1584 796 1490 247 89 835 178 1350 3494 2446 477 308 891 46 3715 40 54 953 345 646 864 209 1317 1600 693 972 316 779 157 1381 560 110 247 277 586 313 105 580 92 922 102 1067 237 1700 165 109 819 134 204 95
internal_value=-2.40287e-08 -8.86633 7.33799 -12.8278 11.3855 -1.62575 2.16463 -3.47655 -9.95777 4.40025 8.47935 -17.3476 0.0870385 6.33701 -7.20469 14.9511 -8.97699 4.71226 -2.9475 -5.59848 -9.00287 4.71495 9.08707 -1.45798 -19.5826 -15.6105 -13.8402 13.107 3.63589 -11.9198 -5.57172 -8.52483 11.2097 6.91178 4.94606 1.94492 11.7914 -4.5353 7.91522 -5.82846 -4.57763 -15.9707 -10.5132 -2.70705 1.07615 -16.7165 7.83596 -3.4861 6.14047 12.8345 10.8325 0.913205 -18.8471 -0.906045 -11.1937 -6.18852 -2.39212 1.50771 4.08367 -1.86979 -21.5459 -13.0678 -16.5642 -3.17311 8.94029 -7.65472 -5.52743 -1.45291 9.75973 -0.179672 3.72754 8.88343 12.295 3.31674 15.9477 -9.09513 -0.320977 -0.609271 8.10651 6.63703 -20.0252 13.4233 0.543935 -4.43705 13.9838 14.3934 -13.9483 -10.0202 -4.97151 6.72887 18.7429 1.67271 -2.06338 -1.96023 11.7711 -7.46464 6.47233 2.13018 0.90145 -7.27332 5.50848 0.674114 -17.641 -10.9185 -7.59568 0.980568 2.01271 -2.95744 13.673 1.83354 -1.37344 7.69595 -8.50924 -8.39847 -10.0408 -16.7625 -13.8177 -8.92404 -12.2795 6.67518 -9.37629 -14.0366 5.73043 -10.1795 -8.34852 8.03701
internal_weight=107533 48695.3 58837.4 31474.8 33010.6 17220.5 25826.9 14683.7 19250.7 17968.8 18187.1 12224.1 8910.68 13504.2 11263.6 14823.5 5772.99 10404.8 7858.07 9062.44 4162.02 7645.72 2536.82 4464.56 8658.69 2864.12 7987.15 9973.03 5040.65 3565.38 3426.15 2110.96 10541.3 5323.45 4402.95 5582 3099.4 3870.02 4822.82 4579.27 2856.51 5127.46 3795.5 4900.41 3278.8 2736.16 2568.06 2721.66 2142.18 6918.7 5538.53 465.348 2074.15 3514.31 1645.61 1409.43 2174.26 2205.1 1608.06 421.968 5794.57 2386.07 4917.58 1441.98 1456.31 3392.27 2254.95 2152.53 3549.63 1486.38 4140.02 3801.49 4147.41 2316.25 4434.5 1044.48 2322.26 1187 3622.64 366.526 4082.57 1587.68 1677.75 1711.79 5497.86 3132.09 2346.84 2859.69 1309.22 213.773 4850.48 1531.92 209.881 1231.23 2359.44 1235.28 1391.12 364.948 1834.89 1386.1 2818.38 1022.34 942.008 1763.25 853.608 2012.81 2009.32 535.903 705.516 949.14 613.519 335.62 474.78 1717.49 662.01 1404.04 2201.13 1672.49 794.299 2337.79 261.374 909.641 686.611 996.648 830.629 127.966
internal_count=129039 51607 77432 30625 42954 20982 34478 17685 20664 24232 24536 9961 11137 18294 12733 18418 6548 14212 10246 10594 4426 10816 3297 5938 6407 2434 7931 13121 6482 3554 4293 2228 13720 7453 5675 7656 4082 4655 6556 5761 3766 4701 3926 6168 4485 2294 3210 3543 2746 8802 7622 509 1616 4532 1719 1533 2996 2903 2172 481 3973 2393 4391 1780 1836 4173 2829 2722 4714 2002 5876 5292 5565 3165 5499 1092 3363 1588 4918 500 3038 1998 2144 2369 6813 4080 2255 3230 1629 243 5297 1966 310 1617 2925 1541 2057 441 2465 1636 3996 1381 793 1864 976 2965 2791 670 782 1299 863 436 578 1933 678 1176 2139 1884 817 3303 254 888 859 1054 920 140
is_linear=0
shrinkage=0.05


Tree=2
num_leaves=127
num_cat=0
split_feature=36 29 29 1 1 36 44 36 28 1 11 11 34 1 1 34 34 1 39 1 36 25 37 1 39 13 34 1 37 39 34 11 36 13 33 29 28 13 34 11 33 1 1 34 25 40 33 39 24 36 11 28 11 1 40 34 33 1 11 1 1 36 1 36 11 3 39 34 6 34 39 29 37 36 11 33 1 29 33 36 11 33 11 33 3 33 13 36 34 6 1 24 25 17 6 25 33 29 9 29 36 31 40 11 23 31 1 1 1 34 1 1 23 1 39 33 36 11 28 29 11 1 28 29 29 36
split_gain=2.52562e+09 5.04224e+08 4.4476e+08 1.80282e+08 1.45936e+08 1.23486e+08 1.11148e+08 1.07126e+08 1.0609e+08 8.02936e+07 7.33717e+07 6.00147e+07 5.1396e+07 5.00876e+07 4.69801e+07 4.54564e+07 4.16893e+07 4.14653e+07 4.13826e+07 4.54798e+07 3.96104e+07 3.92037e+07 3.27432e+07 3.65358e+07 2.91892e+07 2.91731e+07 2.73785e+07 2.69871e+07 2.71486e+07 2.6505e+07 2.40764e+07 2.39771e+07 2.33254e+07 2.30134e+07 2.0622e+07 2.05912e+07 1.9847e+07 1.94858e+07 1.93021e+07 1.90098e+07 1.84801e+07 1.96953e+07 1.80606e+07 1.74764e+07 1.71504e+07 1.69068e+07 1.59232e+07 1.56154e+07 1.54048e+07 1.52992e+07 1.40336e+07 1.3968e+07 1.396e+07 1.38995e+07 1.36207e+07 1.34296e+07 1.38727e+07 1.29739e+07 1.29331e+07 1.26263e+07 1.24281e+07 1.23222e+07 1.20531e+07 1.19975e+07 1.18154e+07 1.17307e+07 1.16944e+07 1.16168e+07 1.12489e+07 1.12351e+07 1.10466e+07 1.0885e+07 1.06871e+07 1.05241e+07 1.03756e+07 1.02748e+07 1.00605e+07 9.88325e+06 9.87592e+06 9.82866e+06 9.77092e+06 9.7691e+06 9.63776e+06 9.33184e+06 9.32599e+06 9.28815e+06 9.1819e+06 9.15721e+06 9.12225e+06 8.9306e+06 8.90349e+06 8.72195e+06 8.65764e+06 8.6536e+06 8.41189e+06 8.31787e+06 7.95183e+06 7.91848e+06 7.89763e+06 7.85734e+06 7.82097e+06 7.6729e+06 7.48118e+06 7.34511e+06 7.29614e+06 7.26878e+06 7.20915e+06 7.18603e+06 7.13898e+06 7.12053e+06 7.1113e+06 7.03374e+06 6.97957e+06 6.91656e+06 6.87148e+06 6.85932e+06 1.03614e+07 6.77739e+06 6.673e+06 6.64854e+06 6.60118e+06 6.58775e+06 6.41511e+06 6.40109e+06 6.28452e+06 6.24992e+06
threshold=0.013412698412698413 0.013412698412698413 0.0094841269841269855 6.5000000000000009 6.5000000000000009 0.0071825396825396836 1.0000000180025095e-35 0.0089583333333333338 0.59722222222222232 5.5000000000000009 0.27924076607387144 0.27675941080196403 0.27500000000000008 7.5000000000000009 8.5000000000000018 0.063888888888888898 0.40277777777777785 -7.4999999999999991 0.029537037037037039 -7.4999999999999991 0.020069444444444449 0.063888888888888898 0.90833333333333344 -10.499999999999998 0.022808641975308644 1.0000000180025095e-35 0.069444444444444461 -11.499999999999998 0.8583333333333335 0.022500000000000003 0.069444444444444461 0.25362623502207277 0.018968253968253971 1.0000000180025095e-35 0.045612533206812203 0.0058333333333333345 0.36388888888888893 1.0000000180025095e-35 0.31388888888888894 0.25410277105192364 0.018023825678729059 -9.4999999999999982 5.5000000000000009 0.1138888888888889 0.17500000000000002 0.00040616246498599459 0.026915670937379007 0.0065740740740740751 0.019599515823812017 0.019920634920634925 0.23553323768531806 0.21944444444444447 0.30655913978494626 -6.4999999999999991 0.00070329271956811343 0.13611111111111115 0.016376590899596172 13.500000000000002 0.22476265133699158 4.5000000000000009 -10.499999999999998 0.02194444444444445 -6.4999999999999991 0.019598765432098767 0.2379000780640125 6.5000000000000009 0.0099382716049382733 0.1138888888888889 0.13015245623941277 0.10277777777777779 0.0039285714285714297 0.014365079365079367 0.55277777777777792 0.023395061728395065 0.23348909657320874 0.028099294548191881 6.5000000000000009 0.025625000000000002 0.021875886539975721 0.028950617283950621 0.25543735224586289 0.013878612240135237 0.23046398046398051 0.0092811122084731652 4.5000000000000009 0.048747185902737751 1.0000000180025095e-35 0.011388888888888891 0.1138888888888889 0.21896404109589043 12.500000000000002 0.023570827244144239 0.15833333333333335 2.5000000000000004 0.17001204335608192 0.10833333333333335 0.017380075314671131 0.023395061728395065 2.5000000000000004 0.013412698412698413 0.016944444444444446 0.00044499536510814712 0.003279852137423352 0.2259467040673212 0.022254901960784317 0.0011008582061213642 25.500000000000004 4.5000000000000009 14.500000000000002 0.10277777777777779 17.500000000000004 -14.499999999999998 0.017697865824480814 -11.499999999999998 0.014365079365079367 0.030227861530968788 0.033055555555555567 0.29442724458204339 0.17500000000000002 0.05848765432098766 0.28292357537640561 13.500000000000002 0.14166666666666669 0.0077083333333333335 0.0071825396825396836 0.035092592592592599
decision_type=2 2 2 2 2 2 2 2 2 2 2 2 2 2 2 2 2 2 2 2 2 2 2 2 2 2 2 2 2 2 2 2 2 2 2 2 2 2 2 2 2 2 2 2 2 2 2 2 2 2 2 2 2 2 2 2 2 2 2 2 2 2 2 2 2 2 2 2 2 2 2 2 2 2 2 2 2 2 2 2 2 2 2 2 2 2 2 2 2 2 2 2 2 2 2 2 2 2 2 2 2 2 2 2 2 2 2 2 2 2 2 2 2 2 2 2 2 2 2 2 2 2 2 2 2 2
left_child=2 4 5 6 8 21 10 13 16 15 18 14 33 22 27 52 17 50 19 38 47 42 23 80 40 91 74 -9 45 58 82 66 75 83 61 96 53 -22 77 54 -8 -42 68 63 73 48 59 110 81 88 94 -28 62 -17 -25 56 -34 87 -19 60 -13 113 -7 72 -38 95 108 86 117 76 -32 -47 103 78 -11 -20 -37 111 -26 -57 -4 -29 -15 -10 119 122 -16 -53 120 104 -49 -6 -51 -35 -2 -60 -23 98 -43 -62 -95 -48 -64 112 -50 -85 -84 -65 -27 -41 -5 -3 -21 -12 -36 -46 -117 -1 -113 -45 -31 -76 -39 -52 -55 -116
right_child=1 3 7 20 25 9 24 11 12 26 34 46 -14 30 67 36 -18 29 32 43 37 35 -24 39 44 31 51 28 -30 49 70 -33 55 93 114 69 64 85 -40 109 41 97 -44 84 115 71 101 90 89 92 123 57 -54 124 -56 79 -58 -59 65 -61 99 -63 102 107 -66 -67 -68 -69 -70 -71 -72 -73 -74 -75 121 -77 -78 -79 -80 -81 -82 -83 106 105 -86 -87 -88 -89 -90 -91 -92 -93 -94 100 -96 -97 -98 -99 -100 -101 -102 -103 -104 -105 -106 -107 -108 -109 -110 -111 -112 118 -114 -115 125 116 -118 -119 -120 -121 -122 -123 -124 -125 -126 -127
leaf_value=13.910089266788029 4.9207650132789169 -13.080212196863613 2.913170714305588 7.2580618112219275 -17.537677684963828 2.1363750312052536 -15.211232289857492 -6.1643243672525676 10.711507846175323 1.6192376390231598 -19.196172768055035 -14.088589323610591 12.569715680637463 -0.62593512443360821 -14.933869534908428 9.5487025179559524 15.771532361133438 13.179199663467555 -8.1779463873185314 22.290583234738879 -23.757784918399679 15.78691177908116 -4.4588858883700864 13.319162758570418 -19.815728484612269 10.012615401036522 10.241824529978256 -2.0311572915885181 -6.3741175683635252 3.6990356125192592 17.621033327656697 -11.980018351129763 11.310383124897019 -0.28970396573110679 8.2301244171745171 13.336002615293152 12.127465138252063 -14.618180748621942 10.688105378205892 4.3197001982518177 -14.992010886152322 -15.378796151002977 4.7941051219669992 5.9773269876113879 -15.375740782778403 4.976695268933117 7.621300576622783 -12.265557016359374 16.010430830227438 -5.5689876286662532 0.6376511877662826 6.4013094695242181 -1.45990974782447 17.665199347762254 8.0988501539630295 -3.5226674778482647 -14.943055329602153 -8.74286935277126 4.7471747614617215 -12.434652993926424 0.059993212140842092 -16.794876870464655 8.5843643136636967 -5.5616610996688367 7.0730153752374152 -4.595792448603671 -5.4713982175186517 0.47128647595744089 5.009144528294426 16.806549870456973 1.6314979515571086 -0.062673419536497452 -4.8005928682064658 -20.821982362233882 -5.1634711883023341 0.5485873292994442 5.7558420455162302 -15.975100112287585 -11.40544749129441 -11.400995671380151 -7.4719574707282677 6.9076859225644656 -9.825482092459886 -7.6129026514924822 -1.8294748475109839 -9.9977422514303953 -5.8443272944771287 -2.9320367344652194 8.4380573446206188 -5.7802796306021706 -18.431092943617923 -6.2279487795341133 5.2796116502033579 -1.5998021904918411 -5.9871611907132536 12.120849819306823 20.184774630935408 -7.9419300940189004 3.9488536856865553 -6.5784709747695658 -8.7236759316496642 -3.1836545817014401 -13.182938622142638 -0.37627125821683438 8.8359153131126291 -14.251602938703721 -30.82105832518247 -17.915028810176814 -3.2618752764207444 9.5566160133284512 -12.332331532243698 0.47753809779425382 5.3435612295506196 -10.306153503022475 -0.7503512776724669 3.7895278162108781 -13.53260818239397 6.8303630854365629 -9.2522028953545057 -12.166947896993996 -5.655869258879008 -16.001332087428302 -20.47395517623946 -8.7983992475463122 13.488277878733951 -12.196391543908371
leaf_weight=3126.6516671776772 603.31082129478455 430.06824082136154 522.55105769634247 124.82638555765152 1191.8268423080444 1044.496485054493 1294.5273351073265 795.01761722564697 48.554711520671844 512.50729477405548 248.011195063591 360.19687610864639 387.06874346733093 320.58525764942169 441.68224662542343 1300.8301544189453 726.01990616321564 1055.063423871994 619.66918724775314 78.358924388885498 2878.3960713148117 1622.6131108999252 575.20239162445068 2613.1381882429123 662.05656540393829 253.8209815621376 791.14442330598831 520.85482633113861 638.39095145463943 804.59942609071732 120.44013530015945 1180.7889201641083 51.831340253353119 1160.8361770510674 96.589728653430939 2726.3158132433891 2157.5642009973526 632.9944463968277 111.86442893743515 2212.3900335431099 481.74461126327515 59.955591976642609 1052.0555430054665 1431.5679995417595 326.72128129005432 2094.2922523617744 250.4854661822319 1557.5949446558952 556.09018409252167 767.34655368328094 226.94334155321121 1014.8170875906944 580.17880392074585 1802.6558548808098 2394.5369676947594 718.90308922529221 1724.1224908232689 234.52999180555344 950.8782297372818 965.80009418725967 739.33610165119171 2057.5546336174011 3190.6977258324623 869.6970317363739 2491.2712528705597 220.38626605272293 846.09018820524216 418.14212083816528 483.49545937776566 2107.882944226265 1047.3209229111671 2194.2666338086128 688.28885412216187 2433.8570505976677 696.72771668434143 740.26615262031555 521.44532555341721 593.62121999263763 738.32519847154617 881.06083995103836 399.76144170761108 739.78764623403549 538.72862899303436 700.81521987915039 653.9509756565094 329.4919741153717 748.96562701463699 354.64147984981537 865.64901995658875 79.193474769592285 938.26056414842606 198.92308121919632 241.87217140197754 631.49708312749863 249.97985070943832 639.79396021366119 2804.0367987751961 372.95038765668869 446.2283918261528 1122.4582642912865 988.11627566814423 477.5648717880249 39.967526257038116 481.7200049161911 976.85132557153702 1001.6160486340523 44.243163585662842 136.15162765979767 168.53584617376328 918.58389174938202 73.65877228975296 313.59185397624969 270.43290489912033 1856.8653882741928 241.89325362443924 164.98511415719986 181.07939684391022 379.01896852254868 402.28185224533081 52.333508133888245 246.29984670877457 175.54019248485565 1791.1864200234413 863.85089766979218 1799.4802870154381 235.24897634983063
leaf_count=4001 833 468 767 140 1051 1549 1210 1071 51 794 204 379 488 486 442 1787 897 1246 745 61 1658 1968 736 3322 544 316 1083 720 826 1143 136 1359 44 1515 136 3524 2850 592 159 3109 418 57 1593 1806 296 2970 333 1688 629 927 268 1507 849 1954 3403 918 1612 329 1278 1133 1047 1758 4451 998 3441 278 1153 577 728 2353 1530 2988 873 1685 1010 987 812 555 745 898 515 953 709 752 798 367 1022 466 1170 102 819 224 338 869 319 742 2855 390 536 1364 1206 637 44 608 1324 989 18 117 188 1230 81 416 342 2082 320 198 186 584 479 44 327 197 1326 1055 2225 261
internal_value=-1.72379e-08 -8.42302 6.97109 -12.1864 -1.54446 10.8163 -9.91689 2.05639 0.921329 8.05539 -7.59778 -0.875885 -4.91837 5.59276 1.14354 9.75708 4.31563 3.2405 -5.39989 -2.81415 -18.4959 14.2036 7.10903 7.84337 -15.0929 -10.1366 1.56938 2.6114 3.5059 5.36131 -1.46118 -6.85255 -8.95644 -6.41217 -12.8184 16.0495 11.7595 -20.8812 -9.44415 8.91219 -10.9345 -6.86631 10.6217 -0.181449 -17.543 4.38665 -6.13792 -13.5099 7.35495 2.01357 -3.07791 4.80501 5.81785 13.9788 10.8229 -11.1836 -14.1768 2.12338 8.77872 -7.66166 -5.58705 -14.0433 6.80551 -2.99837 9.41883 6.21514 -2.07941 -6.6983 12.1586 13.9639 3.28062 2.39827 -0.193384 -18.835 -4.02704 -3.42775 12.119 -10.7388 -15.3816 -7.86107 -1.5881 3.21446 -7.58951 -10.9023 3.14513 -17.8743 -9.21618 3.9843 4.63729 10.5927 -14.5834 -15.92 -2.96898 -3.58452 1.72518 7.71299 18.5727 -2.41362 1.65957 -3.94227 -5.94603 0.533786 8.31507 3.62485 11.4385 -11.5187 -11.4189 -7.23381 4.71561 5.85614 -0.012025 -8.02626 9.15085 -11.3536 -3.93171 -10.1798 -5.27434 13.1447 -4.99004 5.33742 1.50652 -7.34454 -18.9449 -6.8352 15.5786 -6.39368
internal_weight=107533 48695.3 58837.4 31474.8 17220.5 33010.6 23148.4 25826.9 13380.5 18187.1 15985.9 14119.4 4918.5 11707.5 10203.5 14407.1 8461.99 7735.97 11249.8 6513.93 8326.41 14823.5 9636.16 9060.96 7162.43 3839.99 3779.91 8594.74 7799.73 5791.89 2071.32 2449.24 4735.85 4531.44 4736.16 9782.29 9551.8 5632.07 1851.43 8138.65 2655.41 1360.88 5041.22 4662.5 4507.02 7161.34 3915.84 2694.34 2872.78 2925.77 1944.08 2395.13 4855.34 4902.97 5007.68 3375.92 1775.95 1603.99 2866.12 3187.79 2221.99 4162.43 4275.16 2524.65 4648.84 1811.06 1268.45 1608.79 3989.17 5355.64 1167.76 4288.56 1518.8 3834.24 1384.78 1359.94 3247.76 1739.56 1400.38 1599.96 922.312 1260.64 903.557 1750.99 2137.85 2753.67 1190.65 1369.46 1916.55 1612.13 2495.86 1390.75 1009.22 2780.45 853.291 1590.67 4426.65 879.134 506.184 1861.79 1619.61 728.05 3230.67 830.512 1532.94 1702.43 582.972 1005.85 422.357 3130.97 198.485 1145.94 348.792 2104.88 573.732 672.786 346.065 3505.67 715.874 1483.9 1050.9 872.268 2424.18 1090.79 3602.14 477.142
internal_count=129039 51607 77432 30625 20982 42954 23954 34478 16691 24536 17689 18517 5870 15961 13624 19150 10821 9924 12928 7724 6671 18418 13082 12346 6265 4291 5386 11583 10512 7449 2879 3016 5204 5382 4761 11512 12257 3943 2077 11064 2611 1401 6906 5647 3654 9686 4893 2728 3728 3905 2475 3385 6893 5966 6725 3472 1656 2302 3544 3923 2790 4044 6044 2999 6291 2298 1657 2041 5313 6689 1666 5958 1884 2974 2001 1732 4336 1918 1289 1816 1282 1673 1213 1792 2648 2285 1464 1973 2640 2055 2507 1275 1265 3590 1152 2020 4823 983 593 2411 2075 970 4495 1011 1953 1741 727 1115 504 4339 221 1363 403 2286 717 680 384 4585 895 1850 1470 1207 1918 1323 4179 581
is_linear=0
shrinkage=0.05


Tree=3
num_leaves=127
num_cat=0
split_feature=27 27 13 1 32 25 0 1 1 0 11 11 1 1 27 24 1 1 1 1 11 11 32 0 24 34 32 33 25 33 32 33 6 5 12 25 1 32 42 13 1 1 34 25 17 5 0 6 32 32 11 27 1 27 33 0 1 33 5 31 11 11 32 27 33 34 0 14 25 0 32 33 6 34 24 27 12 12 12 1 37 32 5 33 1 27 24 34 32 32 7 32 33 11 34 11 0 1 34 1 0 23 1 11 32 12 33 11 24 32 14 24 33 26 1 33 0 24 5 11 11 34 11 37 0 11
split_gain=2.09424e+09 3.43908e+08 2.68643e+08 2.15243e+08 1.50543e+08 1.17875e+08 1.08587e+08 8.79815e+07 7.64435e+07 8.21646e+07 6.90956e+07 6.72063e+07 5.99207e+07 5.66195e+07 5.65156e+07 5.48252e+07 4.52623e+07 3.96143e+07 4.07932e+07 3.62669e+07 3.43467e+07 3.35855e+07 3.24619e+07 3.23368e+07 3.17297e+07 2.98524e+07 2.88536e+07 2.87108e+07 2.59672e+07 2.58935e+07 3.37876e+07 2.55639e+07 2.5297e+07 2.58493e+07 2.51236e+07 2.45161e+07 2.41404e+07 2.29274e+07 2.21094e+07 2.04505e+07 2.03413e+07 2.16983e+07 1.91653e+07 1.90201e+07 1.84086e+07 1.77371e+07 1.86543e+07 1.97524e+07 1.76909e+07 1.76732e+07 1.76119e+07 1.61812e+07 1.61613e+07 1.60021e+07 1.54667e+07 1.50043e+07 1.48379e+07 1.48057e+07 1.45038e+07 1.78218e+07 1.37555e+07 1.33876e+07 1.28768e+07 1.28208e+07 1.28192e+07 1.18516e+07 1.16448e+07 1.16352e+07 1.12544e+07 1.12209e+07 1.12078e+07 1.1561e+07 1.08518e+07 1.08199e+07 1.08176e+07 1.07709e+07 1.06628e+07 1.05522e+07 1.04132e+07 1.00517e+07 9.88277e+06 9.81688e+06 9.8167e+06 9.74742e+06 9.58294e+06 9.57486e+06 9.445e+06 9.43359e+06 1.37935e+07 9.31548e+06 9.09389e+06 8.89984e+06 8.98414e+06 8.79166e+06 8.77963e+06 8.77624e+06 8.76546e+06 8.74378e+06 8.63054e+06 8.50391e+06 8.22311e+06 8.16652e+06 8.14408e+06 8.07635e+06 7.95735e+06 7.91016e+06 7.90846e+06 7.85619e+06 7.84692e+06 7.81452e+06 9.19585e+06 7.76073e+06 7.72205e+06 7.7202e+06 7.65325e+06 7.57241e+06 7.4949e+06 7.48149e+06 7.44542e+06 7.37502e+06 7.36849e+06 7.35767e+06 7.29714e+06 7.27239e+06 7.24259e+06 7.15378e+06
threshold=0.012870370370370372 0.0078571428571428594 1.0000000180025095e-35 5.5000000000000009 0.024086586586586588 0.069444444444444461 33.500000000000007 5.5000000000000009 8.5000000000000018 55.500000000000007 0.27315608919382511 0.27602627257799678 -11.499999999999998 6.5000000000000009 0.019598765432098767 0.012786377263797069 -10.499999999999998 12.500000000000002 -8.4999999999999982 10.500000000000002 0.29561459667093476 0.22648879716981135 0.027318609593199761 61.500000000000007 0.020511129695159207 0.10833333333333335 0.019367224367224371 0.027238858780356204 0.16388888888888892 0.023907519282128222 0.019715018623937031 0.026596403474195018 0.048900047824007663 0.046620299934796793 1.0000000180025095e-35 0.086111111111111124 -7.4999999999999991 0.02471542006774391 1.5000000000000002 1.0000000180025095e-35 9.5000000000000018 -10.499999999999998 0.069444444444444461 0.21944444444444447 2.5000000000000004 0.09491634491634493 47.500000000000007 0.061381475667189961 0.032186725264818576 0.018150756390193014 0.26013698630136989 0.0058333333333333345 -12.499999999999998 0.023981481481481482 0.028099294548191881 16.500000000000004 13.500000000000002 0.032617780055254578 0.086688137412775104 0.00074357994946230236 0.23616579177602801 0.24122536945812811 0.028447811447811451 0.0061419753086419766 0.020265489025062165 0.15833333333333335 54.500000000000007 7.5000000000000009 0.1138888888888889 29.500000000000004 0.019301900584795324 0.020885010588052397 0.088117647058823537 0.18611111111111114 0.021023264986551281 0.0058333333333333345 1.0000000180025095e-35 1.0000000180025095e-35 1.0000000180025095e-35 -5.4999999999999991 0.26388888888888895 0.013556878306878309 0.15300120048019211 0.017934132703163307 15.500000000000002 0.018968253968253971 0.022253764776913675 0.13055555555555556 0.041487268518518521 0.033388888888888892 8.5000000000000018 0.028300248951781976 0.027908611397885186 0.29561459667093476 0.15277777777777782 0.27924076607387144 37.500000000000007 9.5000000000000018 0.16388888888888892 -10.499999999999998 100.50000000000001 0.020252030307154851 14.500000000000002 0.2310870947234584 0.020329626047711154 19.500000000000004 0.030899138344450908 0.24536878216123501 0.010625327340247475 0.014329604203746082 2.5000000000000004 0.0060288745618058068 0.00988968666353327 11.500000000000002 12.500000000000002 0.04332734046854847 30.500000000000004 0.019196366015124793 0.14729990356798459 0.25362623502207277 0.23616579177602801 0.12500000000000003 0.27151675485008825 0.019444444444444448 43.500000000000007 0.18153409090909092
decision_type=2 2 2 2 2 2 2 2 2 2 2 2 2 2 2 2 2 2 2 2 2 2 2 2 2 2 2 2 2 2 2 2 2 2 2 2 2 2 2 2 2 2 2 2 2 2 2 2 2 2 2 2 2 2 2 2 2 2 2 2 2 2 2 2 2 2 2 2 2 2 2 2 2 2 2 2 2 2 2 2 2 2 2 2 2 2 2 2 2 2 2 2 2 2 2 2 2 2 2 2 2 2 2 2 2 2 2 2 2 2 2 2 2 2 2 2 2 2 2 2 2 2 2 2 2 2
left_child=1 5 7 6 11 13 44 14 9 32 16 17 115 20 24 39 65 18 76 23 34 49 29 75 66 45 42 61 77 30 35 40 33 116 -1 72 -12 54 106 -5 41 -13 -16 48 55 46 85 -48 67 83 108 -25 -26 -30 78 112 68 -24 59 -54 -19 -14 74 99 100 -8 -2 -29 91 81 -43 -72 82 -64 98 -7 -4 -28 -9 -53 -31 -65 -18 -17 -51 -20 -32 -34 -89 -59 -40 92 -23 -50 -93 -79 -35 -39 -38 -36 -21 103 -41 -47 123 -68 -27 -81 -15 -57 121 -22 -3 114 -80 -11 -6 -44 -37 -70 -69 -111 -10 -49 -55 -71
right_child=2 3 4 15 8 19 10 37 122 12 36 31 27 50 26 21 22 60 25 64 111 56 57 51 52 38 28 43 53 80 86 -33 87 96 63 118 62 97 90 102 -42 70 117 -45 -46 101 47 104 93 84 -52 79 58 124 -56 109 -58 89 -60 -61 -62 -63 73 69 -66 -67 105 120 119 125 71 -73 -74 -75 -76 -77 -78 95 113 107 -82 -83 -84 -85 -86 -87 -88 88 -90 -91 -92 94 -94 -95 -96 -97 -98 -99 -100 -101 -102 -103 -104 -105 -106 -107 -108 -109 -110 110 -112 -113 -114 -115 -116 -117 -118 -119 -120 -121 -122 -123 -124 -125 -126 -127
leaf_value=2.9068849265224399 -11.956039802636958 -2.8532779912347177 -11.968107572274661 -16.650284102471087 -12.343740189564498 12.762302707170468 -1.0006189362035189 -20.038944948389453 -13.979794993833849 -17.178755011166359 -5.1865634260304914 -15.65810218034383 -1.8316937090549825 -1.4937175810784455 -10.11074331573594 5.3682611073096771 10.584970230288814 -3.800882495009672 2.1813306742512437 -5.9399627649222682 -8.2884893481924653 -5.0645031848495741 -1.3330411795122663 17.027359945317723 -15.651800833488053 10.532819980026382 -20.104183742449255 7.2370064132023701 4.8821350878158718 16.875841842409415 0.26340010687567794 7.0985817985482091 -16.477303092226958 -16.998267507406393 5.1046738608898741 15.078018819908463 1.2187656961011228 -18.022672848136356 -3.1288666942513466 -4.9458188939351713 -16.944649087454827 -1.9625976590130148 -11.099632769053565 8.6044389826264052 -9.1166091959950659 6.9581061354429128 9.4545764126671639 -18.022695006604717 -2.8185365438629919 1.032086365528488 -6.1708699973296994 9.4310546440992393 14.668574953659046 -15.211916264942438 1.4615513187882947 5.1994669890170755 -11.145127531461814 10.63006709278517 -4.3286485023789707 -0.54242102468998021 -15.43069390443867 -10.622494269639843 -8.0651992243771957 6.6327937934677621 9.6053735696683038 10.14459149057495 -6.0715321127138111 3.3230440265066115 8.8911894682235229 14.652947063427764 -11.831938379955517 -1.3129236652471192 3.3333708652343819 5.4263591210824078 7.808610427982555 8.3113710866132262 -2.8860583509367026 -12.051933619452763 -10.595084358906025 16.012178914623412 10.984782051811692 -15.438543756729381 -0.092867142924333623 17.602326365863789 -13.947229727235907 -5.5565877457417168 6.9913585043327728 -6.3891319500338168 -16.749533715156023 2.8136722982795348 10.592044918325175 -18.219378452667392 5.8640312793188727 -13.716244329137414 -2.4932569679674867 -19.206716084238675 -9.7883266010466556 -23.515110277089327 16.356666623180335 12.532886136047544 5.6522790971882833 -6.5757035831242909 -14.66028297276829 -5.0053025244494487 -4.6752884816862084 13.820213898914828 19.694731830803434 11.220321242147405 5.9909365558700154 -2.5455880711508438 -14.39870546011754 2.2529321579554953 -20.773122831085821 4.1458437398018573 -17.849620318268695 -3.6872359418529714 -2.7548310895770891 9.0238099043241675 4.8365058798458946 -1.7085738227769398 -5.5586177742208731 10.905600782767605 -19.297810364547388 4.6419396339577865 -6.7199002223339264 7.3629166239511736
leaf_weight=1382.1112243533134 1892.1704936027527 112.49453639984131 414.51580184698105 1024.3676270842552 231.9480362534523 2431.7191195487976 1643.8110823631287 867.6299814581871 1503.6865755915642 737.56183511018753 1179.1809577345848 539.05450034141541 819.05641460418701 616.19071751832962 1087.0255817174911 491.31136268377304 2202.6598997116089 626.54453873634338 951.47178620100021 335.51703554391861 203.53714150190353 1349.3395634889603 932.25495737791061 5081.3064968585968 182.42334866523743 763.72408825159073 1853.9017695784569 844.27739852666855 177.77205270528793 1501.6915427446365 1218.9290319681168 304.90357571840286 1787.086476624012 624.78450417518616 423.87137585878372 2281.555574297905 1937.2502021789551 1254.0804893374443 385.36566561460495 967.40106213092804 539.52368241548538 1596.1728757023811 58.844953060150146 715.37112808227539 1185.0436312556267 296.89838945865631 1544.2494640350342 36.887259840965271 1288.9127066135406 912.55260521173477 900.20711159706116 1395.470706820488 293.32242053747177 556.56885719299316 139.50826406478882 628.00961393117905 762.0452516078949 751.50349432229996 935.97063916921616 560.59089308977127 427.90239560604095 919.08647406101227 432.38616240024567 106.98621392250061 601.317491710186 279.01679694652557 731.24308395385742 496.39120465517044 258.92676597833633 396.32359349727631 796.26747995615005 388.72378879785538 989.12518084049225 226.42693620920181 1288.4836168289185 3081.8366810679436 1466.7160621881485 1137.2457793951035 795.88030695915222 2526.0567116141319 1353.6664728522301 95.21770191192627 238.56036794185638 243.50672346353531 120.91928863525391 689.48639637231827 911.89419561624527 739.72095429897308 567.90843844413757 773.54270958900452 175.87249994277954 229.04432249069214 218.51262670755386 216.1015487909317 144.89552521705627 687.83228850364685 1295.9534522294998 1716.3214906454086 98.96566766500473 4233.2009996771812 281.19670993089676 799.9905709028244 277.67239570617676 268.79181611537933 408.45921736955643 53.644519329071045 340.57205426692963 1293.2637186646461 811.18125528097153 504.21741914749146 130.81384128332138 1228.0906283855438 129.12136912345886 61.702220141887665 669.26944774389267 121.07784336805344 1678.2104653716087 214.72529220581055 192.42737179994583 448.08579641580582 440.97746199369431 127.33597201108932 1129.6444865465164 873.8294814825058 457.44176733493805 2230.3459161520004
leaf_count=1750 1913 137 473 916 242 3045 2331 653 1476 647 1546 507 1088 916 1206 708 2933 807 1306 474 260 1881 1307 5613 161 954 1234 1117 206 1653 1776 403 1608 517 641 2701 2755 963 534 1377 493 2150 64 940 1379 377 2016 32 1710 1218 1208 1910 314 485 151 850 876 1017 1088 686 440 1060 540 156 769 373 859 688 356 496 854 489 1426 325 1692 4043 1970 1061 894 2900 1739 97 328 261 142 870 1284 905 522 1087 235 219 307 213 220 493 1459 962 115 5496 435 1059 289 342 532 44 326 1657 1214 671 135 1674 98 67 569 149 2107 253 272 631 535 145 883 1213 527 3168
internal_value=-1.32095e-08 6.16927 -7.8921 2.45969 -5.13991 10.0095 4.82939 -13.0645 -8.46719 -6.94964 6.09813 -1.46666 -2.9571 6.34883 -10.4585 -4.93724 7.78871 0.670095 1.69919 12.7241 7.94045 -2.09766 8.82188 13.3646 -6.28676 3.34346 -13.5712 -1.11434 -15.3694 9.99316 8.53979 -6.83915 -10.7538 -8.03774 9.10057 10.4876 1.0976 -18.2158 9.25153 -11.4175 -7.94017 -6.47697 -7.13375 1.21607 -4.37336 1.66715 3.18052 5.61636 -0.392071 3.4944 -0.694172 15.0193 -1.47451 -8.9551 -14.722 -0.929123 -4.99676 3.63093 -0.0295786 4.68261 -8.52035 -6.48005 2.95781 10.2441 4.41066 0.616635 -9.83216 2.97946 -3.22791 7.58915 -4.69746 -8.38129 7.75142 -3.4283 4.22326 10.2744 -4.88722 -17.4473 -15.6649 13.0627 14.083 -3.76059 9.54151 9.42243 -0.720538 -1.06993 3.14266 -14.1159 -10.8887 6.66539 1.17079 -5.19452 -3.54139 -4.38331 -12.1258 -14.7484 -12.1336 -21.1962 1.95451 11.8568 -0.654366 -3.32437 -7.11231 1.27361 1.12327 -4.712 13.3584 14.3896 2.75984 1.06943 -2.33274 0.754239 -12.4298 -13.1793 -13.9089 -15.2763 -3.9192 4.69526 14.2814 2.17334 -0.855261 0.166487 -16.2611 3.72394 -11.381 8.46287
internal_weight=107533 60353.9 47178.8 30698.9 30793.7 29654.9 23250.4 16385.1 16157.8 13524.4 20433.3 14635.9 6598.81 12627.3 10880.7 7448.58 15270.6 10471.3 9416.83 17027.7 10299.7 5179.14 13347.8 15809.7 4649.37 7535.6 6231.36 5740.17 4870.76 10890.5 8035.15 4164.65 6925.61 3830.9 8868.06 5904.33 5162.69 5504.39 1665.53 2269.44 3859.74 3320.22 1360.6 4002.03 2817.04 5870.06 4504.38 2863.43 3286.66 1768.29 2327.58 10296.1 1972.31 1191.78 2533.99 1631.99 3410.85 2457.3 1789.88 853.913 1054.45 1738.14 3983.51 7485.95 1218.03 1922.83 2677.06 1781.65 2648.8 2828.87 2781.16 1184.99 3430.35 658.813 3324.7 5513.56 1881.23 3678.98 2394.48 5214.79 2855.36 202.204 2441.22 734.818 1033.47 1640.96 2130.82 3094.72 1307.63 1525.05 561.238 1941.79 1567.85 1505.01 373.94 1825.08 1920.74 2970.4 2036.22 4657.07 616.714 1365.68 1245.07 565.69 1319.18 784.888 1104.3 3819.32 1427.37 1390.38 762.367 1431.63 241.616 1526.85 1465.15 858.64 1910.16 273.57 2473.98 707.013 937.369 631.553 2633.33 910.717 1014.01 2626.67
internal_count=129039 77938 51101 40016 36248 37922 30615 14853 17866 15507 27200 18382 8147 17076 10594 9401 20227 13486 12239 20846 13738 6819 17523 19168 5065 9796 5529 7351 4006 14112 10720 4896 7360 4325 11804 7660 6973 4259 2049 2582 4493 4000 1523 5203 3415 7747 5969 3793 4263 2329 3338 12080 2249 1218 2334 2036 4490 3411 2088 1000 1247 2148 5427 10054 1678 2704 2816 2340 3614 3917 3493 1343 4687 865 4562 7088 2443 2788 2183 6467 3392 253 3261 969 1360 2176 3060 3035 1427 2104 769 2627 2188 1923 439 1554 1976 1925 2870 6137 909 1778 1666 719 1777 903 1280 4557 2130 1801 951 1934 235 1530 1463 796 2349 317 2973 987 1223 816 2359 1245 1012 3664
is_linear=0
shrinkage=0.05


Tree=4
num_leaves=127
num_cat=0
split_feature=36 27 27 36 28 0 5 5 25 11 11 34 5 47 33 36 36 11 36 5 5 34 34 44 34 33 34 32 11 11 34 32 33 36 25 34 32 4 11 4 11 11 32 46 32 33 36 37 5 25 34 11 40 33 36 32 25 36 34 36 32 27 25 27 11 25 30 14 2 16 33 34 4 11 40 4 34 36 5 14 5 42 30 28 5 25 25 25 11 44 4 33 11 16 32 22 44 27 25 36 33 32 27 30 14 33 32 34 32 33 16 5 47 5 2 32 34 27 32 0 25 32 34 11 37 32
split_gain=2.11873e+09 5.00473e+08 2.60401e+08 1.66985e+08 1.25453e+08 8.27815e+07 7.87503e+07 7.09205e+07 6.82277e+07 6.25775e+07 6.11651e+07 5.80811e+07 5.48752e+07 4.58094e+07 3.62765e+07 3.62284e+07 3.5738e+07 3.30878e+07 3.05709e+07 2.91478e+07 2.79995e+07 2.72275e+07 2.4961e+07 2.44076e+07 2.3939e+07 2.36409e+07 2.06603e+07 2.06227e+07 1.92817e+07 1.91998e+07 1.91052e+07 2.09393e+07 1.82085e+07 1.80876e+07 1.80409e+07 1.85003e+07 1.77914e+07 1.77167e+07 2.17464e+07 1.73418e+07 1.66736e+07 1.57184e+07 1.55613e+07 1.50604e+07 1.45054e+07 2.24437e+07 1.44078e+07 1.42016e+07 1.38197e+07 1.38186e+07 1.31084e+07 1.28918e+07 1.24114e+07 1.27866e+07 1.22618e+07 1.13699e+07 1.13114e+07 1.04466e+07 1.32212e+07 9.95307e+06 9.93952e+06 9.73953e+06 1.01034e+07 9.62988e+06 9.57126e+06 9.42263e+06 9.40455e+06 9.10452e+06 9.10151e+06 8.85516e+06 8.83527e+06 8.6063e+06 8.54199e+06 8.7548e+06 8.44959e+06 1.24284e+07 8.41142e+06 8.26127e+06 8.12681e+06 8.12305e+06 7.94521e+06 7.93861e+06 7.83679e+06 7.6779e+06 7.84986e+06 7.646e+06 7.63286e+06 7.62306e+06 7.57396e+06 7.52417e+06 7.4619e+06 7.42396e+06 7.40052e+06 7.33998e+06 7.30173e+06 7.04129e+06 7.00587e+06 6.92762e+06 6.87243e+06 6.85416e+06 6.77371e+06 6.75512e+06 6.71758e+06 6.64758e+06 6.57644e+06 6.53805e+06 8.16552e+06 6.50062e+06 6.44321e+06 8.14382e+06 6.94858e+06 6.34921e+06 6.34085e+06 6.63114e+06 6.30799e+06 6.13055e+06 7.5957e+06 6.08623e+06 6.0703e+06 6.01327e+06 6.00914e+06 6.00414e+06 6.94644e+06 6.20201e+06 5.80146e+06 5.78066e+06
threshold=0.011697530864197532 0.013412698412698413 0.0084876543209876556 0.019598765432098767 0.59722222222222232 55.500000000000007 0.10923295454545455 0.15759905381431108 0.069444444444444461 0.27228596646072378 0.25362623502207277 0.11944444444444445 0.086688137412775104 1.0000000180025095e-35 0.015060334298318606 0.0073148148148148157 0.0061419753086419766 0.28345771144278614 0.0071825396825396836 0.098476102516739786 0.2215007215007215 0.38055555555555559 0.49722222222222229 1.0000000180025095e-35 0.1138888888888889 0.010336310363086172 0.13055555555555556 0.025699626865671645 0.27315608919382511 0.2440442427680091 0.13611111111111115 0.039717078189300419 0.059213520026300558 0.015648148148148151 0.097222222222222238 0.17500000000000002 0.034295352323838089 9.5000000000000018 0.22068372803666922 7.5000000000000009 0.32163382594417084 0.22360681114551087 0.022571642053445855 1.0000000180025095e-35 0.02471542006774391 0.017934132703163307 0.0088095238095238105 0.91944444444444462 0.069883720930232582 0.058333333333333341 0.14722222222222223 0.27151675485008825 0.0010835913312693499 0.018793486932574852 0.018293650793650796 0.027454122674710913 0.1138888888888889 0.028950617283950621 0.37500000000000006 0.021203703703703707 0.016698966408268737 0.017839506172839508 0.080555555555555561 0.0058333333333333345 0.29190074906367047 0.17500000000000002 0.0071825396825396836 5.5000000000000009 1.0000000180025095e-35 1.5000000000000002 0.018218111482394585 0.041666666666666678 6.5000000000000009 0.20816666666666669 0.00058827164532850615 4.5000000000000009 0.063888888888888898 0.018968253968253971 0.09491634491634493 9.5000000000000018 0.051064754454584971 1.5000000000000002 0.013734567901234571 0.058333333333333341 0.09039836567926457 0.080555555555555561 0.12500000000000003 0.19722222222222227 0.23670062252405208 1.0000000180025095e-35 6.5000000000000009 0.025269167022135244 0.19744964262508125 3.5000000000000004 0.020928079242032733 25.500000000000004 1.0000000180025095e-35 0.0081790123456790143 0.2416666666666667 0.0099382716049382733 0.023277039454655243 0.014410980273752016 0.036736111111111115 0.0077083333333333335 7.5000000000000009 0.023277039454655243 0.025597183317771555 0.13055555555555556 0.018852212602212603 0.023017106488650529 2.5000000000000004 0.23557158712541623 1.0000000180025095e-35 0.1023024594453166 1.0000000180025095e-35 0.017206486580994846 0.075000000000000011 0.013263888888888889 0.02548100949525238 60.500000000000007 0.14166666666666669 0.02284385324291428 0.10277777777777779 0.20218742529285202 0.72500000000000009 0.018780423280423283
decision_type=2 2 2 2 2 2 2 2 2 2 2 2 2 2 2 2 2 2 2 2 2 2 2 2 2 2 2 2 2 2 2 2 2 2 2 2 2 2 2 2 2 2 2 2 2 2 2 2 2 2 2 2 2 2 2 2 2 2 2 2 2 2 2 2 2 2 2 2 2 2 2 2 2 2 2 2 2 2 2 2 2 2 2 2 2 2 2 2 2 2 2 2 2 2 2 2 2 2 2 2 2 2 2 2 2 2 2 2 2 2 2 2 2 2 2 2 2 2 2 2 2 2 2 2 2 2
left_child=2 4 8 11 7 19 9 10 16 15 24 17 21 22 41 47 64 20 50 30 23 37 33 44 39 96 66 91 48 60 36 55 59 -6 35 77 86 38 69 42 61 -8 49 65 45 83 88 74 90 -2 63 76 53 72 -36 -32 -57 93 -59 71 -13 62 99 95 -1 -9 -14 98 -23 -7 92 -15 73 -27 75 -4 -20 -12 120 82 -35 -55 -31 101 -85 -61 -5 -21 -16 -33 -18 125 -51 -28 -52 -10 -17 -56 -40 -11 -45 -3 -71 -48 119 -69 -107 -30 124 -110 -111 -43 113 -19 -34 116 -73 -54 -102 -44 -62 122 123 -78 -47 -26
right_child=1 3 6 5 13 12 14 43 18 40 34 29 26 32 46 25 28 112 51 87 -22 68 -24 -25 27 52 57 -29 107 79 31 89 114 80 54 -37 -38 -39 67 -41 -42 111 104 100 -46 108 103 -49 -50 70 94 -53 117 81 97 56 -58 58 -60 85 78 -63 -64 -65 -66 -67 -68 105 -70 102 -72 115 -74 -75 -76 -77 121 -79 -80 -81 -82 -83 -84 84 -86 -87 -88 -89 -90 -91 -92 -93 -94 -95 -96 -97 -98 -99 -100 -101 118 -103 -104 -105 -106 106 -108 -109 109 110 -112 -113 -114 -115 -116 -117 -118 -119 -120 -121 -122 -123 -124 -125 -126 -127
leaf_value=12.140265088217845 -0.35935903754176401 11.580417715673866 15.251829937476039 -15.356729822012916 -0.012246089397084159 4.8268679851582839 0.15239406101988481 -11.337884759288885 22.028192769058769 3.095500945361302 -3.4357335151765649 20.417053893363288 -6.645018229318743 -15.080024902462188 8.4298773671717733 1.2648792178793358 9.8082182592160265 -8.9232025664349592 8.1402797913976457 -19.932528790892139 -16.32005452019963 15.006428266300953 12.749276598091949 -10.331499530840738 13.282544479987365 11.146619148234462 -4.0402488966839609 5.5729926730452606 -0.30312723000482811 7.810506949276439 10.846986948351431 -11.72483472367737 18.393673848354116 -4.2006244516198263 5.367607237601927 7.8060333482662561 -20.334703377746294 -14.97212777858887 -4.8943028338113521 -4.0574337814236081 -4.1268406135995006 -7.0211138250638969 -1.0923455567849427 -5.5852409527252611 -8.3733732917112942 14.33750270800245 7.2820263309211342 -1.4364136959626461 3.0986648806130797 13.388211615416644 23.855873051104119 6.6008320958633124 5.7212250333926162 12.159929320182794 6.6178887615498159 -12.082532217128888 -0.83186529377481855 -14.769717605127921 1.106158132881141 -17.646427641626225 0.83819419719658184 -2.7442590690023549 6.5787208929562304 12.347429949525884 4.9725519640756701 4.9358304183941328 -17.970339627017164 -14.129949361683314 -6.681795295524231 -1.5507617510910281 14.24508698879839 -4.9849065892892952 -1.1079242686590385 4.3634959306085968 8.9217201154458063 7.4692071855705224 16.124089465947904 -10.124136221269042 -2.7757811414023177 -11.619588754205793 -9.9420893933116545 5.9834394297778832 -4.126035845122451 -3.9275614912210344 -10.860326637410472 -2.6629493750535964 -10.081119254857743 -12.862942117544415 1.8868018164943881 -18.76610106121263 1.6214469297948524 15.403560437790938 4.5636063740880424 -21.852578924273452 16.499538908979375 15.311626897853508 -7.0427353264718837 -4.491511793699261 9.6804594558773065 -4.0633632126317396 10.583518092877412 -2.9159099820933907 -18.820787199618248 -2.0359599456913684 -6.6497296498811043 1.3759382957331663 -9.4096134345908879 10.482807704671018 -1.0006214285147235 5.3670802251558101 26.11066188029848 -14.633329577616999 -15.16148528548633 -16.138220834991138 -2.2968513141934253 -9.5957114566959074 15.738009987145801 0.63356170711875803 -2.1557515989639406 6.7439711133630658 7.854065282430942 10.032663713791157 16.935853752601407 10.271367269001274 -4.9944788785184748 1.4568624571007045
leaf_weight=3938.8787775039673 446.01883369684219 119.85879921913147 1782.0966213941574 2506.044714152813 1935.8798132538795 604.53829401731491 741.90584921836853 1142.1580864191055 452.38403272628784 1034.2250835895538 1665.9881182909012 75.061125218868256 201.75443488359451 531.38289892673492 904.61658722162247 708.16175103187561 2775.4175152182579 1397.7344602942467 1213.6891828179359 3867.3445307016373 630.66430020332336 203.61256051063538 244.66259956359863 1740.0016028881073 217.28690481185913 682.85193628072739 728.47746711969376 1695.9161015748978 1461.2375289797783 151.75666505098343 102.16238808631897 1137.8085272312164 62.331687450408936 1552.1230487823486 1346.2158029675484 305.45226335525513 1569.4453507065773 550.34236484766006 751.70009154081345 608.07706826925278 1344.6881308555603 1327.8761081695557 547.44906932115555 430.15533345937729 1112.6452545523643 203.8549091219902 215.23737961053848 242.6208878159523 1471.7406071424484 325.32481628656387 603.90376430749893 1462.1919865012169 1152.1326337456703 1624.117582321167 175.85224920511246 472.08585542440414 424.11294490098953 1072.5224620699883 149.40856611728668 780.92535847425461 631.3846161365509 747.91188824176788 1478.3861903548241 3087.6559326648712 528.20097184181213 96.460644781589508 2004.6736751794815 556.30083787441254 63.446579277515411 251.55924916267395 631.12946373224258 339.99756783246994 452.41737461090088 1568.0152035355568 2549.5118107795715 720.33523446321487 673.47008091211319 638.67030334472656 626.08038121461868 329.4404793381691 984.92231273651123 765.41443985700607 1464.3023415207863 1325.4706928133965 590.08356338739395 95.562036454677582 943.83689898252487 423.02166646718979 865.38077580928802 569.19694745540619 309.35636520385742 1221.4942532777786 880.8687264919281 62.823039412498474 764.14882802963257 2839.183378636837 395.50884002447128 694.63900083303452 90.63310432434082 494.08670341968536 170.36897081136703 243.88115239143372 72.545816004276276 1728.8672785162926 250.9679251909256 210.04838877916336 1066.4394320845604 154.46091485023499 742.56451404094696 226.77455389499664 49.114346981048584 345.12481820583344 1283.4295174479485 412.42539364099503 90.064236700534821 1082.2541199922562 50.829349398612976 1200.1686918139458 207.28123384714127 442.836345911026 590.77703511714935 1370.1286607384682 1234.7925717830658 1380.4643489122391 47.933489680290222 197.05763310194016
leaf_count=5158 623 118 2059 2130 2641 775 1052 1281 379 1486 2203 65 171 479 1198 1078 3813 1559 1711 2664 594 254 313 1823 246 918 859 2337 2079 173 115 1114 64 1940 1762 411 1015 497 899 786 1739 1762 740 562 1346 231 297 314 2216 380 461 2013 1691 2011 228 469 506 975 199 631 884 986 2068 3970 786 122 1548 496 87 292 724 418 636 2159 3579 1041 707 709 775 352 1186 1145 1776 1715 671 114 932 405 1247 433 487 1357 1216 46 825 3306 473 832 119 652 220 313 58 2364 318 237 1115 196 983 281 35 353 1162 397 120 1167 61 1710 308 640 770 1849 1333 1793 70 297
internal_value=-8.30348e-09 -6.64043 7.41788 -10.3897 -0.758884 -13.2467 3.79174 2.01165 10.9524 5.3857 3.44653 -6.17287 -9.51421 -5.88381 -1.13466 7.12989 7.8864 -8.16381 13.1153 -15.931 -6.26823 -5.62151 -2.80154 -5.27805 6.28286 5.11692 -13.5928 9.43644 5.4211 -0.961678 -14.0957 -10.7087 -10.6775 -3.65215 -0.939699 -3.75674 -15.9212 -6.61639 -5.34036 3.74045 0.650659 -5.90517 5.08577 -6.60655 -3.39202 -1.83056 1.96712 10.3801 7.08523 7.5353 15.3056 10.8018 6.12928 7.51671 2.37729 -4.95677 -6.75832 -9.93013 -12.8285 -11.5685 2.58092 2.36169 3.63179 14.3532 11.2927 -10.0705 -16.9348 -7.62879 9.85385 1.25188 9.45177 -9.6251 5.16123 6.42131 10.9476 13.0116 11.8477 -5.28923 1.85655 -4.46386 -6.42955 10.1815 -3.00513 -4.79863 -6.06319 -16.0128 -13.9134 -19.2355 5.23086 -14.0727 8.98721 13.4418 6.94371 -5.45441 19.7469 16.2347 -1.71222 -2.24725 -3.32609 0.781117 -1.29519 1.86089 -5.41639 -1.00434 0.579739 -9.60627 -7.63483 0.728009 3.49529 1.72467 9.0599 -8.59144 -12.4731 -10.5671 6.16581 -7.65735 -2.28977 3.12545 3.5913 2.4119 4.22957 12.8136 13.9722 12.1904 10.6572 7.65838
internal_weight=107533 56739.7 50793 34651.1 22088.6 20655.9 25071.7 14337.7 25721.3 18942.7 12291.2 13995.2 8640.83 7750.94 6129.01 13843.4 10639.3 10126.4 15082 12015.1 7032.85 4421.17 4717.59 6402.18 7464.43 8548.79 4219.66 3331.75 6172.21 3868.8 7724.69 2705.37 3033.35 4472.93 4826.82 2610.11 5019.33 4154.11 3603.77 4132.67 5099.3 2414.91 3524.6 2046.42 4662.18 3549.54 3714.1 5294.56 4556.51 2283.34 7747.28 7334.74 7445.12 5092.82 2216.71 998.361 896.199 2013.23 1221.93 2880.95 1923.3 3754.61 3006.7 6379.22 4467.08 1238.62 2206.43 2675.12 267.059 928.643 1837.32 2004.46 2703.28 2250.87 5051.94 2502.43 5872.54 2304.66 1848.24 1945.5 2537.05 2389.53 1616.06 2279.29 1915.55 876.487 3449.88 4290.37 1770 1707.01 3084.77 1635.84 1206.19 791.301 1368.05 3291.57 1103.67 870.491 842.333 1528.31 807.806 363.74 324.105 1944.1 1241.25 1832.79 1276.49 1615.7 1270.24 1018.45 275.889 1673 3093.59 1810.16 152.396 1473.08 390.827 2352.3 377.65 990.285 1222.16 4658.86 3288.73 2053.93 251.788 414.345
internal_count=129039 61939 67100 34503 27436 18410 34018 18302 33082 25745 15809 16093 8627 9134 8273 18814 14735 11298 18347 9783 8180 4829 6080 7586 9664 11821 3798 4237 8791 4795 6714 2637 3054 5767 6145 3323 4077 4488 3991 5427 6931 3167 4641 2493 5763 4417 5106 6993 6516 2943 8941 9406 10270 6869 2822 1090 975 2079 1174 2870 2494 5192 4206 7655 5944 1403 1719 2866 341 1125 2320 2125 3713 3077 6679 3100 7393 2912 2429 2301 3126 3156 1949 2817 2386 745 3062 3069 2445 1547 4300 1900 1596 905 1286 3685 1551 1060 1018 2138 1090 431 350 2661 1698 1848 1352 2275 1600 1299 316 2115 3118 1956 184 1646 479 3401 528 1380 1654 5682 3833 2500 301 543
is_linear=0
shrinkage=0.05


Tree=5
num_leaves=127
num_cat=0
split_feature=36 36 1 0 1 1 1 33 33 36 36 33 5 1 40 1 0 32 46 11 33 1 39 33 39 11 12 11 13 39 36 5 33 46 36 1 4 39 5 39 33 5 32 42 1 11 39 46 14 0 1 33 39 1 1 2 46 11 36 11 0 1 32 40 1 33 15 14 33 32 11 36 15 39 32 33 33 36 0 15 5 43 11 33 11 39 7 9 32 11 0 33 0 1 5 5 8 0 33 13 0 15 32 30 23 40 15 11 16 4 1 1 39 11 33 32 2 11 11 33 36 33 1 4 33 32
split_gain=1.91531e+09 3.03463e+08 2.85661e+08 2.50773e+08 1.15046e+08 1.09608e+08 7.71154e+07 7.17215e+07 6.4561e+07 5.97047e+07 5.72104e+07 6.70937e+07 4.966e+07 4.31048e+07 4.53917e+07 4.23689e+07 4.5081e+07 3.99806e+07 3.79271e+07 3.76152e+07 3.13754e+07 2.80643e+07 2.74971e+07 2.74529e+07 2.72679e+07 2.66931e+07 2.5634e+07 2.48862e+07 2.43775e+07 2.25699e+07 2.16745e+07 2.08942e+07 2.03769e+07 2.00091e+07 1.89789e+07 1.89437e+07 1.88751e+07 1.8579e+07 1.80043e+07 1.76942e+07 1.76356e+07 1.68488e+07 1.67509e+07 1.67288e+07 1.62112e+07 1.59856e+07 1.54362e+07 1.54163e+07 1.51039e+07 1.50355e+07 1.42169e+07 1.4156e+07 1.3434e+07 1.32181e+07 1.29613e+07 1.2751e+07 1.24116e+07 1.20565e+07 1.20028e+07 1.15954e+07 1.0986e+07 1.09477e+07 1.09243e+07 1.08607e+07 1.05376e+07 1.04008e+07 1.02319e+07 1.01526e+07 9.95698e+06 1.36114e+07 9.88612e+06 9.85627e+06 9.81398e+06 9.69069e+06 9.54154e+06 9.25619e+06 8.75808e+06 8.74637e+06 8.61068e+06 8.60582e+06 8.51476e+06 8.48999e+06 8.29006e+06 8.26797e+06 8.18914e+06 7.88371e+06 7.87013e+06 7.84264e+06 7.8067e+06 7.76676e+06 7.69915e+06 7.63468e+06 7.63294e+06 7.5722e+06 9.52846e+06 7.56814e+06 7.49829e+06 7.50427e+06 8.68161e+06 7.43061e+06 7.38113e+06 9.81047e+06 7.37433e+06 7.30367e+06 7.27796e+06 7.26672e+06 7.20872e+06 7.18294e+06 7.15588e+06 7.11691e+06 7.09309e+06 7.07105e+06 6.91985e+06 6.90821e+06 6.90415e+06 6.94399e+06 6.84828e+06 6.82446e+06 6.62494e+06 6.58686e+06 6.58209e+06 6.78691e+06 6.55845e+06 6.49358e+06 6.29656e+06 6.16892e+06
threshold=0.013412698412698413 0.0078571428571428594 6.5000000000000009 53.500000000000007 -7.4999999999999991 5.5000000000000009 5.5000000000000009 0.014509623372957014 0.047628809922481648 0.020069444444444449 0.019598765432098767 0.079887970553026669 0.1202409638554217 -7.4999999999999991 0.00091904086195881865 -6.4999999999999991 47.500000000000007 0.021484204793028327 1.0000000180025095e-35 0.23046398046398051 0.018314406283436228 13.500000000000002 0.0039285714285714297 0.01783970090001738 0.0058333333333333345 0.30655913978494626 1.0000000180025095e-35 0.25872210953346864 1.0000000180025095e-35 0.0065740740740740751 0.018293650793650796 0.052289815447710192 0.048747185902737751 1.0000000180025095e-35 0.0058333333333333345 -10.499999999999998 5.5000000000000009 0.0099382716049382733 0.036811201445347795 0.013734567901234571 0.022902146085561261 0.13182720953326715 0.025699626865671645 1.5000000000000002 12.500000000000002 0.24152298850574716 0.0093518518518518542 1.0000000180025095e-35 3.5000000000000004 23.500000000000004 -5.4999999999999991 0.016289227850417743 0.003402777777777778 -12.499999999999998 -12.499999999999998 1.0000000180025095e-35 1.0000000180025095e-35 0.25728429985855733 0.021049382716049388 0.18874521704710387 22.500000000000004 16.500000000000004 0.035473834158044691 0.0011581218632302226 15.500000000000002 0.034955571822184263 11.500000000000002 4.5000000000000009 0.022337809979059067 0.018780423280423283 0.21828631138975971 0.028364197530864197 25.500000000000004 0.0049691358024691367 0.020031454899875956 0.030227861530968788 0.024969424313483125 0.010833333333333335 77.500000000000014 1.5000000000000002 0.066228070175438608 1.0000000180025095e-35 0.27228596646072378 0.024162032157315275 0.29340579710144937 0.0023015873015873019 15.500000000000002 1.5000000000000002 0.019950852612142939 0.31843156843156845 76.500000000000014 0.0077159076610685525 34.500000000000007 -5.4999999999999991 0.052289815447710192 0.071796759941089847 2.5000000000000004 71.500000000000014 0.023528542249514148 6.5000000000000009 61.500000000000007 6.5000000000000009 0.017825801547816478 0.003402777777777778 0.024668549905838045 -0.00091760019543032001 6.5000000000000009 0.22264957264957266 3.5000000000000004 1.0000000180025095e-35 15.500000000000002 20.500000000000004 0.015039682539682542 0.24499799919967988 0.024033394702857151 0.029372710622710626 -1.0000000180025095e-35 0.22119639210347178 0.36700680272108849 0.020368574152098477 0.026150793650793657 0.02757382292254823 9.5000000000000018 5.5000000000000009 0.029823307160977464 0.01790423109193336
decision_type=2 2 2 2 2 2 2 2 2 2 2 2 2 2 2 2 2 2 2 2 2 2 2 2 2 2 2 2 2 2 2 2 2 2 2 2 2 2 2 2 2 2 2 2 2 2 2 2 2 2 2 2 2 2 2 2 2 2 2 2 2 2 2 2 2 2 2 2 2 2 2 2 2 2 2 2 2 2 2 2 2 2 2 2 2 2 2 2 2 2 2 2 2 2 2 2 2 2 2 2 2 2 2 2 2 2 2 2 2 2 2 2 2 2 2 2 2 2 2 2 2 2 2 2 2 2
left_child=1 6 3 10 8 7 15 25 24 29 20 26 17 37 41 45 49 23 51 47 56 40 88 108 105 33 71 36 -24 59 57 50 64 77 96 -35 100 -9 -16 66 89 43 -10 68 60 103 -29 -7 86 -17 -28 122 -20 -32 -39 -13 -2 123 119 -4 -31 84 -34 113 78 -60 -14 -48 69 -15 72 83 -68 -53 -52 104 -47 -3 -30 -76 118 -37 -56 -12 -54 -49 87 -22 -11 -21 -42 -79 -81 -89 -95 99 -18 -98 107 -36 101 -19 -25 -1 -40 -5 -102 -99 -6 116 -61 -75 -58 -50 -69 -116 -94 -83 -51 -41 121 -33 -8 -26 -62 -100
right_child=2 5 9 4 12 19 18 13 42 22 11 55 39 14 38 16 34 27 52 21 48 -23 28 102 30 -27 31 46 32 44 53 120 62 35 95 81 -38 54 75 58 90 -43 -44 -45 -46 76 67 85 63 80 74 73 61 -55 82 -57 112 -59 65 110 124 -63 -64 -65 -66 -67 70 114 -70 -71 -72 -73 -74 111 79 -77 -78 91 -80 92 -82 117 -84 -85 -86 -87 -88 93 -90 -91 -92 -93 109 94 -96 -97 97 98 125 -101 106 -103 -104 -105 -106 -107 -108 -109 -110 -111 -112 -113 -114 -115 115 -117 -118 -119 -120 -121 -122 -123 -124 -125 -126 -127
leaf_value=17.490605301445168 -11.963567177209786 0.73937618089677837 19.753375927386877 -17.496046586699141 4.8509902569452787 -3.3410063543211308 -0.85568323612347619 7.4807399093065259 14.753546764344362 10.463679291653367 -15.669042910641204 11.127727902975082 9.0485712175510109 13.417253471258883 7.2268396997128921 -0.88950392098671294 8.4359236813754119 3.6737090942669108 18.013622252244797 -4.5862437015904201 -12.336810198916361 -12.900861096319261 -20.368068404696626 19.32630417706137 2.3861254965069172 -6.3936774640795022 -13.170860358045751 11.869732889088736 -15.965790915770492 -21.314390715730021 -16.404465088592509 -13.483883405147218 4.1142667592318922 -4.2300830313707065 16.368666497111818 0.83178564417999279 -2.8999945412535535 -6.8980656920795331 1.9371287864831495 -8.2696420126489034 -0.42492205325332855 4.2515477520156422 -2.4362366986253723 5.7669195132444226 -14.842418123453228 2.1633209835156899 1.2523519768982314 19.8094058375397 8.6382419740845791 10.6303371384068 11.438799878234347 18.998433878114202 8.4078610803408775 -9.418058701180966 3.6377134913060156 -3.1609683498513372 2.9318999316664653 -10.75058872180462 -14.500450149742882 3.6380122644638542 -9.1174341322365784 -1.7010222976614982 -11.255503406925591 -10.305815441419945 -21.095521472842918 -2.1975931155645765 12.840913268512436 -10.61780721901401 15.502332587468288 6.8909480876860272 -9.3056881745458853 -18.063441467146951 -8.7477192739995324 2.6166776908326619 -1.294392980283833 5.3548367088768547 10.300045424601528 -16.215157835207968 -8.8541244909878412 -14.5174390681088 4.8405770618399018 9.3592223126904948 -4.1227242244828242 -9.4050917982555955 1.0337946214751434 4.0690978324361629 20.970311725760077 -5.9957949667507977 -12.459064743848229 -12.078800275192657 9.8313539260038567 -3.6379178567082975 8.0031672967867831 3.9498086912582631 -2.90318476155264 9.4703304014652279 14.304318064963624 18.835473678623796 27.873881540338967 11.814448977366615 9.5942982285559975 -10.530606502416914 11.305211364104125 8.7397051164249646 -4.1562446182065704 2.8652860579573627 4.2984822787441983 13.275645959176206 -8.0770634693146075 -8.9844044541862846 -10.742369558681155 -19.000036681766058 -7.2142314207107425 -4.8801095023113596 1.5181117592816979 -6.8337187396789547 -5.3743787948878001 4.2890381030779361 -6.10996188622833 -0.23379420581561555 -15.390214171431717 -6.431785689303732 -9.4512249270770816 -5.947451202970135 -3.4113058470244222 19.086824944976389
leaf_weight=266.31710106134415 1940.917256295681 1406.6538325548172 70.920239627361298 47.636439025402069 1179.1081929802895 874.09920889139175 385.31867879629135 793.63808488845825 386.18893593549728 114.54892659187317 1320.7680912017822 333.59512329101562 321.14092880487442 1969.8890940546989 2684.7060188651085 435.93193501234055 333.03821283578873 936.12977433204651 275.75972402095795 1857.0962205529213 145.24628394842148 1015.7721536755562 3430.3022877573967 430.02609807252884 452.47980582714081 1228.7010793089867 838.84910523891449 173.5739843249321 1838.0385384559631 159.87446373701096 1354.9032176136971 901.22685962915421 198.49280315637589 630.93054580688477 1250.812929391861 853.89468777179718 865.93662458658218 729.78643476963043 1373.0010170340538 404.89264267683029 919.4018235206604 1056.1032190918922 223.88064444065094 1193.1190168261528 1586.7740968465805 1685.7517350316048 733.96701228618622 83.781293451786041 135.51292771100998 2804.5256623625755 79.410494029521942 87.835539221763611 2939.0696781873703 1353.1800845861435 1076.4351940155029 293.50784754753113 192.46410977840424 658.17160505056381 622.31028270721436 203.9579610824585 2151.5517422556877 360.76582634449005 276.8732870221138 907.12321949005127 754.66352134943008 237.29257196187973 146.00276643037796 514.86021858453751 1672.8827235102654 1344.0302911996841 252.09006839990616 1936.4849497079849 82.325278043746948 664.21837139129639 645.94407272338867 1132.2445086836815 411.42567628622055 137.52808713912964 553.89822047948837 361.93662130832672 961.87818944454193 1200.2331546545029 505.85029798746109 876.32048404216766 431.81549787521362 1575.3910931348801 41.250097632408142 487.35916197299957 54.965445399284363 425.03681534528732 228.44514411687851 983.70424234867096 139.4503687620163 1153.057120680809 905.59643185138702 2117.6303223371506 2929.78150421381 1214.3144674301147 295.23524302244186 3154.2630128860474 1199.9094524979591 139.70011097192764 858.8164022564888 2277.6966761350632 762.01753002405167 546.85368925333023 1383.4853727817535 1113.7297230958939 117.72448235750198 849.71658462285995 147.9547061920166 40.115504443645477 1324.719346344471 312.30444473028183 410.89759302139282 631.1771228313446 304.71403920650482 1484.6228407621384 60.373389363288879 688.87437480688095 1715.2802227139473 549.00958299636841 523.3153954744339 483.5739768743515 623.57919818162918 617.50912010669708
leaf_count=285 1928 1960 65 35 1507 1155 591 1060 454 146 1046 436 394 2305 3614 603 488 1228 287 2631 152 1156 2085 375 653 1594 797 189 1567 104 1162 848 279 886 1396 1200 1063 994 2019 512 1267 1361 296 1760 1511 2431 1015 83 172 3710 85 84 4150 1510 1538 403 241 723 588 251 2489 534 309 1014 449 332 171 562 1807 1797 276 1353 87 997 785 1588 542 147 619 316 1367 1579 689 866 634 2326 37 601 56 495 310 1249 148 1564 1154 2824 3485 1195 165 4009 1580 161 1018 3212 1005 703 1897 1366 135 918 164 38 1576 370 544 760 379 2125 73 890 1388 648 679 600 868 587
internal_value=-9.09883e-09 6.07066 -7.33505 -5.12493 -0.884062 2.69093 9.88579 4.28179 -6.8927 -13.9708 -9.1719 -11.4479 1.79949 6.17951 7.42751 11.2332 12.3719 3.50151 4.70907 -2.82997 -5.80987 -5.60088 -16.869 8.81352 -8.8036 0.380718 -12.395 1.53644 -17.3474 -9.73777 -10.1905 -10.4091 -14.4865 1.62351 13.8325 3.75142 3.73819 0.880046 4.19315 -4.11625 -3.43902 10.0879 8.44532 11.0853 -10.7708 6.99152 -2.5063 2.03283 -2.84428 7.90869 -7.57334 -1.54697 7.36422 -12.9135 -1.3857 4.44008 -9.31518 -5.56514 -6.68313 1.3091 -8.56948 6.57726 -4.83774 -7.16056 -15.9442 -11.1043 2.13914 -3.59553 12.3578 10.7704 -2.47955 -15.4628 5.05698 3.33841 -5.60142 1.70036 3.75959 -1.88641 -14.3189 -6.1893 8.91095 5.17446 1.15673 -13.1706 7.46323 4.86392 -0.70401 -1.03622 3.03092 -5.9817 1.61629 -5.18062 -8.09884 -0.391539 0.935194 11.9267 15.7438 16.1382 17.7961 13.1076 5.30908 1.82923 13.9815 9.65578 -0.23768 1.23373 6.75823 16.1757 3.6774 -6.30336 -2.40793 1.38549 -5.92713 -0.789354 -5.8809 -3.54053 -1.17435 6.5556 10.2776 -3.20852 -13.2938 -10.8142 -5.80617 -1.91908 -7.83525 21.9291
internal_weight=107533 58837.4 48695.3 36528.9 17837.1 31199 27638.4 24220 5506.87 12166.4 18691.8 11146.2 12330.2 16293.7 13188 21930.2 17289 9575.31 5708.21 6979.02 7545.55 4445.75 7221.78 2585.68 4896.8 7926.27 10519.1 6989.64 7052.27 4944.61 4302.31 6385.54 3621.97 6697.57 13026.3 4169.68 4525.16 3105.71 5951.97 2754.93 3429.98 7236.02 610.07 6179.92 4521.78 4641.19 2464.48 2533.27 4087.45 4262.71 3220.02 1700.8 4007.41 2708.08 2312.07 627.103 3458.1 1594.23 1953.37 422.833 2935.01 3731.65 475.366 1354.94 3146.6 859.603 801.559 2290.9 4986.8 3313.92 480.418 4133.57 228.328 792.169 2381.17 3267.26 2097.18 2527.89 2391.94 2301.76 3826.78 3538.75 1582.29 2197.09 3370.89 1659.17 2732.51 2691.26 169.514 2282.13 1147.85 1121.23 1655.82 2546.01 2058.65 6522.71 6503.61 6170.57 3240.79 4405.08 3659.22 1075.83 1288.84 2544.01 2135.02 594.49 2583.39 2328.04 1296.83 1293.88 351.913 704.334 1517.18 447.817 1556.93 1042.07 444.164 2684.86 2864.9 1093.77 3165.52 1450.24 908.634 936.054 2775.13 912.744
internal_count=129039 77432 51607 40645 21420 41700 35732 32277 6136 10962 19225 10416 15284 21537 17256 27738 21268 12034 7994 9423 8809 5859 5510 3035 5386 10740 9577 8999 5308 5452 4648 6312 3223 9146 15515 5790 5929 4281 8226 3250 4703 9030 750 7669 4972 6470 3070 3564 5064 5753 3428 2389 5605 2672 3221 839 3745 1976 2322 480 3461 5318 588 1556 2635 920 928 2881 5909 4102 534 3265 258 1119 2631 4612 2973 3356 2186 2546 5150 4904 2227 1912 4784 2409 3508 3471 202 3126 1577 1396 1761 3319 2718 8229 7286 6798 3313 5405 4866 1389 1393 3497 3024 738 3477 2561 1642 1445 415 1035 1817 542 1866 1304 527 3704 3783 1402 2884 1496 1270 1253 3357 752
is_linear=0
shrinkage=0.05


Tree=6
num_leaves=127
num_cat=0
split_feature=36 27 27 1 1 0 0 25 1 1 1 36 11 1 36 0 11 36 28 34 36 1 39 1 34 34 1 32 34 12 27 27 16 36 1 11 1 36 27 0 36 34 39 24 32 34 32 25 15 12 11 30 1 34 24 1 34 2 6 1 0 34 32 39 6 11 32 32 28 46 39 1 36 27 32 28 0 15 15 24 6 0 1 1 21 24 1 34 39 27 11 24 6 40 11 27 27 39 37 34 34 15 32 11 27 11 11 1 40 34 24 27 34 1 6 11 34 15 27 11 6 31 42 31 11 6
split_gain=1.73419e+09 4.25619e+08 2.25603e+08 1.4256e+08 1.39738e+08 1.38227e+08 8.9562e+07 8.45974e+07 8.27868e+07 5.06048e+07 4.78996e+07 4.61606e+07 4.40343e+07 4.0765e+07 3.81226e+07 3.65855e+07 3.55725e+07 3.0209e+07 2.97618e+07 2.69114e+07 2.53153e+07 2.21259e+07 2.42493e+07 2.0915e+07 2.08277e+07 2.05874e+07 2.40957e+07 2.03118e+07 2.00555e+07 1.77179e+07 1.61005e+07 1.60688e+07 1.54321e+07 1.53488e+07 1.50864e+07 1.49239e+07 1.47498e+07 1.42221e+07 1.40215e+07 1.40103e+07 1.36888e+07 1.36201e+07 1.35957e+07 1.30088e+07 1.6213e+07 1.30081e+07 1.69967e+07 1.27834e+07 1.27668e+07 1.24977e+07 1.22928e+07 1.2149e+07 1.30482e+07 1.19972e+07 1.18391e+07 1.18383e+07 1.13788e+07 1.12462e+07 1.17965e+07 1.12036e+07 1.11583e+07 1.09087e+07 1.07364e+07 1.04537e+07 1.01176e+07 1.00009e+07 9.80862e+06 9.79713e+06 9.71813e+06 9.35312e+06 9.26107e+06 1.01993e+07 9.05919e+06 8.98364e+06 8.72518e+06 8.71906e+06 8.67954e+06 1.02516e+07 9.23626e+06 8.6622e+06 8.58386e+06 8.51546e+06 8.43826e+06 1.03842e+07 8.4263e+06 8.37035e+06 8.31593e+06 8.2164e+06 7.92548e+06 7.8794e+06 7.86478e+06 8.87734e+06 7.8421e+06 7.81661e+06 7.8105e+06 8.32552e+06 7.80936e+06 7.78295e+06 7.74096e+06 7.73411e+06 7.66601e+06 7.21363e+06 9.02437e+06 8.40889e+06 7.1012e+06 7.08412e+06 7.07785e+06 8.63372e+06 7.05158e+06 6.94017e+06 6.84601e+06 6.77374e+06 6.75223e+06 6.71047e+06 6.66352e+06 6.63795e+06 6.63503e+06 6.61609e+06 6.51775e+06 7.61435e+06 8.14741e+06 6.42192e+06 6.40023e+06 6.90473e+06 6.37965e+06 6.35448e+06
threshold=0.011697530864197532 0.013412698412698413 0.010833333333333335 8.5000000000000018 5.5000000000000009 53.500000000000007 34.500000000000007 0.069444444444444461 -7.4999999999999991 5.5000000000000009 5.5000000000000009 0.019598765432098767 0.25362623502207277 -10.499999999999998 0.0071825396825396836 51.500000000000007 0.22926223241590218 0.017253086419753091 0.34722222222222227 0.069444444444444461 0.0061419753086419766 -13.499999999999998 0.014907407407407409 3.5000000000000004 0.48055555555555562 0.23611111111111113 -8.4999999999999982 0.0304465811965812 0.10277777777777779 1.0000000180025095e-35 0.0058333333333333345 0.0077083333333333335 2.5000000000000004 0.017685185185185189 -6.4999999999999991 0.30810147299509011 11.500000000000002 0.0073148148148148157 0.0078571428571428594 17.500000000000004 0.0088095238095238105 0.12500000000000003 0.0052777777777777788 0.029298105246898305 0.021671220400728601 0.13055555555555556 0.021243625655390366 0.10277777777777779 16.500000000000004 1.0000000180025095e-35 0.26064311594202905 0.0058333333333333345 -15.499999999999998 0.31388888888888894 0.034301384530614452 -11.499999999999998 0.10277777777777779 -1.0000000180025095e-35 0.055250305250305255 14.500000000000002 15.500000000000002 0.17500000000000002 0.022753134739436111 0.0065740740740740751 0.093178294573643419 0.22869249394673127 0.021165695532784145 0.029372710622710626 0.45833333333333343 1.0000000180025095e-35 0.003402777777777778 13.500000000000002 0.021635802469135806 0.0077083333333333335 0.040293927648578816 0.052777777777777785 63.500000000000007 22.500000000000004 6.5000000000000009 0.039967164806466095 0.22599846390168973 35.500000000000007 5.5000000000000009 -4.4999999999999991 27.500000000000004 0.03105388869120838 -5.4999999999999991 0.063888888888888898 0.0039285714285714297 0.027500000000000004 0.23281766650921118 0.015990098237073289 0.040956108470785575 0.003279852137423352 0.31383948928408578 0.018968253968253971 0.0099382716049382733 0.003402777777777778 0.80277777777777792 0.1138888888888889 0.075000000000000011 11.500000000000002 0.027318609593199761 0.29745817245817252 0.0071825396825396836 0.2808003153952297 0.2298073936004971 21.500000000000004 0.00039755197649934498 0.091666666666666688 0.027213117664754278 0.0071825396825396836 0.069444444444444461 -6.4999999999999991 0.1502688172043011 0.23348909657320874 0.16388888888888892 3.5000000000000004 0.025625000000000002 0.29340579710144937 0.1908263305322129 0.00077387662667603328 1.5000000000000002 0.00029923251351822796 0.27806414662084772 0.1106014271151886
decision_type=2 2 2 2 2 2 2 2 2 2 2 2 2 2 2 2 2 2 2 2 2 2 2 2 2 2 2 2 2 2 2 2 2 2 2 2 2 2 2 2 2 2 2 2 2 2 2 2 2 2 2 2 2 2 2 2 2 2 2 2 2 2 2 2 2 2 2 2 2 2 2 2 2 2 2 2 2 2 2 2 2 2 2 2 2 2 2 2 2 2 2 2 2 2 2 2 2 2 2 2 2 2 2 2 2 2 2 2 2 2 2 2 2 2 2 2 2 2 2 2 2 2 2 2 2 2
left_child=2 4 7 5 6 11 41 9 24 20 13 28 25 65 30 39 33 63 31 49 86 -14 48 34 51 26 73 47 94 -13 109 -6 45 -10 -16 55 38 112 -20 -15 64 60 66 44 96 46 87 99 -23 -12 88 -7 -53 76 -29 -22 117 58 113 116 -2 67 -47 -5 -17 -4 -19 -31 111 -44 -25 105 -62 -8 -63 -61 78 125 -35 -48 90 -40 83 -32 -60 -69 -1 -18 -21 -87 -42 -92 -30 -43 95 121 -24 -84 -88 104 -57 102 -64 -104 -28 -72 -51 -108 -85 -9 -97 -36 -11 -41 122 -39 -33 -46 119 120 -54 -3 123 -49 -34 -78
right_child=1 3 10 17 18 8 12 14 16 37 19 29 21 15 23 40 32 42 36 50 35 22 43 70 -26 -27 27 54 92 61 82 59 124 53 68 -37 -38 115 81 57 80 93 69 -45 56 62 79 114 -50 106 -52 52 118 -55 -56 100 -58 -59 84 75 72 74 101 -65 -66 -67 -68 85 -70 -71 71 -73 -74 -75 -76 -77 77 -79 -80 -81 -82 -83 97 108 -86 89 98 -89 -90 -91 91 -93 -94 -95 -96 110 -98 -99 -100 -101 -102 -103 103 -105 -106 -107 107 -109 -110 -111 -112 -113 -114 -115 -116 -117 -118 -119 -120 -121 -122 -123 -124 -125 -126 -127
leaf_value=6.3761298958022925 -17.714906506858767 0.2900304610354773 1.3953154715264953 1.0621425122257508 7.1575201165881994 -1.266120849899061 5.5335354243299504 13.672498224008482 7.2360159119531735 0.36976109101395899 -15.861452729411225 -15.870925017197752 -10.388922075093312 -10.052752035606407 6.496531636110503 10.629618957877469 -5.7385599361668485 4.5781748178235997 -2.0156976579541013 14.809849056606517 -0.48321260985788017 8.6526885737349346 6.0193489461272023 17.334003188760999 10.805221503536998 12.787208306316126 8.9600667179033149 -4.0215333777202176 1.0443553540411805 -9.4811766397746364 8.9856661268463576 -3.8708601720125957 -5.9496507760642867 -2.4298371326164991 15.088783774515992 -1.4402905762242617 -14.910412062764165 1.1381126123405783 -15.905855157511915 0.25300938753078833 7.84909482532154 9.48297325944176 -19.881385951129637 4.2081035694041766 -3.3076096161226154 13.720896188527826 -9.0583229386473132 19.264160399684702 -12.005864147707802 -0.24947817328255673 -4.3942458611698409 -16.566042279574578 -3.6920401217029815 13.649597908861972 7.5555089099422732 5.7078405885065226 -1.6301976936165941 -1.2896766970623481 -10.73660358749726 2.5696715243636907 -5.0385944477207127 -0.43265348391034841 9.4167603823372694 -11.44744650523652 4.4900814871144554 -7.4042106517276967 -17.415754812493763 -16.878687612306901 8.2526246443552989 -15.463206513974965 7.3253106755052757 -2.6813901215698759 -13.028013743501077 -3.1976990312579936 -9.9016536021323489 -14.696616077540623 5.3150314198255986 -8.6180948300564904 -17.777443192249194 0.80803719954179687 -8.4975593350060343 -8.2030574838437129 20.869775971802579 17.635620609457941 1.9279938870087978 -6.0548261202345799 13.011943464869336 4.5270334224839202 2.1644239421204321 -14.468680101377581 -3.8359718850931888 4.6401515484803628 -6.2034145771623708 -4.6063672262704225 -13.296753181719598 -13.654943613750669 -2.3504850627235094 6.443775906632367 7.1260901219111537 10.10660268949978 9.5562192166011268 -7.7191235538378864 1.2253120648587057 -8.5362210578184623 2.4577265289826054 0.087008946030915024 -6.6788457100936629 -26.50291680315237 12.571829309211941 17.824008789426632 -7.4148161783895237 11.072017690658448 6.8921215990284086 9.2065077016714536 2.4969649133041827 -5.8614561593694638 5.6526216135014309 -12.100568873765155 -13.438309388392867 -15.138461585840313 -12.965454814633842 -7.291815462239299 6.888039483079659 11.168919803672251 -13.960555407249055 -3.0230857651767109
leaf_weight=902.08572578430176 275.74542766809464 372.84120565652847 485.80997377634048 187.16048556566238 354.64635556936264 298.3874197602272 403.23051071166992 1968.4399908185005 1221.2350227832794 798.83776205778122 365.40878182649612 3824.9096832871437 471.569444835186 272.3136180639267 1908.6259585022926 2510.0260691046715 299.50924187898636 115.23951309919357 703.51463150978088 136.24142670631409 551.89720857143402 1097.2095792889595 641.47523266077042 150.02548086643219 113.72359430789948 908.71133059263229 565.85182613134384 668.41644656658173 749.41482031345367 1576.0290682911873 1370.3856550455093 911.21203833818436 588.63516944646835 352.01514440774918 1891.9961915016174 657.45535349845886 1116.7699187994003 541.00676029920578 497.50462251901627 266.41097676753998 1391.0185471177101 179.2853724360466 3160.7718236446381 964.00490570068359 325.75301837921143 142.48668360710144 1526.5700880289078 406.15394246578217 80.256884872913361 441.35130268335342 789.56449908018112 1001.0610197782516 910.27444678544998 151.62160801887512 329.78878611326218 3333.8126648664474 1113.1943085193634 1831.6527323722839 151.94237583875656 91.463726699352264 1471.2519708275795 339.34930396080017 255.8422424197197 1550.6092146635056 915.89954727888107 962.85796731710434 90.50365823507309 1530.6341471672058 1565.9332963228226 1928.8776894807816 1745.2708726525307 409.53277230262756 467.57421457767487 1093.6187015771866 859.34717893600464 364.48254919052124 823.12923586368561 227.81946694850922 135.86460608243942 260.40975904464722 122.25744920969009 1286.9249655008316 102.96734583377838 1013.0190201997757 968.58006697893143 448.30427432060242 2669.4822287559509 558.17576277256012 1368.7219306826591 733.56908148527145 388.98378330469131 1500.5667312145233 743.48359036445618 218.30970996618271 951.39621180295944 861.92626082897186 492.77930122613907 1016.4282754659653 706.45280981063843 720.2548765540123 2115.0319319963455 293.19788283109665 1041.3339416384697 279.92412310838699 1627.74353992939 419.22384744882584 799.23580873012543 58.975476980209351 2139.5362064242363 2060.442800283432 896.89744001626968 2357.2692515254021 788.45096689462662 975.69642460346222 205.2114605307579 905.83938229084015 228.81680351495743 623.20004618167877 781.12122255563736 287.84319514036179 320.15905231237411 1113.0837098956108 433.21487933397293 749.46284925937653 430.13268721103668 316.30440372228622
leaf_count=1342 213 451 693 206 487 365 530 2325 1540 1246 352 2862 519 286 2724 3208 379 154 968 155 815 1385 854 159 160 1127 753 886 921 1567 1852 1172 665 412 2030 975 1058 848 441 375 1926 207 1920 1281 434 163 1694 347 95 647 1034 843 1171 177 469 4716 1524 2656 177 122 1792 440 286 1669 1330 1261 59 1183 2186 1592 2422 589 433 1491 888 366 1093 247 115 337 153 1626 91 1014 1376 514 3307 694 1989 587 523 2034 890 258 936 858 663 1449 947 896 2852 334 1422 298 2245 631 1112 30 2618 1998 1045 2965 1142 1277 265 1263 313 682 714 246 309 1302 613 921 415 380
internal_value=-9.68382e-10 -6.00767 6.71104 -9.46518 -0.583778 -7.84676 1.72148 9.04362 -3.98968 6.05453 1.9506 -11.0908 3.31558 3.44305 11.1192 4.45579 -1.37441 -15.8204 -7.44447 -2.85297 7.63959 -0.00731206 0.909842 9.02515 -10.2621 5.69539 4.80069 6.28186 -7.54224 -13.2587 13.3814 -2.46947 -3.75764 2.81635 10.3537 5.7113 -10.1366 0.341339 -7.99376 0.937289 6.75719 -6.77402 -17.6976 -0.883 -2.41843 -2.53833 -4.84357 7.6555 7.24459 -7.69203 0.658379 -10.9278 -11.8013 0.126713 -0.19669 6.49485 -5.05942 1.65082 3.93046 -4.60871 -8.30382 -11.4378 0.490606 -10.1001 8.98825 -4.45329 -5.09666 -12.6164 11.6197 -18.207 5.25818 4.55435 -6.96535 -0.845625 -7.22099 -11.233 -0.978524 1.06445 -6.70383 -7.62054 4.51098 -10.3506 11.6575 12.6194 0.21068 -14.438 10.6407 0.942221 3.30919 -11.2772 4.99577 2.89525 -2.56513 1.74686 -9.31298 -8.1449 2.38306 7.77075 11.7803 5.61111 7.20163 -0.51733 0.821552 -0.842784 4.13505 5.92338 -5.39497 -8.04114 14.199 15.7957 -10.4728 12.8605 3.6096 7.28613 10.9759 -3.24417 -1.95939 -9.08216 -9.72699 -7.8176 -6.10498 -5.38941 12.0711 14.0141 -9.33192 3.00039
internal_weight=107533 56739.7 50793 34651.1 22088.6 27618 16533.3 34089.4 12616.8 13970.4 16703.5 15001.2 13921.1 12744 20119.1 11295.3 8904.21 7033.16 5555.34 3959.5 10936.2 5809.44 5337.87 10447.9 3712.57 8111.66 7202.95 5706.1 5689.04 9312.14 9671.22 1950.62 5676.22 3227.99 7723.82 6658.2 3604.71 3034.13 2487.94 4466.6 6828.75 2612.17 5295.39 4160.41 3196.4 4657.45 2644.66 4707.89 1177.47 1664.97 2294.53 3598.85 3300.46 2006.75 998.205 6000.74 2062.15 4194.28 2362.63 1595.98 2214.57 5487.23 2012.78 1737.77 3425.93 1448.67 205.743 4288.54 5815.2 5089.65 2724.05 2574.03 1938.83 1496.85 1198.7 455.946 1855.13 1367.25 487.88 1786.98 3402.83 1784.43 5642.34 4522.94 1120.52 2712.51 4278.02 857.685 1504.96 1181.87 3280.57 1889.55 1492.9 397.595 4196.14 3244.75 1134.25 1119.4 3375.94 2913.85 5448.84 1870.3 1577.1 1321.26 2193.6 2164.49 1299.56 858.211 3152.56 4028.88 1758.82 4249.27 1587.29 1242.11 1794.04 1446.85 1140.03 948.953 2299.4 1518.28 1230.43 1485.92 1588.83 1155.62 1018.77 1139.43
internal_count=129039 61939 67100 34503 27436 28903 20883 44506 14459 19453 22594 14444 17980 17275 25053 15321 10651 5600 6553 5319 14954 7437 6918 13706 3808 10543 9416 7395 6403 8041 11347 2460 6687 3964 9905 9358 4093 4499 3035 6147 9174 2903 3725 5438 4157 5607 3104 6040 1480 2141 3178 3648 3283 2424 1355 8383 2640 5861 3205 1973 2438 5179 2503 1875 4538 1954 213 3851 7181 3512 3801 3642 2225 2021 1328 488 2247 1720 527 2031 4636 2067 7024 5484 1553 2284 5596 1073 2144 1101 4483 2557 1811 465 4592 3656 1517 1540 4254 3894 7568 2340 2006 1720 2998 3053 1789 1142 3632 4323 1903 4995 2388 1652 2146 2111 1485 1116 2440 1726 1480 1753 1881 1268 1080 1473
is_linear=0
shrinkage=0.05


Tree=7
num_leaves=127
num_cat=0
split_feature=38 27 27 38 34 0 5 38 28 24 34 25 6 5 5 11 11 46 11 34 11 27 11 25 27 11 39 11 27 5 6 16 11 27 38 5 14 25 23 34 17 5 34 30 43 5 24 46 5 15 39 5 38 33 23 6 5 24 33 39 5 24 38 17 38 30 5 39 6 8 27 11 5 6 2 12 6 24 5 38 34 39 5 22 39 14 15 0 14 27 33 38 15 6 39 11 15 38 6 33 22 23 15 38 33 24 11 28 6 14 14 25 34 24 5 28 5 14 27 17 6 24 28 24 5 23
split_gain=1.57057e+09 3.26908e+08 2.6956e+08 1.16487e+08 9.93002e+07 9.09867e+07 6.6121e+07 6.42365e+07 6.22781e+07 6.07903e+07 4.91199e+07 4.19622e+07 4.05663e+07 3.29615e+07 3.1879e+07 2.9529e+07 2.92929e+07 2.83563e+07 2.74926e+07 2.53281e+07 2.49892e+07 2.09003e+07 2.01547e+07 1.99509e+07 2.03902e+07 1.86435e+07 1.71714e+07 1.66067e+07 1.6001e+07 1.59998e+07 1.65058e+07 1.50314e+07 1.46211e+07 1.4537e+07 1.43597e+07 1.4147e+07 1.41454e+07 1.40554e+07 1.52891e+07 1.36644e+07 1.33707e+07 1.18895e+07 1.12866e+07 1.12596e+07 1.08155e+07 1.07105e+07 1.06861e+07 1.04882e+07 1.06422e+07 1.03346e+07 1.02713e+07 1.01377e+07 9.87418e+06 1.02127e+07 9.87156e+06 9.75495e+06 1.06125e+07 9.7353e+06 9.56937e+06 9.46722e+06 9.28049e+06 9.03124e+06 9.92803e+06 8.89025e+06 8.61506e+06 8.41332e+06 8.27938e+06 8.11228e+06 8.05823e+06 8.97623e+06 7.98921e+06 7.90974e+06 7.74274e+06 7.67205e+06 7.65238e+06 7.62964e+06 7.48493e+06 7.28535e+06 7.17708e+06 7.15515e+06 7.09618e+06 1.107e+07 7.06175e+06 7.2391e+06 7.05669e+06 7.0242e+06 7.00608e+06 6.86499e+06 6.9885e+06 6.81814e+06 6.81513e+06 6.80852e+06 6.634e+06 6.60285e+06 6.59954e+06 6.58217e+06 6.55611e+06 6.36639e+06 6.35152e+06 6.35016e+06 6.87053e+06 6.34537e+06 6.28532e+06 6.2322e+06 6.19787e+06 6.18636e+06 6.16972e+06 6.1572e+06 6.12087e+06 6.10052e+06 6.06861e+06 6.04513e+06 6.03178e+06 5.96103e+06 5.90726e+06 5.86198e+06 5.72858e+06 9.62882e+06 5.69903e+06 5.63916e+06 5.61162e+06 5.56952e+06 5.52417e+06 5.4285e+06 5.37802e+06 5.37744e+06
threshold=0.01451388888888889 0.010833333333333335 0.013412698412698413 0.0078571428571428594 0.19166666666666668 53.500000000000007 0.09491634491634493 0.0084876543209876556 0.55277777777777792 0.01795489898987554 0.086111111111111124 0.058333333333333341 0.133739837398374 0.052289815447710192 0.1330383480825959 0.25728429985855733 0.25105042016806728 1.0000000180025095e-35 0.23739406779661018 0.069444444444444461 0.31287650602409645 0.0064153439153439165 0.2466642946095001 0.1138888888888889 0.025154320987654324 0.20919661733615225 0.010833333333333335 0.28800719054956353 0.022808641975308644 0.14729990356798459 0.1106014271151886 3.5000000000000004 0.25824574121058358 0.0077083333333333335 0.024523809523809528 0.032522474881015347 4.5000000000000009 0.075000000000000011 0.019562701288244774 0.058333333333333341 2.5000000000000004 0.098476102516739786 0.097222222222222238 0.0052777777777777788 1.0000000180025095e-35 0.10361093038386469 0.027047290017752534 1.0000000180025095e-35 0.09491634491634493 15.500000000000002 0.016388888888888894 0.10923295454545455 0.028950617283950621 0.030899138344450908 0.013869327073552427 0.10690476190476192 0.11922530206112296 0.014862094953743198 0.047628809922481648 0.018293650793650796 0.089087301587301604 0.049523602348239014 0.033611111111111112 2.5000000000000004 0.017685185185185189 0.016080246913580249 0.09491634491634493 0.014365079365079367 0.11342195540308748 1.0000000180025095e-35 0.0061419753086419766 0.23046398046398051 0.038711288711288719 0.091431556948798343 1.0000000180025095e-35 1.0000000180025095e-35 0.094987468671679218 0.021131869494213442 0.13079116179615113 0.024523809523809528 0.13055555555555556 0.0088095238095238105 0.18942218080149117 30.500000000000004 0.033919753086419757 7.5000000000000009 2.5000000000000004 66.500000000000014 7.5000000000000009 0.0088095238095238105 0.014328366002802535 0.020462962962962964 8.5000000000000018 0.10063291139240509 0.0049691358024691367 0.20218742529285202 19.500000000000004 0.0071825396825396836 0.12571839080459773 0.015408789406865421 44.500000000000007 0.017254572601717064 6.5000000000000009 0.024523809523809528 0.048747185902737751 0.010867718258348985 0.35032467532467537 0.74722222222222234 0.17089216944801031 5.5000000000000009 4.5000000000000009 0.069444444444444461 0.20833333333333334 0.023311836011116662 0.10741758241758244 0.85277777777777786 0.1908263305322129 36.500000000000007 0.0058333333333333345 3.5000000000000004 0.16568627450980394 0.023818889617247589 0.20833333333333334 0.011975532223622404 0.061381475667189961 0.020826023391812869
decision_type=2 2 2 2 2 2 2 2 2 2 2 2 2 2 2 2 2 2 2 2 2 2 2 2 2 2 2 2 2 2 2 2 2 2 2 2 2 2 2 2 2 2 2 2 2 2 2 2 2 2 2 2 2 2 2 2 2 2 2 2 2 2 2 2 2 2 2 2 2 2 2 2 2 2 2 2 2 2 2 2 2 2 2 2 2 2 2 2 2 2 2 2 2 2 2 2 2 2 2 2 2 2 2 2 2 2 2 2 2 2 2 2 2 2 2 2 2 2 2 2 2 2 2 2 2 2
left_child=1 3 4 11 8 13 12 19 15 17 14 33 16 23 20 29 49 45 44 41 37 42 47 28 76 43 -6 51 113 30 67 52 94 78 39 98 -27 68 -39 -10 54 73 95 -8 -19 99 -38 48 -12 50 92 65 53 86 -36 56 59 -32 64 -24 97 62 -26 -41 -14 -11 123 -2 69 -9 -65 90 120 74 -3 111 -25 -57 -1 -48 109 -82 -34 -84 -49 -37 -15 102 -89 -31 -71 -69 -7 -16 -23 -13 107 -21 -17 100 -5 105 -52 -30 -63 -20 -47 -96 -99 -18 -58 -43 -51 -4 -28 -76 117 -45 -59 -83 -40 -67 -62 -35 -93 -77
right_child=2 7 5 9 26 6 25 10 34 27 22 21 58 31 93 35 80 18 101 60 -22 32 55 24 61 36 114 -29 103 89 57 -33 82 66 40 85 46 38 72 63 -42 75 -44 116 -46 106 79 84 -50 112 87 -53 -54 -55 -56 77 110 118 -60 -61 122 104 -64 70 -66 121 -68 91 -70 71 -72 -73 -74 -75 115 125 -78 -79 -80 -81 81 119 83 -85 -86 -87 -88 88 -90 -91 -92 124 -94 -95 96 -97 -98 108 -100 -101 -102 -103 -104 -105 -106 -107 -108 -109 -110 -111 -112 -113 -114 -115 -116 -117 -118 -119 -120 -121 -122 -123 -124 -125 -126 -127
leaf_value=9.3535648834938918 9.594400610787039 7.0835119451884028 -11.246015984622048 -2.6090987839720703 13.004684676038918 12.264081957918888 10.916992570811795 -23.721358814147731 -11.053737195549347 12.958042695571098 4.6477123822774473 15.182026081021304 -3.993993109765583 -11.541221770003691 -8.4292508688144068 4.5113095930084155 -3.5924605830816492 1.6939507288004796 -1.6015677151856762 10.623118944050624 -9.5075329379883424 17.090639481197243 8.614422539349448 0.97257471146217045 -9.5195112620234195 -4.778413361241876 6.0827452182901141 2.6699647835052587 -12.654582878493503 3.6675294162316252 -9.8065072534864512 -19.581931453301177 7.3190156586403319 3.1303070173111101 -13.340777634094165 -4.3877409778546346 -15.326654643091221 7.0840089756754701 2.7645359936620899 -0.28378633129734293 -15.578143029294239 -17.626990077836716 15.989535473701693 -1.6035717581723348 8.6745017903936112 -4.168567615920554 -7.0284709197614648 7.4023990747399857 -5.0895535025939713 -6.8654232565856255 -0.33324672372335856 5.1948855600748249 -16.324067205753042 -8.292540340906319 3.7453808769338455 -11.900187502500895 2.294124440643762 13.53557708606478 0.87357730627666508 0.28315850227709122 6.2525398545042963 -8.1621660793524704 -19.218092060499359 1.9059415939945141 -11.848470244026256 6.5277078701920335 -2.0116985819323334 5.979776833348228 -8.8830342355397018 -1.682894976092876 -7.4222732131407767 -4.8600421190168293 -3.8659571583532824 -1.637278499271432 1.9617726054560791 2.1085917128163745 -8.0420648121438099 -2.0781682626580262 2.6148990004298809 -13.243314721129094 11.918458414907827 0.33549188669989183 -15.922362929967292 6.1694237444593591 2.0326787544570109 -10.610483375224305 -16.064298023996702 8.7053285512941994 -1.3097329548944754 -7.3270862356990536 7.4684246564470236 3.1506967137543658 3.47425596019677 -16.825640679422214 11.499292655700017 10.750369630448853 3.1667332462518463 7.0326147933788707 -5.513390219619259 3.9462344962774503 18.033855703090342 -4.624037450650258 -11.595274414550525 -19.161006090357489 3.662509463385287 3.4690493245181759 -16.042990947889145 -0.91325970332702822 -3.9777333556924539 -10.564614638886434 -7.6128552970768197 -0.62502387008212001 6.5105009980354396 -5.5650880700440339 -1.3060624636321272 -13.560589955926455 -12.104801689390724 -22.35179346207137 -0.34033290570687186 -7.5455408289257848 -5.5571495101134927 10.157530223554893 -0.13445374804631199 9.4718604971884695 -6.9341272130922835 -6.5397701254507714
leaf_weight=3485.6328819990158 887.00615960359573 1134.6760893464088 2189.1383754014969 1075.713319003582 916.65807110071182 396.49491786956787 101.95991921424866 47.778014659881592 1059.3617005348206 1544.1316365003586 589.48712152242661 1166.3056407570839 432.7433425784111 1723.7370811104774 1579.967676281929 498.39270907640457 488.42476880550385 701.53714519739151 938.86796969175339 1493.1025889515877 1030.9085838198662 458.39885669946671 457.32569742202759 793.99302822351456 780.99503564834595 558.31694024801254 1110.247548699379 1272.8596047759056 632.56780821084976 189.27461326122284 274.92115873098373 1350.153582572937 2092.7794789075851 1001.0750601291656 153.64477038383484 1141.0571669340134 2551.8334681391716 788.55328392982483 1326.250360250473 897.9015611410141 889.29154312610626 147.93068903684616 3094.9830055236816 539.722008228302 2654.5553588271141 1110.3356052041054 868.07494640350342 1948.9763553142548 535.52766609191895 456.78957760334015 681.71249997615814 1509.5472674369812 2537.8518027663231 1122.6694371700287 187.93828111886978 317.39599949121475 219.04404056072235 82.931597352027893 208.30607378482819 1340.4493631720543 744.46494829654694 449.5861314535141 398.50877892971039 262.85866922140121 1806.4228825569153 1795.8737549781799 526.82974737882614 1064.5516738891602 621.07836645841599 553.20212721824646 1810.5138283371925 978.62254804372787 1183.4008510112762 701.63559460639954 692.96554177999496 469.21692603826523 324.32441300153732 465.95386278629303 445.64849174022675 992.78314536809921 116.51830619573593 376.71618008613586 68.322952508926392 81.09699273109436 891.80158799886703 752.60856002569199 1700.9917409420013 397.5751206278801 310.01035666465759 552.96549040079117 321.78374350070953 332.05129599571228 468.07918453216553 274.88239085674286 4843.6920391917229 2975.3600689768791 264.71644347906113 1278.7147551178932 231.35263234376907 825.7882439494133 41.876703023910522 477.00083029270172 151.40452110767365 880.10654020309448 147.0660954117775 1674.1162393689156 121.34567564725876 102.01238691806793 140.05172336101532 877.24647885560989 525.22388899326324 80.858279228210449 103.35223227739334 585.20839697122574 357.64427828788757 66.675368189811707 311.58256071805954 62.38095486164093 686.90581440925598 571.05275338888168 239.1078724861145 2567.8390503525734 620.89130848646164 509.07604342699051 219.64450472593307 291.34608393907547
leaf_count=4754 1043 1499 2063 1458 1082 440 95 32 1111 1753 778 1300 519 1617 1917 621 618 1043 1380 1973 1207 458 552 992 744 630 1516 1786 571 253 338 851 2858 1485 153 1381 2086 1053 1844 1227 777 131 3228 681 3582 1515 937 2668 670 562 846 2030 1827 1125 226 355 312 87 272 1872 1032 489 253 355 1714 2477 764 1435 788 719 2147 1276 1590 1008 1030 659 368 598 664 866 147 482 70 122 1290 772 1322 507 381 657 424 419 594 248 6088 3817 411 1724 293 1101 47 691 169 542 206 2397 113 139 196 877 628 119 141 640 497 74 312 37 919 598 302 3283 891 690 256 390
internal_value=-3.51039e-09 5.02929 -7.26021 7.83349 -1.69501 -10.0119 -7.05841 0.441517 -3.52242 4.91502 -1.35483 10.3643 -4.03782 -12.6274 -3.83766 -0.402802 -1.61588 2.17704 4.08211 4.15112 -2.31104 11.7634 1.69133 -10.1378 -6.93054 -11.0155 7.63544 7.94628 -12.3033 2.15244 3.54902 -14.7469 9.98709 6.8134 -7.62161 -4.58157 -12.2768 -1.08675 0.946722 -6.17815 -12.3484 1.0515 13.7053 -4.84259 7.21533 -1.69066 -13.2255 4.09855 0.0125953 1.71913 3.14355 8.85172 -13.8255 -12.4311 -3.94001 -1.17947 0.323841 -1.72984 -9.37692 2.4025 6.74932 -10.2605 -12.7963 -4.43983 -10.3305 9.7861 3.38528 5.7522 -3.93834 -2.32318 -6.23966 -1.77163 -0.813919 2.82902 4.48329 -3.61253 -1.64177 -6.05783 8.58967 -10.3441 -5.68578 -2.62504 6.56924 -3.93215 5.71669 -6.86088 -13.7877 0.69594 4.31749 -4.52341 1.68258 3.64358 7.50528 -9.67357 11.339 11.9983 10.8329 8.34413 1.33316 0.621243 -1.8356 0.679052 -2.37992 -16.4402 -5.24756 1.64713 -5.33844 11.2433 5.94574 -8.07106 -4.69715 -11.6182 -4.39742 -10.0477 4.2825 0.59934 -6.60124 -3.75319 1.15447 -4.41301 1.4934 8.66369 3.34808 5.26806 -0.864335 -1.2043
internal_weight=107533 63526.6 44006.1 39427.3 14559.7 29446.4 13829.5 24099.3 12175.2 18311.4 16236.7 21115.9 7842.85 15616.9 8945.54 6913.66 5395.38 9621.14 6446.08 7862.53 7090.69 15147.7 7291.19 7181.49 2894.47 5986.65 2384.55 8690.25 4287.02 4290.25 3548.01 8435.4 7911.02 5968.26 5261.51 2623.41 4971.01 6059.78 3537.31 4030.64 1230.87 3585.3 7236.65 1015.65 3356.09 3175.06 4412.69 3965.79 1125.01 2965.42 2405.28 7417.39 7085.25 4547.4 341.583 3325.39 2542.04 1044.76 2447.47 1797.78 4277.23 1776.16 1179.5 2971.27 2239.17 5907.84 2036.98 2503.25 2522.46 1901.39 2073.37 1853.61 2748.76 2595.95 1894.32 989.352 1118.32 783.35 3931.28 1860.86 2429.96 1064.29 2242.2 149.42 2840.78 1893.67 3424.73 1540.7 707.585 742.24 874.986 1616.25 864.574 1854.85 5668.82 4141.67 5210.42 2911.87 729.745 1943.38 1117.59 3089.99 833.117 1512.67 596.652 2612.98 1231.68 4945.7 1418.77 1365.67 744.268 228.789 560.142 2774.35 1467.89 759.641 913.686 602.103 769.837 947.769 1565.36 4363.71 1365.36 1510.15 551.696 760.563
internal_count=129039 83353 45686 51504 17565 28121 14511 31849 14470 24656 21123 26848 8867 13610 11400 8474 6362 13327 9093 10726 9235 18491 9723 6868 3052 5644 3095 11329 3816 5407 4497 6742 10146 8357 5996 3067 4519 8028 4789 4840 1156 4910 8345 1125 4625 4234 3889 5406 1448 3640 2937 9543 5891 4064 379 4317 3364 1344 2505 2424 5816 1692 997 3729 2233 7513 2939 3153 3239 2451 2502 2419 3736 3611 2603 1299 1360 953 5418 1803 2722 1227 3050 192 3958 2153 2939 1903 888 910 1143 2110 1034 2165 7096 5117 6638 3893 914 2606 1505 4468 1015 1113 695 3777 1628 6227 1920 1495 940 250 703 2703 2013 1104 1030 718 1006 1080 2146 5760 1923 2175 675 1049
is_linear=0
shrinkage=0.05


Tree=8
num_leaves=127
num_cat=0
split_feature=36 27 27 1 1 0 0 1 1 1 1 0 36 34 1 39 5 34 13 11 36 34 11 39 0 5 33 39 24 11 34 34 34 5 1 27 5 16 10 39 39 24 34 4 12 1 2 30 24 1 39 27 34 42 34 28 39 11 34 36 11 11 39 0 1 39 11 27 11 11 5 27 11 1 11 1 27 9 27 27 30 46 36 36 11 34 14 0 1 11 24 23 42 28 24 14 24 39 1 39 5 1 12 33 14 12 14 5 33 30 11 11 39 5 24 34 27 1 39 28 36 21 33 11 13 36
split_gain=1.4208e+09 3.45899e+08 1.86987e+08 1.24387e+08 1.22581e+08 1.1387e+08 6.96815e+07 6.72728e+07 6.4256e+07 5.22098e+07 4.66275e+07 4.41025e+07 4.08635e+07 3.65439e+07 3.63469e+07 4.00106e+07 3.61109e+07 3.31191e+07 3.2683e+07 2.99495e+07 2.52045e+07 2.20445e+07 2.17625e+07 2.02121e+07 1.99986e+07 2.07905e+07 1.94092e+07 1.93699e+07 1.92341e+07 1.918e+07 1.65495e+07 1.64336e+07 1.5083e+07 1.46466e+07 1.46209e+07 1.45595e+07 1.43587e+07 1.38607e+07 1.30352e+07 1.19366e+07 1.18389e+07 1.18125e+07 1.16982e+07 1.16977e+07 1.16654e+07 1.15439e+07 1.15433e+07 1.28476e+07 1.15142e+07 1.14047e+07 1.13253e+07 1.12561e+07 1.09959e+07 1.05626e+07 1.21686e+07 1.03091e+07 1.01415e+07 1.00604e+07 1.00434e+07 1.00177e+07 9.93208e+06 9.73045e+06 9.69288e+06 9.6829e+06 9.49035e+06 9.46129e+06 9.36617e+06 9.3456e+06 9.16614e+06 9.15744e+06 9.04213e+06 9.0289e+06 8.98907e+06 8.65136e+06 8.59496e+06 1.09927e+07 8.52088e+06 8.22113e+06 8.07523e+06 7.9208e+06 7.76425e+06 7.75418e+06 7.62923e+06 7.618e+06 7.61446e+06 7.48292e+06 7.47281e+06 7.3204e+06 7.15174e+06 7.11797e+06 7.07183e+06 1.02986e+07 7.02588e+06 6.97918e+06 6.8156e+06 6.71863e+06 6.68859e+06 6.65093e+06 6.57563e+06 7.73878e+06 6.48102e+06 6.4805e+06 6.42866e+06 6.40788e+06 6.4509e+06 6.28706e+06 6.22122e+06 6.13264e+06 5.97712e+06 5.94807e+06 5.93726e+06 5.87508e+06 8.04804e+06 5.86916e+06 5.82324e+06 5.78744e+06 5.74755e+06 5.72683e+06 5.69136e+06 5.63815e+06 5.60721e+06 5.57786e+06 5.54321e+06 5.53083e+06 5.52954e+06 5.47446e+06
threshold=0.011697530864197532 0.013412698412698413 0.0084876543209876556 8.5000000000000018 4.5000000000000009 54.500000000000007 34.500000000000007 -7.4999999999999991 5.5000000000000009 6.5000000000000009 -7.4999999999999991 57.500000000000007 0.019598765432098767 0.10277777777777779 -9.4999999999999982 0.014907407407407409 0.1202409638554217 0.069444444444444461 1.0000000180025095e-35 0.25105042016806728 0.017253086419753091 0.069444444444444461 0.27151675485008825 0.0058333333333333345 23.500000000000004 0.040956108470785575 0.018314406283436228 0.0039285714285714297 0.02284047991463186 0.25362623502207277 0.19722222222222227 0.48055555555555562 0.12500000000000003 0.10923295454545455 -9.4999999999999982 0.012283950617283953 0.03468323977546111 3.5000000000000004 12.500000000000002 0.032314814814814817 0.0052777777777777788 0.026232741287417764 0.25833333333333336 2.5000000000000004 1.0000000180025095e-35 13.500000000000002 -1.0000000180025095e-35 0.0058333333333333345 0.010095275494073424 -16.499999999999996 0.0077083333333333335 0.0099382716049382733 0.23611111111111113 1.5000000000000002 0.15833333333333335 0.34722222222222227 0.0052777777777777788 0.27602627257799678 0.21388888888888893 0.0084876543209876556 0.27435167615433276 0.22360681114551087 0.012738095238095239 15.500000000000002 14.500000000000002 0.04416666666666668 0.18770973154362419 0.027500000000000004 0.34021276595744687 0.28992753623188411 0.061381475667189961 0.022808641975308644 0.26944684528954194 -12.499999999999998 0.2298073936004971 13.500000000000002 0.014365079365079367 3.5000000000000004 0.0071825396825396836 0.0088095238095238105 0.0071825396825396836 1.0000000180025095e-35 0.0058333333333333345 0.04503086419753087 0.34104278074866318 0.10833333333333335 6.5000000000000009 68.500000000000014 -5.4999999999999991 0.25268941584731064 0.018798043422353514 0.022595095095095098 1.0000000180025095e-35 0.01388888888888889 0.049523602348239014 8.5000000000000018 0.021456899962174675 0.018968253968253971 10.500000000000002 0.042817460317460324 0.052911534154535277 -4.4999999999999991 1.0000000180025095e-35 0.031149896280577589 3.5000000000000004 16.500000000000004 16.500000000000004 0.071008403361344549 0.01646411786499356 0.02194444444444445 0.21960458240946049 0.28800719054956353 0.033611111111111112 0.22749774977497753 0.032295318770131691 0.063888888888888898 0.0049691358024691367 -11.499999999999998 0.02194444444444445 0.036111111111111115 0.016080246913580249 32.500000000000007 0.01646411786499356 0.2310870947234584 9.5000000000000018 0.018293650793650796
decision_type=2 2 2 2 2 2 2 2 2 2 2 2 2 2 2 2 2 2 2 2 2 2 2 2 2 2 2 2 2 2 2 2 2 2 2 2 2 2 2 2 2 2 2 2 2 2 2 2 2 2 2 2 2 2 2 2 2 2 2 2 2 2 2 2 2 2 2 2 2 2 2 2 2 2 2 2 2 2 2 2 2 2 2 2 2 2 2 2 2 2 2 2 2 2 2 2 2 2 2 2 2 2 2 2 2 2 2 2 2 2 2 2 2 2 2 2 2 2 2 2 2 2 2 2 2 2
left_child=2 4 9 5 6 12 42 31 10 13 35 24 26 22 23 38 19 44 32 43 66 68 34 -8 101 84 102 -19 36 55 37 46 -6 53 -1 85 89 41 113 88 80 71 63 70 -10 72 47 -7 100 -49 -23 -38 73 54 90 78 122 119 83 77 118 -51 -21 -2 79 105 121 111 116 86 109 92 -29 -25 -46 -76 124 -24 -20 -31 -22 -42 114 87 -26 -4 -64 -18 -15 -17 93 -92 -14 -13 -67 -89 -52 -75 99 -34 -36 -12 -3 -28 -105 -32 -58 -65 -35 -9 -97 112 -43 -16 -50 -84 -11 -61 -30 -37 -120 -5 -40 -95 -27 -62
right_child=1 3 8 20 18 7 14 16 17 21 11 33 30 39 15 28 58 27 29 62 40 50 59 52 25 76 103 45 60 64 65 -33 98 108 48 57 51 -39 56 -41 81 67 -44 -45 74 -47 -48 49 82 61 96 -53 -54 -55 -56 -57 106 -59 -60 117 125 -63 69 107 -66 94 -68 -69 -70 -71 -72 -73 -74 97 75 -77 -78 -79 -80 -81 -82 -83 115 -85 -86 -87 -88 95 -90 -91 91 -93 -94 123 -96 110 -98 -99 -100 -101 -102 -103 -104 104 -106 -107 -108 -109 -110 -111 -112 -113 -114 -115 -116 -117 -118 -119 120 -121 -122 -123 -124 -125 -126 -127
leaf_value=4.920790217310465 -15.548444045954568 -12.196479594564323 0.81956768582575423 15.499968125908669 -13.685723462340903 1.6194926069934628 6.7422311798217365 13.43371796808834 -13.22370005034311 5.960732838563132 -17.703965903343082 -12.233738400754728 -14.230459504767929 11.179730411677172 12.767499885837269 6.4264207480803668 -10.260416089781069 14.538582600618847 11.381228322208287 2.9530208686499022 6.5048026971136217 12.657585889834628 -5.6000130478370194 -8.5160370276575126 6.7793103210007617 4.752880050610278 -5.4075334785112901 4.1371776075602389 11.415609840187303 -1.1162829272164905 0.8524726293814574 9.8501035898796871 6.9025004695214562 -0.022696312876130539 8.8086001533196505 6.7585020137367682 1.2183005058157077 -17.807003377917351 0.70922219506234696 10.145008218268311 -18.205661222161652 1.7847396765573873 9.8912117967930016 1.0158174155329596 0.25998412874787741 -5.0470871807554012 -20.481932457069309 -15.213594536847777 12.411374019343274 -2.2544329566587602 2.9170616580358484 -5.4090821061474523 7.94291570792375 4.756390024333351 17.842249047406504 -4.216431500130879 5.5878355587241488 -8.6755666638399553 2.4306813578027739 -11.675410305914534 4.3235445293868704 -10.038049263674685 1.2873706832317733 -3.4413471621175251 -15.571873450699801 -11.837359194272061 -10.369754587641719 -12.177882706448388 -14.203610575681047 -8.6382021610445552 2.0831615005801289 -17.615757935645725 -2.511661131808459 3.1421767137762311 -3.9541461449461197 -14.434045792094748 -2.4167125963996674 7.6187986342885781 0.60412038609699337 -8.4173749968280909 -13.0614898148037 -14.182819123923288 7.9847509272525645 -20.771736654062728 -4.1582749961204106 7.9961519606125568 -6.2091710906028483 3.122467830813715 15.763750875793008 0.062797972262286672 14.224793213647709 7.8971418023400437 -8.434307207753303 10.487010179472156 -0.67117235271167908 -0.33870446454510666 8.8314413032400516 -5.997225390167678 -10.668183646513668 -10.058779661704069 2.2588124667862863 -3.3269207273454797 -7.4439902862730607 2.4447614513094607 -6.0966625941458412 -18.591979492689259 -3.5792755876700171 -9.0625679846050442 6.3230541283145394 6.2139383190277862 -9.6082210112017084 -11.276872002129515 -7.75686708307905 -2.1532131575360074 19.929234173169345 11.333606122507128 -1.3921347393148391 1.9678493790312854 8.7139059014251323 -2.3667431743877496 3.1853032867927227 -4.7651706590549212 16.05931588413215 5.3726439048721684 -1.0399861819776672 -3.519173899027721
leaf_weight=1409.5342836976051 267.26934593915939 1274.476836681366 1436.7672002911568 54.797163903713226 1658.8531637787819 259.76351201534271 511.03156024217606 509.55012917518616 468.92046278715134 350.68012243509293 90.033151090145111 44.440138757228851 1487.8818708062172 1138.507323205471 1717.986027777195 1097.6654636859894 885.65316122770309 264.21194237470627 211.75866740942001 541.34490317106247 90.582001447677612 625.204574406147 124.62953341007233 1039.5159157514572 3487.0046714544296 1272.8081233501434 2030.9184526205063 1673.6668412089348 600.12447917461395 560.02503168582916 421.93879526853561 109.4842621088028 192.64174735546112 592.39985811710358 1112.0449777841568 197.73850589990616 1354.8397969603539 1165.6459376215935 75.784371733665466 2248.040364086628 3160.7718236446381 318.24495112895966 112.88750100135803 1771.215652346611 647.49527192115784 733.82180774211884 236.70144611597061 768.79400420188904 2759.0814918279648 532.37931573390961 1363.0840737223625 1215.4486199021339 165.56370568275452 1050.8170925378799 479.38093310594559 1083.9720291495323 517.12576764822006 632.06607282161713 280.51365160942078 84.228997707366943 539.02670270204544 1633.564185500145 763.22456413507462 1359.3732937574387 303.63865160942078 749.30018347501755 1593.6972014307976 2000.462242603302 116.26344126462936 834.63083863258362 667.06329381465912 1154.0903878211975 730.11044698953629 384.24086266756058 911.37007683515549 344.92859810590744 1274.4798907637596 2091.7367805838585 970.07712835073471 1103.37087225914 115.16116988658905 1928.8776894807816 2167.5038408637047 105.15194165706635 166.73281115293503 486.1187726855278 588.96024185419083 247.68560081720352 3367.7111396789551 732.78191477060318 1368.292648434639 1213.1684977412224 806.08195859193802 1001.4397947788239 167.14100193977356 265.87843418121338 736.22303569316864 413.0447536110878 205.05901324748993 103.31864035129547 571.92806130647659 605.61437737941742 1611.0696891546249 644.24712699651718 336.52243232727051 46.115060567855835 288.23337286710739 754.5185980796814 993.24830901622772 648.15574264526367 493.17475855350494 537.71628493070602 723.22014474868774 68.537132501602173 284.10602200031281 3187.1957629323006 1097.6688668131828 885.93275535106659 872.5635107755661 1175.8632020354271 966.75317430496216 89.275334894657135 262.64146488904953 1119.6437899470329 609.07651156187057 378.93189692497253
leaf_count=2083 217 1206 2121 54 1562 333 659 594 480 506 64 46 1209 1415 1971 1454 901 290 266 663 116 726 191 1252 4756 1816 2367 2448 734 823 553 155 257 798 1510 283 1861 735 89 2810 1920 370 139 2229 948 1009 162 647 3327 677 2051 1600 223 1588 443 1477 698 739 394 112 702 1679 1021 1621 274 667 1720 1673 111 904 871 731 1021 512 1344 354 1793 2867 1305 1391 97 1592 3002 62 226 629 685 330 3399 1025 1554 1668 855 1247 216 336 928 535 187 109 852 781 1841 821 414 31 400 816 1410 805 509 501 756 82 247 3906 1756 1283 1172 1704 1310 101 258 1545 913 455
internal_value=3.66095e-09 -5.43781 6.07446 -8.55474 -0.548182 -7.04299 1.82891 -3.41861 3.00169 9.06961 4.38637 5.629 -9.88695 10.0774 3.27692 4.54913 -1.03097 -1.62556 -6.38461 0.913337 -14.4911 4.03405 8.6768 -2.13328 2.88757 3.71245 -6.61256 1.53685 2.66905 -3.83081 -11.9031 -9.21943 -11.3895 8.24593 9.69063 -0.47485 0.494512 -12.7574 9.52676 13.121 -16.2058 -11.9199 -5.83588 3.91036 -6.15958 0.441995 -9.82791 -9.03848 10.3575 -9.98186 6.75045 -1.91568 -4.39843 9.33053 10.2502 -0.694841 5.35899 -3.45525 -6.4286 5.02069 5.51933 -8.12487 -3.03703 -6.58148 -7.44311 -6.84697 -9.26608 -9.90799 -0.696117 -4.51987 6.71995 -14.0085 2.11769 -5.51084 -4.41963 -6.8315 0.740099 6.87549 2.53514 -5.95927 -4.44709 -16.6811 11.1142 -7.6727 6.28019 2.63386 -1.97784 -6.94484 14.6056 3.87888 9.48352 11.2511 -12.1937 7.37645 -9.80086 -4.02805 4.99122 -1.59262 -3.78659 0.981382 6.58409 -5.18765 -9.54305 -3.80481 -0.485979 -1.06329 2.30698 -5.44775 3.95227 9.39164 -6.36133 -7.03257 -4.8412 12.1951 13.1132 9.97804 0.388171 0.783348 7.18756 -1.05311 5.80805 2.94256 12.6219 7.78732 2.878 1.08608
internal_weight=107533 56739.7 50793 34651.1 22088.6 27618 15695.9 12142.9 25071.7 25721.3 19297.1 15368.6 15475.1 21432.2 13201.8 10688.4 8602.2 5774.53 6392.71 6324.15 7033.16 4289.12 14677.9 2513.4 7505.75 6810.1 5897.23 3401.81 7758.14 4232.84 9577.84 3540.69 2159.87 7862.83 11491.4 3928.55 4400.74 8193.34 2930.31 6754.26 5295.39 7027.7 2494.05 3595.98 2372.71 3137.6 3431.2 3194.5 10081.9 2934.74 2724.51 2570.29 2002.37 6277.18 5226.37 2265.81 1143.78 2005.67 2278.06 3186.53 3357.4 2165.94 2728.16 2381.16 1967.03 1384.5 1737.77 3579.64 1564.61 2186.82 1824.77 3448.05 2403.78 1836.8 1903.79 1256.3 3156.36 2216.37 1181.84 1663.4 205.743 5089.65 8397.89 1997.54 3653.74 1922.89 1352.18 1892.39 4506.22 1830.45 4746.98 2581.46 2293.96 2165.52 916.441 1006.74 2099.31 797.286 501.019 295.96 1683.97 695.648 2885.55 3011.69 980.77 468.054 805.359 2113.89 1585.65 1157.71 759.053 1579.18 1041.47 1786.52 3043.19 5354.7 1448.35 970.162 2439.44 1373.6 1839.32 144.072 338.426 2121.08 1881.88 917.959
internal_count=129039 61939 67100 34503 27436 28903 19785 13957 34018 33082 26124 20648 14946 27004 16992 13811 10304 7894 7651 7772 5600 6078 19380 3181 10349 9504 6649 4768 10313 5536 8297 3653 2115 10299 14927 5476 5940 6830 3498 7624 3725 6095 2793 4499 3126 4478 3498 3336 12844 3003 3705 3461 2522 8091 6503 3048 1445 2726 2532 4453 4373 2356 3273 2654 2488 1467 1875 3300 2373 2610 2270 2795 3469 2299 2646 1698 4522 3058 1571 2214 213 3512 10482 2138 4982 2750 1706 2076 4814 2479 6060 3222 2064 2838 883 1175 2979 1047 553 366 2362 845 3047 3602 1235 584 1098 2437 2208 1399 845 1627 1126 2053 3574 6908 2262 1395 3216 1987 2482 155 347 2792 2729 1157
is_linear=0
shrinkage=0.05


Tree=9
num_leaves=127
num_cat=0
split_feature=36 27 27 1 36 34 12 1 11 1 11 28 24 24 46 1 1 34 36 36 1 40 1 11 15 27 1 43 9 1 31 11 24 1 28 23 36 34 34 34 33 46 33 28 24 5 1 27 24 1 5 2 1 24 11 33 1 40 5 1 1 34 3 11 9 34 31 36 11 1 28 27 40 34 28 11 5 11 40 12 1 7 5 1 40 23 24 6 6 40 36 36 26 28 15 24 27 34 42 11 5 27 24 5 6 6 11 1 6 40 15 23 24 36 31 24 23 23 24 33 35 42 36 16 5 5
split_gain=1.28863e+09 2.67598e+08 2.20227e+08 1.02673e+08 9.79449e+07 8.00417e+07 6.82209e+07 6.01962e+07 5.57028e+07 5.49009e+07 4.72933e+07 4.71134e+07 3.51429e+07 3.49001e+07 3.42846e+07 3.0349e+07 2.64885e+07 2.36188e+07 2.74463e+07 2.32887e+07 2.12375e+07 1.93103e+07 1.90134e+07 1.86383e+07 1.85165e+07 1.76129e+07 1.69881e+07 1.58955e+07 1.49064e+07 1.43575e+07 1.43379e+07 1.43178e+07 1.42138e+07 1.38217e+07 1.37776e+07 1.30596e+07 1.28879e+07 1.8257e+07 1.67344e+07 1.2827e+07 1.2589e+07 1.22876e+07 1.2059e+07 1.17745e+07 1.17465e+07 1.13138e+07 1.0665e+07 1.06031e+07 1.02745e+07 9.538e+06 1.0419e+07 9.50003e+06 9.4724e+06 9.28938e+06 9.28021e+06 8.91564e+06 8.89199e+06 9.7479e+06 8.78491e+06 8.72064e+06 8.68441e+06 9.14468e+06 8.67122e+06 8.65241e+06 1.05797e+07 8.63555e+06 8.61837e+06 8.44347e+06 8.33918e+06 8.28197e+06 8.21303e+06 7.88435e+06 7.83427e+06 7.77602e+06 7.64979e+06 7.54369e+06 7.48672e+06 7.2503e+06 7.19588e+06 7.15519e+06 7.05741e+06 6.99287e+06 6.97474e+06 7.27445e+06 7.74514e+06 6.95477e+06 7.32204e+06 6.85408e+06 6.72832e+06 6.69308e+06 6.50259e+06 6.39763e+06 7.12157e+06 6.37258e+06 6.45554e+06 6.36908e+06 8.24119e+06 6.32886e+06 6.84009e+06 6.23252e+06 6.22539e+06 6.14553e+06 7.67622e+06 6.12162e+06 6.09757e+06 6.07878e+06 7.58882e+06 6.02514e+06 5.98651e+06 7.63737e+06 7.26661e+06 5.97052e+06 8.67881e+06 5.9183e+06 5.91762e+06 7.36034e+06 7.762e+06 5.91443e+06 8.93133e+06 5.81588e+06 5.80393e+06 5.77252e+06 5.76403e+06 5.74411e+06 5.71442e+06 5.70855e+06
threshold=0.01451388888888889 0.010833333333333335 0.012870370370370372 8.5000000000000018 0.0078571428571428594 0.23611111111111113 1.0000000180025095e-35 6.5000000000000009 0.2466642946095001 4.5000000000000009 0.26161035226455792 0.53055555555555567 0.012290581758201783 0.013055545330351755 1.0000000180025095e-35 12.500000000000002 -12.499999999999998 0.21388888888888893 0.031706349206349217 0.0089583333333333338 -4.4999999999999991 0.0005432287393071708 7.5000000000000009 0.23046398046398051 20.500000000000004 0.0058333333333333345 -7.4999999999999991 1.0000000180025095e-35 3.5000000000000004 6.5000000000000009 0.0006144058054677699 0.20524267399267401 0.020511129695159207 13.500000000000002 0.43611111111111117 0.026572061191626414 0.028364197530864197 0.11944444444444445 0.38055555555555559 0.15833333333333335 0.011082670054147845 1.0000000180025095e-35 0.032617780055254578 0.28611111111111115 0.021234871157256741 0.14218328840970354 -6.4999999999999991 0.0067283950617283957 0.015563093268409897 -10.499999999999998 0.052289815447710192 1.0000000180025095e-35 -5.4999999999999991 0.02909464608553218 0.28220211161387637 0.013778473743765488 -12.499999999999998 0.0010046798343899797 0.14595037453183524 12.500000000000002 -12.499999999999998 0.10833333333333335 1.5000000000000002 0.30368444846292952 1.5000000000000002 0.086111111111111124 -0.00013986042773341334 0.015648148148148151 0.24085229808121375 10.500000000000002 0.79166666666666674 0.013734567901234571 0.00039755197649934498 0.069444444444444461 0.31388888888888894 0.2466642946095001 0.038218111002921142 0.31383948928408578 0.0027863777089783283 1.0000000180025095e-35 1.5000000000000002 10.500000000000002 0.052289815447710192 -3.4999999999999996 0.0017336610757663388 0.02111721611721612 0.021794888810577222 0.030457637600494747 0.039344685242518065 0.00030898529230008654 0.02194444444444445 0.026150793650793657 7.5000000000000009 0.21388888888888893 8.5000000000000018 0.01110299333221742 0.018968253968253971 0.1138888888888889 1.5000000000000002 0.31057781919850891 0.086688137412775104 0.025625000000000002 0.027380904635329884 0.036811201445347795 0.23570261437908499 0.24575783721599082 0.28292357537640561 15.500000000000002 0.14194139194139196 0.0011581218632302226 18.500000000000004 0.020329626047711154 0.030152774007919842 0.064629629629629634 7.0645614201849074e-05 0.031808928272008888 0.031036565050807933 0.02344308943089431 0.028472545933180656 0.013311981995838841 2.5000000000000004 1.5000000000000002 0.0088095238095238105 2.5000000000000004 0.15170694284618338 0.1330383480825959
decision_type=2 2 2 2 2 2 2 2 2 2 2 2 2 2 2 2 2 2 2 2 2 2 2 2 2 2 2 2 2 2 2 2 2 2 2 2 2 2 2 2 2 2 2 2 2 2 2 2 2 2 2 2 2 2 2 2 2 2 2 2 2 2 2 2 2 2 2 2 2 2 2 2 2 2 2 2 2 2 2 2 2 2 2 2 2 2 2 2 2 2 2 2 2 2 2 2 2 2 2 2 2 2 2 2 2 2 2 2 2 2 2 2 2 2 2 2 2 2 2 2 2 2 2 2 2 2
left_child=1 4 5 6 13 7 36 11 14 12 17 26 79 31 22 16 -10 18 21 48 65 24 28 55 32 73 74 108 95 46 -22 -1 87 47 71 93 37 125 -38 49 -37 91 82 69 59 54 -27 -33 -18 -12 117 -7 121 62 89 -11 -29 58 97 -25 -42 123 -32 64 -13 105 -31 -45 -43 -9 124 -21 -48 -15 -2 -71 -19 103 -44 -6 -66 114 83 -23 88 -50 -87 -8 -85 -28 99 92 -5 94 -34 -3 -97 -58 -99 -52 -54 102 -20 -36 -88 106 -14 -70 109 -16 122 -39 -113 -53 -73 -116 -117 -51 -119 -46 -26 -30 -110 -62 -24 -4
right_child=2 8 3 41 9 51 10 43 15 23 39 63 20 25 27 -17 19 76 101 34 30 42 70 44 120 29 45 56 52 66 53 33 35 -35 77 40 38 111 -40 -41 60 68 78 67 119 -47 72 -49 85 50 90 113 100 -55 -56 -57 57 -59 -60 -61 61 -63 -64 -65 80 -67 -68 -69 107 75 -72 81 -74 -75 -76 -77 -78 -79 -80 -81 -82 -83 -84 84 -86 86 104 -89 -90 -91 -92 -93 -94 -95 -96 96 -98 98 -100 -101 -102 -103 -104 -105 -106 -107 -108 -109 110 -111 -112 112 -114 -115 115 116 -118 118 -120 -121 -122 -123 -124 -125 -126 -127
leaf_value=9.7161944031527305 0.57569695434297352 -12.161907448090274 -10.320347670603061 -14.987024804023381 -2.6115566355836322 12.317812319710201 2.4874591993834758 2.8159504961770505 -10.308476580109431 -2.6388947879500368 -15.351036113852908 -12.471204770880499 4.3914025362719462 10.028846026311054 4.8311997843826013 -11.156604338458298 -2.1073305518669638 7.207874458490398 -10.754929496778759 3.6622911817415855 11.662603365700582 -10.856453259442359 -1.194612468409227 -3.1370090136542599 -13.433772333094987 6.4766445921036038 8.8823209956113214 -2.1432229050210583 0.26670805078560145 11.997229470948362 7.5798596204436013 7.3458763015803221 18.661743121498201 -8.4768616178530678 0.18800298981346764 26.228357665172542 -15.026488536819858 5.4982485220101154 2.0811783692457104 -5.0075394392744261 -12.829106808607619 -8.0872804505256131 2.4700691626143545 -2.5277659429575805 -12.383714024573017 -2.4179681710589631 13.689503367991566 1.8911636340637381 7.6420987958648361 -1.5882125622139671 -5.7681253272683755 5.675773661800406 7.9689076904089253 10.853615949834296 -0.24918762011030737 5.7220379853350813 6.9611499443806668 3.1360099478947872 1.6713415216023411 -11.130942016464363 -1.7529620782901478 4.6642233084574958 1.9126500202150993 -8.9776550931669714 -0.83510313411443704 6.8662169237906783 3.0302682932675542 -12.26095035340613 -12.080067351669893 -2.9218910422126836 -21.789067705310298 0.48571293946279748 9.8922535042593296 13.940668005471787 -7.4582661794757774 -16.351283024053412 -0.34287006659542674 -8.6505225931523082 -7.1093779503551593 2.7767141027579476 -6.1086279073055421 7.2408578783214672 -10.73303228011498 6.855687063568543 -8.5644183887006928 -3.8377092302701961 4.4481542138865668 -6.8746965730641705 -4.6624838473137649 3.6709573967223985 -13.342067894694692 -18.474351962978297 0.51442038815605184 2.5655213209963477 7.0709183061848382 2.0115683448320048 -7.997531328700763 15.16728241195734 7.363811984921357 -12.936924862927453 1.7370587629877101 -13.315322752267415 -0.49840214008464817 -5.6009059715108798 -16.953492670854317 -9.0959234521603403 -3.3877340788315609 -18.774540836196987 8.5675261127741518 -3.0983852454587528 -18.056381657353779 -10.459510793951928 -0.088196001261751381 -15.646811637185042 -7.3710780690035156 11.686010855889457 -3.1442329206720534 -12.891651658034485 -4.3553803663829056 3.9406668738178889 0.13623685271103186 -11.917556375088527 -5.7870754621791285 -15.052547832183855 -9.3758998527891659 -14.975855095250052
leaf_weight=1813.7839461565018 800.49539881944656 198.0855884552002 2945.1227452158928 1917.1096460819244 847.47975409030914 953.05911535024643 273.92330437898636 294.03690969944 770.46708565950394 420.18374711275101 722.49955010414124 294.70768719911575 1440.5954494476318 1821.7408118844032 841.61231088638306 857.34776955842972 899.21386486291885 551.98390114307404 517.07660931348801 891.3415994644165 2889.8474007844925 385.59638857841492 386.5253159403801 1640.8210873007774 327.48001486063004 1563.2680675387383 1510.0112684369087 344.34958642721176 486.15698933601379 341.37536036968231 1910.9301202893257 2097.3356416225433 195.79562419652939 199.819504737854 756.69345957040787 44.470224678516388 2621.3737654089928 150.75904369354248 151.18974894285202 1689.8690143823624 135.02375572919846 926.23988026380539 569.95312130451202 254.3148393034935 59.442625641822815 533.75816702842712 1985.3389367461205 1548.7855173945427 903.44301044940948 505.28326970338821 800.8750284910202 657.65317296981812 886.6185045838356 1162.8931495547295 580.34905624389648 1322.0784265398979 2653.8333737850189 1915.1108564734459 577.30182689428329 430.72575610876083 434.69587910175323 627.03476190567017 1043.5678172111511 906.13182407617569 1974.6340926885605 1704.791886806488 1246.0541470646858 1799.1233078837395 1154.1329457163811 276.57376772165298 87.493371963500977 949.03131538629532 4300.8149977326393 4197.6131591200829 470.42349672317505 168.14598721265793 810.05823445320129 950.50269776582718 298.82032406330109 2256.8120310902596 934.75747537612915 197.21799075603485 1052.4558661580086 263.31980967521667 326.13407379388809 386.00149339437485 1379.8964138031006 682.80869615077972 244.52913349866867 1040.7759504318237 1477.0469292998314 1842.95570063591 77.070664525032043 323.27511787414551 310.83907026052475 488.82807999849319 355.01322555541992 587.23599606752396 538.17781537771225 487.88633996248245 731.29029130935669 810.79774481058121 281.87068539857864 1151.8414607048035 34.104003548622131 116.13640600442886 400.71590518951416 474.20073729753494 98.635058879852295 475.05968403816223 83.759816348552704 408.77146011590958 398.21650856733322 34.237168729305267 890.11834269762039 113.61710840463638 394.86621487140656 534.34423923492432 718.37865740060806 664.36684107780457 103.76185953617096 121.50445908308029 240.32871377468109 99.832539498806 476.62660217285156 848.07371550798416
leaf_count=2357 1030 207 2727 1471 1085 1112 353 394 877 620 570 299 2077 2328 1174 960 1223 703 463 1240 3343 429 561 2353 324 2204 1819 494 666 423 2515 2937 192 289 1040 24 1840 151 199 1947 127 976 742 328 74 682 2170 2349 1197 611 942 983 1172 1443 741 1853 3669 2792 792 529 579 843 1466 997 2589 2312 1829 1753 1018 330 55 1237 5473 4489 601 150 1023 1131 360 3318 1119 285 1034 317 337 539 1941 817 317 1387 1193 995 76 430 381 665 430 629 800 459 1009 673 334 1478 34 144 573 276 128 649 74 407 448 40 1033 118 531 521 847 951 123 141 321 87 557 646
internal_value=-7.38857e-09 4.55556 -6.57634 -8.92723 7.09266 -1.25445 -7.43477 -2.69049 0.404772 4.41653 -5.64542 -0.709623 5.98793 9.41335 2.70627 -2.10597 -1.37863 -3.38584 -4.38621 -0.683514 7.35023 -2.97766 -0.968357 -0.353393 -0.455943 10.6434 2.58319 4.56138 0.842322 9.29539 8.96292 6.05418 0.883232 4.32714 -2.51826 3.12083 -11.3846 -9.80375 -14.0936 -8.79608 0.0701219 -14.5619 -5.83508 -9.10801 -2.88326 4.31058 10.1724 5.02884 2.5225 -10.0164 -9.1644 9.08027 3.15304 7.06811 5.45758 3.70562 5.67959 6.1091 7.41606 -4.79915 -0.827051 0.568106 5.57813 -4.66383 -3.44386 4.26455 4.95861 -11.0555 -11.875 -3.69476 -7.1919 -0.384616 11.0915 12.7568 -2.39803 -7.99947 2.71716 -5.08263 -0.824844 1.3057 -2.52943 -1.80206 -7.75088 -5.17739 -2.55164 4.06246 2.2658 -4.1942 1.30969 6.75597 -11.0775 -16.3506 -14.3879 8.05048 11.5503 -4.09339 -2.19937 8.2936 11.4356 -8.48202 5.15213 -10.2486 -7.1364 -3.30573 3.93197 1.9987 2.69847 -14.0296 0.308117 1.97018 -4.86876 -3.63536 -5.34168 4.62066 -2.56173 -4.62959 0.169483 -6.15464 -7.99649 2.60003 -10.1687 -2.16959 -1.61003 -4.23689 -5.71226 -11.3612
internal_weight=107533 63526.6 44006.1 30522.9 39427.3 13483.2 24131.2 11838.2 24099.3 18311.4 16607.7 9046.04 13773.8 21115.9 12573.5 11525.7 10668.4 9671.54 8309.49 9897.89 10669.5 6699.75 4218.14 4537.62 3558.94 15456.2 4935.81 8355.41 3267.5 9436.85 7007.24 5659.72 3127.7 3845.94 6295.23 2170.97 7523.51 4750.94 2772.56 6936.18 1341.06 6391.71 3140.81 2792.19 2795.36 3664.89 7849.42 3646.12 3602.66 5246.31 4523.81 1644.95 2225.57 4117.39 3131.14 1742.26 6616.01 6271.66 4356.55 2071.55 1296.59 1161.56 2954.5 4110.23 3204.1 3662.24 1587.43 2053.44 2554.57 738.757 950.645 3436.19 6286.15 6019.35 1270.92 444.72 1362.04 2859.04 868.773 3104.29 2909.39 2544.85 2272.04 1219.58 833.983 2703.44 1800 956.732 507.849 2550.79 2765.81 3837.14 1994.18 829.91 506.635 1041.93 843.841 3779.25 1125.41 1288.76 1617.91 1609.75 798.947 1908.53 1414 1957.45 1841.31 1628.33 1739.4 1316.67 422.724 957.747 806.988 691.89 2347.63 1398.6 508.483 1758.01 1252.72 723.809 431.242 607.661 338.964 534.528 863.152 3793.2
internal_count=129039 83353 45686 29332 51504 16354 24520 14219 31849 24656 18102 11264 18276 26848 16985 14864 13904 11012 9286 13027 13873 7816 5463 6380 4280 18916 6260 11522 4290 12099 8767 7932 3833 5575 8093 2663 6418 4379 2039 7090 1660 4812 3536 2955 3907 4629 9847 5286 4934 5143 4573 2135 2988 5424 3947 2473 9176 8682 5890 2882 1636 1509 3981 5004 4007 5106 2252 2081 2270 874 1173 4444 7643 6817 1631 480 1726 3649 1102 4403 3708 3204 2434 1400 971 3711 2514 1170 634 3206 2594 2542 1547 1003 573 1302 1095 5098 1429 1401 2181 1470 797 2518 1975 2794 2650 1294 2346 1823 523 1006 855 1023 2919 1682 649 1979 1368 1025 447 807 449 666 1118 3373
is_linear=0
shrinkage=0.05


Tree=10
num_leaves=127
num_cat=0
split_feature=36 27 27 1 1 44 28 1 11 34 1 1 37 1 47 33 34 36 34 36 36 39 36 39 39 11 39 5 1 7 34 16 36 1 39 46 11 36 34 25 44 36 32 34 32 40 33 6 37 11 1 1 17 1 34 27 24 34 1 39 39 28 11 40 25 27 33 11 5 36 33 33 11 5 11 9 32 11 1 1 1 24 32 6 25 34 14 9 6 32 15 17 11 28 47 32 1 14 5 25 39 42 11 1 6 1 5 24 32 32 33 34 32 27 28 32 33 5 5 32 9 1 34 8 21 37
split_gain=1.16436e+09 2.81465e+08 1.54056e+08 1.09493e+08 9.41663e+07 6.73927e+07 5.83954e+07 5.51661e+07 5.03248e+07 4.4688e+07 4.21757e+07 3.73175e+07 3.02508e+07 3.0225e+07 2.99732e+07 2.97174e+07 2.8016e+07 2.70815e+07 2.39589e+07 2.19901e+07 2.18714e+07 2.04934e+07 1.98865e+07 1.98064e+07 1.84367e+07 1.72541e+07 1.60101e+07 1.59042e+07 1.5886e+07 1.58595e+07 1.49004e+07 1.4825e+07 1.43268e+07 1.39528e+07 1.65973e+07 1.37643e+07 1.34425e+07 1.31471e+07 1.39624e+07 1.30732e+07 1.27123e+07 1.2671e+07 1.26289e+07 1.20127e+07 1.25374e+07 1.20114e+07 1.19525e+07 1.17586e+07 1.15644e+07 1.08772e+07 1.04721e+07 1.01641e+07 1.00912e+07 1.00035e+07 9.98442e+06 9.72824e+06 1.05178e+07 9.39664e+06 1.21106e+07 9.39357e+06 9.18104e+06 9.15422e+06 9.14719e+06 8.5585e+06 8.54063e+06 8.75551e+06 9.62849e+06 8.52936e+06 8.17414e+06 8.17391e+06 1.17008e+07 8.08538e+06 8.01165e+06 7.96971e+06 7.93641e+06 7.80167e+06 7.68225e+06 7.67266e+06 7.67185e+06 7.65504e+06 7.56635e+06 7.44869e+06 7.39835e+06 7.39213e+06 7.1694e+06 7.16393e+06 7.11763e+06 7.063e+06 7.2682e+06 7.06162e+06 7.66401e+06 7.01518e+06 6.96956e+06 6.89722e+06 6.84034e+06 6.78433e+06 6.6978e+06 6.53738e+06 6.51893e+06 6.51041e+06 6.34219e+06 6.29938e+06 6.29416e+06 6.28027e+06 6.20811e+06 6.19032e+06 6.61856e+06 6.06221e+06 6.05903e+06 5.96631e+06 8.55936e+06 5.98407e+06 5.95619e+06 5.94752e+06 5.78932e+06 8.0275e+06 6.75934e+06 5.70444e+06 5.68046e+06 5.60612e+06 5.60527e+06 5.53903e+06 5.53161e+06 5.52566e+06 5.51444e+06 5.5488e+06
threshold=0.011697530864197532 0.01404320987654321 0.0084876543209876556 4.5000000000000009 8.5000000000000018 1.0000000180025095e-35 0.59722222222222232 4.5000000000000009 0.26161035226455792 0.069444444444444461 -7.4999999999999991 -9.4999999999999982 0.8583333333333335 6.5000000000000009 1.0000000180025095e-35 0.047628809922481648 0.069444444444444461 0.020069444444444449 0.29722222222222228 0.0071825396825396836 0.0064153439153439165 0.022500000000000003 0.017253086419753091 0.022808641975308644 0.0099382716049382733 0.25410277105192364 0.0039285714285714297 0.036811201445347795 4.5000000000000009 10.500000000000002 0.10833333333333335 2.5000000000000004 0.0073148148148148157 -11.499999999999998 0.017839506172839508 1.0000000180025095e-35 0.20761973875181425 0.040648148148148149 0.13611111111111115 0.17500000000000002 1.0000000180025095e-35 0.019920634920634925 0.02780830280830281 0.13055555555555556 0.038693897099069521 0.002506788332625414 0.017380075314671131 0.13293172690763055 0.3527777777777778 0.18770973154362419 -3.4999999999999996 13.500000000000002 2.5000000000000004 9.5000000000000018 0.1138888888888889 0.022808641975308644 0.034301384530614452 0.063888888888888898 -9.4999999999999982 0.0052777777777777788 0.0099382716049382733 0.3527777777777778 0.2808003153952297 0.00067281567281567319 0.10833333333333335 0.026150793650793657 0.014233523638843405 0.28402076318742991 0.11791443850267382 0.026150793650793657 0.021875886539975721 0.031629933740457826 0.34021276595744687 0.096579867858530913 0.28992753623188411 15.500000000000002 0.023948488718603663 0.22568518069366969 14.500000000000002 10.500000000000002 -12.499999999999998 0.020203265746204683 0.020840492554410082 0.17521929824561405 0.12500000000000003 0.14722222222222223 7.5000000000000009 2.5000000000000004 0.094987468671679218 0.024086586586586588 8.5000000000000018 2.5000000000000004 0.23887201162329946 0.2416666666666667 1.0000000180025095e-35 0.029064798250844768 -4.4999999999999991 8.5000000000000018 0.071008403361344549 0.15277777777777782 0.020462962962962964 1.5000000000000002 0.21455026455026457 7.5000000000000009 0.16754385964912283 -5.4999999999999991 0.046620299934796793 0.027552200406403299 0.021407221425155432 0.020329626047711154 0.015320782834815498 0.086111111111111124 0.011377794845536781 0.0088095238095238105 0.89166666666666672 0.01734212039090088 0.016737375726538214 0.19378911892152145 0.18795289855072467 0.05142653642653644 6.5000000000000009 9.5000000000000018 0.11944444444444445 4.5000000000000009 24.500000000000004 0.91944444444444462
decision_type=2 2 2 2 2 2 2 2 2 2 2 2 2 2 2 2 2 2 2 2 2 2 2 2 2 2 2 2 2 2 2 2 2 2 2 2 2 2 2 2 2 2 2 2 2 2 2 2 2 2 2 2 2 2 2 2 2 2 2 2 2 2 2 2 2 2 2 2 2 2 2 2 2 2 2 2 2 2 2 2 2 2 2 2 2 2 2 2 2 2 2 2 2 2 2 2 2 2 2 2 2 2 2 2 2 2 2 2 2 2 2 2 2 2 2 2 2 2 2 2 2 2 2 2 2 2
left_child=2 3 9 6 5 8 11 10 17 13 36 24 19 32 25 35 40 30 31 63 85 47 49 29 46 60 -18 -21 61 57 42 37 83 -10 73 114 -4 38 64 69 53 54 87 -16 103 62 -2 67 75 -6 -32 74 124 -9 107 56 -36 -7 -59 82 78 104 91 -12 -19 66 -66 68 -13 70 -25 -49 -15 101 122 100 -72 -55 -5 113 -38 96 -24 117 -61 93 -26 -3 118 90 -52 -37 -30 112 -88 -56 -34 -43 -47 -57 -29 -35 -70 -45 -22 -63 -107 -23 -60 110 -64 -111 -11 -27 115 116 -8 -1 -89 -20 -112 -62 -28 -117 -14 -126
right_child=1 4 7 14 22 23 15 16 33 20 12 21 52 72 43 -17 26 18 119 27 28 41 59 39 86 79 51 48 92 -31 50 -33 81 34 55 45 80 -39 -40 -41 -42 97 -44 44 -46 98 -48 71 -50 -51 89 -53 -54 77 95 99 -58 58 108 84 121 105 109 -65 65 -67 -68 -69 102 -71 76 -73 -74 -75 -76 -77 -78 -79 -80 -81 -82 -83 -84 -85 -86 -87 94 88 -90 -91 -92 -93 -94 -95 -96 -97 -98 -99 -100 -101 -102 -103 -104 -105 -106 106 -108 -109 -110 111 120 -113 -114 -115 -116 123 -118 -119 -120 -121 -122 -123 -124 -125 125 -127
leaf_value=9.244788359395363 -5.3207075721680717 -7.6508185183167301 5.1803147079523049 8.0046430072692285 5.5913928399489929 -11.228141986705369 -1.943928201550891 -0.17894706686978198 -14.154030822965581 23.56461394949595 11.647032392790182 10.864173681333007 -12.836159560802958 0.24115413640714711 -12.462555296340364 8.2766477135056817 13.264957327277774 -9.4974976398997857 8.9778483969050153 7.1190316959292561 11.949946814145305 -0.56555711528394925 5.0676205397736416 -15.199398596074204 -2.8012220543544144 -0.07971581962650294 1.2052844712547122 9.0927487342638482 7.2902651591069603 6.7993095343599208 -2.0761486665773154 -11.524853169866226 -0.59967238103253029 3.5239829172105774 -8.0432615747829939 5.4230259963242462 -5.2437218521698599 -11.266092711413657 0.14887779000483028 -6.1926466017734327 -12.114519896633945 -0.97115787881458537 -12.304985776691421 10.263581454891288 -16.533621250126256 -4.755605301031232 7.1457679707269977 -0.42195551919063007 0.90705579151309623 -9.5695542322537914 19.780089953054862 -4.6380751313404467 -6.8642276294676412 -0.60532020866011893 11.551012234894641 -12.889919303080886 -0.56251324044381878 -11.293586430344627 2.7965938496158396 -16.534127914703213 -0.6290231084829081 3.237383874150769 -6.726168369308211 6.9591049298939467 25.094485768642258 -7.7586626661917384 -0.68740611713396604 2.9291722483238867 11.365035128804134 -15.579964827273887 3.3019404968238408 10.161099180958498 -13.400787504289623 -7.7792723153923093 -3.8159316088100415 -6.4513955615300667 -9.2402617175003723 -9.8701892448633899 -3.1606235736447994 -11.166439050554265 -0.11737081553322491 8.4205094222311985 -14.614257704754309 0.21017135300531298 -12.507485754954136 15.013900307932847 -6.4053775440021816 2.5018359290860448 -4.6885475368070937 3.7021684304683209 4.3808750237135028 -1.159023455903595 1.7018577470217697 9.6061991087595562 -18.464087674604073 4.1455842595245986 4.7761640979999447 -14.786729012382834 -17.325523799786051 -7.6315151286910794 3.5141734594657921 -5.1249404736913746 0.45115897147061546 -3.6171432923138336 4.8063295804090904 10.872222481806464 5.7450345927291391 5.9224434028661888 -5.2271493252274013 -15.200948071540109 1.0592341898838207 -3.2851865423068634 12.632336478416924 -7.078831752550041 -10.307780106756601 -3.0758947651735014 14.46085274231072 -1.1491189207521146 -8.3451461502129316 -5.915379543829574 19.340160479319866 -6.44596386810856 6.1052749851012127 -9.7228201428846308 7.0418299395677169 -1.1151186535819424
leaf_weight=4615.0203086733818 274.52481770515442 367.67401760816574 826.95993822813034 442.11197781562805 128.45509439706802 1343.7167554497719 344.36950474977493 1125.9141423106194 820.54564362764359 132.76919144392014 1912.5692943334579 2562.7783664464951 60.402255594730377 1448.3489892482758 1863.2073730230331 570.09494638442993 268.81725907325745 1001.0802923440933 353.59190630912781 4057.2577133774757 3143.9909763932228 1074.9336588978767 104.90717303752899 959.94735085964203 816.19918322563171 447.89145928621292 1466.8494903445244 1075.0281737446785 1164.8274272084236 188.79285955429077 649.2866222858429 972.93069314956665 862.94440931081772 579.16378408670425 2352.6409720778465 822.53763884305954 1135.5210080742836 646.59723234176636 1512.6394203901291 736.30747371912003 525.42668771743774 971.2534938454628 285.29957449436188 124.73519259691238 137.95660293102264 337.78978949785233 641.6922789812088 687.15411466360092 2973.5968376398087 1497.2280529737473 161.54123586416245 733.82180774211884 547.39168685674667 324.83994144201279 574.73159503936768 1487.959552526474 587.12568634748459 580.45681041479111 376.22575807571411 3214.0694486498833 1139.07929033041 658.5734258890152 202.74778813123703 1983.0620175600052 38.685547649860382 549.14157259464264 566.67005902528763 555.23609811067581 203.74048089981079 2139.4135856628418 139.90442782640457 244.75971072912216 116.26344126462936 445.95412445068359 495.76155406236649 124.33083212375641 958.83487695455551 716.04718858003616 235.96609455347061 723.01434171199799 1966.072807431221 839.36851918697357 87.629504919052124 255.0740864276886 1684.9712282419205 1553.5383511185646 376.77852511405945 1477.6052355766296 638.63915103673935 1136.866527557373 161.64963233470917 797.12028175592422 1070.7931460142136 3032.0818437337875 170.96489125490189 669.60746544599533 1763.3755418658257 93.904714226722717 148.48688316345215 973.89229553937912 968.47421824932098 330.76558780670166 375.72558033466339 235.0310617685318 336.70373272895813 1466.0169186592102 1102.9902661442757 541.36323249340057 628.04611444473267 183.13893532752991 104.78465074300766 248.10488271713257 2022.7311886548996 941.64277505874634 713.01353228092194 542.05137234926224 76.794399738311768 135.89368480443954 131.43597084283829 76.934671998023987 69.905409574508667 638.72672230005264 948.34836232662201 738.85492092370987 401.69526654481888 433.47131752967834
leaf_count=6081 369 418 1140 553 145 1249 437 1646 676 86 2249 3079 55 2262 1742 732 300 977 462 5408 3590 1524 141 747 1073 654 2151 1363 1599 218 836 889 1282 690 2527 1091 1515 571 1846 735 560 1254 295 155 111 434 830 922 4291 1606 144 1009 705 488 707 1309 765 497 446 2004 1584 991 243 2742 23 555 687 714 242 1383 179 275 111 499 692 136 909 885 286 804 2821 1129 59 417 1360 1507 491 1897 813 1560 206 1128 1505 3823 136 930 2508 91 137 1063 1380 408 509 283 461 1776 1480 725 689 186 139 321 2278 1158 738 633 88 196 162 99 70 844 1345 773 546 591
internal_value=-9.32807e-09 -4.92267 5.49901 -0.759338 -7.90143 -6.55462 1.42917 2.70992 -4.87789 8.21766 4.11271 3.60859 5.35491 5.61225 -6.04481 -2.57348 -1.21143 -2.67459 -5.026 6.11206 9.88476 5.12345 -13.1862 -10.3668 -2.07519 -3.6808 1.48928 4.77864 8.26382 -7.24679 0.0092399 -5.94949 6.79145 -7.99712 -7.2495 -3.73407 -0.483945 -4.69233 -3.53357 -12.3379 -5.13735 2.46603 -2.31604 -10.6192 -3.7186 -1.42109 3.41046 7.37698 2.93176 -8.3716 3.20684 0.620774 -1.51595 -3.44546 4.19938 -8.491 -6.54922 -8.15232 -5.54428 -14.7235 -0.830889 9.4803 0.0152628 9.26065 -6.11766 -3.18697 0.960198 8.64207 9.65154 -13.4157 -11.1666 2.3576 -0.772553 -2.30358 1.94647 5.70904 -7.64324 -6.97881 4.11921 -6.99389 -1.99417 4.32024 -3.89022 8.50228 -15.1492 12.0354 -5.76012 -1.22638 -0.175477 5.55618 12.0779 2.18365 4.61359 11.1434 -10.1692 7.56598 3.0098 -2.18914 -8.59389 -10.8097 6.4489 0.38004 4.28848 1.19547 11.2589 7.56221 8.67089 1.60754 -2.22125 -4.32766 0.262977 -8.34553 13.3057 -4.82279 -6.52547 -4.94102 1.0473 8.94748 1.61579 6.31644 8.37468 -2.71892 3.12931 -6.90999 1.75304 2.80818
internal_weight=107533 56739.7 50793 23664.5 33075.2 26358 16735.1 25071.7 18306.3 25721.3 18465.8 10835.3 14537.3 10036.3 6929.36 5899.79 6605.83 10728.3 5718.27 13094.3 15685 8555.19 6717.26 8051.65 2280.16 4568.43 3913.6 9198.69 8943.9 3117.24 5010 5287.74 8471.68 7578.05 6757.5 5329.7 3928.55 4314.81 3668.22 4934.41 2692.23 3925.79 2900.65 2360.93 497.723 2914.62 916.217 4629.39 5141.43 1625.68 2109.34 3644.78 1442.96 2166.8 2860.64 5401.62 2939.77 2928.45 1584.73 5091.58 2455.88 6708.28 2428.34 3895.63 2155.58 1154.5 605.356 3697.48 3142.24 4198.1 2058.69 931.914 1564.61 1355.88 2910.96 2167.83 1098.74 1040.89 678.078 2112.55 3101.59 3465.69 192.537 5005.99 4899.04 6741.12 1363.94 2615.35 2247.68 1460.06 323.191 1619.66 2235.62 5187.58 547.743 1244.34 2626.32 1065.16 486.277 2461.85 2043.5 909.929 579.466 359.766 3480.69 3227.58 2569.01 1616.3 1004.27 808.682 377.438 431.244 2155.5 1389.53 2415.08 1702.07 421.164 4750.91 1609.04 430.527 174.69 1777.81 2415.2 1280.91 895.569 835.167
internal_count=129039 61939 67100 29195 32744 27429 21021 34018 20377 33082 24942 13871 19466 13986 8174 7150 9076 12440 6109 17569 19096 10972 5315 7052 2899 5883 5497 12578 11402 3099 6331 5548 11613 7937 7261 6418 5476 4659 4088 3953 3579 5231 3585 2291 549 3749 1199 5741 7170 1751 2746 5197 1897 3019 3886 5664 3292 2881 1632 3564 3267 8298 3178 4991 2242 1265 710 4544 3830 3218 1835 1197 2373 1597 4188 2879 1088 1373 839 2616 4336 4919 200 6694 3364 7694 1700 3290 2872 1910 350 2219 3104 6187 627 1637 3790 1345 571 2372 2743 1098 751 438 4051 4247 3256 2249 1135 959 452 507 2364 1812 2669 1931 525 6277 2059 561 209 2428 3496 1406 1192 1137
is_linear=0
shrinkage=0.05


Tree=11
num_leaves=127
num_cat=0
split_feature=36 27 27 36 33 0 25 36 25 5 25 25 5 6 11 36 11 37 11 11 33 5 11 33 5 33 12 40 5 5 40 12 11 33 33 33 30 5 23 5 5 6 33 5 5 40 11 14 39 11 23 36 33 14 27 28 0 6 36 40 27 19 36 15 21 14 25 11 39 33 39 25 11 27 33 0 14 40 39 6 37 33 40 33 25 36 5 37 46 36 33 30 27 6 27 33 25 36 14 33 39 22 39 36 7 28 14 21 39 14 25 37 6 33 3 14 11 27 25 11 5 46 6 31 11 27
split_gain=1.05699e+09 2.45303e+08 1.5854e+08 8.24378e+07 7.09996e+07 6.08704e+07 5.31891e+07 5.29752e+07 5.25777e+07 4.37602e+07 3.64669e+07 3.11317e+07 3.0492e+07 2.61206e+07 2.46588e+07 2.29433e+07 2.27978e+07 2.05205e+07 2.00878e+07 1.97577e+07 1.83886e+07 1.64532e+07 1.54126e+07 1.76224e+07 1.53609e+07 1.53315e+07 1.46747e+07 1.44559e+07 1.35545e+07 1.26783e+07 1.23555e+07 1.2344e+07 1.41805e+07 1.22239e+07 1.22089e+07 1.19754e+07 1.21745e+07 1.19157e+07 1.15395e+07 1.15168e+07 1.14035e+07 1.01965e+07 9.54216e+06 9.27504e+06 9.11944e+06 9.04173e+06 9.02856e+06 8.87916e+06 1.11449e+07 8.83337e+06 8.98332e+06 8.81285e+06 9.6769e+06 8.57904e+06 8.45566e+06 8.18216e+06 8.16038e+06 8.1307e+06 8.12267e+06 8.04578e+06 8.01689e+06 7.94403e+06 7.861e+06 7.76102e+06 7.3875e+06 7.88055e+06 7.1457e+06 7.13674e+06 7.49366e+06 7.1275e+06 7.04643e+06 6.90943e+06 6.90469e+06 6.75497e+06 7.33351e+06 6.6643e+06 6.82268e+06 6.53226e+06 6.48542e+06 6.68527e+06 6.40489e+06 6.30721e+06 6.32456e+06 6.12506e+06 6.09587e+06 6.47333e+06 6.07436e+06 6.07169e+06 5.97602e+06 5.9064e+06 6.7949e+06 6.59801e+06 5.88896e+06 5.82911e+06 5.79111e+06 5.66787e+06 5.66627e+06 5.52946e+06 5.4972e+06 5.49016e+06 5.90308e+06 5.53812e+06 5.48728e+06 5.47321e+06 5.41859e+06 5.20455e+06 5.14105e+06 5.11957e+06 5.74044e+06 5.09227e+06 5.03934e+06 5.02123e+06 4.99703e+06 4.99553e+06 4.91461e+06 4.91134e+06 4.89931e+06 4.83505e+06 7.91747e+06 5.74275e+06 6.0934e+06 4.82619e+06 4.82161e+06 4.85659e+06 4.78105e+06 4.79034e+06
threshold=0.015039682539682542 0.010833333333333335 0.01404320987654321 0.0078571428571428594 0.047628809922481648 53.500000000000007 0.10833333333333335 0.0089583333333333338 0.069444444444444461 0.12556306306306309 0.080555555555555561 0.058333333333333341 0.096579867858530913 0.133739837398374 0.24019230769230773 0.028950617283950621 0.27529583831937249 0.54166666666666674 0.25105042016806728 0.25824574121058358 0.033159347869254209 0.17521929824561405 0.21960458240946049 0.023907519282128222 0.15034246575342466 0.094429577659516942 1.0000000180025095e-35 0.0019871794871794877 0.12208672086720869 0.052289815447710192 0.00073376081720112564 1.0000000180025095e-35 0.2259467040673212 0.027908611397885186 0.0146047145008754 0.024033394702857151 0.0052777777777777788 0.098476102516739786 0.020329626047711154 0.089087301587301604 0.14218328840970354 0.093178294573643419 0.023277039454655243 0.19378911892152145 0.15424266455194294 0.0008388377660823481 0.23194202898550728 11.500000000000002 0.016388888888888894 0.32025641025641033 0.030828853046594985 0.017685185185185189 0.044738967016649166 4.5000000000000009 0.0071825396825396836 0.025000000000000005 94.500000000000014 0.15424266455194294 0.025154320987654324 0.0029635362917096665 0.0061419753086419766 1.0000000180025095e-35 0.020069444444444449 2.5000000000000004 41.500000000000007 3.5000000000000004 0.10833333333333335 0.23413839371286183 0.040648148148148149 0.032117942516442961 0.020462962962962964 0.17500000000000002 0.2242184982275218 0.015493827160493828 0.029624712620883665 66.500000000000014 5.5000000000000009 0.0018829677237605631 0.0039285714285714297 0.14833149981664837 0.40833333333333338 0.028099294548191881 0.0010295260295260307 0.011082670054147845 0.14722222222222223 0.019920634920634925 0.18127053669222346 0.93055555555555569 1.0000000180025095e-35 0.02675925925925926 0.065374969299760957 0.011970899470899472 0.0064153439153439165 0.21076774505070017 0.0071825396825396836 0.027080041193178282 0.047222222222222228 0.0071825396825396836 20.500000000000004 0.014054758639632426 0.028055555555555559 43.500000000000007 0.0099382716049382733 0.0037962962962962963 11.500000000000002 0.1138888888888889 23.500000000000004 39.500000000000007 0.031706349206349217 6.5000000000000009 0.16388888888888892 0.86388888888888904 0.11378020713463753 0.027080041193178282 8.5000000000000018 2.5000000000000004 0.27675941080196403 0.023981481481481482 0.091666666666666688 0.21225529632609283 0.039736842105263161 1.0000000180025095e-35 0.15569985569985573 0.0018967729295176459 0.32025641025641033 0.018968253968253971
decision_type=2 2 2 2 2 2 2 2 2 2 2 2 2 2 2 2 2 2 2 2 2 2 2 2 2 2 2 2 2 2 2 2 2 2 2 2 2 2 2 2 2 2 2 2 2 2 2 2 2 2 2 2 2 2 2 2 2 2 2 2 2 2 2 2 2 2 2 2 2 2 2 2 2 2 2 2 2 2 2 2 2 2 2 2 2 2 2 2 2 2 2 2 2 2 2 2 2 2 2 2 2 2 2 2 2 2 2 2 2 2 2 2 2 2 2 2 2 2 2 2 2 2 2 2 2 2
left_child=1 3 4 11 8 15 12 17 26 13 31 40 19 18 24 20 21 39 47 34 29 30 45 44 38 71 62 102 67 66 54 -9 88 43 59 36 55 87 -12 41 60 97 46 49 110 103 -14 48 -7 50 64 -15 -53 -20 -10 -11 -49 73 -37 98 122 -56 -2 104 65 -16 -4 68 -28 -55 -67 117 106 -40 -75 76 80 93 -8 86 -50 82 -41 -68 85 -32 92 124 -33 91 -91 -71 -80 -36 -25 -74 116 -3 -5 101 115 -21 -6 -13 -31 -63 -58 108 -18 -52 112 -39 -24 -110 -34 -101 -62 118 -17 120 -120 -26 123 -1 125 -19
right_child=2 7 5 6 27 9 78 10 16 35 14 22 42 51 33 25 107 37 53 99 -22 -23 23 94 121 -27 28 -29 -30 63 84 32 114 -35 77 58 -38 111 57 81 -42 -43 -44 -45 -46 -47 -48 56 75 -51 109 52 -54 69 61 -57 72 -59 -60 -61 96 105 -64 -65 -66 70 83 -69 -70 89 -72 -73 95 74 -76 -77 -78 -79 79 -81 -82 -83 -84 -85 -86 -87 -88 -89 -90 90 -92 -93 -94 -95 -96 -97 -98 -99 -100 100 -102 -103 -104 -105 -106 -107 -108 -109 113 -111 -112 -113 -114 -115 -116 -117 -118 -119 119 -121 -122 -123 -124 -125 -126 -127
leaf_value=9.1540366444330825 -7.3045427237075193 11.198116938348448 -9.8345896302046416 3.8052480720542743 12.240588035909914 7.9204240270883135 16.134092571457554 -8.1284015392023488 10.039553973939173 15.943583672106627 9.5330099000472668 17.190877434037265 0.59095900593264605 -1.007661357713463 4.1189760963815081 -15.038317797844016 -4.2406239689539893 4.8210792100433784 -0.3598228501916374 -2.4751933781498519 -4.5568507028870453 -6.5215786190706986 7.6997595272836001 13.403579151305729 -7.5109608609247092 -1.4465761745723091 1.6458038485834938 -2.4490047084912914 -10.289596314708994 -10.384984780367489 -0.16905194188078165 -3.5623756452403637 -4.6795755795822451 1.9113577829254014 8.2358058289424729 -3.9286270124021905 -14.501464354114823 -2.7207298475957704 6.8534156483846225 1.4560403875159778 -0.64188515154427073 2.870124459384459 3.1219761020223133 -10.714663418096805 0.75873310149256978 8.8306491391477788 -5.2048173934166968 -13.973338966568219 -2.6525801438556029 -8.0809177501793474 -4.473040580961773 -10.611930344587869 -0.037734577389758668 -8.8892863827274482 4.4120894927895069 -7.764197105961248 4.5505988797702983 -3.8597425502452434 -10.193974509751532 -15.303645693234708 4.1097503568058045 3.4302671984280999 -13.820233919543611 -14.309570872483881 8.530936376701634 -0.0031929453667115075 13.071758436413788 -5.4098157830672129 -11.101933419201369 15.296762797704842 -6.8960382265943059 -9.6441474693183444 -12.577353029015519 -0.29864240254995422 6.9316644197800592 3.8883344612875415 -9.5258832163504987 2.4082643210225601 11.932632402946799 2.6078972666777136 9.5550024290846007 7.1844074215338285 -9.5407937602827353 -5.7558542198514724 4.2175601589067524 -8.1115435732305698 2.2956878984939091 -4.7041511764166062 3.0578432017233386 -9.1248609497336535 8.4607764105967167 -1.7018939371377351 7.8189663382311752 -0.88665143535257551 9.0040863070978041 1.0617531039903534 7.0992744266979972 6.4071249337213105 -4.1694771257004533 9.4974057826001772 -1.2675236790652342 15.372008483763578 6.3332339419689045 12.188107793828387 3.7303401072499649 -5.4918985693094635 -5.1332822613754425 0.68132384155487125 -16.395204451335317 -15.483322147610478 12.289665870205212 -11.81242634201071 3.4587635075856653 -6.5371052531655609 -13.278112209217561 2.5785268346304431 -2.1602670470243495 -16.162943908434539 12.748929945614648 -10.786710621385184 -8.2876771515980181 0.61158233862990319 0.56327332963511023 -8.1398847633168909 -2.7438199345423837 -0.80510711174580063
leaf_weight=2350.13375633955 890.62329757213593 1126.8209672570229 2067.2012430429459 1999.1997758150101 691.06296682357788 635.02889734506607 251.07677781581879 1765.0818484425545 480.89631718397141 52.421503067016602 794.54754877090454 644.67226576805115 1105.93691188097 363.0240370631218 558.69154620170593 1363.0275877714157 1061.7485160827637 1719.4035120010376 681.18273794651031 1229.3057307004929 1761.4491034150124 610.42812180519104 4023.0423444509506 1727.7446705102921 392.41209602355957 262.48064041137695 872.73336750268936 341.57406181097031 959.86433833837509 1787.7838397026062 592.11257082223892 521.67191469669342 2809.1929914951324 1454.6474542617798 3497.3425006866455 851.19457101821899 1682.8401455283165 724.33850717544556 1078.3229487538338 1269.29544454813 676.40067940950394 1121.4136347770691 846.91947710514069 394.8095018863678 561.93072026968002 1944.1232915520668 1712.3238103985786 150.37590628862381 479.4848598241806 619.77730673551559 560.8052631020546 1926.6148382425308 243.7342050075531 1412.2321261167526 2021.9423252344131 119.03120905160904 442.82395213842392 400.91807872056961 1318.7950804233551 62.086343467235565 1177.5368531346321 276.31957042217255 963.9151816368103 2050.1574478149414 226.99110943078995 908.48174738883972 44.727707624435425 1605.6194982528687 132.82974964380264 75.271443605422974 626.44646447896957 829.3944656252861 200.878069460392 1210.2038832306862 493.79873567819595 648.46396380662918 263.50978195667267 669.02554190158844 1253.9072219729424 533.28232181072235 138.47769832611084 438.82814246416092 145.76264131069183 1262.7405133843422 326.41811925172806 452.65907084941864 359.02435261011124 308.17003780603409 983.64010721445084 379.24417799711227 64.233153522014618 236.27191609144211 2841.6020785570145 184.34312772750854 1319.044313788414 122.69534242153168 1110.0537812113762 1293.648484826088 242.28689259290695 326.45855456590652 788.80100506544113 45.060554563999176 911.75394189357758 3598.0377136468887 70.677782773971558 400.14145874977112 198.48598635196686 307.90808212757111 219.06552010774612 129.21190583705902 489.56249397993088 192.15287655591965 839.51005172729492 310.8793141245842 176.62909138202667 1196.7075231671333 423.64747750759125 2356.24176633358 59.292007267475128 538.96930426359177 82.07030063867569 342.4897049665451 189.17998141050339 41.309695661067963 345.37271964550018 485.07129693031311
leaf_count=3150 985 1383 1940 2825 784 774 241 1966 591 46 1005 593 1630 416 738 901 1227 2468 857 1738 1913 697 5296 1809 463 369 1162 437 984 1596 776 673 3645 1930 4567 958 1247 1008 1516 1789 972 1567 1178 433 794 2425 2312 143 604 710 743 1793 309 1403 2615 108 584 500 1188 51 1689 335 799 1519 312 1167 42 1976 136 65 797 773 197 1694 660 846 282 943 1465 722 169 584 204 1392 481 513 454 389 1321 371 93 303 3737 267 1647 171 1541 1762 344 434 1139 50 1272 4103 73 497 236 380 195 128 554 215 1270 390 177 1610 656 1384 70 445 65 477 303 46 444 739
internal_value=-7.18244e-09 3.9417 -6.23431 6.37551 -1.99749 -8.48022 3.99936 0.116932 -3.38149 -5.94937 -1.58072 8.52984 2.38173 -3.94777 0.263728 -10.689 -0.53727 3.16202 -2.18247 3.78245 -9.14118 1.18645 9.73493 8.40968 2.91568 -13.2383 -7.08277 6.89 -5.20885 -10.2499 2.22045 -4.58568 -3.19334 -2.01695 5.39476 -10.2577 -13.2083 0.334085 4.14265 5.14025 5.47129 6.81147 -1.5319 -3.43658 6.81818 11.6544 -2.93045 0.485027 2.35212 -2.64508 -1.52604 -8.21833 -9.42443 -5.25433 3.93146 -0.515566 -3.13942 2.7972 -7.73635 2.45145 6.25267 2.8429 -10.6911 -12.1883 -0.0367212 -0.96563 -8.0048 -3.34118 -0.0381071 -6.79271 -2.81635 -13.8302 -1.45097 3.75643 1.79661 0.0408933 -2.78952 6.95316 8.2931 7.8984 0.0829868 1.94735 0.323276 -5.11177 -1.74678 -3.61023 8.53176 1.92495 0.76358 -2.87116 -6.57776 2.40512 9.07843 7.77904 11.4989 -7.40556 4.35401 8.63751 2.94324 0.790872 2.2433 -1.84413 8.88022 12.9483 -9.84818 -1.84739 1.55343 -5.22034 -6.362 -6.53481 7.45438 -4.62691 6.96756 -10.6122 -5.18823 4.06144 2.45081 -14.6194 -12.8395 -8.43408 0.535769 -3.72557 8.24743 8.8553 2.72613 3.5831
internal_weight=107533 65879.7 41653 40260.6 14430.5 27222.5 19144.7 25619 12486.1 12686.3 16448.8 21115.9 13905.8 8662.03 10192.6 14536.2 7060.52 9170.28 6128.66 10240.6 9044.74 5160.92 15147.7 8960.83 4712.69 5491.48 5425.59 1944.39 3571.05 7283.29 4550.49 6256.22 4491.13 5479.86 6654.28 4024.28 1854.29 3774.51 3977.79 5395.77 5968.26 3541.88 3665.18 4025.21 5914.05 6186.83 2818.26 3280.22 2164.97 3630.41 3010.63 2533.37 2170.35 2848.44 3179.3 171.453 1115.26 3183.24 2169.99 2303.57 5291.86 2698.4 1854.54 3908.62 2320.61 2093.62 3374.67 2611.18 1005.56 2167.25 1534.93 5229 964.883 2782.33 1704 1529.94 881.472 4350.71 5238.89 4987.82 617.963 1853.89 1415.06 1307.47 1371.19 1044.77 4454.53 2858.02 1505.31 755.021 443.477 311.543 4095.51 3681.69 3046.79 323.573 2711.24 2420.47 2241.49 3586.33 2311.97 1274.37 1602.82 4242.71 1858.46 676.461 641.31 1899.6 1591.69 690.017 5352.11 916.491 4862.55 529.945 2985.82 1523.17 1601.18 4399.6 2043.36 680.332 141.362 734.902 2580.62 2391.44 2549.85 2204.47
internal_count=129039 86162 42877 52555 17232 25645 25707 33607 14739 13163 21055 26848 19088 9616 13273 12482 8697 12552 7098 13968 8475 6505 18491 11370 6315 4007 6042 2493 4258 6562 5808 7782 5816 6958 8997 3547 1401 5263 5375 7289 8357 4712 5120 5028 7914 7121 3942 4006 2675 4595 3885 2518 2102 3092 4038 154 1331 4370 2146 3220 7385 3447 1784 3188 3014 2702 3374 3274 1298 2235 1964 3638 1188 3870 2354 1901 1055 5777 6619 6378 773 2577 1993 1434 1770 1289 5656 4040 1994 832 464 368 5202 4834 3456 368 3886 3145 3169 4971 3183 1788 2056 4696 1669 832 820 2192 1812 871 7120 1223 6566 585 3822 2044 2345 2865 1481 580 135 940 3499 3196 3651 3207
is_linear=0
shrinkage=0.05


Tree=12
num_leaves=127
num_cat=0
split_feature=38 29 1 29 38 0 1 1 0 1 1 1 0 39 46 34 34 25 34 25 0 28 29 39 1 32 24 6 30 38 34 33 24 1 34 38 32 33 1 1 0 3 6 6 34 1 1 32 34 32 34 3 30 14 29 37 1 14 14 39 34 0 32 33 16 24 29 33 32 37 29 38 29 14 13 3 0 46 2 0 1 25 6 32 22 25 33 32 3 23 32 33 3 38 33 1 30 33 1 7 33 16 1 38 6 6 1 24 29 24 17 24 38 23 1 28 24 13 24 39 34 1 30 3 29 21
split_gain=9.55185e+08 2.6921e+08 1.15936e+08 9.69932e+07 8.95935e+07 6.28835e+07 6.13113e+07 4.97884e+07 4.49018e+07 4.00392e+07 3.87148e+07 3.09022e+07 3.32668e+07 3.07526e+07 2.83543e+07 2.70985e+07 2.52706e+07 2.35813e+07 2.27228e+07 1.94096e+07 1.91927e+07 1.64214e+07 1.62341e+07 1.59415e+07 1.58793e+07 1.56957e+07 2.08109e+07 1.50221e+07 1.36974e+07 1.36643e+07 1.33317e+07 1.23919e+07 1.23753e+07 1.19622e+07 1.18886e+07 1.16982e+07 1.16436e+07 1.1575e+07 1.15511e+07 1.60063e+07 1.15091e+07 1.37536e+07 1.14518e+07 1.10696e+07 1.07495e+07 1.05815e+07 1.05667e+07 1.04977e+07 1.03367e+07 1.29964e+07 9.82212e+06 9.65726e+06 9.52758e+06 9.10436e+06 8.98902e+06 8.81519e+06 8.82178e+06 8.49527e+06 8.4138e+06 9.0242e+06 8.36855e+06 9.91945e+06 8.34728e+06 1.17054e+07 8.33106e+06 8.89202e+06 8.17136e+06 8.17576e+06 8.03341e+06 7.96055e+06 7.88437e+06 7.79144e+06 7.78478e+06 7.78461e+06 7.72368e+06 7.62359e+06 7.57442e+06 7.52312e+06 7.32246e+06 9.01009e+06 7.31497e+06 7.27883e+06 9.17141e+06 8.675e+06 7.23333e+06 7.02877e+06 6.97779e+06 6.91392e+06 6.85705e+06 6.69296e+06 6.61079e+06 9.88205e+06 6.60323e+06 6.59132e+06 6.53391e+06 6.84568e+06 6.3588e+06 8.61303e+06 6.78077e+06 6.35313e+06 6.29564e+06 6.17476e+06 6.09112e+06 6.01349e+06 6.00855e+06 5.97863e+06 6.445e+06 5.96483e+06 6.89263e+06 5.80005e+06 5.74403e+06 7.56928e+06 6.64548e+06 5.74106e+06 5.72031e+06 5.69976e+06 5.67812e+06 5.67601e+06 6.10927e+06 5.65286e+06 5.63148e+06 5.61002e+06 5.57104e+06 5.55023e+06 5.48508e+06 5.42458e+06
threshold=0.010833333333333335 0.01404320987654321 4.5000000000000009 0.0067283950617283957 0.017253086419753091 33.500000000000007 5.5000000000000009 7.5000000000000009 63.500000000000007 -7.4999999999999991 -4.4999999999999991 -10.499999999999998 63.500000000000007 0.021635802469135806 1.0000000180025095e-35 0.063888888888888898 0.069444444444444461 0.080555555555555561 0.4694444444444445 0.23611111111111113 17.500000000000004 0.2416666666666667 0.022808641975308644 0.0077083333333333335 8.5000000000000018 0.018925082391713751 0.032054069890924866 0.094987468671679218 0.003402777777777778 0.0071825396825396836 0.10277777777777779 0.0168364712261239 0.034301384530614452 14.500000000000002 0.48055555555555562 0.0058333333333333345 0.018925082391713751 0.020470088419209217 9.5000000000000018 -5.4999999999999991 56.500000000000007 1.0000000180025095e-35 0.045663052543786498 0.091431556948798343 0.13055555555555556 -14.499999999999998 -16.499999999999996 0.039185237869448407 0.13611111111111115 0.028447811447811451 0.11944444444444445 9.5000000000000018 0.0029320987654320994 7.5000000000000009 0.0078571428571428594 0.5194444444444446 13.500000000000002 15.500000000000002 23.500000000000004 0.011970899470899472 0.26388888888888895 15.500000000000002 0.02471542006774391 0.019760774657912719 3.5000000000000004 0.025608874800749876 0.0077083333333333335 0.033741053878459548 0.024086586586586588 0.27500000000000008 0.010524691358024694 0.021049382716049388 0.012738095238095239 3.5000000000000004 4.5000000000000009 1.0000000180025095e-35 46.500000000000007 1.0000000180025095e-35 1.0000000180025095e-35 38.500000000000007 10.500000000000002 0.080555555555555561 0.10063291139240509 0.012629721876297221 26.500000000000004 0.12500000000000003 0.028099294548191881 0.030061169767052125 3.5000000000000004 0.034644822841417275 0.028603011995446986 0.018314406283436228 1.0000000180025095e-35 0.029537037037037039 0.044738967016649166 3.5000000000000004 0.04972222222222223 0.028274010570659244 -4.4999999999999991 15.500000000000002 0.023777598838977902 3.5000000000000004 -7.4999999999999991 0.019920634920634925 0.044610281923714766 0.036867142371729535 1.0000000180025095e-35 0.029517467108427734 0.0093518518518518542 0.015385754629404514 1.5000000000000002 0.0115470510633613 0.02194444444444445 0.015588908801274394 13.500000000000002 0.047222222222222228 0.023818889617247589 10.500000000000002 0.021131869494213442 0.0071825396825396836 0.13611111111111115 13.500000000000002 0.014365079365079367 1.5000000000000002 0.011970899470899472 28.500000000000004
decision_type=2 2 2 2 2 2 2 2 2 2 2 2 2 2 2 2 2 2 2 2 2 2 2 2 2 2 2 2 2 2 2 2 2 2 2 2 2 2 2 2 2 2 2 2 2 2 2 2 2 2 2 2 2 2 2 2 2 2 2 2 2 2 2 2 2 2 2 2 2 2 2 2 2 2 2 2 2 2 2 2 2 2 2 2 2 2 2 2 2 2 2 2 2 2 2 2 2 2 2 2 2 2 2 2 2 2 2 2 2 2 2 2 2 2 2 2 2 2 2 2 2 2 2 2 2 2
left_child=3 2 5 17 15 60 8 11 19 18 34 52 20 31 37 74 77 24 28 22 -13 70 32 -18 35 55 38 40 -7 78 43 117 44 54 45 -1 -33 -4 39 -27 41 -15 94 88 90 -10 -30 66 93 123 80 -42 -5 100 -23 56 81 -47 59 -44 61 -2 63 -48 65 -24 -39 103 86 -55 119 -29 -54 110 -3 -45 120 -9 104 -80 -19 82 -17 -83 -61 -64 -32 -46 -14 -67 91 -6 -31 -8 95 -12 97 -28 -99 -81 -38 114 -37 -68 -22 106 -21 108 -43 -94 111 -63 -112 -52 -51 -74 -86 118 -11 -16 -41 -25 -60 -50 -111 -100
right_child=1 4 14 7 6 9 48 16 10 13 42 12 30 27 21 25 23 50 -20 105 29 33 64 121 -26 26 96 71 46 92 68 36 -34 -35 -36 102 53 47 -40 76 51 107 58 75 87 57 62 -49 49 101 113 -53 72 69 -56 -57 -58 -59 122 84 -62 73 85 -65 -66 89 67 -69 -70 -71 -72 -73 115 -75 -76 -77 -78 -79 79 99 -82 83 -84 -85 116 -87 -88 -89 -90 -91 -92 -93 109 -95 -96 -97 -98 98 125 -101 -102 -103 -104 -105 -106 -107 -108 -109 -110 124 112 -113 -114 -115 -116 -117 -118 -119 -120 -121 -122 -123 -124 -125 -126 -127
leaf_value=10.001765932451786 -13.890077967242384 -9.3307762249013315 -11.412137216946974 13.012244919568705 -11.852917598580634 10.369981760947557 -12.720232946325845 -8.4520845504821818 -12.865311780299804 3.7464647270552049 6.4939587501041487 -7.5658040832934255 8.8699229743712067 5.9345688632384404 12.60284059557722 9.5253018268580103 8.8931210797678233 9.9765675083438872 10.847684349656694 8.4817657486789209 10.54713071797747 0.69090726594710694 -13.891001110433416 1.6856246546578644 1.0061519118822477 -9.4120301087115177 -0.83413561824286075 -0.22608682641894312 -8.2614802493220818 4.3503873412267602 9.8167989421365061 13.441385511122849 -1.0615908791969595 -12.847371004993718 8.7074110135454319 1.9402039933999438 4.5228020593564686 4.0785737652981835 -10.959046554577011 -8.5422093934167496 6.8549083505444557 1.3377478624886896 6.6993247219789813 8.6523716875790964 4.7239575397705496 -3.5041041273684748 -2.5176690476376158 -16.215141273439652 11.735301180680651 -9.0348036446654341 18.306918050191033 -14.769678447724608 0.84177684014652332 5.7878866220740361 -5.3743775606669288 -2.0224256174366775 -4.9478456272417333 -11.75049971204087 -3.4235413596374884 -12.239817110601791 8.5507479774964903 -4.6518621058383216 -9.4200092603714509 5.3856001236912094 -16.022591460189396 -5.4792314561128137 -4.4098162438580282 1.8490039899336759 6.5105924153870847 -4.841324157613129 -1.9637122538152103 -8.4775542047331864 4.9794836218920899 -13.522931790696385 -4.6924556192241633 1.0265204572045603 -0.049353557448581525 -2.2691780611776742 -2.1404989286255129 6.4250420133852577 2.5951390429019687 30.629648387444838 -8.6849042624189536 9.4251119237680765 -6.7619957339551719 -0.25436561301058463 15.68319798465307 -5.8413761526583068 4.6484356143393146 -10.492508528404265 -12.540306805670927 -4.664891452951319 -1.6630574684255546 -16.884511111322634 15.096600201851608 -4.6760554508049843 -3.4534428027407005 -1.790648100554834 19.196467613455038 -13.486311106117439 11.970475800570281 -18.487544598192216 6.8410348244725858 -12.256729573292807 5.4359897442762559 -5.040545318145738 -4.9509637283932282 3.7639571261072384 -5.365236052945221 4.715944736327768 -3.4690170475796283 5.4951050057813786 -11.178866835717564 12.121455141038675 -15.414379816747008 -6.9798634116190073 2.0352870121491011 0.33179101183137027 11.227661741598917 2.6703546825701641 1.6248971701315424 -4.0369110344203643 -22.92579740417148 -4.8110691158811392 0.39940894406751509 6.8465222100596765
leaf_weight=3084.8871432542801 325.28790330886841 1688.8903869986534 1870.4169471859932 118.59494471549988 874.46415263414383 202.10393595695496 3209.7129658460617 926.80442768335342 795.54999315738678 961.38224130868912 594.9390874505043 375.64584243297577 2895.6758950948715 1138.6652500033379 218.84338933229446 160.27289652824402 677.40906941890717 5046.4190332889557 357.32408076524734 222.20801466703415 1192.2520958185196 893.66441833972931 1321.1084142327309 1531.428201854229 1025.4628148674965 900.93394446372986 807.42257696390152 1262.5322992801666 759.85905027389526 3085.0272228717804 1691.4617773890495 992.60036814212799 685.39774394035339 385.25011605024338 109.15488570928574 767.75516176223755 396.95402681827545 245.9608598947525 638.36937296390533 550.68129169940948 2015.5112066268921 679.70807230472565 368.24240845441818 428.65653014183044 183.39410489797592 1130.9817537665367 1468.88193577528 209.00393956899643 56.709475994110107 1348.6020526885986 469.97736275196075 52.986841857433319 1323.1794937849045 1010.0469761490822 1930.4420636892319 552.3881464600563 155.2931312918663 431.45511901378632 77.887487173080444 158.6787012219429 107.10777670145035 410.54713475704193 527.92381829023361 687.9145787358284 783.83822536468506 943.65390437841415 533.6890920996666 268.1647983789444 1158.812025308609 213.3583545088768 580.89050155878067 369.90419691801071 115.64190584421158 221.04056704044342 1915.4151678085327 1392.0313061475754 1920.9043820500374 1048.6551579236984 467.22344666719437 1394.6844877004623 359.55216735601425 54.06513923406601 121.60307848453522 447.20168375968933 263.15365558862686 346.42183440923691 723.79567557573318 994.70784693956375 1440.449791431427 2260.6940824985504 1295.3672875165939 1055.0541934370995 1183.7977118492126 1349.8703347444534 157.33640384674072 178.26759022474289 535.19674432277679 191.49394834041595 107.26538223028183 41.246147632598877 995.00086897611618 295.56552040576935 3639.5660778880119 450.04996103048325 1110.6719257235527 579.99956601858139 149.29034632444382 514.50850623846054 880.12363940477371 1421.023345053196 1045.6273651123047 332.75513380765915 381.45877480506897 1858.9302825927734 475.18968689441681 719.44728934764862 605.36329078674316 705.91745388507843 381.0520446896553 414.70318597555161 180.95074278116226 594.55229043960571 69.112380802631378 476.75362211465836 1526.5868220329285 519.75211095809937
leaf_count=3765 268 1701 1908 133 778 246 2436 1140 652 1319 737 439 3604 1523 246 186 848 6001 423 263 1448 1289 943 2308 1540 1034 1097 1741 908 4257 2088 1006 832 374 151 1171 540 347 643 622 2708 912 471 569 239 1283 1959 159 62 1270 357 49 2004 1342 2519 683 196 433 97 144 131 476 615 955 493 959 667 339 1608 285 777 455 170 213 2343 1995 2510 1578 667 1944 518 21 139 529 314 483 702 1081 2038 1937 1022 1150 1740 711 182 206 701 256 103 43 1191 138 4967 404 1569 638 171 653 1154 1986 1318 435 352 2042 291 945 723 959 438 601 246 838 37 541 2208 727
internal_value=-5.51816e-09 -3.98516 -0.307903 5.57239 -6.90442 1.74957 -8.67128 3.81885 -6.97194 2.90229 -2.99303 4.7538 5.33964 4.33315 -5.38518 -3.27724 -0.838586 8.65648 -1.23208 -8.7039 3.55466 -2.70858 -9.32941 2.21358 6.84155 -1.62823 -2.71171 2.09627 -2.31305 3.92038 7.50382 7.06738 -7.3113 -4.58252 -7.42456 7.64025 8.83075 -8.69516 -4.76649 -3.65401 3.39199 1.51923 1.42803 6.09375 -8.28417 -8.17133 -2.9892 -5.71786 -12.5093 -10.0277 10.6551 6.30097 -0.785641 7.08089 -3.45507 2.9889 5.9387 -5.78128 -1.21476 -0.0161803 -5.15769 -5.69815 -1.66752 0.00309452 -11.2635 -10.4392 -4.25312 -5.89005 9.93286 3.93418 2.24363 -2.09584 -1.54382 -4.58386 -6.86586 2.82192 -1.6983 -5.16994 6.18557 3.89068 9.48563 8.09745 1.6693 11.7122 -2.42364 -5.78852 11.5748 -4.19668 7.46756 -9.01614 -9.77739 -7.92253 2.60011 -13.9531 5.80861 3.91864 1.27384 2.82989 6.44427 5.8531 9.84657 -11.7835 5.98731 -7.99969 8.08209 -1.86856 3.08369 -0.904483 -2.44436 1.29314 -3.67347 -0.109356 -5.52985 13.3697 -10.697 -5.32375 -0.630219 3.96139 5.87001 6.10129 -6.02763 0.0852587 -12.5926 -3.05212 2.48038 8.95926
internal_weight=107533 62695.4 27745.6 44837.3 34949.8 19744.5 23501.7 28584.8 16289.3 16920.7 4940.12 23805.9 21529 12570.3 8001.08 11448.1 4778.85 16252.6 4350.43 11349.2 11798.2 4423.79 10397.7 2803.39 8517.67 7843.79 6352.97 6913.94 3993.11 11422.5 9730.88 5656.31 5088.39 3209.36 2467.14 7492.21 3607.96 3577.29 4191.84 3553.47 5281.5 3213.01 2472.98 6156.81 4402.99 2357.99 3791 1706.87 7212.4 2652.82 7734.88 2068.5 2276.86 2615.36 2824.11 1490.82 938.436 1562.44 1542.44 1395.44 2823.82 2716.72 3031.14 2156.8 5309.29 4525.46 1497.86 1251.9 3574.07 1223.41 1214.44 1632.44 2158.27 2391.43 3604.31 1820.69 2652.54 1975.46 4206.08 1903.15 5405.97 783.143 281.876 501.267 1027.2 874.346 2415.26 1178.1 4336.13 3204.35 3224.89 1929.52 7216.44 4559.58 930.543 773.207 2161.13 1625.93 818.511 1435.93 1391.95 2119.36 4407.32 983.739 2302.92 951.498 371.498 2074.34 1559.83 4131.41 2170.39 743.302 1427.09 2328.91 1823.79 835.089 868.517 2048.35 1342.43 633.547 731.632 2125.98 147 533.463 2947.61 627.017
internal_count=129039 69809 34687 59230 35122 25057 21385 38869 15936 21864 5430 32157 28905 16275 9630 13737 6712 20361 5589 10506 16301 5806 9434 3994 11443 9693 7939 9195 5166 15862 12604 7080 5102 4182 2519 9903 4364 3824 5055 4412 6999 4242 2911 8206 4270 2368 4920 1916 5449 2302 8918 2757 3252 3358 3808 1754 1071 1716 1786 1652 3193 3062 4012 2914 4332 3839 1757 1410 4398 1627 1624 2196 3119 2794 4044 2564 3378 2718 5671 2654 6519 875 325 550 1181 1098 2790 1320 5642 2896 2950 1928 10191 3147 1125 943 2884 2183 1086 1987 1731 1699 6138 1071 3017 1072 434 2719 2066 5934 2581 911 1670 2399 1561 1115 1037 2716 1757 847 868 3146 134 603 4194 830
is_linear=0
shrinkage=0.05


Tree=13
num_leaves=127
num_cat=0
split_feature=38 29 29 1 1 0 11 33 1 38 24 46 1 12 24 38 1 6 1 46 0 32 33 24 0 13 39 0 15 11 32 39 10 1 25 11 38 33 1 39 1 1 15 1 33 29 25 23 11 28 32 33 0 37 6 29 33 1 38 11 0 24 11 0 11 39 2 32 39 1 24 32 23 1 2 40 10 38 29 33 33 1 23 6 13 42 33 11 37 12 29 22 37 38 29 1 11 37 33 1 15 2 22 24 28 39 11 11 6 24 23 21 6 32 1 32 33 33 11 22 1 0 6 24 33 38
split_gain=8.67084e+08 2.04124e+08 1.28203e+08 7.97745e+07 6.30826e+07 5.5054e+07 5.48047e+07 5.26337e+07 4.58882e+07 4.18217e+07 3.64269e+07 3.41056e+07 3.35365e+07 3.21673e+07 2.83673e+07 2.8321e+07 2.26482e+07 1.97248e+07 1.8786e+07 1.74083e+07 1.65069e+07 1.65023e+07 1.71331e+07 1.63709e+07 1.46809e+07 1.46232e+07 1.41421e+07 1.39393e+07 1.44443e+07 1.38115e+07 1.37947e+07 1.32075e+07 1.72172e+07 1.29404e+07 1.282e+07 1.28037e+07 1.27442e+07 1.25983e+07 1.22606e+07 1.28758e+07 1.16556e+07 1.15432e+07 1.08017e+07 1.0612e+07 1.06101e+07 1.05457e+07 1.05153e+07 1.01537e+07 9.79004e+06 9.52281e+06 9.51601e+06 1.63809e+07 9.27703e+06 8.89971e+06 8.872e+06 8.61946e+06 8.36161e+06 8.26846e+06 8.11902e+06 8.02786e+06 8.02e+06 7.86931e+06 7.83569e+06 7.76657e+06 7.76528e+06 7.62076e+06 7.57787e+06 7.52152e+06 7.49e+06 7.43274e+06 7.39269e+06 1.04212e+07 7.36201e+06 7.28256e+06 8.34889e+06 7.42275e+06 7.23692e+06 7.1911e+06 7.17796e+06 7.06474e+06 6.99699e+06 6.88241e+06 6.73994e+06 6.6573e+06 6.51054e+06 6.27074e+06 7.53117e+06 7.81595e+06 6.25798e+06 6.25082e+06 6.23061e+06 6.21775e+06 6.19309e+06 6.05664e+06 5.97067e+06 5.88551e+06 5.83003e+06 5.7946e+06 5.78201e+06 5.7739e+06 5.67235e+06 5.66693e+06 5.6529e+06 8.51835e+06 5.6496e+06 5.61313e+06 5.6056e+06 5.59446e+06 5.90555e+06 5.593e+06 5.57934e+06 5.56603e+06 5.55635e+06 5.55619e+06 5.50044e+06 5.38687e+06 6.57677e+06 5.37066e+06 5.28187e+06 5.26348e+06 5.22422e+06 5.21761e+06 5.17345e+06 5.16881e+06 5.15004e+06 6.64872e+06
threshold=0.015039682539682542 0.010092592592592594 0.012283950617283953 5.5000000000000009 4.5000000000000009 54.500000000000007 0.23983471074380167 0.047628809922481648 -7.4999999999999991 0.0058333333333333345 0.01388230277907714 1.0000000180025095e-35 9.5000000000000018 1.0000000180025095e-35 0.011875483213818717 0.0089583333333333338 9.5000000000000018 0.052357456140350887 -5.4999999999999991 1.0000000180025095e-35 56.500000000000007 0.020256383277216614 0.016643851199538772 0.020300589142308603 15.500000000000002 1.0000000180025095e-35 0.018968253968253971 35.500000000000007 4.5000000000000009 0.23413839371286183 0.039185237869448407 0.012738095238095239 12.500000000000002 -10.499999999999998 0.052777777777777785 0.28992753623188411 0.0077083333333333335 0.047628809922481648 13.500000000000002 0.003402777777777778 -11.499999999999998 -4.4999999999999991 6.5000000000000009 15.500000000000002 0.012289945194494469 0.017839506172839508 0.10277777777777779 0.020489969135802474 0.26992063492063495 0.26944444444444449 0.027184650455927054 0.023277039454655243 66.500000000000014 0.7861111111111112 0.041960093896713617 0.018425925925925932 0.026752734177934463 9.5000000000000018 0.031180555555555559 0.29561459667093476 66.500000000000014 0.031287694837954322 0.28140169902912626 70.500000000000014 0.30283094098883578 0.0049691358024691367 1.0000000180025095e-35 0.024086586586586588 0.003402777777777778 -16.499999999999996 0.027552200406403299 0.032186725264818576 0.022877966976264191 -8.4999999999999982 -1.0000000180025095e-35 0.0015604575163398699 1.5000000000000002 0.011697530864197532 0.025625000000000002 0.021644209128337522 0.018314406283436228 4.5000000000000009 0.019783889165422269 0.1623310810810811 5.5000000000000009 1.5000000000000002 0.024559622260944717 0.27151675485008825 0.32500000000000007 5.5000000000000009 0.0067283950617283957 30.500000000000004 0.075000000000000011 0.019598765432098767 0.0061419753086419766 4.5000000000000009 0.24122536945812811 0.24722222222222226 0.013967618863294213 4.5000000000000009 10.500000000000002 1.0000000180025095e-35 25.500000000000004 0.010241478929469364 0.075000000000000011 0.0088095238095238105 0.20761973875181425 0.25728429985855733 0.23132664437012265 0.023438116264052487 0.024668549905838045 41.500000000000007 0.073350071736011491 0.024609279609279614 16.500000000000004 0.018925082391713751 0.0146047145008754 0.014328366002802535 0.26589011580931865 28.500000000000004 -5.4999999999999991 55.500000000000007 0.24575783721599082 0.032295318770131691 0.0234060695886463 0.023395061728395065
decision_type=2 2 2 2 2 2 2 2 2 2 2 2 2 2 2 2 2 2 2 2 2 2 2 2 2 2 2 2 2 2 2 2 2 2 2 2 2 2 2 2 2 2 2 2 2 2 2 2 2 2 2 2 2 2 2 2 2 2 2 2 2 2 2 2 2 2 2 2 2 2 2 2 2 2 2 2 2 2 2 2 2 2 2 2 2 2 2 2 2 2 2 2 2 2 2 2 2 2 2 2 2 2 2 2 2 2 2 2 2 2 2 2 2 2 2 2 2 2 2 2 2 2 2 2 2 2
left_child=1 4 7 5 9 17 13 10 37 41 50 38 15 34 24 33 21 27 49 57 -20 22 118 82 -11 65 120 -4 48 68 -9 32 92 -8 95 42 -31 69 91 -40 -25 102 60 63 -23 73 64 117 88 122 51 93 -44 84 -54 109 77 -15 61 90 97 72 70 -27 99 -5 -55 -58 -13 -7 71 79 -28 106 75 -75 -32 101 107 -46 -14 100 -17 85 -43 86 87 115 -29 -53 -26 -6 -10 -2 -68 -3 -65 -33 -38 -35 -34 -49 103 -1 -18 -57 -21 108 -71 -36 -48 -59 -84 -91 -70 116 -22 -42 -12 -99 -19 -47 -16 -86 -56 -126
right_child=2 6 3 25 11 8 12 30 31 14 16 29 80 19 18 23 104 26 20 45 83 44 -24 40 59 43 58 28 -30 36 76 35 81 46 55 -37 98 -39 39 -41 47 53 52 -45 62 121 110 56 -50 -51 -52 89 54 66 124 105 67 111 -60 -61 -62 -63 -64 96 -66 -67 94 -69 114 78 -72 -73 -74 74 -76 -77 -78 -79 -80 -81 -82 -83 112 -85 123 -87 -88 -89 -90 113 -92 -93 -94 -95 -96 -97 -98 119 -100 -101 -102 -103 -104 -105 -106 -107 -108 -109 -110 -111 -112 -113 -114 -115 -116 -117 -118 -119 -120 -121 -122 -123 -124 -125 125 -127
leaf_value=-9.2509667953583978 -5.4377196361921314 -6.2649907698108374 -8.4801203352612564 2.2215599040469933 -4.3598623894902113 -12.653324446690778 -5.4790257964174618 9.638490873158986 3.8607317001651702 -10.704778600578621 3.5683872797280376 14.255405952976899 -10.335687494326685 1.8522526563331878 7.1376217278441905 -3.4598556383337602 2.6764681080794408 -7.6739309837356409 5.4545186658953977 6.336887457009734 8.492056856904604 24.838286606257626 11.524299203329825 -8.2885635224363536 5.9733493086538507 -9.7505051582439464 -7.6719888250557311 -3.5514322029091896 -9.4925346730674036 5.4061370083562501 18.488479101129002 -3.2015424114247892 8.9598600359726479 4.250237705653876 -0.23402708342533551 -7.4092870930333978 -5.9815414968455283 2.680426446875666 14.154024643597163 -10.98176223232271 0.19855703529919022 15.092912897595291 -8.9986627595401885 -13.856073243596738 -4.125723523876009 -1.5625388414504293 9.7542939556132975 3.3093155607201092 -5.7285422453279224 2.0145683560440153 -12.026063026588494 -4.6067934920006364 5.0520403063950683 10.925035332578528 -7.8396171037537616 6.2614510318559748 12.092092930938863 -6.39770618248287 -13.714201124829799 -2.119501534663212 7.1725988976988297 -6.1423417406352483 -4.6255530872354633 -1.7134287618296071 -3.454612609293974 -13.65062323152576 7.0728269010944462 1.1469200946864466 6.6193480072435129 -0.10733790271820592 3.614901906379973 -9.3993233721014899 -13.272008032788941 10.429866625869014 5.1079418554304077 2.0695556075627528 -3.6835887362030877 -4.6335817189804223 -11.072399892059551 2.4816866717145212 -4.3195309022573056 -15.882722108682017 -5.0769203371275928 3.975306954579592 10.352410689113853 4.9998557675582251 13.102855124731901 4.4095484171321075 2.9526674816309804 10.2253617405726 1.7381602027210032 1.4430485811651934 13.557761817363009 -11.134198331568642 -6.4049226760602345 -17.919284353641192 -8.4512591371787646 -5.1369710977187735 0.74699861185894267 -2.9173200011876066 -2.1856636173102357 -3.942530317213794 6.2810536774721992 16.213590144365778 -9.7137003663175339 -7.1292285819523116 -2.6303093359202219 -8.7106989265201769 -11.866184622680429 7.7005049785879311 3.8672877453741386 11.263964218103592 -11.750945187283236 -3.0070131162822022 -0.94983786049971985 7.4055210710532791 13.587426259031865 11.994537087461815 -6.6915529490236878 6.104799185897801 1.9588247717662597 3.7722446524174078 -3.7737033189597025 16.227423764400495 5.2904602043763589 -4.8713614179510216
leaf_weight=37.015102922916412 1250.9242127537727 465.71824097633362 2896.3065919876099 77.00631582736969 710.13959693908691 817.90168207883835 471.62360745668411 1276.4182398915291 272.17936396598816 205.82111871242523 304.61075419187546 296.72935390472412 1136.5063879489899 2502.6077935695648 2075.9052473306656 2408.1398031711578 105.8449273109436 259.31442534923553 4215.7309538722038 315.45454883575439 1108.5368205904961 40.737334609031677 652.2611677646637 444.46732896566391 1801.1123545765877 2522.820227086544 965.86911517381668 589.80027002096176 837.28985804319382 1501.0848199725151 41.33948165178299 630.58335644006729 147.26759719848633 1475.7602771520615 665.17117470502853 755.73909866809845 421.17816317081451 269.43889760971069 56.106693804264069 554.13030648231506 152.71137309074402 1344.6349203586578 468.78002905845642 1031.4178110957146 622.25647324323654 689.40774548053741 697.59654003381729 740.73689758777618 1034.732103228569 2416.2025721073151 685.01029980182648 226.22782111167908 437.65787422657013 382.8528738617897 405.40947085618973 92.099225461483002 181.54974603652954 512.72191798686981 1609.7856001257896 650.71694099903107 606.92072248458862 1204.2570683956146 1020.1775339841843 663.12742525339127 657.00579106807709 4215.7741314768791 170.54343450069427 1159.083317399025 2524.8773962259293 640.09744375944138 1153.075920522213 338.68807202577591 1495.7574951052666 1810.9489916563034 3006.0571658611298 311.10761064291 335.36086905002594 1415.0180751085281 703.6877653002739 1156.3114547729492 840.87452900409698 72.824529588222504 721.80170005559921 530.19492024183273 3257.6333891153336 621.45986413955688 1702.6581089496613 716.06373363733292 991.59863257408142 247.08933305740356 1676.9609329104424 1319.0434284210205 416.78314292430878 744.22204285860062 158.58247303962708 141.16805744171143 622.35896575450897 133.37517976760864 1319.7600099444389 347.05013281106949 507.73913013935089 423.36936461925507 2074.1732143759727 291.26876842975616 703.53860783576965 520.81770533323288 389.43065685033798 539.81753718852997 128.15266591310501 333.42601972818375 951.33012628555298 48.859985411167145 549.09163391590118 116.84528458118439 265.22781151533127 1250.2997344732285 1477.1704026460648 262.11953771114349 213.26370596885681 474.73428672552109 307.85605299472809 1367.3964602351189 114.63279503583908 422.99237996339798 273.54804527759552 391.11125725507736
leaf_count=41 1532 536 2648 74 1004 677 628 1603 333 224 397 298 1227 3453 2755 3126 122 248 5618 461 1407 31 728 497 2517 2384 938 640 801 2144 34 806 204 1986 874 806 597 332 64 668 223 1235 482 712 826 959 904 994 1087 3505 631 263 572 473 465 121 216 651 1108 948 800 1287 1261 829 893 2800 230 1577 3479 835 1566 385 1184 2226 4225 446 466 1736 608 1584 1126 65 921 727 3834 903 1732 968 1220 281 2414 1897 458 744 236 107 605 154 1984 520 623 574 2839 261 752 591 567 551 117 417 1342 64 615 161 427 1642 1493 324 239 596 383 1938 150 383 396 443
internal_value=-4.45608e-09 3.57008 -5.64655 -7.33231 5.97845 -5.65515 0.353757 -1.08201 -2.71079 7.12214 -2.5036 2.31805 -1.70906 2.70839 5.92136 -0.790164 -0.284243 -7.85117 6.88112 3.82032 7.95214 0.86467 6.13327 -2.50743 2.32801 -11.2415 -9.94767 -5.92204 -3.77663 4.30927 7.15721 -0.157005 4.06168 2.36715 -2.78211 -1.46264 2.0301 -7.65064 -2.45655 -8.67072 -0.577393 10.1557 -0.28682 -9.35717 -0.558702 5.06251 3.26342 0.213308 -1.94726 4.1791 -6.78632 -5.39798 -2.85536 11.3741 -0.94529 -0.44956 -0.573945 0.621885 -10.7542 2.9777 2.46388 -9.45442 -0.79984 -8.13871 1.20581 -13.3659 6.14231 2.62913 6.70302 -8.63436 0.393588 -1.36077 -11.0747 6.148 6.803 9.20419 -1.2504 -2.23891 -7.0004 0.169993 -7.77734 -1.30099 -5.01455 9.37379 12.1154 9.79005 10.266 9.2049 0.526891 1.91987 3.93134 -0.587757 9.72688 -7.5626 0.578854 -8.9759 -4.9755 0.156757 -0.88081 2.88559 0.320226 0.671919 7.24595 13.3424 -8.09341 -5.11709 1.38275 -4.80983 -2.06884 2.41527 6.35785 -4.86107 -7.96044 5.97696 5.89982 10.1 11.403 7.65209 -0.656716 3.63917 -2.44534 1.98411 6.56662 11.0276 -3.3982 -0.689149
internal_weight=107533 65879.7 41653 30418.8 37671.4 21286.3 28208.2 11234.2 9093.75 28703.2 9581.08 8968.28 15035.8 13172.4 20563.5 13058.5 6310.77 12192.6 16228.9 10954 11622.1 5501.38 1170.14 8458.09 4334.61 9132.5 5842.84 6349.73 3453.42 6328.86 1653.12 5994.65 1416.79 4600.37 2218.4 4577.86 3242.02 3099.1 2639.42 610.237 4779.06 8139.7 3822.12 4839.72 4331.25 7889.8 4128.74 4334.59 2616.13 4606.74 3270.32 2585.31 1976.51 5737.24 1507.73 1611.51 3919.76 3064.19 5275.67 4128.79 1845.61 3665.88 4290.51 3808.31 2479.82 4292.78 711.979 1340.63 3086.83 2829.66 3270.33 2117.26 2461.63 5833 5128.11 2122.06 376.7 2579.12 2011.76 1778.57 1977.38 727.831 3679.03 7406.38 5025.26 6876.19 6254.73 4552.07 1581.4 590.162 3478.07 2029.18 688.963 1995.15 329.126 606.886 1285.49 1238.69 1740.94 1822.81 655.007 1164.11 2402.46 328.284 809.384 612.917 704.885 1308.07 768.25 998.597 1648.93 561.582 1270.89 363.935 2790.11 3836.01 2585.71 414.831 517.874 608.109 567.17 2056.8 2190.54 3680.63 1070.07 664.659
internal_count=129039 86162 42877 29271 49097 21867 37065 13606 10323 36535 11503 12562 19429 17636 27003 17076 7891 11544 20900 14990 14490 7017 1364 10803 6103 7404 5148 6396 3748 8929 2103 7203 1683 6273 2646 5520 4725 3120 3633 732 6141 9532 4714 4530 5653 10822 5645 5644 2947 6410 3612 2981 2358 6391 1876 2003 5097 4168 4517 5879 2356 3409 5622 3818 3399 2874 939 1793 4204 2788 4361 2795 2122 7925 6897 2672 500 3304 2111 2410 2353 892 4662 8872 5452 8145 7242 5510 1860 705 4931 2901 791 2276 466 643 1434 1556 2581 2506 827 1568 3141 302 874 712 1028 1503 952 1291 2246 715 1536 442 3906 4542 2900 547 636 750 631 2897 2905 4217 1304 839
is_linear=0
shrinkage=0.05


Tree=14
num_leaves=127
num_cat=0
split_feature=36 29 29 36 24 11 34 34 34 11 46 24 39 5 33 12 11 24 5 39 36 36 42 13 11 42 6 0 5 33 24 29 34 0 5 5 5 5 39 22 11 5 15 5 11 5 14 11 36 5 29 34 29 6 11 23 11 21 6 36 39 33 39 17 5 9 16 31 11 34 28 46 5 24 16 39 42 36 35 24 33 24 19 36 14 9 6 0 0 14 7 39 28 5 28 0 39 15 48 6 39 8 33 11 23 28 24 23 24 29 39 11 34 21 29 39 24 23 28 43 6 23 29 5 21 6
split_gain=7.85864e+08 2.1959e+08 8.18797e+07 7.41722e+07 6.90115e+07 4.48291e+07 4.25687e+07 4.03944e+07 3.22226e+07 3.12637e+07 2.98581e+07 2.69769e+07 2.33661e+07 2.19941e+07 2.05272e+07 1.94854e+07 2.01556e+07 1.94087e+07 1.88702e+07 1.9374e+07 1.83412e+07 1.82695e+07 1.77881e+07 1.71949e+07 1.69232e+07 1.55709e+07 1.50424e+07 1.58163e+07 1.46437e+07 1.25268e+07 1.24063e+07 1.22417e+07 1.21731e+07 1.14346e+07 1.10469e+07 1.06132e+07 1.03256e+07 1.02912e+07 1.0179e+07 1.00021e+07 9.81763e+06 9.25198e+06 9.13224e+06 9.11645e+06 8.67626e+06 8.64441e+06 8.28644e+06 9.01513e+06 8.14191e+06 7.94455e+06 7.80144e+06 7.79212e+06 7.72928e+06 7.42855e+06 7.27361e+06 7.04712e+06 6.93474e+06 6.88755e+06 6.77438e+06 6.7559e+06 6.74175e+06 6.71817e+06 8.22312e+06 6.70502e+06 6.67305e+06 6.46828e+06 6.46724e+06 6.46273e+06 6.31599e+06 6.21941e+06 6.15748e+06 5.99872e+06 5.84109e+06 5.81525e+06 6.11536e+06 5.79408e+06 5.77702e+06 5.7068e+06 5.62623e+06 5.61124e+06 5.60818e+06 5.58943e+06 5.52767e+06 5.48053e+06 5.4631e+06 8.23486e+06 5.45235e+06 5.41393e+06 5.38772e+06 6.83144e+06 5.31285e+06 5.30333e+06 5.28645e+06 5.17202e+06 5.15951e+06 5.09661e+06 5.05243e+06 6.07064e+06 5.17878e+06 5.01068e+06 5.75518e+06 6.3635e+06 6.32123e+06 5.32446e+06 4.99323e+06 9.31079e+06 4.97464e+06 8.72199e+06 6.28274e+06 4.97072e+06 4.95846e+06 4.94879e+06 5.91608e+06 4.8841e+06 4.88402e+06 4.84907e+06 4.7489e+06 4.74857e+06 4.90579e+06 4.70171e+06 4.66019e+06 4.63758e+06 4.62047e+06 4.60563e+06 4.58972e+06 4.50578e+06
threshold=0.010833333333333335 0.01404320987654321 0.011697530864197532 0.019598765432098767 0.017327043203602576 0.27228596646072378 0.13055555555555556 0.25277777777777782 0.11944444444444445 0.27435167615433276 1.0000000180025095e-35 0.010095275494073424 0.019920634920634925 0.1991379310344828 0.011880022406206467 1.0000000180025095e-35 0.2242184982275218 0.021345372931331624 0.17521929824561405 0.018425925925925932 0.0058333333333333345 0.039475308641975314 1.5000000000000002 1.0000000180025095e-35 0.28345771144278614 1.5000000000000002 0.09039836567926457 53.500000000000007 0.088117647058823537 0.010846991413131394 0.029298105246898305 0.0052777777777777788 0.075000000000000011 35.500000000000007 0.048980407836865261 0.1908263305322129 0.09699820788530468 0.068337484433374854 0.019920634920634925 25.500000000000004 0.33520599250936334 0.1908263305322129 3.5000000000000004 0.075853471423091692 0.24712491738268344 0.16024691358024692 14.500000000000002 0.24712491738268344 0.028364197530864197 0.098476102516739786 0.0099382716049382733 0.086111111111111124 0.0064153439153439165 0.044610281923714766 0.28140169902912626 0.019217988480283565 0.25463121783876502 29.500000000000004 0.17262664963814392 0.026150793650793657 0.048472222222222229 0.022563105248922129 0.022808641975308644 2.5000000000000004 0.052289815447710192 13.500000000000002 3.5000000000000004 0.00097101449275362357 0.31843156843156845 0.097222222222222238 0.16388888888888892 1.0000000180025095e-35 0.079156223893066008 0.038984003772250024 2.5000000000000004 0.023395061728395065 1.5000000000000002 0.021049382716049388 1.0000000180025095e-35 0.039967164806466095 0.044738967016649166 0.014497734180637762 1.0000000180025095e-35 0.023981481481481482 9.5000000000000018 6.5000000000000009 0.22599846390168973 144.50000000000003 22.500000000000004 4.5000000000000009 4.5000000000000009 0.0088095238095238105 0.85277777777777786 0.10923295454545455 0.59166666666666679 58.500000000000007 0.0049691358024691367 21.500000000000004 1.0000000180025095e-35 0.13900966183574884 0.032314814814814817 16.500000000000004 0.025840315832149137 0.20067114093959734 0.026081554718560374 0.55277777777777792 0.033111480217094091 0.024025900900900905 0.022376394206525953 0.025154320987654324 0.0049691358024691367 0.25872210953346864 0.16944444444444448 41.500000000000007 0.019598765432098767 0.011697530864197532 0.01795489898987554 0.011377255051953849 0.52500000000000013 1.0000000180025095e-35 0.26953601953601958 0.017182266245573743 0.018968253968253971 0.051064754454584971 41.500000000000007 0.19895833333333338
decision_type=2 2 2 2 2 2 2 2 2 2 2 2 2 2 2 2 2 2 2 2 2 2 2 2 2 2 2 2 2 2 2 2 2 2 2 2 2 2 2 2 2 2 2 2 2 2 2 2 2 2 2 2 2 2 2 2 2 2 2 2 2 2 2 2 2 2 2 2 2 2 2 2 2 2 2 2 2 2 2 2 2 2 2 2 2 2 2 2 2 2 2 2 2 2 2 2 2 2 2 2 2 2 2 2 2 2 2 2 2 2 2 2 2 2 2 2 2 2 2 2 2 2 2 2 2 2
left_child=2 4 5 8 7 11 23 10 13 18 33 63 22 24 49 77 60 31 19 25 39 34 35 59 26 69 27 88 38 -25 64 -7 113 -2 -14 111 50 55 58 -13 53 68 57 76 70 83 47 -24 54 81 -18 -30 80 -40 -31 -29 73 -11 -16 61 -17 -5 93 -1 78 71 -15 -65 -33 82 -10 123 115 94 -75 -53 86 -12 95 121 -19 -4 124 120 85 -46 116 125 -3 90 -90 -9 99 -63 -36 -21 -45 98 -98 100 102 -102 103 117 105 -32 107 108 -26 -108 -39 -8 -113 119 -92 -28 -34 -41 -119 -22 -35 -20 -83 -44 -6 -48
right_child=1 3 14 6 9 17 12 91 44 42 15 20 21 66 28 16 36 52 79 30 32 -23 46 29 106 -27 72 37 51 48 104 41 43 45 56 -37 -38 110 40 92 -42 -43 65 96 84 -47 87 -49 -50 -51 -52 75 -54 -55 -56 -57 -58 -59 -60 -61 -62 62 -64 67 -66 -67 -68 -69 -70 -71 -72 -73 -74 74 -76 -77 -78 -79 -80 -81 -82 122 -84 -85 -86 -87 -88 -89 89 -91 114 -93 -94 -95 -96 -97 97 -99 -100 -101 101 -103 -104 -105 -106 -107 109 -109 -110 -111 -112 112 -114 -115 -116 -117 -118 118 -120 -121 -122 -123 -124 -125 -126 -127
leaf_value=5.8916698718960836 -9.251654660607171 -10.187475316610076 -4.8567300365275337 -12.354209151071998 7.4703439047481188 5.8017274210081951 8.9569446289736572 10.990923942506868 5.2664407740181947 -5.8121881578877508 -5.2938419123941998 14.334170533823988 -2.2142222799588227 -9.5376700056713002 7.7791256021804616 4.4382560211610995 1.3895731941108456 8.8630565108020427 4.673637065671449 1.1475157752724285 1.6336187937634143 -11.337134850301364 3.0583945715294463 14.362215367814821 -7.2620962113530743 1.5222500328721054 0.56303669518217869 12.818443021041368 -3.4611638219330412 -5.7336919733451941 13.015533196809528 1.761493605705291 7.9785020689076305 -1.6530451298854787 -9.2860987922036795 -10.031971870252365 -7.3139511499706984 9.135501837240815 5.173228818000962 19.520123635878839 -10.244166649956627 -8.5645792701041561 -1.2601875787366819 11.724720360916809 -5.5425712950916539 -8.5847972687816139 -8.1826644325860425 -5.9713864915748056 -11.266904702257705 -6.7003559436349978 -3.8919653670730607 4.7526947646136621 4.3727687323853788 0.36303702979462715 -10.286043766061923 3.1627078290752233 -10.203425987204287 3.1238962447429341 -0.82862132766414343 -14.03898843117377 -9.9492357004908509 12.873276627359994 -9.352554438982434 1.9425269644193381 -1.8751174057416451 7.8405859816537209 -18.893078020294524 -8.52028301166105 -2.9133764445894199 11.246964491253424 -0.079248624189921624 -2.2310854011902119 -10.551171840661606 5.3968712071982106 -13.511535476892043 -1.3321899216940825 4.2852007123292273 -13.409294478905778 -7.9228142988420052 7.7584428671554839 22.042313697039113 3.5228317966228655 1.6865187919311173 -9.613552593425208 -8.3494370043981583 1.8273881211358249 0.98925162515802789 1.8257299669582876 3.0891083219500381 -9.6601022868164304 -0.19645943277302297 3.4954202549036872 -7.6718668030651918 -4.5325818482397739 0.87349941008133714 6.3600926917141152 6.3669266470644166 -4.7274694998274622 -0.9120733584242402 5.2095509541183391 6.8412382265218401 -13.500343942600072 14.227527901059446 8.3133812924286268 3.8976646103902186 -0.79651640542700297 2.1264659766254712 -11.993511779783619 2.2292007049416949 -7.3086875574173753 -2.4075684804351463 -7.8857553945188901 5.8755775337923275 9.7351950407213952 -6.390479475781194 -6.0836189085813084 11.07950456274251 12.489094692773817 5.3788809236226003 5.308590944531673 -13.317638615495662 -5.7737741883919513 -2.3758901931834013 -9.6367094651844845 19.252690379937015 -18.481684037470384
leaf_weight=1151.341833293438 2128.4143249392509 310.33595776557922 578.11768025159836 1705.1344848871231 831.45752876996994 1056.8270205259323 482.71745491027832 452.4155450463295 991.93767017126083 265.98159140348434 955.87743210792542 1026.4296308159828 1573.0544517636299 1049.0808614492416 1879.9496723413467 1918.4767177700996 1563.6569332480431 793.40798991918564 123.26422613859177 1266.5057076215744 1094.4658325910568 1987.4744881391525 507.38331121206284 59.796951115131378 1121.6945762634277 954.57878470420837 347.1734476685524 246.89451760053635 1196.8941845297813 2531.5172888636589 443.89772057533264 2575.194232583046 2013.6507099270821 2064.2124527692795 542.58722746372223 123.37135148048401 830.23105192184448 101.97344034910202 1700.4475414156914 180.08376359939575 148.55348777770996 309.22881072759628 220.00483751296997 323.06587654352188 626.2246915102005 963.36516129970551 599.58384317159653 607.20604008436203 1958.8755032420158 785.72439068555832 1264.6958347558975 832.75619924068451 1593.657327413559 1520.190610408783 1342.9004572629929 805.36242604255676 1226.2154554128647 1139.0759574174881 260.2145317196846 2764.8427723050117 85.030923306941986 72.796366453170776 742.87506401538849 1798.2334115505219 1541.8545332551003 116.73023569583893 224.20804423093796 160.78759914636612 1004.2690508365631 1413.0495030283928 1178.9113643169403 1424.9623439311981 571.94599658250809 217.34020692110062 53.235400199890137 737.85474789142609 568.44212168455124 280.10204803943634 123.36718606948853 107.5941886305809 89.86219197511673 780.38562029600143 413.68520218133926 276.58189243078232 308.94376844167709 960.16416966915131 178.36160349845886 111.45828706026077 415.23976880311966 332.81215363740921 611.03193682432175 493.2974773645401 46.904468357563019 103.15632694959641 162.36179566383362 744.65840870141983 2518.8730791211128 148.10016661882401 270.60862654447556 719.06487506628036 883.54707008600235 40.196525096893311 835.21792405843735 3126.9184416532516 1575.1505239605904 168.26524221897125 246.78021281957626 986.38142079114914 206.44648236036301 321.38443428277969 1061.3274980187416 119.38283210992813 225.855184674263 497.580570936203 664.19672912359238 1309.1730570793152 3191.1839328408241 1080.0299452543259 312.87372291088104 4250.0481654405594 89.33124053478241 768.28620356321335 577.75968647003174 645.74935972690582 91.777189314365387 129.05725491046906
leaf_count=1594 2081 299 759 1210 1042 1462 583 498 1318 314 1181 954 1720 1067 2416 2593 2194 953 157 1696 1653 1563 644 40 1184 1329 450 274 1651 2691 501 3794 2584 2638 508 110 1050 110 2413 147 182 369 249 340 737 1053 618 628 1531 995 1656 1101 2148 2142 1145 1108 1096 1528 351 1627 80 76 631 2691 2075 153 137 235 1431 1594 1518 1787 556 296 45 1055 863 258 138 139 61 1057 511 269 342 1194 265 159 564 361 767 700 59 106 194 1015 3304 224 390 987 1167 37 793 3983 2162 242 312 869 246 384 1283 88 318 639 765 1572 3626 1148 429 5935 89 968 843 662 85 78
internal_value=-6.2566e-10 -3.61472 5.05442 -6.25126 -0.293607 6.27259 -8.24852 -2.88013 -3.59481 2.11049 -3.63863 7.23727 -5.61361 -5.00808 1.30668 -1.44521 -0.203619 2.83934 3.51083 4.19359 7.82099 -7.45713 -1.95813 -10.273 -4.19391 7.02422 -2.82906 -1.18046 2.54539 -8.40641 2.40527 1.0299 6.78255 -6.37869 -5.41426 3.64924 -2.41121 1.84526 4.03598 9.71562 2.32307 -0.266938 -1.77094 7.9148 0.20529 -4.57675 -4.68718 -1.86085 -8.63981 -2.45994 -0.972063 -0.421959 6.45214 2.90274 -7.31157 5.42826 -7.70056 1.43227 6.73254 -12.3143 3.82764 -10.497 -7.05052 2.86349 0.631288 -3.64042 -11.185 1.08379 0.449893 8.93408 2.36339 -4.22547 -6.19476 -4.5545 1.67667 1.89409 9.07901 -7.13299 2.44176 -3.02765 10.2039 -0.739201 6.48948 -2.98785 -2.26652 -1.08189 9.58522 -8.43697 -4.05311 -3.1122 -1.82308 7.08116 9.05947 2.66869 -6.94617 3.07754 5.78976 5.13706 5.66079 9.1688 9.60958 5.95608 10.2193 9.50701 5.38695 9.21901 -7.4028 -8.4319 -5.78677 -3.21056 -1.39572 5.68784 1.11693 4.99714 -3.42259 -4.69047 9.87979 11.8798 10.892 4.55602 -2.1369 -4.32933 1.0135 -7.50807 8.64161 -10.0068
internal_weight=107533 62695.4 44837.3 34949.8 27745.6 33838.5 19950.2 13365.7 14999.6 14379.9 12420 26416 8668.28 10933.4 10998.8 6898.07 5662.09 7422.45 10567.4 9568.25 23305.6 5762.27 2906.02 11281.9 9660.15 3704.55 6777.47 4549.17 8276.86 5893.09 5863.7 4945.52 15054.4 5521.91 3774.79 951.327 3658.58 2215.56 5509.36 8251.27 3369.19 3888.69 3812.5 9212.29 4066.18 3393.49 1954.69 1114.59 5833.29 2721.99 2828.35 2767.51 2476.93 3220.64 3874.42 1052.26 2201.74 1405.06 2140.16 5388.81 2003.51 2623.96 918.828 3110.36 3676.39 2407.45 1273.29 1959.02 3579.46 2749.97 2170.85 2290.72 2228.29 975.525 270.576 1570.61 5951.64 1235.98 2134.53 999.145 883.27 1936.26 1336.92 2430.13 1895.33 1586.39 5383.2 840.099 2333.62 2023.28 1690.47 945.713 7224.84 175.953 704.949 2011.16 3260.65 2937.58 2789.48 7177.93 6458.87 923.744 5535.12 4699.91 2187.31 612.163 2882.69 2314.52 1328.14 568.165 1163.3 827.955 345.238 5842.09 1275.23 1656.35 5204.83 1572.99 1392.9 5344.51 2153.54 891.55 1358.15 865.754 923.235 728.641
internal_count=129039 69809 59230 35122 34687 44265 17705 16340 17417 18347 15142 34047 8648 12308 14965 9012 7573 10218 13654 12390 29527 5422 3226 9057 11104 4561 8109 5531 11311 5407 7829 7056 19823 6130 3859 1099 4900 2775 7504 9704 4737 5594 4693 11596 5109 4049 2127 1272 5367 3654 3850 3807 3162 4555 3836 1382 2139 1842 2767 3650 2673 2023 813 4520 4924 2851 1204 2926 5225 3232 2836 2698 2578 1043 341 2156 7338 1439 2849 1264 1014 2659 1638 2996 2273 1931 6475 855 2756 2457 2096 1198 8750 182 702 2711 4258 3918 3694 8691 7704 1204 6500 5707 2905 743 2995 2299 1430 696 1393 989 406 8227 1532 2022 6210 1724 1577 7588 2727 1125 1900 911 1127 696
is_linear=0
shrinkage=0.05


Tree=15
num_leaves=127
num_cat=0
split_feature=36 27 27 11 46 34 46 25 28 11 36 25 5 27 11 34 16 5 0 11 36 27 43 25 5 11 11 39 27 24 36 36 36 5 34 32 32 34 42 11 24 23 27 32 34 15 34 32 11 27 34 37 40 34 9 15 39 39 24 27 23 25 32 36 34 32 5 36 5 12 34 5 0 25 5 5 15 5 42 24 34 25 36 5 8 32 34 21 24 34 34 32 5 34 10 34 12 11 15 32 34 2 25 8 12 36 15 9 5 40 15 34 15 39 16 34 23 34 19 24 13 39 21 15 5 32
split_gain=7.13099e+08 1.53434e+08 1.20312e+08 5.84062e+07 5.42009e+07 4.86837e+07 3.56199e+07 3.55173e+07 3.01034e+07 2.75282e+07 2.64761e+07 2.56167e+07 2.31472e+07 2.12651e+07 1.97775e+07 1.75423e+07 1.73996e+07 1.55516e+07 1.54542e+07 1.52044e+07 1.48794e+07 1.42414e+07 1.35853e+07 1.2413e+07 1.21635e+07 1.20912e+07 1.16992e+07 1.15463e+07 1.09501e+07 1.0496e+07 1.009e+07 9.46411e+06 9.18319e+06 8.78663e+06 8.78209e+06 8.67504e+06 8.48167e+06 1.19115e+07 8.35675e+06 1.15581e+07 8.10298e+06 8.22147e+06 7.94805e+06 7.89874e+06 1.30358e+07 9.66704e+06 7.82673e+06 7.64946e+06 7.60927e+06 7.39616e+06 7.37386e+06 7.34051e+06 7.32911e+06 9.97406e+06 7.19273e+06 7.20211e+06 9.16718e+06 7.91372e+06 7.08023e+06 7.01916e+06 7.01679e+06 6.99208e+06 6.97399e+06 6.9631e+06 6.93529e+06 7.69631e+06 7.14295e+06 6.81772e+06 6.71592e+06 8.50572e+06 6.66818e+06 7.0052e+06 6.56198e+06 6.40622e+06 6.34889e+06 6.18807e+06 6.17337e+06 6.05442e+06 5.98143e+06 5.92019e+06 5.90254e+06 5.79875e+06 5.71869e+06 5.69377e+06 5.61809e+06 5.61796e+06 5.6177e+06 5.58946e+06 5.56996e+06 5.46253e+06 5.3803e+06 5.30816e+06 6.0597e+06 5.27625e+06 5.26251e+06 5.24544e+06 5.23692e+06 5.17953e+06 5.09757e+06 7.81361e+06 7.024e+06 5.0552e+06 5.02247e+06 5.00177e+06 4.96301e+06 4.96239e+06 4.94671e+06 4.91069e+06 4.89943e+06 4.86881e+06 6.97311e+06 4.85859e+06 5.00758e+06 5.54356e+06 4.84542e+06 4.82903e+06 4.78724e+06 5.57631e+06 4.754e+06 4.67548e+06 4.62474e+06 4.58437e+06 4.50501e+06 4.49984e+06 4.45404e+06 4.4082e+06
threshold=0.01451388888888889 0.0084876543209876556 0.012283950617283953 0.2466642946095001 1.0000000180025095e-35 0.19166666666666668 1.0000000180025095e-35 0.086111111111111124 0.55277777777777792 0.28402076318742991 0.0078571428571428594 0.16388888888888892 0.10923295454545455 0.019598765432098767 0.30571895424836609 0.052777777777777785 2.5000000000000004 0.093178294573643419 41.500000000000007 0.24583217560433457 0.0073148148148148157 0.032314814814814817 1.0000000180025095e-35 0.091666666666666688 0.034286833855799378 0.26992063492063495 0.21960458240946049 0.0093518518518518542 0.0052777777777777788 0.020703080412548879 0.010833333333333335 0.024523809523809528 0.0084876543209876556 0.096579867858530913 0.058333333333333341 0.032924319983940582 0.027318609593199761 0.10277777777777779 1.5000000000000002 0.26425937974409025 0.030595551824783889 0.032418173987941439 0.028055555555555559 0.029064798250844768 0.10833333333333335 3.5000000000000004 0.18055555555555558 0.018997522014248421 0.20761973875181425 0.0064153439153439165 0.19722222222222227 0.2416666666666667 -0.00019165322098115329 0.069444444444444461 3.5000000000000004 5.5000000000000009 0.011388888888888891 0.018293650793650796 0.028291507359209187 0.018293650793650796 0.019361507229154289 0.19166666666666668 0.035473834158044691 0.0081790123456790143 0.097222222222222238 0.023112482853223596 0.14971264367816095 0.018293650793650796 0.13906469760900145 4.5000000000000009 0.13611111111111115 0.1330383480825959 22.500000000000004 0.23611111111111113 0.020942982456140354 0.25949975949975951 14.500000000000002 0.052289815447710192 1.0000000180025095e-35 0.030152774007919842 0.18611111111111114 0.025000000000000005 0.019920634920634925 0.030457637600494747 9.5000000000000018 0.018705593348450494 0.097222222222222238 26.500000000000004 0.011875483213818717 0.052777777777777785 0.21388888888888893 0.030252425044091712 0.11922530206112296 0.21944444444444447 3.5000000000000004 0.063888888888888898 1.0000000180025095e-35 0.23194202898550728 9.5000000000000018 0.027184650455927054 0.10833333333333335 -1.0000000180025095e-35 0.15277777777777782 3.5000000000000004 17.500000000000004 0.017685185185185189 11.500000000000002 4.5000000000000009 0.079156223893066008 0.0011111111111111135 16.500000000000004 0.20833333333333334 5.5000000000000009 0.018425925925925932 3.5000000000000004 0.13055555555555556 0.019457424714434065 0.15833333333333335 1.0000000180025095e-35 0.056505248276024093 8.5000000000000018 0.018293650793650796 41.500000000000007 8.5000000000000018 0.086688137412775104 0.02441195997534026
decision_type=2 2 2 2 2 2 2 2 2 2 2 2 2 2 2 2 2 2 2 2 2 2 2 2 2 2 2 2 2 2 2 2 2 2 2 2 2 2 2 2 2 2 2 2 2 2 2 2 2 2 2 2 2 2 2 2 2 2 2 2 2 2 2 2 2 2 2 2 2 2 2 2 2 2 2 2 2 2 2 2 2 2 2 2 2 2 2 2 2 2 2 2 2 2 2 2 2 2 2 2 2 2 2 2 2 2 2 2 2 2 2 2 2 2 2 2 2 2 2 2 2 2 2 2 2 2
left_child=1 7 5 6 11 8 15 10 19 16 26 13 14 23 20 30 18 94 51 49 -5 38 87 27 46 33 -1 80 -9 60 101 34 59 95 -10 -7 37 48 39 61 -16 -42 79 44 -15 125 98 52 -30 -2 67 -6 -25 -54 -22 57 118 89 -33 120 76 -13 -52 -19 66 106 -34 121 69 102 71 -28 -53 -44 -21 111 88 -74 93 85 -4 -27 115 -36 103 86 -26 -8 -14 -56 104 92 114 -45 -17 -12 -62 -48 99 100 -20 -3 -51 -47 -58 -18 -66 -73 -50 110 -89 112 113 -49 -71 -76 -31 -118 -57 -64 -24 -11 -29 -83 -40 -46
right_child=2 3 4 12 9 35 22 28 31 50 25 21 29 43 40 17 105 63 24 74 54 -23 32 47 42 81 70 122 36 116 -32 58 64 -35 83 -37 -38 -39 124 -41 41 -43 73 78 45 84 97 75 108 68 62 72 53 -55 55 56 90 -59 -60 -61 96 -63 119 -65 65 -67 -68 -69 -70 91 -72 107 77 -75 82 -77 -78 -79 -80 -81 -82 123 -84 -85 -86 -87 -88 109 -90 -91 -92 -93 -94 -95 -96 -97 -98 -99 -100 -101 -102 -103 -104 -105 -106 -107 -108 -109 -110 -111 -112 -113 -114 -115 -116 -117 117 -119 -120 -121 -122 -123 -124 -125 -126 -127
leaf_value=8.3211613578003902 8.6039372604921791 2.1859479871639116 -3.0189822113189955 4.7906457166103875 -14.694745620908305 8.6280430936780483 -7.4057425500824579 10.241247858971448 -8.2973134177778345 2.7942752074127375 2.469790946333505 20.136936824726501 -7.4325434069171159 -11.218122874748847 -4.6787686810744784 -1.7905554348471799 -2.1405696033282551 3.5297679165670668 2.1681813744970131 2.519140018974396 -5.679248220577211 -7.8087177535903827 9.5904175168410202 -5.2218447943396225 -1.3953611811006168 -7.9355695820010697 4.8936946737064346 -10.08336934999766 9.3195466361865318 5.8339974677713586 -8.815434927394957 -10.576015158385411 3.1933299636059025 -0.15271097977755371 0.503038687177914 1.8743966919325399 2.3017431791032203 10.23889130825737 0.71240762618828612 -4.7575823191069286 6.8006165416230049 -4.4984220398660657 -8.5393201111536303 -16.182222625966272 18.446062683756207 -0.067006123308682969 9.5289171955004193 13.19784259884616 6.1099304047593286 -6.9991189245150727 5.4588818354047248 -14.31427082830357 -2.1440074172233792 26.25691430326652 3.0670903571750507 6.1558245096476547 -3.0149468461226836 0.80462730070814104 5.793209206640924 1.9936050952789743 -17.608989507343839 3.2016771837944535 -8.4217470505277916 -3.5756079120243918 12.319012089980371 3.8199029896535031 -5.0825456684352615 -9.9071868079876992 -3.5962271393151641 5.1390030212089259 9.5490528695755703 -11.555067950711686 -1.7942005627649742 -0.26320465888313416 -2.9413910969335171 -13.859267199261939 -13.307357630211976 -7.9099208050415557 -11.282242799999516 1.2237513298212237 14.054688307583437 1.1527419486192634 -6.7067383825508848 -4.3378770297002847 7.9663700154608055 -4.1013937760024453 12.229845632061989 5.0629561835184953 -0.92444584985609124 11.79929196419908 8.7044930051325533 -1.7056588162092259 16.194070227708522 -4.1507617770545222 5.4801712232634561 6.245207449450402 -8.0350700359175065 1.1138362703743585 -4.4699311965288828 -1.9345777847678409 13.639863425381757 -4.4090518368893781 8.8580981684679294 -10.769076709791214 -13.254611494161987 -9.1752385223193116 5.1527236497174211 1.0527043637176561 1.9817848432620562 -1.4496575749223719 -3.2708220036847901 5.64060814220091 -8.3768632716915317 -3.2719961746588369 -11.061721155457281 5.0451221066429852 -3.6427884855171628 3.8992278139906578 -2.1285994563942814 7.4319648416644783 6.1202283659672077 -6.5860351425466321 -4.1962373486313131 -5.5981499533764598 -6.021139978581366 0.97456036895731213
leaf_weight=4075.6322030425072 449.08200573921204 553.28259843587875 213.13609045743942 2254.6063143014908 225.70216536521912 1355.8638187646866 173.57731729745865 4072.6878347992897 868.23267322778702 162.73139995336533 1525.2128198742867 129.92242115736008 534.70861369371414 2871.4360312819481 2444.3180011510849 286.21604084968567 306.98333483934402 464.92472547292709 531.17816764116287 515.94562238454819 501.78686064481735 1427.0608394145966 1906.6583640575409 98.608356475830078 255.50435656309128 260.64995074272156 4258.0283950567245 3311.6868363022804 1288.4110496640205 199.92294991016388 717.19914096593857 948.38107466697693 2805.7879905700684 1200.783846616745 985.52898907661438 732.2849492430687 838.10024935007095 2713.3563530445099 422.74471896886826 170.74690568447113 350.39487284421921 297.83791524171829 896.67903417348862 1369.0913512706757 54.764398455619812 143.63082194328308 398.53428834676743 55.607219338417053 2246.696425974369 288.66432946920395 181.11216402053833 176.90031355619431 57.843516945838928 66.399420499801636 427.86121249198914 504.24025064706802 1750.3275060653687 2432.3887066841125 71.004627406597137 591.91081446409225 189.15312856435776 114.80526262521744 353.40768307447433 1334.5126659870148 587.75415462255478 1655.3356440663338 287.43959939479828 2809.696101307869 493.41943120956421 1298.9974220991135 650.53241151571274 89.873832404613495 1030.9286304712296 316.30580013990402 1054.6049709320068 173.20167511701584 178.57717472314835 666.19716387987137 2262.9100583791733 1168.6499614715576 66.38750159740448 1503.3316108584404 898.99545472860336 1583.1789819002151 59.025189280509949 2084.7748243808746 107.4709615111351 1291.8857028484344 853.59200721979141 308.03464013338089 91.572951793670654 306.27665084600449 122.14705413579941 97.620572507381439 1907.4620833992958 2318.5695290565491 583.31489992141724 337.89084213972092 547.36840528249741 919.39440113306046 178.20007580518723 611.94502449035645 60.379567384719849 455.12262916564941 126.9156631231308 1367.2017184495926 407.94310462474823 549.13574880361557 1056.8426648378372 744.27491039037704 311.53431951999664 123.30836850404739 539.11254495382309 629.17334985733032 47.853504598140717 230.67051303386688 1420.2724632620811 296.19357895851135 263.75054162740707 53.552514374256134 1933.9786547422409 652.60530906915665 360.31439751386642 295.33175802230835 586.03609347343445 105.94718784093857
leaf_count=5092 565 751 244 3110 153 1709 231 4534 938 205 2156 105 649 2236 3148 385 364 659 703 648 607 1344 2327 106 287 295 6014 2912 1526 253 795 860 3934 1790 1300 997 1142 3046 505 174 491 357 869 674 47 156 485 56 2950 358 238 133 71 39 572 634 2385 3400 83 879 137 122 364 1758 696 2405 378 2432 603 1695 752 111 1179 406 1321 124 176 663 1666 1479 64 2112 955 1948 47 2465 117 1734 1195 402 122 405 115 108 2484 3125 733 449 677 1152 203 789 79 355 138 1310 578 847 1456 1026 416 158 535 691 65 320 1842 397 367 69 2674 703 341 391 610 127
internal_value=-8.07829e-09 3.38886 -4.8921 1.14088 -6.52152 -0.697369 3.04858 6.07491 -2.11836 -4.43835 4.57807 -8.5738 -1.07232 -9.50767 0.0716626 -0.17036 -3.17314 1.70546 -2.37154 0.266672 1.29719 -4.27855 4.53802 -7.20951 -1.3397 2.26282 6.2872 -8.75999 8.12447 -4.23193 -4.14947 -5.20488 5.35205 3.58079 -3.94999 6.25963 7.06582 7.61238 -0.741421 5.22647 -3.36075 1.60914 -2.87879 -11.2716 -9.63145 -4.06507 1.21231 -3.69495 6.06039 2.67565 -7.8966 -6.17608 4.95626 13.0344 0.0678338 0.556194 -1.32259 2.17911 -9.43583 7.06187 -6.47938 12.1924 -2.70314 -1.73978 4.03266 5.90932 2.42429 -8.73911 1.65863 2.87919 4.79292 4.1611 -5.15012 -6.38119 -2.46937 -4.96299 -4.55666 -4.19489 -12.8943 -1.70405 1.03605 -0.965741 -3.6477 -2.48058 -6.75099 -3.10189 2.63884 1.25229 -3.43106 6.72226 -3.12993 4.28208 5.53048 -15.3814 4.53154 4.74712 -10.3794 5.66786 -0.295488 1.10738 5.04994 -1.27756 -4.25605 -8.20183 -3.70722 -7.88534 9.38294 -0.720522 4.78929 1.89243 3.44376 -3.81925 -4.77234 -1.93457 4.56339 -1.50804 -1.48846 -2.34134 3.31071 -6.33553 7.84298 -4.71384 -9.5057 0.0442784 -3.19935 6.92818
internal_weight=107533 63526.6 44006.1 34583.4 31694.6 12311.5 18573.6 28943.2 10223.4 15729 16727.1 15965.6 16009.8 13114.3 11754 5875.54 11515.9 3993.12 9841.68 5767.04 8661.48 2851.32 12698.1 5694.78 7741.95 7103.88 9623.2 3951.52 12216.1 4255.73 1882.43 4456.33 10176.8 5044.57 3436.94 2088.15 8143.41 7305.31 1424.26 415.475 3092.55 648.233 4829.38 7419.55 3689.93 818.49 2912.57 1743.25 4591.95 3066.82 4213.11 2099.73 222.851 124.243 6406.88 5905.09 2736.81 3168.28 1019.39 4432.55 2339.35 244.728 588.072 1799.44 5744.26 2651.03 3093.23 3625.03 2617.74 2124.32 5547.57 4897.04 1874.03 1212.98 2700.22 1520.4 1566.88 1697.13 3729.62 3616.4 279.524 2059.31 2184.27 2568.71 657.779 2447.75 362.975 2521.27 1388.3 735.896 1968.82 1775.27 1469 1466.71 2193.68 3843.78 772.468 736.425 2176.14 1628.77 709.378 1165.23 349.044 598.753 1877.24 1674.19 995.697 639.01 3303.54 2347.69 1603.42 1347.2 1223.89 684.781 1346.85 1285.28 1916.39 1716.47 767.991 406.96 3840.64 815.337 3672 1798.66 1008.78 160.712
internal_count=129039 83353 45686 46014 30722 14964 24899 37339 12258 17105 22685 13617 21115 10757 15733 7621 13094 5286 11420 7129 11737 2860 17278 5341 9292 9869 12816 3561 14654 5382 2335 5129 13871 7071 4186 2706 10120 8978 1516 401 3996 848 5623 5416 2968 732 3669 1780 5932 3885 4011 2128 216 110 8627 8020 3646 4374 943 5880 2890 227 671 2417 7991 3679 4312 3340 3320 2717 7724 6972 1975 1275 3244 1564 2020 1842 2448 4348 308 2798 2596 3248 558 2869 404 3407 1844 974 2645 2280 1875 782 2869 5281 870 934 2735 2058 906 1540 437 511 2523 1674 1274 958 4406 3176 2150 1440 1282 747 1760 1641 2492 2239 1001 433 5001 908 3253 2503 1115 174
is_linear=0
shrinkage=0.05


Tree=16
num_leaves=127
num_cat=0
split_feature=36 27 1 27 1 11 39 36 28 1 1 37 1 1 1 33 46 33 1 42 39 27 39 1 5 24 39 39 34 11 28 36 27 36 34 14 6 24 14 24 33 23 14 11 34 2 40 11 40 30 1 40 11 27 24 15 39 39 24 11 30 33 39 6 11 28 1 11 5 11 36 1 28 1 39 23 11 15 39 6 5 28 36 14 24 23 24 39 1 11 39 9 1 11 5 31 13 10 1 6 39 34 40 5 5 2 33 33 8 11 24 15 37 37 30 13 11 15 36 46 39 1 5 39 33 34
split_gain=6.45366e+08 1.79495e+08 9.13044e+07 6.85554e+07 6.7726e+07 4.24223e+07 4.15181e+07 3.91415e+07 3.70305e+07 3.15618e+07 2.90586e+07 2.64527e+07 2.43396e+07 2.17121e+07 2.12905e+07 2.07235e+07 2.04925e+07 2.04141e+07 1.70021e+07 1.69661e+07 1.63581e+07 1.6318e+07 1.61722e+07 1.4811e+07 1.45313e+07 1.42142e+07 1.40619e+07 1.35289e+07 1.35044e+07 1.3134e+07 1.28148e+07 1.2698e+07 1.23542e+07 1.21246e+07 1.20232e+07 1.15034e+07 1.14324e+07 1.12913e+07 1.10353e+07 9.7124e+06 9.69438e+06 9.53023e+06 9.39048e+06 9.36671e+06 9.35292e+06 9.33031e+06 9.24898e+06 9.11517e+06 9.02039e+06 8.69233e+06 8.94812e+06 8.52131e+06 8.46117e+06 8.39765e+06 8.2185e+06 8.20065e+06 7.89216e+06 7.80663e+06 7.72018e+06 8.47893e+06 7.70595e+06 7.5904e+06 7.93381e+06 7.49949e+06 7.38399e+06 7.35623e+06 7.31417e+06 7.09709e+06 7.06133e+06 6.9435e+06 6.82945e+06 6.853e+06 6.73969e+06 6.72286e+06 6.71106e+06 6.68963e+06 6.54677e+06 7.37118e+06 6.42945e+06 6.41457e+06 6.7828e+06 6.11626e+06 6.04444e+06 5.96563e+06 5.94233e+06 5.92217e+06 5.91115e+06 5.89539e+06 5.88134e+06 5.84784e+06 6.98681e+06 5.83005e+06 5.69174e+06 5.67309e+06 5.61889e+06 6.2398e+06 6.19067e+06 5.47078e+06 6.20728e+06 5.41565e+06 5.36575e+06 5.35661e+06 5.34819e+06 5.31401e+06 5.1936e+06 5.17677e+06 5.14542e+06 5.12252e+06 5.10584e+06 5.07415e+06 4.94272e+06 4.93163e+06 4.90849e+06 4.84416e+06 4.80625e+06 4.77406e+06 4.73762e+06 4.69184e+06 4.67412e+06 4.63346e+06 4.61946e+06 4.60435e+06 4.53145e+06 4.50645e+06 5.55316e+06 4.44371e+06
threshold=0.010833333333333335 0.01404320987654321 4.5000000000000009 0.0067283950617283957 8.5000000000000018 0.26944684528954194 0.018968253968253971 0.019598765432098767 0.54722222222222239 -9.4999999999999982 -5.4999999999999991 0.74722222222222234 -5.4999999999999991 7.5000000000000009 8.5000000000000018 0.029624712620883665 1.0000000180025095e-35 0.047628809922481648 8.5000000000000018 1.0000000180025095e-35 0.003402777777777778 0.01404320987654321 0.0023015873015873019 -7.4999999999999991 0.12141687141687144 0.010241478929469364 0.014365079365079367 0.0065740740740740751 0.43055555555555564 0.25410277105192364 0.89166666666666672 0.020462962962962964 0.022808641975308644 0.021635802469135806 0.13611111111111115 13.500000000000002 0.1472136222910217 0.021794888810577222 8.5000000000000018 0.041699797758694569 0.023277039454655243 0.02315416065416066 10.500000000000002 0.21225529632609283 0.047222222222222228 -1.0000000180025095e-35 0.00081699346405228717 0.27315608919382511 0.0011581218632302226 0.0039285714285714297 -14.499999999999998 0.0005432287393071708 0.27529583831937249 0.0093518518518518542 0.04838697610585134 12.500000000000002 0.0099382716049382733 0.028055555555555559 0.023438116264052487 0.21595454545454548 0.019598765432098767 0.0097507786376104574 0.017685185185185189 0.13015245623941277 0.18770973154362419 0.13611111111111115 -12.499999999999998 0.23831367409349064 0.031414473684210534 0.20067114093959734 0.033611111111111112 -7.4999999999999991 0.79166666666666674 10.500000000000002 0.0073148148148148157 0.019783889165422269 0.23244068592905806 18.500000000000004 0.033919753086419757 0.079077644606565925 0.21778656126482215 0.38055555555555559 0.024523809523809528 10.500000000000002 0.022013548637682883 0.024881743156199686 0.029298105246898305 0.0052777777777777788 4.5000000000000009 0.33150183150183155 0.016944444444444446 8.5000000000000018 15.500000000000002 0.25324894514767943 0.047847985347985351 0.00031514221420507943 5.5000000000000009 5.5000000000000009 13.500000000000002 0.066300366300366315 0.025625000000000002 0.14166666666666669 0.0005432287393071708 0.18127053669222346 0.036811201445347795 -1.0000000180025095e-35 0.024427798068826227 0.020570012271325513 16.500000000000004 0.30655913978494626 0.01314869192089968 5.5000000000000009 0.12500000000000003 0.14166666666666669 0.011388888888888891 9.5000000000000018 0.26794918998527251 22.500000000000004 0.0077083333333333335 1.0000000180025095e-35 0.035092592592592599 -10.499999999999998 0.088117647058823537 0.029537037037037039 0.032895308063324302 0.18611111111111114
decision_type=2 2 2 2 2 2 2 2 2 2 2 2 2 2 2 2 2 2 2 2 2 2 2 2 2 2 2 2 2 2 2 2 2 2 2 2 2 2 2 2 2 2 2 2 2 2 2 2 2 2 2 2 2 2 2 2 2 2 2 2 2 2 2 2 2 2 2 2 2 2 2 2 2 2 2 2 2 2 2 2 2 2 2 2 2 2 2 2 2 2 2 2 2 2 2 2 2 2 2 2 2 2 2 2 2 2 2 2 2 2 2 2 2 2 2 2 2 2 2 2 2 2 2 2 2 2
left_child=3 2 8 18 6 14 10 12 9 27 28 24 99 37 21 68 40 30 23 60 -16 25 -6 74 35 -5 42 -2 45 56 33 64 39 53 46 52 51 41 47 122 97 79 -11 88 103 49 58 57 -17 -3 -51 55 75 89 70 72 92 107 59 -25 -9 -23 83 106 -24 -20 91 81 -14 -57 71 -34 -27 -31 -1 -12 -44 -78 93 80 101 -52 -42 -63 -77 -39 -87 -45 -37 -10 -91 -29 117 -41 96 -96 -53 -4 -99 -8 -35 -7 116 -22 -48 -13 -59 -28 -97 -73 -46 123 -19 -66 -54 -49 -70 -18 -64 -67 -84 -88 -21 124 -62 -26
right_child=1 4 16 5 22 13 7 19 17 26 11 105 15 -15 20 48 29 112 65 32 44 61 31 34 125 36 38 66 -30 73 -32 -33 54 100 -36 43 -38 85 -40 78 82 -43 76 87 110 -47 104 115 -50 50 67 94 114 -55 -56 69 -58 63 -60 -61 111 62 118 -65 113 119 -68 -69 102 -71 -72 109 -74 -75 -76 84 77 -79 -80 -81 -82 -83 120 -85 -86 86 121 -89 -90 90 -92 -93 -94 -95 95 108 -98 98 -100 -101 -102 -103 -104 -105 -106 -107 -108 -109 -110 -111 -112 -113 -114 -115 -116 -117 -118 -119 -120 -121 -122 -123 -124 -125 -126 -127
leaf_value=8.4485447053013605 4.4935813773517763 7.2209559876561729 -13.924954641390514 1.0588986257299959 15.216826093042707 1.5162527402532664 -4.5083191797042828 -5.2665170381107806 3.1897209118204817 10.564458813297014 14.763164623759108 -2.3484786725965079 -0.3166427572855548 -5.9168288131782516 11.353510223189922 8.9640172931993245 10.884066952175083 -2.2607845848725945 7.9608852589207446 -3.1421721829728182 -3.6708826241699732 -2.9974310038682783 1.9829916082298888 10.538019150651316 -3.9427765023286456 9.9675960789912601 5.1901537879671489 -2.4658625611774587 8.8909693238883083 -3.4207386950977661 -6.5894960868075181 -11.984530002645926 -12.251994884041025 -0.69171737399499289 12.034763577225203 8.1663307482407657 1.9731195148691718 6.345555921237966 -1.5061273006041589 20.736658964282675 -1.5221729556190537 -9.6354515001645229 7.554100568993011 9.5067544019474983 -4.2384950602234097 -16.06506166061126 7.5030105102508573 3.259730741148898 0.90917433247445101 -9.8826460773644644 2.5369480764910204 10.685668145103236 9.1421656134034759 -1.8642478571027272 -3.5747159781931992 9.8123778222705766 -1.7211894423808367 0.46059636141546678 12.30211210730142 6.3008974542628033 -8.7400790682242562 9.0548435601059616 4.5628249025936061 -5.6261895575966996 -4.026273663351291 -4.0262449807950533 -0.21624051634659122 -6.2340608885945823 2.2176492561335892 2.6912758906327459 -11.420360575967502 -3.8009821440915639 -8.1719050673541034 -9.5261612421646689 2.5304062845679312 -0.2700573004451815 3.2680843325595768 -11.660418365156112 -0.51218984542478763 -2.8323092940926289 -9.7332409417505321 -8.8529827300223527 -4.7090782314261732 2.5083799048160156 8.4965981952539273 -3.3484752093766654 -6.2631832941133689 -7.4150292125641348 -8.8523002040578387 9.6825684292740046 -10.28878036820918 -9.9254529634570918 -2.599617627393227 -0.97110786214565759 10.933711304420699 3.0572741653710547 5.6889605628894273 -5.9610098645703147 -12.332972059203511 -9.968854591065849 -7.9808954535536021 10.283103464550258 -6.1298058155806183 -15.155787419553684 3.7831710195224044 -9.2401553025600069 6.1711306941083226 10.209504191639782 -15.402759194656396 -10.69104599733673 1.6676697188569793 -14.592092419606217 8.7727746145793155 -9.4360602078517442 -0.71714680196481495 -2.5666959641924065 -6.0287302982431079 -0.70778465407353508 -0.35177387760774964 2.5485352298967907 -14.287682863879795 4.7990998838342778 -7.8859732514637315 -11.336445709655038 2.0469480233998252 4.2124440099789737
leaf_weight=661.80704092979431 653.61266285181046 132.9884295463562 553.20325148105621 1423.9258028268814 62.754191935062408 2041.8428058624268 732.53648263216019 735.57664227485657 2049.2927529811859 1353.2938398122787 323.71448504924774 491.31142967939377 1307.6329178214073 1310.4947064518929 306.80042868852615 494.04707598686218 330.3277080655098 121.23208159208298 484.96421349048615 1472.9894644021988 324.34687715768814 597.30886632204056 187.06316518783569 1992.898367524147 880.35342139005661 3475.1111452579498 1052.4907982945442 474.018345952034 159.88455760478973 1338.3757153749466 1220.3244459033012 4248.3897961378098 466.4091055393219 376.21736323833466 1976.2826386094093 307.43605875968933 1334.7913007736206 1160.8539402484894 996.20886015892029 81.434545695781708 811.6697193980217 269.96754330396652 940.22797107696533 58.842591285705566 440.23912924528122 214.74980056285858 2072.2234051823616 834.06354206800461 1172.3865142464638 927.97217464447021 551.38486647605896 802.84919667243958 162.83571392297745 2479.335548222065 942.46942037343979 536.44215553998947 1771.4401215314865 590.33793103694916 1347.469640314579 2897.0885112285614 955.27589130401611 753.97166126966476 712.70451545715332 214.21454602479935 522.1520317196846 365.38086545467377 783.53599286079407 1194.9162281751633 431.6722663640976 945.92797636985779 1475.6129978895187 1199.5538936853409 51.972849786281586 679.94749879837036 1734.4709458351135 245.63693600893021 547.09747242927551 97.411079585552216 318.33577954769135 1222.4217242598534 124.36704552173615 149.9094443321228 328.7383246421814 646.31600433588028 907.20257776975632 431.87011480331421 105.02362155914307 410.83908599615097 60.805852770805359 58.745691180229187 172.05139148235321 585.40562134981155 185.05646073818207 47.742628514766693 260.24911046028137 1989.2242418527603 2720.0288057923317 1091.5708044171333 588.13367694616318 1194.4586864113808 767.58138239383698 190.49347317218781 1987.8224971294403 146.07970666885376 1714.8594816923141 611.80657809972763 1188.8630666732788 983.1154568195343 38.176684737205505 343.79645961523056 1813.3349986672401 716.91047728061676 598.05782556533813 1994.2943369150162 513.13158279657364 607.77056729793549 291.97553479671478 118.64617043733597 1506.311364710331 1005.1049335002899 203.96982127428055 901.30703210830688 764.78929430246353 2153.509593963623 136.33794289827347 206.15297663211823
leaf_count=785 853 187 428 2033 72 2946 880 668 2779 1539 347 591 1660 1805 329 652 388 182 618 1692 452 845 216 2233 940 4152 1409 627 234 1793 1418 2823 342 447 1990 382 1957 1597 1283 74 1039 321 1099 77 654 163 2562 1118 1550 864 731 928 196 3206 1003 640 2470 813 1335 3898 810 952 1017 309 596 546 1053 1280 581 1307 1070 1311 64 749 2538 337 697 135 378 1717 154 180 342 854 1189 556 131 473 68 76 214 675 236 61 309 2933 3717 1333 540 1192 777 233 2251 133 2386 613 1594 1206 39 275 2702 456 739 1958 614 809 306 170 2155 1470 142 1237 773 1564 158 284
internal_value=-5.52577e-09 -3.2757 -0.273059 4.58037 -5.65941 3.10614 -4.55647 -5.83251 1.55281 3.31057 -1.64467 0.698302 -3.03674 -0.0496674 4.28182 -1.39079 -4.77882 -1.11462 7.17322 -7.63451 0.408064 4.94158 -10.0518 7.75379 2.55688 5.78531 4.63717 -1.68697 -5.28736 -2.50334 -1.92521 -10.2799 -6.09447 -0.961006 8.4704 4.35618 6.33901 1.14275 3.33404 -3.41871 -7.59275 -0.576556 7.50554 -0.614172 -0.824706 -6.00203 7.76771 4.21541 3.29719 -5.27126 -5.8595 6.8776 6.29101 0.149847 -7.7172 8.3888 -0.00778522 5.43632 8.95111 8.02772 -9.96643 2.22453 3.08633 3.21224 -7.60111 2.66845 -3.87893 -3.89065 -3.33457 5.26827 -8.83736 -6.94086 9.7003 -5.47758 4.16489 8.41205 4.89336 1.01179 3.30553 0.106742 1.63123 0.102224 -4.23825 6.03326 6.62868 3.68897 1.54469 -5.29504 5.35613 2.33994 -5.20539 -6.58781 4.77936 12.7137 5.57474 3.64525 6.82769 -9.61241 -8.1921 -7.89306 -5.58334 2.26436 -4.78999 -7.23724 5.8186 -6.17071 4.27638 7.6143 2.70967 -5.33581 0.513891 -10.839 6.91313 -8.31355 1.65789 0.80374 -1.10958 7.8208 1.2267 0.795654 -8.37665 3.64461 -4.76343 -10.0099 -7.39283 -2.39541
internal_weight=107533 62695.4 27745.6 44837.3 34949.8 28584.8 27935.2 19423.3 19744.5 11901.7 8511.87 5180.07 7612.53 7758.64 20826.1 5685.54 8001.08 7842.84 16252.6 11810.7 3030.8 17795.3 7014.65 14397.1 4076.95 13578.7 9405.1 2496.57 3331.81 4423.79 7123.55 6951.9 7113.13 5903.22 12000.8 2990.44 12154.8 6448.15 6467.06 2685.29 3577.29 3849.09 2938.03 837.924 2724 3171.92 10024.5 5470.86 1666.43 2957.17 2824.18 10820 2152.52 4759.43 4427.84 5009.45 2405.47 4029.02 6237.46 4889.99 4697.61 4216.61 3619.3 1993.42 2703.51 1855.45 1842.96 1896.21 4019.1 1482.37 3485.37 2009.76 3527.08 2018.32 2396.28 1476.55 1584.74 644.509 447.513 3579.13 2356.7 701.294 1344.38 1400.29 1152.84 2599.05 1438.2 469.682 368.242 2280.09 230.797 1059.42 634.03 129.177 5810.53 2287.65 3522.88 2232.91 1679.7 1927 1143.8 2232.34 2711.47 470.427 3787.08 1103.12 1779.2 2035.61 2027.4 1543.35 2253.57 3962.03 719.29 2516.45 675.967 1441.83 723.648 448.974 2219.02 1370.49 532.708 1006.33 2237.78 3245.12 1091.61 1086.51
internal_count=129039 69809 34687 59230 35122 38869 29457 19707 25057 15219 9750 6111 9072 10697 28172 7000 9630 9838 20361 10635 4270 23902 5665 17727 4907 18079 12011 3208 3639 5806 8917 5593 6979 7499 14404 3683 16046 8892 8541 2978 3824 5371 3470 1000 3941 3405 12414 7258 2202 3242 3055 14089 2683 6275 4001 6163 3264 5331 7466 6131 3656 5823 4978 2716 2770 2634 2355 2191 4798 1947 2998 1928 4216 2542 3323 1873 1931 832 513 5050 3333 911 1523 1806 1526 3521 1924 550 450 3069 290 1302 794 135 7926 3281 4645 2301 1873 2072 1224 3179 3138 585 4948 1204 2407 2615 2972 1586 3356 2988 921 2554 810 1927 887 558 3172 2016 484 1368 2465 2532 968 1224
is_linear=0
shrinkage=0.05


Tree=17
num_leaves=127
num_cat=0
split_feature=38 29 1 29 34 1 1 0 1 0 1 12 0 28 1 46 39 1 0 5 38 24 11 1 0 6 5 6 11 39 5 14 7 1 11 0 39 5 34 0 6 11 0 24 1 38 33 6 11 11 11 5 6 4 16 14 38 33 29 24 11 14 14 11 1 11 29 1 5 11 29 24 39 6 1 24 38 24 11 11 28 29 1 0 37 29 28 38 14 12 9 22 0 3 24 24 1 39 39 39 14 29 21 33 1 39 42 40 10 39 0 42 33 14 6 24 38 39 5 24 47 21 6 33 6 17
split_gain=5.87432e+08 1.39855e+08 9.88842e+07 7.75388e+07 5.65766e+07 5.27456e+07 5.47314e+07 4.46048e+07 3.7017e+07 2.58238e+07 2.44642e+07 2.36738e+07 2.23621e+07 2.23187e+07 1.99333e+07 1.83344e+07 1.71114e+07 1.75538e+07 1.65987e+07 1.69166e+07 1.55068e+07 1.55041e+07 1.50001e+07 1.67287e+07 1.47356e+07 1.3915e+07 1.38915e+07 1.35192e+07 1.31381e+07 1.29054e+07 1.22432e+07 1.14494e+07 1.04078e+07 1.01806e+07 1.01398e+07 9.73084e+06 9.71891e+06 9.42008e+06 9.37007e+06 9.05545e+06 9.05181e+06 8.97495e+06 9.41324e+06 8.56036e+06 8.50188e+06 8.33169e+06 8.25668e+06 8.04204e+06 8.00848e+06 7.94039e+06 7.85456e+06 7.75772e+06 8.49998e+06 7.73469e+06 7.55883e+06 7.52246e+06 7.36577e+06 7.35834e+06 7.34526e+06 7.26019e+06 7.06266e+06 8.2236e+06 7.02766e+06 7.22448e+06 7.00419e+06 6.95958e+06 6.89649e+06 6.89439e+06 6.81871e+06 6.66575e+06 6.6194e+06 7.19709e+06 6.60255e+06 6.60732e+06 6.59043e+06 6.46002e+06 6.4331e+06 6.73743e+06 6.30065e+06 6.14959e+06 6.04998e+06 6.02286e+06 1.1365e+07 7.11942e+06 5.9142e+06 5.90188e+06 5.87869e+06 5.86479e+06 5.57404e+06 5.55986e+06 5.542e+06 5.32804e+06 5.32025e+06 5.90555e+06 5.25937e+06 5.21202e+06 5.05696e+06 5.05113e+06 4.98296e+06 4.93537e+06 4.91482e+06 4.87128e+06 5.01265e+06 4.86465e+06 4.76954e+06 4.69452e+06 5.23917e+06 4.68982e+06 8.64561e+06 5.44216e+06 4.68012e+06 4.63514e+06 4.62977e+06 4.61203e+06 5.32741e+06 4.57405e+06 4.53648e+06 4.50618e+06 4.49939e+06 4.48509e+06 4.69691e+06 4.4743e+06 4.45894e+06 4.45244e+06 4.43639e+06 4.42589e+06
threshold=0.015039682539682542 0.0084876543209876556 6.5000000000000009 0.018968253968253971 0.18611111111111114 4.5000000000000009 -7.4999999999999991 57.500000000000007 4.5000000000000009 48.500000000000007 -6.4999999999999991 1.0000000180025095e-35 57.500000000000007 0.37500000000000006 -11.499999999999998 1.0000000180025095e-35 0.0052777777777777788 15.500000000000002 21.500000000000004 0.040956108470785575 0.0089583333333333338 0.038506783191249103 0.23046398046398051 13.500000000000002 52.500000000000007 0.17089216944801031 0.065395580898075567 0.10215677179962897 0.20761973875181425 0.011388888888888891 0.15300120048019211 6.5000000000000009 11.500000000000002 -7.4999999999999991 0.24536878216123501 70.500000000000014 0.0039285714285714297 0.046620299934796793 0.097222222222222238 15.500000000000002 0.052357456140350887 0.31612258494337114 17.500000000000004 0.03105388869120838 2.5000000000000004 0.0071825396825396836 0.021875886539975721 0.21767001114827203 0.21631706333198872 0.25410277105192364 0.18874521704710387 0.042705167173252283 0.058055274688237284 5.5000000000000009 3.5000000000000004 4.5000000000000009 0.029537037037037039 0.011557355536003721 0.012283950617283953 0.019196366015124793 0.18374849939975993 23.500000000000004 23.500000000000004 0.21828631138975971 -11.499999999999998 0.29280610987928063 0.0205952380952381 13.500000000000002 0.086688137412775104 0.27315608919382511 0.030079365079365084 0.026232741287417764 0.012283950617283953 0.094987468671679218 -13.499999999999998 0.04838697610585134 0.0093518518518518542 0.035636916905817245 0.29561459667093476 0.28992753623188411 0.18055555555555558 0.031706349206349217 -5.4999999999999991 30.500000000000004 0.83611111111111125 0.023395061728395065 0.20277777777777781 0.020069444444444449 10.500000000000002 5.5000000000000009 1.5000000000000002 28.500000000000004 83.500000000000014 6.5000000000000009 0.025165007564484785 0.01589659371004996 17.500000000000004 0.022500000000000003 0.0205952380952381 0.0071825396825396836 5.5000000000000009 0.021635802469135806 38.500000000000007 0.036001217600548675 -9.4999999999999982 0.019920634920634925 1.5000000000000002 0.0004140729084782794 12.500000000000002 0.011388888888888891 38.500000000000007 1.5000000000000002 0.034053303264026634 7.5000000000000009 0.034286833855799378 0.056505248276024093 0.010833333333333335 0.016944444444444446 0.17974358974358975 0.019494938045513419 1.0000000180025095e-35 41.500000000000007 0.17262664963814392 0.049929694539368068 0.067041198501872665 2.5000000000000004
decision_type=2 2 2 2 2 2 2 2 2 2 2 2 2 2 2 2 2 2 2 2 2 2 2 2 2 2 2 2 2 2 2 2 2 2 2 2 2 2 2 2 2 2 2 2 2 2 2 2 2 2 2 2 2 2 2 2 2 2 2 2 2 2 2 2 2 2 2 2 2 2 2 2 2 2 2 2 2 2 2 2 2 2 2 2 2 2 2 2 2 2 2 2 2 2 2 2 2 2 2 2 2 2 2 2 2 2 2 2 2 2 2 2 2 2 2 2 2 2 2 2 2 2 2 2 2 2
left_child=1 8 3 4 9 6 28 18 13 41 47 43 21 25 99 46 50 24 125 40 33 54 36 78 87 38 44 30 -3 -6 34 75 58 -15 107 123 -13 110 60 -22 -20 42 -2 84 57 -17 67 79 105 85 -4 90 -53 92 70 -51 81 -12 95 -29 -1 74 63 -37 -41 -46 94 91 -38 -47 71 -5 -60 -74 -62 98 122 101 103 86 -73 82 -23 -84 -7 118 -11 112 -65 -40 -44 -10 113 -94 -42 -30 -52 119 111 -14 -88 102 -78 -24 -92 106 -28 108 109 -9 -35 -16 -18 114 -50 -58 -70 -89 -26 -59 -121 -82 -21 -33 -112 -8
right_child=2 5 16 12 29 11 7 27 15 10 26 22 14 20 31 45 17 -19 19 76 39 56 23 -25 49 -27 48 59 32 -31 -32 35 -34 37 -36 62 68 -39 89 64 66 -43 51 -45 65 69 -48 -49 53 55 96 52 -54 -55 -56 -57 115 97 72 -61 61 -63 -64 88 -66 -67 -68 -69 116 -71 -72 80 73 -75 -76 -77 77 -79 -80 -81 121 -83 83 -85 -86 -87 100 117 -90 -91 104 -93 93 -95 -96 -97 -98 -99 -100 -101 -102 -103 -104 -105 -106 -107 -108 -109 -110 -111 124 -113 -114 -115 -116 -117 -118 -119 -120 120 -122 -123 -124 -125 -126 -127
leaf_value=11.60646996234016 -10.909464123825417 2.5580120228265106 15.210793885491737 -8.8588100093037738 9.6536767576564593 -7.2491358707661551 -3.2195518024064529 16.263292468181742 -8.2221527181725005 1.5961914246914777 20.939637516110501 9.9727831623487422 -0.82078594364187196 2.0502343692095795 9.2968590898546424 6.1308280333829233 -8.4170512899914129 -13.101799488188684 5.4222399357392428 2.3813425152025194 -11.999336903370041 -8.7940116954472813 -0.87412668470072197 -8.2663096405835397 -0.42642677945343888 2.2634016554149787 12.990176186631821 -0.75294130889910227 -4.9664975590421028 2.79810049067467 1.073196637051623 -10.80709053538029 4.6327878452411282 5.2036983885251837 4.9871104782902682 4.1515879337031381 3.4104375277002483 4.5574609999658664 14.420016282547488 -4.6767881700759286 0.56207746139067305 -8.5627339936501095 -7.82985012825268 2.795073968564759 1.5212007425469967 3.3642553797935557 3.3285591817704301 -10.341458092804681 2.9625146751388121 -1.1799838500356896 2.084818404216545 -3.0508663126304469 -9.5869050776535669 -11.181057018624257 -13.206442345140088 -9.5096253121807717 -9.6826491966127968 3.3271706645934254 -1.7523772538367173 4.6629408568365189 -0.85636109318664089 -2.7276435828351744 -9.3883853969436952 1.3162597762663202 3.4885738063050313 -10.340302711640867 -4.9243688441178115 -10.253798102016969 0.62841887687510667 -2.4776321272926394 -11.19283561724874 -12.55335559888303 -4.3378559176377953 -10.377267846936881 7.5572200296455323 9.6204656703018347 -3.4921876963592249 3.027934663557359 -4.5882150691942138 -8.6166893838639833 -4.0975314168184953 -5.0839212496539057 -6.6412061576506591 7.9748081274342217 -14.64675061724995 -8.0398322795342203 0.26496671560614948 0.29308966494818328 -5.9176605383123819 9.6750046931260822 -7.6325212575277321 0.18614594960021016 7.7772077180305663 -5.6457714301963833 6.1479053530216108 0.50578879565095469 -9.5640541254161544 2.1553986756622114 -2.0635889669432532 -10.647356969407211 -6.9976429937964042 -8.6216652239709557 2.6586648114635247 5.5434456508578878 0.98390974915989637 -1.0256424760654104 0.039727945901229654 6.9630961761650116 5.5343038532779518 10.253264913678301 10.390768198566668 -1.4819045276046487 1.4815287017613779 -7.7643356131762928 -4.3875390991208789 -3.1090449373662397 -4.9518642777486122 -11.855391339584402 -6.735355658736669 7.8699060649690189 19.930080280971389 5.682001383288239 -10.642855249766418 3.7501795525825443 6.6047576757525279 -10.834080098648986
leaf_weight=816.73183786869049 424.02104306221008 1142.202486038208 76.212461411952972 2318.0452950596809 1080.8156439065933 1024.1230837702751 627.88967305421829 571.77253699302673 253.23508596420288 719.71699410676956 71.147220015525818 310.22529894113541 147.91810947656631 1203.910832464695 242.10344457626343 2233.2815408706665 900.20059323310852 2268.0906147360802 2834.1961429715157 1592.1639342308044 104.53506076335907 206.19692170619965 2655.9097064137459 1112.6731947660446 1064.6924397945404 899.89114451408386 195.68853670358658 1051.2453941702843 724.7288082242012 1881.4721906781197 876.02840852737427 519.67001873254776 369.67257273197174 918.18552184104919 2711.8596598505974 523.52223706245422 1225.0387642979622 2487.6454270482063 751.06787568330765 282.7063353061676 1262.0730780363083 1245.357214152813 249.67461848258972 166.52374970912933 552.65007704496384 2127.6597034931183 527.23520749807358 478.50545316934586 421.9481286406517 320.93535882234573 246.59559118747711 1602.2744479775429 721.37848740816116 243.05166310071945 893.90790897607803 1743.7334405183792 767.46335709095001 508.25977694988251 706.15252488851547 1504.257028222084 247.69292962551117 226.94751304388046 270.55974078178406 448.39337193965912 3698.5514099001884 159.31289464235306 383.60226237773895 336.27667409181595 910.16947209835052 633.73776775598526 1374.0836580991745 194.38577997684479 878.46003574132919 934.77969998121262 3858.4013760685921 233.93549054861069 1637.2545681595802 534.47381925582886 1099.0268715023994 417.27871918678284 1108.728824198246 828.7707644701004 104.00510263442993 418.82657605409622 366.99963718652725 588.08201855421066 368.40578252077103 78.518373012542725 655.71391171216965 3467.4527370333672 178.43152523040771 735.93003517389297 261.34210830926895 119.36777091026306 632.64272564649582 1088.8602470159531 149.74116951227188 1090.3164556026459 706.6651154756546 938.45063847303391 633.56492185592651 351.02925825119019 415.24386012554169 332.22887682914734 1607.6309688091278 277.85956174135208 129.9633966088295 1730.4588024616241 656.3527946472168 1103.8608902096748 2467.2576137781143 169.61494517326355 135.97093999385834 384.13265305757523 593.01647615432739 403.89080655574799 607.1628355383873 2740.8102275729179 384.72657495737076 580.31731045246124 93.777997970581055 130.75016725063324 68.544980108737946 58.432675123214722 1127.2911924123764 274.15760159492493
leaf_count=869 344 1576 71 1990 1244 1177 734 511 351 968 58 350 160 1789 246 3024 874 1441 3806 2326 99 212 3790 1286 1366 1266 190 1413 1008 2572 1192 487 501 1177 3587 650 1753 3353 649 402 1784 1182 265 216 741 2981 731 468 566 385 299 1821 703 238 573 1558 621 646 977 2053 389 322 252 550 5141 162 479 420 1351 961 995 147 1185 1046 4782 308 2145 710 1499 425 1160 848 97 495 282 576 485 103 727 3791 202 1113 330 151 809 1569 148 1441 875 770 779 413 615 458 2043 396 179 2284 870 1305 2828 225 180 446 745 454 829 1814 404 721 68 167 73 70 1491 271
internal_value=-5.48262e-09 2.9385 -4.64762 -3.21542 -0.990831 0.869998 2.0233 3.22358 5.50423 -2.29129 -0.482177 -2.26471 -6.03045 6.48161 -3.33174 2.28429 -8.79159 -9.22145 0.954088 1.55673 5.04406 -7.54651 -1.19759 -2.83089 -8.11547 8.20221 1.36025 5.58368 -2.25203 5.29942 6.63545 -1.63558 -3.42031 6.29741 7.35474 -3.65617 1.58459 7.02783 8.77268 2.52733 3.53593 -4.78185 -3.7975 -7.9183 3.6522 3.86005 -1.96382 -4.48182 -1.30643 -6.02957 0.510479 -3.10574 -5.07998 -2.81452 -8.96371 -8.21485 -4.42047 5.10576 -4.10737 2.43503 7.34149 6.53759 -1.92645 -0.686054 2.90876 -1.133 1.18939 -4.06903 0.63569 2.02355 -8.22384 -7.13648 -5.85401 -7.45135 7.04969 2.06442 -0.643602 -2.04959 -1.35118 -3.17097 -4.3521 -2.16803 1.14679 5.06729 -9.20074 -3.81515 -1.85111 -10.3348 -2.97986 10.5198 -0.852288 -1.96645 -1.67198 3.56857 2.42718 -1.68099 -2.31628 4.61007 0.483897 -9.30939 -4.32732 -3.17869 -2.2478 -0.160605 0.12311 3.74841 7.82182 8.93523 10.3987 12.3041 8.38962 4.85635 -7.11812 -3.09799 -1.33192 -7.41603 -1.60454 -11.5171 -2.10104 6.87367 9.54768 -3.06591 1.84377 -9.33569 9.20343 -5.53382
internal_weight=107533 65879.7 41653 30954.7 17290.7 36474 26664 20819.1 29405.6 14328.4 8299.62 9810.08 13664 22558.3 4914.98 6847.36 10698.3 10225.8 10613.3 9711.22 12290.1 8749.06 8252.44 5199.84 7957.67 10268.2 5682.15 10205.8 5844.86 2962.29 7650.33 3828.61 4702.65 8204.29 6774.3 2476.29 3052.6 7000.38 9368.29 4085.79 5112.51 6028.77 4783.41 1557.65 3055.78 4994.68 1852.68 2617.47 2626.37 4102.17 472.549 4359.39 2323.65 2022.86 6019.9 2064.67 2729.15 2343.82 4332.98 2555.5 5149.77 4333.04 1898.19 1627.63 3981.26 711.963 2278.32 1325.44 2742.37 2761.4 5125.99 3751.91 2519.39 1813.24 4106.09 1352.32 4598.71 2938 4087.17 2138.97 1433.86 1557.8 729.029 522.832 1391.12 2037.5 1721.69 3855.5 1104.11 4218.52 2035.74 989.165 1779.81 380.71 1894.72 1813.59 396.337 2272.67 1118.38 1086.37 1001.97 2403.53 2052.5 2988.14 1786.06 603.511 325.652 4062.45 2331.99 1675.63 4512.73 411.718 1036.17 1399.1 1014.96 1171.35 1517.33 2819.33 1449.42 1182.36 674.095 1239.48 1660.71 578.103 3594.55 902.047
internal_count=129039 86162 42877 33658 20579 48233 35242 27380 37929 16763 10203 12991 13079 28348 5320 9581 9219 8701 14165 13160 16280 7759 11316 7033 7260 12068 7078 13215 7862 3816 9749 4390 6286 10638 8557 2736 4283 8849 10802 5642 6878 6560 5378 1675 3837 6966 2615 3125 3241 4289 518 5034 2524 2476 5032 1943 2727 2934 5785 3466 6362 5493 2179 1927 5543 903 3072 1884 3933 3942 4459 3464 3208 2231 5171 1654 6282 3883 5747 2657 1474 1652 804 592 1459 2346 2232 2971 1277 4440 2510 1464 2238 481 2593 2577 447 2876 1346 930 1264 3173 2760 4248 2245 765 369 4970 2686 1816 5496 471 1054 1757 1311 1075 2180 1917 1770 1435 789 1327 2399 557 4319 1005
is_linear=0
shrinkage=0.05


Tree=18
num_leaves=127
num_cat=0
split_feature=36 27 1 1 27 0 1 0 1 34 27 5 6 24 1 39 34 11 24 39 24 25 11 32 34 39 6 5 32 39 36 2 33 10 39 1 32 33 11 5 1 33 33 15 2 0 33 1 32 33 6 33 36 11 5 6 0 32 32 24 36 15 25 11 32 33 1 30 27 32 6 15 11 32 24 34 31 34 11 0 7 25 42 6 0 33 5 1 5 0 11 36 34 9 11 25 9 30 32 24 6 32 15 0 32 32 16 39 32 33 33 33 39 39 24 5 32 32 33 11 6 24 30 11 11 3
split_gain=5.31426e+08 1.48275e+08 6.68267e+07 6.56351e+07 5.70657e+07 5.61369e+07 4.66745e+07 4.11166e+07 3.68993e+07 2.56551e+07 2.25787e+07 2.2416e+07 2.04145e+07 1.93898e+07 1.93707e+07 2.17521e+07 1.70803e+07 1.65116e+07 1.6065e+07 1.42751e+07 1.411e+07 1.38926e+07 1.38471e+07 1.37009e+07 1.31296e+07 1.22246e+07 1.22086e+07 1.17624e+07 1.16543e+07 1.13306e+07 1.11882e+07 1.09021e+07 1.08659e+07 1.08009e+07 1.07099e+07 1.04587e+07 1.04412e+07 9.84656e+06 9.77009e+06 9.40397e+06 1.41282e+07 9.25442e+06 8.95736e+06 8.80481e+06 8.76933e+06 8.95575e+06 8.68374e+06 8.03332e+06 8.02734e+06 9.48555e+06 8.0095e+06 7.8197e+06 7.73343e+06 7.53135e+06 7.14476e+06 7.35857e+06 7.21125e+06 7.10592e+06 7.09746e+06 7.02343e+06 6.59943e+06 6.56358e+06 6.45908e+06 6.44203e+06 6.39844e+06 6.3725e+06 6.34554e+06 6.31443e+06 6.26687e+06 6.17248e+06 6.05384e+06 6.05378e+06 6.96453e+06 5.97424e+06 5.97384e+06 5.85403e+06 6.09962e+06 5.71521e+06 6.49908e+06 6.40734e+06 5.71244e+06 5.70244e+06 7.62904e+06 7.46208e+06 5.68596e+06 5.63825e+06 5.60693e+06 5.58118e+06 5.58014e+06 5.5773e+06 5.54419e+06 5.52496e+06 5.51705e+06 5.49911e+06 5.48135e+06 5.45355e+06 5.44991e+06 5.40511e+06 5.36769e+06 5.36178e+06 5.2993e+06 5.29581e+06 5.1408e+06 5.07904e+06 5.06805e+06 5.06577e+06 4.99249e+06 4.9707e+06 4.95665e+06 7.9943e+06 6.99196e+06 4.94718e+06 5.10432e+06 4.89816e+06 5.0467e+06 4.85614e+06 4.85607e+06 4.83871e+06 5.97004e+06 4.81968e+06 4.69148e+06 4.6888e+06 4.67746e+06 4.63424e+06 4.62611e+06 5.78269e+06
threshold=0.010833333333333335 0.012870370370370372 8.5000000000000018 6.5000000000000009 0.0061419753086419766 55.500000000000007 -7.4999999999999991 33.500000000000007 7.5000000000000009 0.10277777777777779 0.022808641975308644 0.1202409638554217 0.16345083487940634 0.021678595609970097 -9.4999999999999982 0.014907407407407409 0.069444444444444461 0.27228596646072378 0.013522450711364736 0.0023015873015873019 0.02866570812434165 0.10833333333333335 0.25105042016806728 0.02357874134296899 0.069444444444444461 0.0077083333333333335 0.060790835181079091 0.09491634491634493 0.029220164609053502 0.0058333333333333345 0.017253086419753091 -1.0000000180025095e-35 0.024969424313483125 12.500000000000002 0.012738095238095239 -4.4999999999999991 0.021671220400728601 0.033444660281418938 0.34815546772068517 0.058055274688237284 -5.4999999999999991 0.0168364712261239 0.027908611397885186 6.5000000000000009 1.0000000180025095e-35 37.500000000000007 0.04332734046854847 4.5000000000000009 0.036990087006133224 0.032617780055254578 0.036867142371729535 0.019464247463153988 0.020462962962962964 0.25543735224586289 0.14971264367816095 0.071008403361344549 19.500000000000004 0.039717078189300419 0.036990087006133224 0.013702139550372692 0.0045370370370370382 6.5000000000000009 0.10833333333333335 0.21886405109489054 0.012042614904060689 0.049929694539368068 -15.499999999999998 0.022500000000000003 0.0077083333333333335 0.021243625655390366 0.13069358178053833 8.5000000000000018 0.24122536945812811 0.020107683135852154 0.012484396458123154 0.20277777777777781 0.00087649812882011036 0.12500000000000003 0.15919147224456962 15.500000000000002 4.5000000000000009 0.18611111111111114 1.5000000000000002 0.028778467908902695 97.500000000000014 0.033741053878459548 0.034286833855799378 14.500000000000002 0.1023024594453166 17.500000000000004 0.3430703624733476 0.021635802469135806 0.13611111111111115 3.5000000000000004 0.25268941584731064 0.21388888888888893 1.5000000000000002 0.0039285714285714297 0.014016122766122768 0.011975532223622404 0.1908263305322129 0.015748330297510629 4.5000000000000009 61.500000000000007 0.016257653317273916 0.017557539682539685 3.5000000000000004 0.0065740740740740751 0.023769970951343502 0.02314807585616328 0.030899138344450908 0.024836053233471222 0.057314814814814825 0.037870370370370381 0.020300589142308603 0.031414473684210534 0.033151135005973727 0.025148856990962257 0.021198989012814484 0.28220211161387637 0.030457637600494747 0.022376394206525953 0.0099382716049382733 0.20067114093959734 0.20816666666666669 7.5000000000000009
decision_type=2 2 2 2 2 2 2 2 2 2 2 2 2 2 2 2 2 2 2 2 2 2 2 2 2 2 2 2 2 2 2 2 2 2 2 2 2 2 2 2 2 2 2 2 2 2 2 2 2 2 2 2 2 2 2 2 2 2 2 2 2 2 2 2 2 2 2 2 2 2 2 2 2 2 2 2 2 2 2 2 2 2 2 2 2 2 2 2 2 2 2 2 2 2 2 2 2 2 2 2 2 2 2 2 2 2 2 2 2 2 2 2 2 2 2 2 2 2 2 2 2 2 2 2 2 2
left_child=4 3 5 7 24 10 31 77 9 12 13 22 17 54 29 33 63 27 84 -4 28 75 26 42 38 -18 69 35 32 -9 107 34 36 70 66 89 41 52 60 40 -15 -17 73 93 50 -46 111 -42 49 -23 -37 74 62 -51 55 56 -3 -48 -39 101 -1 -36 -20 96 -61 67 97 71 -31 -8 -16 120 122 -11 -35 -12 -77 79 -79 -2 -58 82 83 -24 -5 -50 105 -65 -27 -6 -25 -81 -66 -19 -38 -32 -10 -7 -95 -75 113 -26 -96 -52 -53 -43 -85 -21 109 -41 -110 -30 -113 114 -28 -71 -112 118 -22 -34 -13 -100 -73 -64 -68 -126
right_child=1 2 19 18 8 6 11 14 16 23 21 65 -14 39 15 20 25 43 37 30 117 48 81 90 59 88 100 -29 46 68 95 -33 119 51 61 44 94 58 -40 108 47 86 -44 -45 45 -47 57 -49 85 53 103 104 -54 -55 -56 -57 80 -59 -60 64 -62 -63 123 87 92 -67 124 -69 -70 115 -72 72 -74 99 -76 76 -78 78 -80 91 -82 -83 -84 106 -86 -87 -88 -89 -90 -91 -92 -93 -94 98 102 -97 -98 -99 121 -101 -102 -103 -104 -105 -106 -107 -108 -109 110 -111 116 112 -114 -115 -116 -117 -118 -119 -120 -121 -122 -123 -124 -125 125 -127
leaf_value=8.3108225764134147 -11.951808705497982 -10.052847872232205 13.268114850371546 -9.5702968528608494 -16.638302996060315 6.5739229647308965 11.54728563910362 4.8717878580726399 -14.910612610169096 7.8108689075965856 -11.147770015330693 7.809450517505593 -2.49125157069088 -5.6678350614278195 9.9280977654865463 0.086701918403290057 7.1375517092637608 -4.3804959023945829 -4.6567366167427782 1.0260357429737119 4.6788375071722976 -5.8106421845435445 8.483409395200832 4.0107711863629634 8.5455271988334101 2.1447211919973213 -1.7027566793637807 1.1611202659406501 -13.437599299918086 1.090250584428343 -11.028719495928486 -16.039168832656266 7.0741338149063457 -6.9701987527316192 -3.5756973507823648 10.291350635869714 0.21109115530884048 5.7607436101778404 -8.1505535831074667 -2.9463764157318653 3.8161695474145647 19.653336362019886 10.869297551085346 -3.6233104719700457 -1.2361182938697146 5.4867718028207335 7.5517423571980009 -5.7940422202880164 -13.615551633331956 7.633704138527202 3.1612397658138209 15.020127090330014 -9.6384026653494637 -4.4542536922434408 -10.099394813854627 -7.8333690803564906 1.7940462877320216 -5.6136810410899969 -5.7015807441784476 17.602670576936671 4.2015902179654949 -9.3935353884485675 10.381769833406416 -4.1035932258680381 7.6184812839482134 6.137082583728696 7.8194993139546076 -7.494980354754623 -4.8114084171254525 8.5952825706252955 3.3344963634838596 7.4329469129228904 -9.5730905948824638 -11.945714794767518 2.638305568040566 8.8058688628093229 -9.1368049571501597 12.916396699559684 -2.4364742096339174 -2.8652775724139321 -4.0477453629470181 4.16372856788752 -4.7774580727733271 0.30231242300159972 -2.2326378253359174 -7.147654978819256 2.8627463321023967 -10.769455147491207 -2.7503040612822898 2.7059849770786859 -8.9770216179790303 -9.3507251633346087 10.845685649308336 4.8537709576571055 -1.3484456561720688 -5.5566775029673732 1.4175259396748792 -7.8536032166898169 -1.7183106520166143 3.9533844692579319 -4.284828698278293 2.8286900933556254 -9.2039802565762354 7.9139303466089048 4.6452225774876972 7.3558662234800067 -10.381551990581544 -7.0558459126044797 -9.5625194065724539 13.870711517755836 4.6287109195046092 -2.8018265917078176 -15.279761514723823 -5.08771925887359 4.9599666495122801 2.7198771264237251 -4.9002321283317087 3.453434361325463 12.718089277182701 0.23995987320838219 -2.0103054840015839 3.5511353637532723 -3.6765953135412701 -0.61396766424515736 0.2664811030799657 -15.33352231275396
leaf_weight=1314.4328433275223 310.21088701486588 370.19259977340698 70.703694581985474 1683.1095380783081 37.76830381155014 74.26886111497879 489.30101788043976 559.35922771692276 56.146026492118835 2005.3888081908226 2665.6201345324516 216.23420345783234 1711.8453395366669 733.43714624643326 1769.6629468798637 1566.3630555272102 735.63127309083939 324.74093002080917 1402.9206950068474 210.6963357925415 563.29640686511993 2402.7237894535065 259.38674086332321 3280.0920259356499 690.10446774959564 1187.1561636924744 378.12810891866684 2517.8070273399353 162.89732509851456 633.11825650930405 4904.4216760993004 252.07533502578735 1156.7666553854942 244.37370258569717 718.67061328887939 1628.0091736316681 995.47106975317001 494.52985966205597 139.59375637769699 449.16602182388306 1615.2961431145668 105.22746032476425 1624.9585236907005 961.07899063825607 641.87253957986832 2170.3759371042252 287.97352528572083 251.28307241201401 443.81789797544479 260.92153424024582 1056.3045166730881 146.73573952913284 511.24864953756332 254.58318626880646 967.09848284721375 1745.5556859970093 569.80794411897659 159.12683820724487 185.78751593828201 200.86270529031754 3806.8476621508598 1489.7074136137962 117.51275026798248 1054.3367214202881 4629.9928507208824 156.49286478757858 179.49389666318893 918.16343510150909 1553.7364566326141 584.84622085094452 433.36627942323685 132.09092712402344 392.07095962762833 56.29816859960556 478.52639561891556 76.564904510974884 124.20392912626266 92.608529031276703 269.60100936889648 1567.2487150430679 1575.6715513467789 496.9939221739769 1097.066698551178 873.34298026561737 313.13394421339035 1399.2465831637383 641.32591331005096 447.21263581514359 1142.5168107748032 2775.962783575058 84.280112028121948 415.4374498128891 1854.8761892318726 1325.3292837142944 415.52615010738373 501.92244738340378 569.09378963708878 515.56959837675095 953.41627418994904 912.87272691726685 365.26378357410431 980.89156395196915 417.54371297359467 1201.5961406230927 595.06313228607178 410.18399953842163 124.99525648355484 1960.846250474453 686.29912811517715 83.861296415328979 179.49177235364914 852.42033529281616 90.676628410816193 196.24971908330917 1144.3177022337914 882.15283858776093 524.08867907524109 1556.7365518808365 391.3898332118988 332.02824622392654 278.01825207471848 757.61180812120438 335.11279666423798 519.16145378351212 651.07814162969589 65.368919432163239
leaf_count=1650 243 305 85 1713 27 107 530 719 55 2438 1979 282 2413 800 2011 2271 925 440 1838 239 722 2428 309 4546 844 1784 482 3591 148 833 3328 178 1491 346 825 1871 1404 663 173 524 2053 84 1770 1363 962 2951 400 306 253 311 1470 124 504 289 801 1672 702 221 246 141 5345 1404 156 1555 5458 227 234 962 2001 747 556 170 372 70 628 95 98 93 337 1943 1750 673 1368 1060 406 1319 887 464 1647 3999 89 372 1862 1850 582 480 875 542 1398 1242 437 1418 499 1490 770 540 120 2148 624 107 225 1170 82 267 1428 1204 560 2183 431 476 327 1054 407 693 832 48
internal_value=-1.1555e-08 -2.97251 -4.91352 0.0735935 4.15642 -3.87003 -1.42071 1.42759 2.97834 3.74609 -5.73976 0.509078 2.70377 -4.14581 2.35586 3.12041 -0.870326 3.24763 -4.89283 -9.09444 1.92328 -7.77747 1.96455 6.11027 6.85728 1.51843 3.84746 4.2 0.848782 -1.47852 -9.30309 -5.9785 1.84203 6.41863 -5.292 5.00439 0.62919 -2.71414 4.90053 -1.74865 0.212037 2.59156 7.88396 0.596956 6.07897 3.95233 -3.01423 2.52242 -6.1218 -4.49024 7.61803 3.09098 -4.13958 1.66404 -6.21955 -5.33901 -3.60824 2.86606 2.6305 8.08912 5.25627 -7.50024 -2.76123 -4.3132 8.81379 -3.62206 -2.0098 -4.29435 -3.10281 6.68423 8.63105 -2.1232 -4.65926 6.25311 -0.609814 -10.5276 -2.29421 -4.34767 1.4889 -5.26968 -2.49625 -0.703062 -1.73023 0.927756 -8.4193 -8.70515 5.98345 -6.08891 -0.255894 2.44633 3.68542 -4.22419 8.54156 1.80371 -2.29322 -10.5207 -0.0487276 -6.03698 2.46511 3.02982 1.18446 5.18969 -5.28573 5.6905 6.69749 9.86654 -1.03534 -6.27169 -4.39974 -0.300541 -5.9718 -5.39135 -4.00155 2.34681 3.30515 5.06222 -2.46929 5.17212 7.97467 5.54999 2.28581 0.614903 -0.535632 1.41555 0.641467 -1.15687
internal_weight=107533 62695.4 38294 24401.4 44837.3 30645.4 13266.5 19174 31219.7 26027.6 17378.9 9320.23 18063.7 9751.25 16518.9 13772.7 5192.09 16351.9 5227.4 7648.59 10105 7627.68 6892.04 7963.89 13617.6 3065.3 4040.26 12029.7 7593.53 2746.21 7577.89 3946.23 6040.44 3667.73 3694.16 9511.89 4551.64 3231.16 5260.87 4522.92 2600.02 2723.1 4599.52 4322.18 6698.16 2812.25 1553.09 1866.58 4761.29 2918.23 3885.91 1464.7 2550.84 515.505 5228.33 4261.23 2515.67 447.1 680.317 8356.73 5121.28 2208.38 2039.59 2126.79 6685.73 2428.18 1485.78 2271.69 2186.85 1956.3 2203.03 1353.53 859.275 2974.56 722.9 2866.39 200.769 2655.11 362.21 2292.9 2145.48 2851.79 2354.79 1257.72 1996.24 1843.06 1156.74 1501.55 2329.67 2813.73 3364.37 1982.69 6484.87 3361.1 1828.54 5406.34 625.24 589.838 3036.36 969.171 2083.96 1671 833.07 2257.9 741.799 515.411 998.338 2171.54 1922.91 533.027 1389.88 1105.99 943.097 1718.7 1522.45 1467 703.58 2511.42 954.686 1488.79 494.252 1711.03 467.204 636.674 895.941 716.447
internal_count=129039 69809 39023 30786 59230 32743 15542 24567 42339 35034 17201 11372 24879 10429 21579 18026 7305 22466 6219 6280 13591 6772 8625 10155 16891 4356 5095 16361 10255 3553 6195 4170 8234 4435 3992 12770 6267 4100 7168 5199 3159 3782 5520 6105 8744 3913 2021 2359 4600 3028 4831 1868 3191 600 5230 4429 2757 621 909 9723 6995 2229 2687 2949 7461 2747 1763 2520 2834 2481 2567 1558 949 3750 974 2172 193 2988 430 2558 2452 3530 2857 1489 2119 1572 1511 2019 3431 4026 4635 2315 7320 4742 2485 3808 930 649 4302 1312 2614 2262 1081 2960 894 624 1180 2387 2040 631 1409 1400 1252 2177 1910 1951 785 3336 1153 1967 609 2452 577 849 1114 880
is_linear=0
shrinkage=0.05


Tree=19
num_leaves=127
num_cat=0
split_feature=38 29 1 39 1 33 33 29 1 1 11 28 5 46 32 24 24 43 13 33 42 38 5 30 1 11 24 11 38 33 1 39 5 1 1 1 1 5 46 29 32 32 33 33 39 33 22 24 32 33 32 29 16 5 32 39 32 33 11 24 7 33 32 32 10 32 5 28 31 38 32 33 11 1 29 37 29 30 5 38 23 1 1 22 31 29 28 24 33 1 32 11 32 10 1 38 16 1 31 1 5 42 9 39 42 33 1 10 30 15 14 7 13 7 1 32 32 10 15 33 24 11 9 42 42 32
split_gain=4.82802e+08 1.2237e+08 7.94205e+07 6.30509e+07 4.71118e+07 3.37309e+07 3.30856e+07 3.21752e+07 3.02163e+07 2.91333e+07 2.87237e+07 2.51895e+07 2.38274e+07 2.14133e+07 1.83572e+07 1.83184e+07 1.82638e+07 1.56445e+07 1.52395e+07 1.37648e+07 1.76326e+07 1.37129e+07 1.26353e+07 1.24387e+07 1.13073e+07 1.06948e+07 1.0187e+07 9.93741e+06 9.79973e+06 1.04361e+07 9.75496e+06 1.17103e+07 9.7061e+06 9.49859e+06 9.49588e+06 9.48121e+06 1.12727e+07 9.28884e+06 8.8289e+06 8.78035e+06 8.35465e+06 8.16123e+06 9.97142e+06 8.24895e+06 7.8419e+06 7.82771e+06 7.52301e+06 7.4763e+06 1.04032e+07 7.5423e+06 7.34156e+06 7.3062e+06 7.15526e+06 7.23682e+06 7.01612e+06 6.90825e+06 6.87892e+06 6.78126e+06 6.75447e+06 6.68765e+06 6.65242e+06 6.92079e+06 1.20607e+07 8.00878e+06 6.80894e+06 6.62339e+06 6.58862e+06 6.56448e+06 6.49921e+06 6.42975e+06 6.37187e+06 1.01336e+07 6.35445e+06 6.3171e+06 6.20918e+06 6.18865e+06 6.15052e+06 6.1288e+06 6.10005e+06 6.08837e+06 6.06472e+06 5.95016e+06 8.07018e+06 5.93733e+06 5.84705e+06 5.7795e+06 7.98465e+06 5.59915e+06 5.54545e+06 5.52666e+06 5.98293e+06 6.79304e+06 5.3718e+06 5.3644e+06 5.35333e+06 6.7003e+06 7.03033e+06 5.33433e+06 6.81089e+06 5.32439e+06 6.80947e+06 5.44309e+06 5.63548e+06 5.30434e+06 5.30259e+06 6.31659e+06 5.28721e+06 6.18622e+06 5.21747e+06 5.13519e+06 5.11556e+06 5.08474e+06 5.0517e+06 5.02196e+06 4.97785e+06 4.9734e+06 4.96076e+06 5.205e+06 4.92619e+06 4.9194e+06 4.90738e+06 4.88641e+06 4.8405e+06 4.79004e+06 4.73474e+06 4.57313e+06
threshold=0.015648148148148151 0.010833333333333335 6.5000000000000009 0.018968253968253971 4.5000000000000009 0.044738967016649166 0.026915670937379007 0.018968253968253971 -6.4999999999999991 -5.4999999999999991 0.27529583831937249 0.54722222222222239 0.15759905381431108 1.0000000180025095e-35 0.024086586586586588 0.041699797758694569 0.029937993933832504 1.0000000180025095e-35 1.0000000180025095e-35 0.020166801823562275 1.5000000000000002 0.0058333333333333345 0.045663052543786498 0.003402777777777778 -11.499999999999998 0.23887201162329946 0.021234871157256741 0.24536878216123501 0.0205952380952381 0.046597596565255535 13.500000000000002 0.003402777777777778 0.26365441906653431 -14.499999999999998 4.5000000000000009 -12.499999999999998 4.5000000000000009 0.11791443850267382 1.0000000180025095e-35 0.0078571428571428594 0.0232988284384529 0.033734998064266365 0.024033394702857151 0.012389130078135293 0.0058333333333333345 0.018314406283436228 37.500000000000007 0.014497734180637762 0.017983695113489944 0.013967618863294213 0.021484204793028327 0.038611111111111117 2.5000000000000004 0.087228260869565227 0.022940727465817077 0.0071825396825396836 0.026937615145162321 0.010599294159349073 0.30461293743372225 0.014862094953743198 12.500000000000002 0.024427798068826227 0.019301900584795324 0.022753134739436111 12.500000000000002 0.02471542006774391 0.20530382859149984 0.28055555555555561 0.0014978213507625272 0.0077083333333333335 0.019301900584795324 0.013967618863294213 0.26992063492063495 16.500000000000004 0.0052777777777777788 0.59722222222222232 0.017839506172839508 0.0052777777777777788 0.018693221523410204 0.042817460317460324 0.032179916985951476 4.5000000000000009 -8.4999999999999982 30.500000000000004 0.0011282170988053343 0.0064153439153439165 0.87500000000000011 0.012675774404483442 0.016203519757353308 -5.4999999999999991 0.025940393518518522 0.2983765383608275 0.014329604203746082 12.500000000000002 -5.4999999999999991 0.019598765432098767 1.5000000000000002 16.500000000000004 2.0668441721073228e-05 -11.499999999999998 0.055250305250305255 4.5000000000000009 1.5000000000000002 0.010833333333333335 1.5000000000000002 0.019169957419139898 14.500000000000002 6.5000000000000009 0.024523809523809528 9.5000000000000018 1.5000000000000002 3.5000000000000004 1.0000000180025095e-35 3.5000000000000004 1.0000000180025095e-35 0.020107683135852154 0.040827294685990341 1.5000000000000002 14.500000000000002 0.018314406283436228 0.015481533448891064 0.19837990292535748 6.5000000000000009 1.0000000180025095e-35 1.5000000000000002 0.02357874134296899
decision_type=2 2 2 2 2 2 2 2 2 2 2 2 2 2 2 2 2 2 2 2 2 2 2 2 2 2 2 2 2 2 2 2 2 2 2 2 2 2 2 2 2 2 2 2 2 2 2 2 2 2 2 2 2 2 2 2 2 2 2 2 2 2 2 2 2 2 2 2 2 2 2 2 2 2 2 2 2 2 2 2 2 2 2 2 2 2 2 2 2 2 2 2 2 2 2 2 2 2 2 2 2 2 2 2 2 2 2 2 2 2 2 2 2 2 2 2 2 2 2 2 2 2 2 2 2 2
left_child=1 4 3 5 8 9 10 16 23 33 12 21 17 30 66 38 28 47 -4 37 32 111 46 -1 -25 97 69 55 39 41 83 -32 54 44 79 92 70 50 -9 -5 45 42 43 -30 -2 52 85 84 49 -49 59 68 53 -19 112 -20 -7 -14 109 -11 61 62 64 -63 103 -44 75 -26 -17 -27 71 -37 104 -29 -24 93 -61 -59 -64 -22 -28 82 -16 -6 -3 -13 -87 -66 -41 -90 91 -91 -12 -8 -70 96 -96 98 -15 -40 101 102 -101 -23 105 -35 107 -57 -83 -18 -60 -10 -21 -84 -48 -47 -31 -118 -79 -50 -73 -120 -116 -92 -122 -121
right_child=2 6 18 7 13 56 14 15 11 19 35 22 57 25 81 51 58 40 27 20 34 60 74 24 67 26 80 73 29 116 31 -33 -34 72 -36 36 -38 -39 99 88 -42 -43 65 -45 -46 115 114 48 119 -51 -52 -53 -54 -55 -56 106 -58 77 110 76 -62 63 78 -65 87 -67 -68 -69 94 -71 -72 120 -74 -75 -76 -77 -78 118 -80 -81 -82 108 113 -85 -86 86 -88 -89 89 90 123 -93 -94 -95 95 -97 -98 -99 -100 100 -102 -103 -104 -105 -106 -107 -108 -109 -110 -111 -112 -113 -114 -115 122 -117 117 -119 121 125 124 -123 -124 -125 -126 -127
leaf_value=10.221282827537477 -0.38756738748680242 -2.6769305104368017 -10.295717069303528 3.3247233018016611 -4.1800337016128601 9.7904778816885294 12.081850778121895 -9.4741055010959094 4.9467740465899848 -3.5294353840798629 0.39036010172609048 7.9503867527122614 -10.387259874113536 8.9148181924436738 -4.3897294191462839 4.0367428468963835 3.1145176499095077 3.4055206191256886 2.4765127585590565 19.409841169361684 3.2286575143738219 11.421102932089839 5.3872875465549752 -0.8247968561638509 5.9305703513415438 1.9814873514482632 5.8349188597513795 -7.1548488825042913 9.9148069032395512 6.6650540809510765 13.094188094242526 -9.5830514402789309 -11.345762349772208 -2.3067106238945438 -9.1674586732541243 -2.9256182258627974 -6.5989539919781368 -7.7653241784880427 -11.967641428477357 -7.5967357460335565 -1.8943421469473465 -10.249078471252279 6.3383217521552089 -8.5644131580690281 -10.273720112858896 7.1388778316841686 3.3214187435224183 -0.25968899141526497 -7.9280332267987603 6.6383756155554625 -9.6313250047574499 -5.9991221238600749 -3.3795863123500141 -1.5168061432165585 4.5436733154281566 -7.8777358955279944 3.4847286275826477 5.4564197293812375 6.8055543353277974 8.8178517914268379 9.849796875666657 11.574957961193611 6.117414988167627 6.0822317733265967 -2.4696652349772994 -3.3366589551665218 -4.3770115033224997 1.861703177487759 -9.5693909538738993 -3.3825449765527473 -4.9249586640479777 -2.2752269622216574 -6.5206242341713185 -12.869844829207782 0.19025963593863296 1.8261131201753571 -0.38296464957720272 -2.744152573074881 -0.15201968768988372 -9.5466510936723594 -14.576101139351691 2.1573952746557334 -2.149797654452462 1.1667701140050868 -10.589745657413712 5.6102777383862508 -2.1487464904414506 5.1646048972340264 -6.6742353539755062 4.4558244528886375 -6.1098276185322486 -5.7149480912801351 -13.246818444733988 3.9540548608715635 -0.89840485690559524 -3.2498776390324191 22.479795270050062 -0.74957520241855979 3.8581732955175632 -15.21236888914394 -8.0731565263543761 10.215794765411509 -3.136166544400425 6.5082527572184068 -4.2050796269297921 6.6029293517053631 -9.8602224988764764 -1.1564708861864517 -4.4751326891378778 -6.5067127712228556 -7.3903410139983636 10.171005065835994 9.9664710839571882 4.3888956462736113 -2.3985853677056119 2.5498975560014117 13.164980023704363 -5.8740677689252188 1.493772742632421 1.5189301697207691 6.8241079065761383 -12.417121095583228 -21.511240024903742 1.2119505066749674 -4.9070289803220453 -6.1354447090438891
leaf_weight=473.60557460784912 254.77264511585236 801.1697478890419 4622.3688470125198 656.68371003866196 800.83189934492111 870.56719809770584 931.00675129890442 4044.8971719741821 525.58596897125244 374.95454287528992 88.996758222579956 2155.3590790629387 413.26942175626755 954.26655435562134 354.38678824901581 495.9178666472435 1826.9588638544083 3640.6996377706528 360.68021482229233 202.43952679634094 1009.8604652285576 685.42744648456573 752.28681516647339 2500.1715826392174 1609.0770828723907 975.2575911283493 927.94488090276718 2779.0410817861557 63.105812609195709 230.00566667318344 62.645495414733887 623.75602114200592 57.962322115898132 408.81344318389893 227.2419890165329 1657.2338706851006 1772.9896433353424 469.59047490358353 338.15295743942261 549.94278758764267 1075.7743798494339 995.85922175645828 212.51867657899857 1403.7375833392143 943.17178052663803 1375.0056613683701 353.00112748146057 1033.7001769542694 435.00459551811218 642.61346453428268 157.55745214223862 1106.9354385733604 607.38079911470413 939.36324542760849 415.69474005699158 541.30348724126816 859.50688624382019 180.5085426568985 78.505235135555267 403.73435109853745 1189.332819879055 982.96525758504868 541.76677960157394 2042.8247463107109 325.17977255582809 1055.3623724579811 101.8568394780159 2581.7791275978088 235.41916441917419 1307.8539793491364 1139.7615500688553 287.82179397344589 686.00641083717346 585.38598763942719 2435.0760644674301 262.34517455101013 330.17751002311707 1226.9087607264519 1366.8766567111015 102.74957060813904 37.878882586956024 549.69622403383255 333.01407790184021 1476.445664525032 329.46887451410294 2221.812364757061 389.73809260129929 918.76933771371841 506.04509270191193 707.73289793729782 631.40575069189072 213.75525510311127 382.8928729891777 259.62017911672592 73.298983037471771 545.62823861837387 57.295481741428375 398.98689949512482 2203.7757219076157 102.96473199129105 1313.0052945017815 71.400912344455719 1564.6564483046532 2768.8685240149498 596.78438371419907 387.48175925016403 442.38677823543549 931.40793424844742 643.76407223939896 150.07968306541443 331.16120058298111 4091.9529349803925 471.38204574584961 2484.3120193481445 145.94996571540833 1034.724544107914 41.896363794803619 250.73572105169296 81.007806599140167 517.89237815141678 687.4054062962532 286.00702959299088 42.854519367218018 345.67532306909561 98.312645256519318 313.1101086139679
leaf_count=521 315 986 3208 867 1122 997 1079 3090 711 481 122 2656 419 1164 484 589 2455 5059 426 186 1358 716 1013 3632 2082 1499 1247 2652 50 302 69 753 47 509 232 2104 2148 504 246 615 1475 889 253 1342 824 1792 521 1356 524 818 165 1089 831 1328 527 511 1189 252 91 450 1330 954 708 2556 501 1244 138 3768 218 1919 1413 361 714 348 3497 362 362 1631 1980 99 51 764 502 2106 318 2928 525 1141 606 957 744 237 330 335 100 536 55 607 3122 55 1221 77 1773 3494 746 478 384 1192 840 158 339 4231 506 3383 197 1485 47 315 109 731 915 296 39 515 133 371
internal_value=-5.05575e-09 2.56275 -4.37989 -3.0592 4.28779 0.364408 -0.0514405 -4.62357 5.23925 -1.08725 -0.980196 6.09192 0.201769 1.25895 3.25082 -6.64907 -2.65767 1.0292 -8.16737 1.65771 4.04242 7.29515 3.90534 2.39063 1.83636 2.80365 0.72976 -6.42311 -3.8203 -5.44665 -2.28838 -7.51338 8.59144 -4.62487 0.146544 -3.86651 -3.29722 -1.75907 -7.89672 -1.90484 2.22963 -6.37367 -4.96243 -7.76941 -8.17118 2.8136 5.39943 -1.52699 -0.199057 2.38468 0.468057 -2.9599 1.71972 2.39596 9.6521 -3.87129 6.65776 -4.61901 1.17335 1.90307 6.32181 5.88621 4.97923 7.86661 6.34084 -1.71497 7.91604 3.42394 -0.569789 -1.09124 -1.78478 -0.474147 -2.58153 -8.14922 1.41687 8.77781 4.67852 -3.27557 1.62755 2.04886 5.03441 1.58912 2.7215 -0.713497 -4.98273 6.03399 4.45235 3.16894 -3.06717 -2.03125 -0.793706 2.09654 -10.6749 10.3096 -3.07566 -0.814948 9.35827 4.69791 5.38614 -6.0147 -5.35514 -3.30297 -3.88179 7.4831 -0.641762 2.02877 -5.0668 -3.62691 -1.42025 2.38416 -4.66995 9.57636 12.8036 3.61601 -0.183576 5.1684 1.17046 -3.14823 -4.26445 -3.62017 3.31021 -9.3467 -6.73674 -3.5195 5.35625 -1.36513
internal_weight=107533 67838.9 39693.8 29431.2 40869.9 9230.45 26969 20200.7 31100.3 7500.38 21049 23935.6 14933.6 9769.64 5920 9949.57 10251.2 12745.9 10262.6 4223.34 2487.33 15439.6 8496.08 7164.63 6691.03 6805.96 3248.94 5640.21 7864.46 4253.22 2963.68 686.402 1147.48 3277.03 1339.85 6115.41 5643.52 1736.01 7435.08 3611.24 8672.95 3730.58 2734.72 1466.84 1197.94 7597.17 5308.72 4072.96 2942.32 1676.31 1266.42 2514.5 5187.44 4580.06 1089.52 2275.78 1730.07 2187.7 2386.7 1108.87 10822 9632.68 6606.89 3025.79 4698.25 1267.88 1554.83 4190.86 1407.56 2283.11 3870.54 2730.77 2079.09 3364.43 3187.36 1452.97 733.912 1774.43 1908.64 1112.61 965.824 4365.17 3171.71 2277.28 1130.64 4766.91 2611.55 1243.95 2954.56 2404.61 1898.57 921.488 471.89 1190.63 911.642 676.223 130.594 3557.03 3158.04 3390.18 3052.03 1739.02 1667.62 3454.3 1393.08 796.295 1915.1 1472.71 1193.46 1977.04 409.666 4617.54 673.822 2817.33 541.806 2409.73 522.638 292.632 1593.92 1266.01 1073.54 367.015 188.804 977.081 785.718 831.002
internal_count=129039 88554 40485 31764 53360 10689 35194 21075 39701 8503 27307 29698 19781 13659 7887 9049 12026 17074 8721 4917 2955 18322 11376 10003 9482 9609 4716 5513 8983 4442 4050 822 1266 3586 1689 7526 7074 1962 6462 4541 11970 3778 2889 1392 1139 10495 6866 5104 3800 2174 1458 2587 7218 6387 1219 2513 2186 2707 3043 1293 13380 12050 8540 3510 5852 1497 1914 5850 1498 3418 4926 3513 2447 3000 4510 1776 812 2288 2688 1457 1298 5973 4369 3228 1304 6109 3453 1642 3674 3059 2453 1194 452 1414 909 691 155 4893 4286 3372 3126 1905 1828 4210 1733 987 2087 1703 1604 2613 430 4942 692 3885 757 3277 664 362 2036 1626 1409 405 236 1259 1048 1102
is_linear=0
shrinkage=0.05


Tree=20
num_leaves=127
num_cat=0
split_feature=36 27 1 27 1 0 1 0 25 6 5 1 27 11 11 37 16 11 1 34 30 0 14 5 25 1 34 32 36 11 1 32 33 11 1 27 14 6 1 32 33 33 6 1 5 36 23 33 32 32 28 1 32 1 31 0 24 33 5 32 36 24 37 14 0 23 34 28 30 37 30 32 1 36 34 5 37 32 34 36 37 30 40 4 1 34 17 34 24 24 10 33 31 14 31 0 37 18 7 24 6 33 0 7 37 34 5 11 6 24 36 7 28 24 23 23 12 28 23 40 33 33 36 33 32 32
split_gain=4.38281e+08 1.21876e+08 6.3055e+07 4.89613e+07 4.62421e+07 4.76173e+07 3.6433e+07 3.35362e+07 3.16992e+07 2.75074e+07 2.03959e+07 1.99806e+07 1.53689e+07 1.45274e+07 1.41907e+07 1.41334e+07 1.40711e+07 1.24832e+07 1.19994e+07 1.17495e+07 1.17042e+07 1.14235e+07 1.24811e+07 1.12239e+07 1.06516e+07 1.04853e+07 1.00057e+07 9.85534e+06 9.72386e+06 9.06452e+06 8.97523e+06 8.68802e+06 9.96957e+06 9.30487e+06 8.4177e+06 8.33961e+06 8.25773e+06 7.79703e+06 7.77744e+06 7.77494e+06 8.79364e+06 7.48735e+06 7.26524e+06 7.22231e+06 6.99933e+06 7.22168e+06 6.94841e+06 6.93938e+06 1.43047e+07 7.47685e+06 6.81705e+06 6.71829e+06 6.55554e+06 6.48466e+06 6.46998e+06 6.46775e+06 6.42754e+06 6.39008e+06 6.27663e+06 6.26493e+06 6.18566e+06 6.37257e+06 6.18248e+06 6.1623e+06 6.11842e+06 7.70021e+06 6.43544e+06 6.09471e+06 5.9454e+06 5.91447e+06 5.89035e+06 5.73728e+06 5.6897e+06 5.62431e+06 5.62066e+06 5.61027e+06 5.56838e+06 5.55713e+06 5.54045e+06 6.1304e+06 5.45741e+06 5.39866e+06 5.35232e+06 6.47737e+06 5.2395e+06 5.19987e+06 5.18279e+06 7.23785e+06 5.07093e+06 5.04987e+06 5.02636e+06 4.97754e+06 4.95966e+06 4.77414e+06 4.85691e+06 4.75379e+06 5.8202e+06 5.02539e+06 4.75173e+06 4.72527e+06 4.6926e+06 4.90332e+06 4.69121e+06 4.68761e+06 4.68232e+06 4.68214e+06 4.62418e+06 4.6229e+06 4.61898e+06 4.60077e+06 4.59946e+06 4.97238e+06 4.5152e+06 4.63062e+06 7.46225e+06 5.26171e+06 4.51009e+06 4.45808e+06 4.6897e+06 4.45508e+06 4.45417e+06 4.44192e+06 5.23976e+06 4.40058e+06 6.84895e+06 4.33629e+06
threshold=0.010833333333333335 0.01404320987654321 4.5000000000000009 0.011697530864197532 8.5000000000000018 53.500000000000007 -7.4999999999999991 33.500000000000007 0.086111111111111124 0.098476102516739786 0.1202409638554217 5.5000000000000009 0.0078571428571428594 0.25595575723199099 0.3019850628930818 0.54166666666666674 3.5000000000000004 0.23194202898550728 -12.499999999999998 0.19166666666666668 0.013734567901234571 19.500000000000004 2.5000000000000004 0.086688137412775104 0.041666666666666678 6.5000000000000009 0.069444444444444461 0.0304465811965812 0.0049691358024691367 0.27435167615433276 -11.499999999999998 0.02548100949525238 0.01986879910315582 0.23194202898550728 10.500000000000002 0.0061419753086419766 6.5000000000000009 0.055250305250305255 14.500000000000002 0.01863085511982571 0.019169957419139898 0.022667945381829011 0.09039836567926457 16.500000000000004 0.061381475667189961 0.023240740740740746 0.021215628507295178 0.02757382292254823 0.018925082391713751 0.027184650455927054 0.55277777777777792 -7.4999999999999991 0.021915694233045836 -11.499999999999998 7.7985739750445842e-05 67.500000000000014 0.027380904635329884 0.016643851199538772 0.079156223893066008 0.026330917874396138 0.019920634920634925 0.023189856180766782 0.080555555555555561 14.500000000000002 31.500000000000004 0.021215628507295178 0.13055555555555556 0.069444444444444461 0.011388888888888891 0.60277777777777786 0.018293650793650796 0.027063229482584324 -13.499999999999998 0.025625000000000002 0.080555555555555561 0.1908263305322129 0.17500000000000002 0.035473834158044691 0.086111111111111124 0.0088095238095238105 0.080555555555555561 0.0039285714285714297 0.0007528703180877097 1.0000000180025095e-35 22.500000000000004 0.16944444444444448 2.5000000000000004 0.097222222222222238 0.021023264986551281 0.028100485470596456 5.5000000000000009 0.018793486932574852 0.00029172029172029194 5.5000000000000009 0.00098186837317272113 14.500000000000002 0.72500000000000009 1.0000000180025095e-35 3.5000000000000004 0.017595759022631739 0.02790758047767394 0.048747185902737751 120.50000000000001 8.5000000000000018 0.91944444444444462 0.075000000000000011 0.025158227848101272 0.29442724458204339 0.26352339181286555 0.02284047991463186 0.0058333333333333345 15.500000000000002 0.7861111111111112 0.034301384530614452 0.037378017462763237 0.024563687865497081 4.5000000000000009 0.1138888888888889 0.01401146441704521 0.0017892687377981495 0.01646411786499356 0.020368574152098477 0.024523809523809528 0.036365708900207683 0.037811131023496626 0.019367224367224371
decision_type=2 2 2 2 2 2 2 2 2 2 2 2 2 2 2 2 2 2 2 2 2 2 2 2 2 2 2 2 2 2 2 2 2 2 2 2 2 2 2 2 2 2 2 2 2 2 2 2 2 2 2 2 2 2 2 2 2 2 2 2 2 2 2 2 2 2 2 2 2 2 2 2 2 2 2 2 2 2 2 2 2 2 2 2 2 2 2 2 2 2 2 2 2 2 2 2 2 2 2 2 2 2 2 2 2 2 2 2 2 2 2 2 2 2 2 2 2 2 2 2 2 2 2 2 2 2
left_child=3 2 7 8 5 16 39 86 11 13 17 14 34 27 18 23 21 42 81 31 73 -3 37 30 -14 104 116 41 98 58 -5 32 51 -34 50 110 70 44 54 40 -7 52 46 -22 -23 -46 76 48 57 121 105 -11 -9 -24 80 -38 75 90 -30 119 61 93 -55 -57 -64 88 69 -40 91 -67 -19 -49 -41 117 108 -29 -8 -68 79 -25 -26 -1 99 -84 -27 -74 87 95 -66 -33 -15 -12 120 94 -56 -2 -97 -98 -10 -32 -70 -102 -28 -100 -17 -4 -48 -72 -37 -78 -20 -112 113 115 -115 -39 -13 118 -6 -43 -60 122 -50 -62 -125 -65
right_child=1 4 12 15 20 6 10 9 28 19 68 26 24 47 -16 25 -18 36 35 -21 43 22 53 78 38 84 102 56 29 -31 82 89 33 -35 -36 74 55 112 67 72 -42 59 -44 -45 45 -47 106 71 49 -51 -52 -53 -54 62 60 63 -58 -59 92 -61 123 -63 64 125 65 66 77 -69 100 -71 107 -73 85 -75 -76 -77 109 -79 -80 -81 -82 -83 83 -85 -86 -87 -88 -89 -90 -91 -92 -93 -94 -95 -96 96 97 -99 103 -101 101 -103 -104 -105 -106 -107 -108 -109 -110 -111 111 -113 -114 114 -116 -117 -118 -119 -120 -121 -122 -123 -124 124 -126 -127
leaf_value=9.5689774820966527 -11.985409640872742 -9.9823705077724583 -2.4712810922869206 -2.8721707768946936 14.615121374925307 -4.1534368917053897 5.3171942647334971 5.5761470606485819 3.4522134866146494 -4.9903674457458065 -6.7079687930465814 -7.6311861233098615 -10.23370908491048 16.719997972668907 -0.34395983484371062 0.5027535647721072 -9.8560695049890725 6.8414819826970756 8.312216923077635 5.1563276732459968 -8.5940554270314991 0.55420064215948606 -11.942875337174801 0.71210347642161631 4.6222406078638931 -5.3991184048791538 1.6950024167095785 -1.285824815977626 7.3806923707366838 2.907657738712341 2.7170101211978999 -7.7281518817523054 7.7233958358470778 -0.73908329148915575 -4.9314031466343486 3.1525460774663907 -7.6253791573201228 -3.5062273821741607 1.0321452550019368 -9.4240516344282508 8.3006323838386074 10.485069125783586 0.65475701755720195 -13.224661077153158 -0.66747527604551971 -7.6554165069375735 8.781504937946762 8.9049804195074973 -2.9394804944923192 -9.9251078680643623 -2.0366755465428095 0.2850417320685627 0.35850734466810469 -12.585720652571819 1.2785433288398171 0.91646750520816578 4.6597070481830727 9.6377001601353385 3.110859749731409 4.5338301325344128 -9.7627260461015641 1.5305571390441111 -9.3608168781560135 1.2715023913311836 -0.97615755981829988 -8.2745458397964029 1.7918045780334635 -10.192894952381545 -1.5332248017422943 -3.1464543886548899 2.1491417159174793 1.9802069959668647 -6.5027465508093432 -8.7372678221188202 5.8042063962002377 -20.18564224943162 12.501658932873216 -4.9393258857556335 1.7911548654768688 -6.9337759208867142 -2.9657801546594502 -2.1038100681561298 7.0984213629585113 -0.051341864436265476 -20.730374960294228 -0.0931531096819469 -6.1433077731512293 4.9839221006600658 13.327008867847727 -0.925887095199323 0.67802908518909621 4.8426340445503309 2.6527089790346916 -7.740965636000869 -6.9283122584247554 -9.0500014509509281 -12.916272194652004 0.74766154769970128 11.717300035448496 7.8303190974781138 -7.6433974741788662 4.6009010242963937 8.5443086684879006 7.3497479855290848 -4.6703236684982476 6.9045179363238338 2.6144476157784817 -4.0029969101806531 -9.756837546550452 28.613522995315385 4.9023357136100536 14.362131993348843 0.49758513507561225 4.0699497664695938 -6.1419683665722502 -9.6439352441929458 -1.2340699001625659 -6.0575276397164064 -1.4357934369086895 -0.2403599988150576 8.7210653623313199 1.5212260445496946 -20.183893862587794 5.364709171005325 -9.1403421977363521 -10.672467679981558
leaf_weight=112.5248150229454 146.7078891992569 1098.3836809396744 168.63235026597977 425.02613914012909 49.185154557228088 603.0670400261879 150.32254183292389 2405.4566406011581 328.84406936168671 1188.8061134815216 132.84440702199936 334.60277038812637 914.62483751773834 52.208022773265839 1524.3182717561722 3299.4373689293861 1756.8202758431435 492.40928918123245 2335.9966122508049 741.55284810066223 3945.3895028829575 1906.0181571245193 459.58189243078232 533.52868187427521 398.81824672222137 696.81401830911636 1976.9224129915237 601.53262609243393 6501.2041555047035 2150.1855475306511 635.6804946064949 768.18610596656799 595.1642479300499 715.13791388273239 664.79430043697357 4414.6403212547302 462.46242302656174 542.32650709152222 142.73028212785721 1225.0898577570915 185.2851819396019 1496.6666746139526 894.76542413234711 1070.5377887487411 768.84834372997284 712.22040188312531 450.6366800069809 445.27531391382217 741.88895279169083 310.84277808666229 624.15818130970001 1225.8116769790649 802.95934128761292 314.87745171785355 456.82911425828934 1139.5622259378433 604.73391723632812 371.99919748306274 558.20600557327271 877.32059609889984 739.00471019744873 576.1465071439743 821.04581326246262 113.51366263628006 479.63079571723938 1968.8769729733467 470.15030407905579 791.55299752950668 641.50818079710007 787.02784502506256 1209.4473571777344 911.23064541816711 1331.2998965978622 683.40367889404297 2802.5320833325386 42.007284581661224 127.0039039850235 881.61689394712448 1360.2105919122696 515.44049501419067 583.84999001026154 827.49189043045044 482.13584065437317 923.63678675889969 60.572482824325562 415.08291602134705 1257.2050755023956 311.84953480958939 71.161290407180786 423.13007032871246 754.4400879740715 313.09877777099609 1554.2832691669464 678.07845258712769 297.8018644452095 254.14784818887711 73.642139375209808 780.27216845750809 1432.6820687651634 1562.0860332250595 1170.2563681602478 87.905854105949402 286.18498295545578 1075.562847673893 504.27941977977753 632.99066489934921 933.87550818920135 408.48482882976532 70.395635485649109 68.047189593315125 2879.3707377314568 145.95384520292282 320.29352688789368 266.74050492048264 543.1975023150444 980.476313829422 1560.4253759980202 657.4723836183548 608.66501319408417 103.51692271232605 966.12880223989487 693.98205655813217 46.831546425819397 144.11833268404007 186.94844096899033 229.88691532611847
leaf_count=135 111 845 255 604 47 702 206 3153 470 1522 161 436 824 51 2195 4699 1308 637 2714 931 3137 2289 333 804 496 924 2938 810 7838 2905 849 934 708 961 840 6262 488 590 182 1070 221 1690 1090 557 939 604 567 537 978 347 849 1614 1131 220 677 1421 860 426 737 1189 704 840 657 131 581 1708 569 738 764 922 1630 1248 1389 528 3619 28 134 910 1849 653 775 1289 657 1326 25 515 1379 373 94 585 1021 366 2085 835 368 271 74 985 1383 1949 1196 125 326 1270 626 864 1254 465 91 26 3919 136 379 347 558 815 2413 666 730 150 1104 961 29 187 196 231
internal_value=-4.56802e-09 -2.69947 -0.225259 3.77463 -4.66366 -3.75229 -1.50527 1.29209 4.71661 2.13389 0.217346 3.3861 -3.96965 3.56274 4.23058 0.876558 -5.64876 1.62573 4.74372 -0.710484 -8.2931 -5.09685 -4.66037 2.38521 -5.27294 -1.25281 0.316741 4.98153 6.4768 5.84148 3.99969 -1.59542 -0.406728 3.10474 -0.285002 5.14876 -0.112997 -3.03929 -4.36474 -5.64066 -1.22638 5.86474 4.3125 -9.58235 -1.44939 -4.02786 6.20443 1.28995 -0.0625089 -2.87445 1.88146 -2.31224 4.27035 -6.22601 -3.41856 -2.46281 0.958502 4.21642 6.49998 7.92951 -4.54596 -2.91029 -5.77257 -0.852858 -5.38106 -4.67964 -5.42402 -8.47805 -3.79379 -6.81007 2.05318 4.25328 -6.8118 -5.05763 4.04758 -2.51952 12.5491 -2.59821 -0.314494 -3.04491 0.113836 -0.706518 4.81021 2.4008 -6.62525 -4.9793 -3.75213 -1.83322 0.871784 -5.31213 1.7163 1.40176 4.64014 -4.69612 -1.96015 -3.52749 -2.40766 -0.430725 9.10353 6.35135 -5.01343 -6.78791 2.56114 9.84445 -0.183069 4.93219 4.62173 0.59589 2.94992 18.1226 6.64559 5.35871 -5.06909 -5.83342 -2.77883 -7.45807 -2.3636 -3.14579 -0.235723 9.79123 6.66663 -1.39631 -3.9634 -7.61661 -2.82608 -6.7243
internal_weight=107533 62695.4 27745.6 44837.3 34949.8 27935.2 12785.9 19744.5 33838.5 16920.7 9026.03 19271.4 8001.08 11262.9 15113.2 10998.8 15149.3 6680.42 13588.9 5657.79 7014.65 13392.5 12294.1 6437.75 5910.5 4561.1 4158.14 6934.19 14567.1 11730 4028.57 4916.24 3724.92 1310.3 2090.58 12648.9 4055.77 6040.12 4995.88 3759.82 788.352 5685.92 2624.65 5015.93 3387.09 1481.07 1729.89 4328.7 2972.19 1793.55 1425.78 2414.62 3208.42 6253.97 4061.6 1945.43 1248.27 1178.65 9579.82 2477.5 3078.93 2008.86 5794.39 1482.96 5479.51 4658.46 4107.67 934.283 2345.61 2755.9 2110.34 1356.51 2971.47 1998.73 7287.57 643.54 345.374 1351.77 2409.18 1048.97 982.668 940.017 3603.54 1405.77 757.387 1746.38 2823.82 1566.62 550.792 1191.32 806.648 445.943 3078.62 1432.71 754.631 1254.77 1108.06 853.914 2837.09 2197.77 1899.67 1258.16 2263.11 2508.24 3803.72 801.623 1384.51 1617.93 4485.04 195.051 5361.32 3025.32 2653.03 2332.74 809.938 1522.8 1895.03 1315.32 657.85 1600.18 1524.33 1482.7 788.72 1070.07 331.067 343.401
internal_count=129039 69809 34687 59230 35122 29457 14789 25057 44265 21864 10892 26473 9630 14609 20360 14965 14668 8280 18165 7255 5665 13360 12515 8691 6822 6274 6113 9011 17792 14669 5385 6324 4805 1669 2808 16741 5003 6521 5998 3897 923 7313 3277 3694 3832 1543 2187 5598 3813 2315 1968 3136 4284 5994 5078 2271 1698 1498 11764 3029 3807 2720 5661 1783 5441 4784 4109 920 2612 2630 2732 1785 2974 1971 9972 838 366 1479 3306 1457 1271 1424 4781 1983 949 1904 3193 1814 675 1519 1072 527 3926 1880 1045 1441 1330 1059 3123 2798 2085 1321 3264 2653 5325 1119 1821 2095 6353 160 6769 4055 2689 2310 905 1405 2849 1443 777 1840 1841 1968 1007 1087 383 362
is_linear=0
shrinkage=0.05


Tree=21
num_leaves=127
num_cat=0
split_feature=38 38 34 46 33 27 11 34 38 33 25 27 44 11 5 2 5 45 2 39 33 27 39 14 11 39 5 42 39 0 0 16 38 44 8 24 16 25 0 11 24 11 21 17 0 13 33 5 38 11 14 28 0 28 15 11 24 39 14 11 0 8 0 39 15 25 39 2 5 34 8 38 42 27 11 42 27 22 14 42 34 33 34 38 21 27 14 0 16 9 14 24 22 0 39 11 13 5 33 0 11 7 15 44 28 24 38 37 22 37 18 42 30 10 5 15 31 42 27 34 38 33 43 39 39 39
split_gain=3.96828e+08 1.03779e+08 6.92447e+07 4.57046e+07 4.51429e+07 3.02389e+07 2.85674e+07 2.84265e+07 2.18434e+07 2.14738e+07 1.93738e+07 1.89208e+07 2.17195e+07 1.58219e+07 1.57067e+07 1.52531e+07 1.45037e+07 1.3272e+07 1.23452e+07 1.22954e+07 1.17457e+07 1.06823e+07 1.04749e+07 1.08106e+07 1.00179e+07 9.62059e+06 9.13123e+06 9.10296e+06 9.08202e+06 8.90511e+06 8.56249e+06 8.50213e+06 8.41481e+06 7.72016e+06 7.63587e+06 7.52346e+06 7.49001e+06 7.15723e+06 7.06631e+06 7.05972e+06 8.64082e+06 6.76992e+06 6.68122e+06 6.62222e+06 6.58696e+06 7.33268e+06 6.5602e+06 6.5344e+06 6.18352e+06 6.12232e+06 6.66527e+06 6.11221e+06 5.93241e+06 5.89232e+06 5.83256e+06 5.77358e+06 5.64249e+06 7.78737e+06 5.58418e+06 5.56366e+06 5.55962e+06 5.44139e+06 5.38049e+06 5.30335e+06 6.78249e+06 6.204e+06 6.02702e+06 5.27249e+06 5.26991e+06 5.26839e+06 5.23792e+06 5.23564e+06 6.05235e+06 5.08419e+06 6.37642e+06 6.0513e+06 5.06574e+06 5.05309e+06 5.05113e+06 4.97134e+06 4.93729e+06 4.84451e+06 4.82712e+06 5.45834e+06 6.28456e+06 6.71816e+06 4.80344e+06 5.82724e+06 6.38677e+06 5.70011e+06 4.76782e+06 4.7396e+06 4.71302e+06 4.67422e+06 4.65083e+06 4.60217e+06 4.60051e+06 4.54664e+06 4.54221e+06 4.53581e+06 4.5186e+06 4.47014e+06 4.35002e+06 5.10151e+06 4.33006e+06 4.26489e+06 4.50724e+06 4.23495e+06 4.22664e+06 6.24877e+06 4.18623e+06 4.14541e+06 4.13687e+06 4.13281e+06 4.09578e+06 4.09467e+06 5.64823e+06 6.0216e+06 4.24432e+06 4.58978e+06 4.07674e+06 1.2116e+07 4.33772e+06 4.33486e+06 4.07655e+06 4.06346e+06
threshold=0.015648148148148151 0.0078571428571428594 0.30277777777777787 1.0000000180025095e-35 0.01478298035972399 0.013263888888888889 0.28402076318742991 0.069444444444444461 0.024523809523809528 0.023528542249514148 0.10833333333333335 0.028055555555555559 1.0000000180025095e-35 0.22869249394673127 0.087228260869565227 -1.0000000180025095e-35 0.098476102516739786 1.0000000180025095e-35 1.0000000180025095e-35 0.021635802469135806 0.027908611397885186 0.0061419753086419766 0.028055555555555559 10.500000000000002 0.31494165398274993 0.034506172839506181 0.036811201445347795 1.5000000000000002 0.026150793650793657 80.500000000000014 90.500000000000014 3.5000000000000004 0.062283950617283958 1.0000000180025095e-35 2.5000000000000004 0.03105388869120838 2.5000000000000004 0.16388888888888892 59.500000000000007 0.21886405109489054 0.02284047991463186 0.27315608919382511 39.500000000000007 3.5000000000000004 15.500000000000002 13.500000000000002 0.017293601629596356 0.20431354359925794 0.051759259259259276 0.22119639210347178 11.500000000000002 0.18055555555555558 61.500000000000007 0.086111111111111124 7.5000000000000009 0.31057781919850891 0.022135286471199493 0.011388888888888891 9.5000000000000018 0.23739406779661018 35.500000000000007 4.5000000000000009 45.500000000000007 0.022500000000000003 6.5000000000000009 0.080555555555555561 0.012738095238095239 -1.0000000180025095e-35 0.060120481927710849 0.036111111111111115 3.5000000000000004 0.021049382716049388 1.0000000180025095e-35 0.032314814814814817 0.24583217560433457 1.5000000000000002 0.018425925925925932 31.500000000000004 8.5000000000000018 1.5000000000000002 0.11944444444444445 0.023277039454655243 0.13611111111111115 0.028950617283950621 32.500000000000007 0.016944444444444446 8.5000000000000018 95.500000000000014 2.5000000000000004 6.5000000000000009 4.5000000000000009 0.043699197704864585 26.500000000000004 22.500000000000004 0.02194444444444445 0.28402076318742991 1.0000000180025095e-35 0.09491634491634493 0.02644765874264551 42.500000000000007 0.19837990292535748 7.5000000000000009 9.5000000000000018 1.0000000180025095e-35 0.40833333333333338 0.026570346844205801 0.036265432098765434 0.51388888888888895 36.500000000000007 0.64166666666666672 3.5000000000000004 1.5000000000000002 0.015493827160493828 8.5000000000000018 0.2312382739212008 17.500000000000004 -2.7280434472396489e-05 1.5000000000000002 0.023395061728395065 0.21944444444444447 0.029537037037037039 0.03979906223143969 1.0000000180025095e-35 0.022500000000000003 0.003402777777777778 0.0049691358024691367
decision_type=2 2 2 2 2 2 2 2 2 2 2 2 2 2 2 2 2 2 2 2 2 2 2 2 2 2 2 2 2 2 2 2 2 2 2 2 2 2 2 2 2 2 2 2 2 2 2 2 2 2 2 2 2 2 2 2 2 2 2 2 2 2 2 2 2 2 2 2 2 2 2 2 2 2 2 2 2 2 2 2 2 2 2 2 2 2 2 2 2 2 2 2 2 2 2 2 2 2 2 2 2 2 2 2 2 2 2 2 2 2 2 2 2 2 2 2 2 2 2 2 2 2 2 2 2 2
left_child=1 7 3 8 15 10 11 14 9 30 16 12 22 52 34 24 28 25 79 39 63 -17 23 29 36 61 108 38 55 68 58 37 -20 49 -1 71 44 70 114 92 98 60 -28 120 -3 56 -37 69 73 -23 -51 124 97 -32 -54 86 110 -58 62 99 67 -11 -2 64 65 -15 -66 -36 93 -16 -10 104 -73 74 75 -39 102 -27 -68 -4 -14 -18 111 84 85 -84 89 88 -88 -6 -61 101 -9 -5 -83 -85 -59 -7 -41 -30 -62 -65 103 -64 -24 -13 -107 -91 -21 -110 -46 -72 -63 -40 -12 116 117 -22 -118 -120 121 123 -122 -8 -25 -94
right_child=2 4 18 6 5 13 43 19 31 17 27 105 80 20 47 21 81 -19 32 26 115 33 35 51 -26 77 42 -29 59 -31 53 -33 -34 -35 41 46 -38 48 113 40 -42 -43 -44 -45 45 -47 -48 -49 -50 50 -52 -53 54 -55 -56 -57 57 96 -60 90 100 112 76 91 66 -67 78 -69 -70 -71 82 72 -74 -75 -76 -77 -78 -79 -80 -81 -82 94 83 95 -86 -87 87 -89 -90 107 -92 -93 125 -95 -96 -97 -98 -99 -100 -101 -102 -103 -104 -105 -106 106 -108 -109 109 -111 -112 -113 -114 -115 -116 -117 118 -119 119 -121 122 -123 -124 -125 -126 -127
leaf_value=-1.2145658027284669 -7.8829461693852494 -9.4096008648244975 8.5937792538715918 -12.002400062196491 3.9717848162461653 1.5209739007042138 -0.85479458307444711 13.20880174817961 -5.5077773444711866 2.9479317004662029 4.4302102468453786 -9.5661617194221478 -7.232399078656444 -3.3654678746360114 -3.7691024003601612 1.2916655499309422 -2.6130968295085979 6.1099354138114483 2.1078642113823234 7.0725640155745317 12.113792783456134 -0.4351401972990061 -4.9996484113438857 8.0456231799423943 -5.0847311583547459 -9.072857956632479 2.173628398060341 2.162243003229587 -2.0125908689026617 7.7411853836179461 4.2439063078271664 -11.545133163250611 -8.5773835447261568 -7.6843720221172749 4.8613816477339098 19.272192771908966 -3.6386039589915136 22.251510161388445 11.63809511726363 3.6908478167301819 9.2466557438449311 1.5824550608675885 6.9871953250148309 -7.9790053609877321 3.2697525278167383 -2.9021929763779521 0.61552319494157992 -5.197351269067612 -12.459636541290227 -3.3189048496114104 -9.3890022736402354 -4.2165795724325115 7.7883454779706884 -4.7458335148911193 2.1652516347575772 -1.8179759612081821 13.579149066031176 -2.2865317551828035 -11.564216258089267 0.86683168850048475 8.0741820755708797 2.3805112369758423 -2.8207976625019597 -6.9745262140077884 0.048617962185591654 5.4805664685090862 -2.3520997262109393 -2.3457232145367448 -1.2967998731415209 2.0128307753628127 -11.94530455746353 -8.3140109162372156 -1.9558486702427242 -6.0420244952714111 -4.0819559885440047 2.7706324417711201 -7.6590595033178985 -2.8925510987246534 -11.435106571723015 1.7638855459756444 -2.0168940168321496 6.0691171041405214 19.086668919647209 -6.2597784350076466 -6.8769417748196906 -3.6998768511881353 0.71356237333875605 4.9992052062586314 -15.232638000552146 7.371423350339807 -4.7213003331376671 1.592983476127741 11.724281999842479 3.8576624458297766 -0.78160692398492648 -12.795176257658952 5.3186701643617118 -4.7658705690813266 8.6708559860731373 4.34917676600005 4.8015479806110246 -1.794947990123815 -10.164938225808895 6.4408985086869954 1.4575657557818289 -3.1630932756979373 -8.6314354711302474 15.969920280664148 4.0719974415491516 -14.358863108404861 -0.60343245093087727 -7.8945762945265221 -5.1049953024464516 7.0801938364987382 -9.8145752815647676 -12.847298438922932 1.4114388410639132 0.91234754462048095 -8.801023074234859 7.3320201107720111 -12.380243001290026 8.8762171752572687 -3.6485569859249019 -6.2332522587328798 -0.10585967575199612 7.2468351848801094
leaf_weight=683.11271911859512 2993.1184560656548 136.78740650415421 1099.3611690998077 47.746973156929016 1561.0280286073685 1192.9152219891548 551.89474588632584 592.26094901561737 1348.8636047840118 739.09481298923492 1521.2886605262756 532.0987121462822 1364.4780304431915 322.82568526268005 501.5519762635231 970.55897170305252 1884.8465557098389 487.25561827421188 972.53438574075699 3360.1335383653641 235.10980701446533 1266.2229425907135 397.07126587629318 183.1696942448616 871.06524050235748 657.17394387722015 3562.0938765406609 1546.8281938433647 354.38912457227707 846.05720430612564 277.22207832336426 1546.7014488577843 227.32062244415283 1345.1481564044952 587.67165970802307 48.94710373878479 861.96449244022369 50.111277461051941 651.28311198949814 2478.5433659553528 1501.6725404262543 1778.2997040748596 903.78078782558441 2411.0746213197708 1350.531746327877 729.51801133155823 1261.0290777683258 570.07783550024033 188.26804345846176 2028.936883866787 581.95086830854416 955.78175938129425 700.90089595317841 532.21661353111267 1348.2116473913193 353.921491086483 230.96519041061401 263.07896786928177 640.57632428407669 1123.4855324625969 1499.8079915642738 263.16533100605011 718.51405030488968 1586.6242340803146 530.64296269416809 513.4423006772995 285.42683053016663 446.62718099355698 886.05069804191589 1836.8763573765755 1633.0172880291939 780.56680941581726 719.08845472335815 552.3250760436058 304.36484402418137 194.92334002256393 712.50807404518127 665.81266236305237 330.06047928333282 351.65553069114685 679.86527627706528 376.51896607875824 63.393821895122528 833.58494925498962 186.67852538824081 66.048343241214752 586.56966716051102 1060.6623109579086 70.320164203643799 1207.205951333046 578.11965894699097 255.13035863637924 662.87418329715729 1717.8700968027115 724.33791697025299 397.98642063140869 814.46985369920731 378.93764108419418 561.62827599048615 1338.0391935706139 3554.4096761345863 564.85148805379868 147.44577884674072 187.47615605592728 750.01884520053864 1505.7551997900009 502.6049976348877 162.47293841838837 352.95211440324783 52.877517521381378 1443.0639239549637 1029.9501432776451 618.04794955253601 2104.126292347908 52.193286061286926 49.758838057518005 1237.9382548332214 245.00873357057571 215.38502639532089 55.431851446628571 284.27229189872742 187.61596930027008 284.66694974899292 1166.3463115692139 942.97596365213394 2151.176865696907
leaf_count=1001 2595 123 1320 45 2024 1646 641 512 1194 829 2018 427 1351 416 699 1325 2619 563 1360 4106 271 1805 504 208 1089 594 4886 2313 517 1020 310 914 233 1479 771 40 1100 37 691 3300 1649 2558 1134 2246 1820 1029 1668 746 114 2745 705 1211 898 579 1831 483 235 321 488 1646 1816 305 874 1857 710 665 352 636 1100 2697 965 721 882 500 309 240 606 763 341 436 774 488 57 657 186 62 821 1372 78 1548 833 378 618 2219 1066 250 1062 482 610 1807 4839 737 128 217 1043 1636 441 166 509 67 2031 784 672 2463 56 49 1652 349 238 72 180 243 304 1224 1216 2578
internal_value=-3.06164e-09 2.32339 -3.97081 -4.52947 0.701856 1.85323 -2.81863 4.68194 -6.33243 -4.70848 3.12288 -1.67842 -0.821205 -0.327291 2.77647 -1.73641 1.91921 -1.5336 3.83576 6.03137 -1.81642 -3.52533 0.181361 1.57682 -0.0832679 -2.79897 4.677 5.45453 2.98355 3.2748 -6.46261 -8.19688 0.083472 -4.42058 3.85617 -1.78647 0.663956 -7.4408 6.63096 7.43407 6.14358 4.29649 3.14777 -6.11406 1.4104 1.71673 1.31263 -0.397446 -4.08545 -3.28821 -4.67189 -1.27586 2.3161 -1.66697 4.08864 4.33811 2.53815 5.24768 -7.18151 0.987181 5.08919 -0.215924 -6.59159 -3.27312 -1.35812 2.06572 -3.85631 1.74924 1.84972 0.772707 -8.21935 -3.32034 -5.26526 -2.65443 0.7512 6.75461 -4.40285 -5.96253 -7.22294 6.93855 -5.49793 -1.07388 -9.08799 -6.86734 -1.00649 7.45975 4.80684 2.70726 -0.993481 6.03731 -1.03173 -4.85057 9.15477 3.42876 1.5615 -8.37171 3.46189 0.00536002 4.61083 3.01704 5.77268 -5.61467 -2.20046 -0.904279 -0.777633 -5.58607 -4.53158 8.39139 6.49043 1.67055 1.26901 -10.3786 -2.86953 8.15752 3.9577 1.31972 1.67416 6.3976 0.171064 -5.49885 -4.29714 -3.18836 -8.01137 -4.50571 1.21999 8.30154
internal_weight=107533 67838.9 39693.8 37042.9 40200.5 27306.2 19007 27638.4 18035.8 9639.63 17257.6 14121.2 11580.7 10048.6 11458.4 12894.3 11381.9 3430.55 2650.87 16180 6427.64 6192.82 9536.37 5579.65 6701.44 2943.29 8231.84 5875.72 8396.21 3497.72 6209.08 8396.22 1199.86 5222.26 8549.93 3956.72 5830.38 6849.52 4328.89 7948.16 4541.84 7866.82 4465.87 4885.87 4968.42 4831.63 1309.98 2908.51 1289.99 3877.11 2610.89 2081.93 3620.97 809.439 2049.11 5002.18 4102.11 1308.51 5399.64 3394.03 6088.52 1620.31 4759.06 4389 1982.4 836.268 1146.13 1034.3 2651.67 2338.43 5559.52 2646.75 1499.66 1101.72 549.399 245.035 1765.94 1322.99 615.487 1451.02 2044.34 2985.7 4210.66 1547.69 316.121 129.442 4648.26 1717.55 656.89 2930.71 1701.61 2406.61 3406.31 1765.62 1100.86 1231.57 1077.55 1571.85 3040.17 1692.43 5054.22 2151.48 1053.44 905.99 1147.09 2540.46 2008.36 1369.68 3765.96 405.83 2793.6 2662.97 881.213 2755.41 1573.48 2038.63 1988.87 480.119 1508.76 270.817 2474.8 1905.86 568.939 1718.24 1126.15 2814.05
internal_count=129039 88554 40485 37136 52822 35953 21344 35732 15792 9523 23009 16506 14002 12944 15763 16869 15468 3726 3349 19969 8087 8059 11877 7019 8810 3163 10702 7541 11295 4384 5797 6269 1593 6734 11621 4858 7721 5355 5228 9267 5559 10620 6020 4838 6621 6498 1708 4142 1200 5255 3450 2635 4857 889 2729 6492 5469 1618 4908 4803 8062 1806 4420 5456 2484 1081 1403 1407 3364 3396 4155 3150 1603 1086 586 277 1825 1357 693 1756 2125 4173 2961 1212 305 119 6009 2271 899 3738 2479 2972 3708 2264 1554 907 1383 2128 3910 2324 6655 2594 1219 1091 1547 2504 2077 1714 4682 576 3851 1749 977 3154 2074 2631 2582 620 1962 310 2592 2108 484 1865 1424 3196
is_linear=0
shrinkage=0.05


Tree=22
num_leaves=127
num_cat=0
split_feature=38 27 1 1 0 27 5 1 34 38 1 0 32 11 34 14 30 14 0 1 0 5 34 6 11 33 34 47 32 0 38 1 30 1 33 34 38 11 24 23 32 30 40 1 22 24 3 6 37 22 1 30 32 34 42 11 33 40 33 27 6 5 32 34 0 11 32 11 33 1 14 33 32 12 5 24 32 8 1 22 24 27 9 6 14 33 24 21 37 11 37 18 8 24 33 33 0 6 33 32 14 25 1 12 33 32 32 34 32 11 30 0 32 0 23 1 40 14 30 6 38 11 14 40 33 32
split_gain=3.59592e+08 1.02092e+08 7.33654e+07 5.39422e+07 6.29988e+07 4.20911e+07 3.07266e+07 2.8168e+07 2.49463e+07 2.04945e+07 1.99437e+07 1.82132e+07 1.81945e+07 1.68885e+07 1.53204e+07 1.50805e+07 1.39597e+07 1.39517e+07 1.76061e+07 1.3898e+07 1.44617e+07 1.26751e+07 1.18557e+07 1.16097e+07 1.1585e+07 1.13193e+07 1.05832e+07 1.04581e+07 1.03336e+07 9.30548e+06 9.24338e+06 9.02916e+06 8.94181e+06 8.84581e+06 8.81726e+06 8.79811e+06 8.56488e+06 9.50311e+06 8.55013e+06 8.68918e+06 8.53116e+06 8.14524e+06 8.06866e+06 7.86372e+06 7.3849e+06 7.27956e+06 7.0168e+06 6.99027e+06 6.94099e+06 6.93667e+06 6.9108e+06 8.69435e+06 6.75711e+06 9.15552e+06 6.67075e+06 6.48337e+06 1.02667e+07 6.33463e+06 6.15993e+06 6.12073e+06 6.04002e+06 5.97507e+06 5.97136e+06 6.65439e+06 5.90718e+06 5.86311e+06 5.79824e+06 5.54306e+06 5.5402e+06 5.53949e+06 5.45723e+06 5.44638e+06 6.34532e+06 5.42564e+06 6.57799e+06 5.41545e+06 5.3739e+06 6.44136e+06 5.3721e+06 5.2521e+06 5.25174e+06 6.24122e+06 5.11667e+06 5.10417e+06 5.07635e+06 4.99937e+06 4.99142e+06 4.8762e+06 4.86864e+06 4.86022e+06 4.85959e+06 5.14115e+06 5.68269e+06 5.19039e+06 4.85104e+06 5.02139e+06 4.82406e+06 4.82135e+06 4.74315e+06 4.67328e+06 4.69885e+06 4.65074e+06 4.64696e+06 6.712e+06 4.64308e+06 6.49117e+06 4.63611e+06 5.60415e+06 4.6284e+06 4.62053e+06 4.61877e+06 4.56635e+06 5.59059e+06 4.53593e+06 4.4893e+06 4.4843e+06 4.46817e+06 5.97647e+06 4.39982e+06 4.3779e+06 4.28716e+06 4.25187e+06 4.24466e+06 5.36531e+06 6.12349e+06 5.19132e+06
threshold=0.010833333333333335 0.0094841269841269855 4.5000000000000009 -6.4999999999999991 62.500000000000007 0.0061419753086419766 0.052289815447710192 7.5000000000000009 0.097222222222222238 0.020069444444444449 -10.499999999999998 63.500000000000007 0.025597183317771555 0.21225529632609283 0.48055555555555562 10.500000000000002 0.0061419753086419766 6.5000000000000009 31.500000000000004 3.5000000000000004 33.500000000000007 0.040956108470785575 0.069444444444444461 0.037855266300453792 0.21960458240946049 0.015408789406865421 0.13611111111111115 1.0000000180025095e-35 0.023769970951343502 17.500000000000004 0.022808641975308644 -12.499999999999998 0.0039285714285714297 13.500000000000002 0.032374110615331859 0.22500000000000001 0.0045370370370370382 0.29442724458204339 0.031287694837954322 0.031036565050807933 0.015464214214214216 0.014365079365079367 0.00074346174569959761 -12.499999999999998 31.500000000000004 0.021678595609970097 1.0000000180025095e-35 0.071008403361344549 0.075000000000000011 26.500000000000004 15.500000000000002 0.0064153439153439165 0.040827294685990341 0.13055555555555556 1.5000000000000002 0.24019230769230773 0.028627532593229626 0.0011111111111111135 0.031149896280577589 0.02194444444444445 0.048900047824007663 0.092688048873615897 0.03149744572158366 0.097222222222222238 74.500000000000014 0.28292357537640561 0.023021094402673355 0.22816552250190694 0.079887970553026669 21.500000000000004 22.500000000000004 0.027908611397885186 0.0207276445179671 1.0000000180025095e-35 0.068337484433374854 0.042990766125970054 0.017626363100501034 7.5000000000000009 10.500000000000002 25.500000000000004 0.024600216524192205 0.021635802469135806 1.5000000000000002 0.12778327560613559 23.500000000000004 0.018023825678729059 0.031542848957489787 23.500000000000004 0.19722222222222227 0.16619047619047619 0.91388888888888897 3.5000000000000004 16.500000000000004 0.027726519583577174 0.023277039454655243 0.024162032157315275 60.500000000000007 0.15170694284618338 0.016737375726538214 0.034819331526648602 8.5000000000000018 0.19166666666666668 1.5000000000000002 1.0000000180025095e-35 0.030899138344450908 0.036990087006133224 0.025020128824476653 0.052777777777777785 0.0304465811965812 0.16139050290522944 0.0029320987654320994 15.500000000000002 0.016054205246913585 33.500000000000007 0.024452160493827164 -5.4999999999999991 0.00039755197649934498 10.500000000000002 0.003402777777777778 0.2085622710622711 0.016080246913580249 0.26106541323932636 6.5000000000000009 0.00047319133252201912 0.033741053878459548 0.033151135005973727
decision_type=2 2 2 2 2 2 2 2 2 2 2 2 2 2 2 2 2 2 2 2 2 2 2 2 2 2 2 2 2 2 2 2 2 2 2 2 2 2 2 2 2 2 2 2 2 2 2 2 2 2 2 2 2 2 2 2 2 2 2 2 2 2 2 2 2 2 2 2 2 2 2 2 2 2 2 2 2 2 2 2 2 2 2 2 2 2 2 2 2 2 2 2 2 2 2 2 2 2 2 2 2 2 2 2 2 2 2 2 2 2 2 2 2 2 2 2 2 2 2 2 2 2 2 2 2 2
left_child=5 8 3 14 6 26 17 10 19 22 44 21 55 83 27 41 85 18 62 20 111 29 -4 46 116 40 36 31 43 -12 38 32 -3 65 -14 52 79 78 -8 -40 45 -15 59 -22 118 70 86 102 -25 -21 51 -24 53 69 71 -10 -57 58 106 94 121 -62 63 -5 -17 82 -55 -35 -64 -11 -26 72 87 -53 96 -68 77 98 97 -1 81 -49 -18 -6 110 -9 113 -27 -80 -65 91 92 -23 -93 -33 -96 109 -38 -29 100 -37 -78 115 -104 -32 -106 107 -50 -30 -75 -66 -2 -113 -20 -82 -31 117 -13 -7 -45 -63 -43 123 -41 -125 -126
right_child=1 2 9 4 13 7 30 16 12 35 11 24 34 15 -16 64 33 -19 23 49 28 90 50 48 25 54 -28 76 108 47 104 42 -34 67 -36 99 37 -39 39 122 -42 60 -44 119 -46 -47 -48 80 57 -51 -52 73 -54 66 -56 56 -58 -59 -60 -61 61 120 68 89 84 -67 75 -69 -70 -71 -72 -73 -74 74 -76 -77 101 -79 88 -81 114 -83 -84 -85 -86 -87 -88 -89 -90 -91 -92 93 -94 -95 95 -97 -98 -99 -100 -101 -102 -103 103 -105 105 -107 -108 -109 -110 -111 -112 112 -114 -115 -116 -117 -118 -119 -120 -121 -122 -123 -124 124 125 -127
leaf_value=12.887329732836367 -12.040733667578039 5.9109688142531809 -7.2640883497566548 -3.3620775661428115 8.1103018407960636 6.8843146142050804 -4.6981955050484547 1.6224716730970681 8.4758615147041052 -8.7081763974609085 -5.2476597260030147 11.090015892343054 -2.5098014518644263 7.6651740693755928 5.9787501947242037 -12.577003151986844 -12.044964772353733 -9.7718816242439033 -6.7186317611073338 -11.083261502183753 -2.9015011247264719 1.8742507878166426 6.4400287108458603 -10.38099336840788 1.3931254057012268 -9.0767623597859455 8.9179864653319694 -8.0427318336070783 -2.2563126109876315 2.6217580104899585 -8.8886675539404703 -1.9775730630568422 -7.6224625704124538 -0.99966371790557107 3.0483552913309566 8.2160376820914447 5.6703159288853975 -0.62884001276921875 7.2377883508752179 10.063070981288028 -5.1744228289067582 7.673495096759483 -6.5578856907393375 4.495192090431952 1.3398833349187069 7.99632311340158 0.77300744538118504 0.51513794945681546 -3.5498164767046299 -2.7971749610585843 -7.4360308983675285 -6.832030220962543 -12.119892753852758 5.0957852513447577 0.6326202032111462 0.52401640140486538 9.5324785695986218 -2.2513475642533249 7.3166222108125787 -4.9304932744845607 1.9563133110978144 2.2663976686518654 -9.490143996301331 19.926483618917999 13.051974816694381 -4.5036537305194804 -6.6121731996162074 -7.9406925924914136 5.2767070093146238 -15.690835863276348 -12.086394524809096 9.7494175513742913 0.55868290636811424 13.971960974261137 -3.6673346587245454 3.9538095978422776 -10.013731959336496 8.2271210284961178 5.1550365393323538 6.6528162579266201 10.272188783787245 -16.487117066339845 1.0836113093392432 1.8333842167003056 -10.285686480148465 9.0710743648314729 10.452191849552971 6.6488991551250756 -4.501949260564527 1.9599430853367033 -5.512950183844648 -4.0730811527412651 -17.257928109738415 3.1679777464640453 15.868389747340078 1.86997745702257 4.4852190707883333 1.2400293257573951 5.6152977045544255 -6.2825470891067505 -3.450916782630693 -2.9392307515061749 -9.8438944251046152 3.5527154594564863 -0.10898096169247684 -6.9553068067485952 -3.4590688106810741 4.676748562024736 -15.66997001790484 -3.0028597958248651 -1.1195066977320358 1.5561238353724542 -6.8003086665699319 5.4477078819455729 2.3895530157658484 6.964345843973712 4.880748135690208 6.3336902690274757 -4.9885803184513158 -4.0601612174111583 -8.6125748293633375 0.7182754480270046 -13.451964249455674 -5.979241463237611 15.765290530628135 -0.64719071486404733
leaf_weight=392.62500834465027 171.10657304525375 128.78215754032135 2481.8830455541611 1499.1360829472542 1631.3413118124008 84.203398406505585 3377.5704982876778 575.36802268028259 1735.6061679124832 4029.4790323376656 283.54826658964157 1123.6165062785149 1122.7480283975601 857.56344974040985 291.04426628351212 127.70834439992905 76.89349639415741 389.09862774610519 86.016980350017548 291.03944945335388 465.94761496782303 3966.0820819139481 268.62249672412872 163.59187215566635 1251.3336240053177 50.434556365013123 2195.4346690773964 450.81441593170166 547.98853808641434 760.11809015274048 1526.9287073612213 1154.3672548532486 2335.9667148590088 431.5642004609108 1957.6662504076958 135.68165183067322 6544.1520272493362 863.9572628736496 321.4522790312767 92.600539982318878 465.95083498954773 609.67558324337006 1166.2936928868294 2958.5098262429237 1346.1479845046997 440.99878233671188 846.64889568090439 1354.4306002259254 284.56347876787186 1911.1553274989128 761.9703763127327 705.8200209736824 1172.617075741291 133.92826497554779 666.79721039533615 853.65734004974365 502.42481034994125 1534.5286699533463 431.06642878055573 928.23415631055832 1162.467780649662 134.57046794891357 569.92431408166885 48.874714434146881 59.848812758922577 744.92827850580215 1462.2469189167023 862.45864897966385 71.48367166519165 305.57199841737747 79.879997611045837 788.81707745790482 615.26979619264603 42.874742090702057 2138.5248962640762 132.23731559514999 2080.0100630521774 91.984414160251617 245.1059877872467 2419.4490025043488 261.02679026126862 56.21575391292572 2130.6583177447319 404.09635531902313 147.21476548910141 370.22245615720749 514.21522676944733 2181.7774940729141 279.1730495095253 163.77557736635208 321.37636625766754 873.53221851587296 39.19547712802887 345.3046982884407 71.052660584449768 651.21342211961746 536.2474325299263 677.70503145456314 74.001342952251434 622.89708381891251 237.12716144323349 261.5201518535614 102.10013926029205 1109.7265914082527 472.61662471294403 1294.5255452394485 490.25290846824646 759.71150904893875 72.860234439373016 616.92023307085037 1462.37659907341 363.08612984418869 446.01359272003174 700.5356816649437 586.39437866210938 2728.1036578416824 1478.6883389949799 1602.2291869521141 1064.309514939785 157.49033582210541 276.89903682470322 343.55592030286789 78.39172887802124 484.97417545318604 65.405254662036896 182.94683575630188
leaf_count=346 129 175 2563 1612 2034 99 3844 860 2021 2969 339 1186 1518 1038 387 118 81 406 101 284 608 5714 304 160 1854 60 2267 459 741 1075 1130 1512 2348 614 2659 187 8322 1250 428 104 691 791 1360 3860 1944 549 1074 2003 368 2503 779 723 672 166 991 1196 611 1906 522 1024 1503 171 430 58 52 1051 1285 1011 91 119 95 849 916 46 2596 162 1630 104 332 2959 288 54 3257 496 134 431 622 2724 442 181 421 1229 38 483 76 875 760 973 106 607 263 280 114 1561 549 1131 568 978 57 812 1829 467 507 914 817 3464 1965 1988 1523 229 279 472 68 588 77 243
internal_value=4.16374e-10 -2.44516 -3.50496 -2.17587 -0.889586 3.41903 -2.59821 2.40726 1.39607 -6.31336 3.07805 3.52869 3.7422 3.00499 -5.3192 1.48912 -0.955371 -0.521839 -0.080997 -0.564675 0.849172 2.25355 -4.43248 1.39654 5.04606 3.72984 5.73861 -5.66923 2.12467 3.6311 -4.84707 -4.53817 -6.91535 -2.17878 1.02252 -8.03912 5.12751 4.34504 -3.40005 0.176934 0.845848 3.45457 -3.06275 3.15685 -1.17292 2.4287 4.31567 3.99292 -0.314446 -3.89225 -3.0466 -2.27041 -8.64548 -7.97356 5.22989 6.45196 3.86163 0.156053 2.0355 -1.60944 2.02576 0.123466 -3.72973 -2.18796 -2.21261 -0.668006 -4.89659 -5.62582 -7.84441 -9.20037 0.584282 6.0729 5.05442 -2.84952 -2.00655 -5.73589 -8.12986 -3.97774 4.8998 7.52329 1.70651 -0.16242 0.626316 6.86414 -1.41976 4.53879 6.62153 6.29359 0.0127936 6.0893 0.454643 0.821756 1.68702 -2.02164 0.0332511 3.24707 0.962931 5.25457 -6.11689 -3.63252 0.795205 -9.2236 5.09139 2.42401 -6.86922 -5.12428 0.55197 2.43502 -3.83048 -1.8998 -0.562331 -4.61971 -3.05033 4.1172 4.8176 6.01805 7.09378 8.29429 -4.11812 4.06278 -5.05462 5.16675 -2.33294 -1.2776 -2.70963 3.67515
internal_weight=107533 62695.4 49138.1 33353.4 23668.2 44837.3 16450.8 31219.7 13557.3 15784.6 26027.6 23532.9 6172.1 7217.32 9685.28 5181.88 5192.09 8553.42 8164.33 7385.2 5183 12787.2 7552.86 5811.13 10745.8 6541.26 13617.6 9394.24 4202.8 7241.66 7897.41 6435.91 2464.75 4246.5 3080.41 8231.79 11422.2 8610.09 4603.34 1225.77 2238.16 3384.73 3971.16 3581.95 2494.66 1772.21 2147.42 6958.12 3663.71 2202.19 5070.98 4309.01 7236.08 6063.46 4303.1 3091.69 1356.08 3500.12 1965.59 2804.87 2527.17 1573.94 2353.19 1711.79 1797.15 2952.48 1728.41 1294.02 641.408 4335.05 1331.21 3636.3 2847.48 4040.39 3334.57 1594.48 2958.33 616.8 7746.14 2812.07 2258.07 1410.65 2207.55 2035.44 1669.44 945.59 1300.77 2232.21 524.279 212.65 5545.49 5224.11 4005.28 1218.84 1876.63 722.266 1196.04 7221.86 524.816 995.706 372.809 2341.53 4700.05 1211.83 3294.07 1767.14 1534.53 1044.27 620.849 659.795 1522.23 980.206 809.1 786.553 847.421 3488.22 4204.53 2725.85 1148.51 3116 411.47 953.232 904.319 825.927 733.326 248.352
internal_count=129039 69809 52419 37406 27070 59230 18153 42339 17390 15013 35034 31468 8005 8917 10336 6387 7305 9991 9585 9385 6598 17600 8583 7213 13868 8729 16891 9949 5495 9715 8162 7370 2523 6014 4177 6430 14624 11319 5352 1508 3189 4254 4847 4697 3566 2498 2711 9376 4502 2787 6020 5241 5373 4701 5540 3828 1807 4342 2436 3487 3216 1953 2372 1851 2133 4389 1613 1625 521 3088 1949 4549 3700 4937 4214 1447 2579 669 10069 3305 3162 2057 3338 2530 2015 1291 1637 2784 774 239 7885 7464 5752 1712 2463 951 1618 9295 565 1057 450 1910 6214 1675 2810 1680 1914 1346 798 858 1881 1103 974 1015 1105 4539 5139 3174 1622 4089 450 1263 1080 1012 908 320
is_linear=0
shrinkage=0.05


Tree=23
num_leaves=127
num_cat=0
split_feature=36 36 27 27 5 39 25 25 5 33 14 11 25 33 11 27 6 33 27 25 11 6 27 23 33 8 5 5 11 33 39 39 9 40 11 15 6 42 39 5 23 5 23 5 33 23 6 40 2 9 25 25 11 39 33 39 25 30 42 13 6 36 40 15 42 42 33 36 33 37 9 11 33 37 40 14 30 39 11 37 33 27 27 2 14 11 7 33 9 14 9 5 15 30 23 36 2 13 5 9 13 14 25 30 37 6 33 8 6 25 22 33 37 7 8 40 33 18 23 14 35 11 22 23 37 6
split_gain=3.26389e+08 8.75162e+07 4.79905e+07 4.48868e+07 3.54384e+07 3.33056e+07 2.54553e+07 2.40117e+07 1.89924e+07 1.75521e+07 1.68978e+07 1.88377e+07 1.63455e+07 1.41664e+07 1.44603e+07 1.30984e+07 1.24943e+07 1.21306e+07 1.17446e+07 1.10747e+07 1.09065e+07 1.18342e+07 1.06217e+07 1.02256e+07 1.25219e+07 9.55902e+06 9.75602e+06 9.36355e+06 9.31896e+06 8.8548e+06 8.69233e+06 8.42069e+06 8.39847e+06 8.01377e+06 8.00453e+06 7.87373e+06 7.59866e+06 7.33041e+06 7.29072e+06 7.16914e+06 7.88054e+06 7.01088e+06 6.72746e+06 6.52103e+06 6.4102e+06 8.6175e+06 6.38972e+06 6.29758e+06 5.87825e+06 5.72446e+06 5.70131e+06 5.69739e+06 5.60007e+06 5.55157e+06 5.53673e+06 5.52139e+06 5.50129e+06 5.46662e+06 5.34979e+06 5.26518e+06 5.18707e+06 5.01924e+06 5.00782e+06 5.37668e+06 4.99301e+06 4.92022e+06 4.91195e+06 4.87007e+06 8.11184e+06 5.8429e+06 4.75669e+06 5.62913e+06 4.88241e+06 4.75923e+06 4.75356e+06 4.7483e+06 4.87489e+06 4.7318e+06 4.72854e+06 5.01495e+06 4.7274e+06 4.67954e+06 4.61563e+06 4.59024e+06 4.52447e+06 5.60187e+06 4.45267e+06 4.40096e+06 4.38279e+06 4.30258e+06 5.36247e+06 4.29775e+06 4.24604e+06 5.34799e+06 4.21643e+06 4.1627e+06 4.15996e+06 4.11574e+06 4.27488e+06 4.0457e+06 4.03907e+06 4.03252e+06 4.03024e+06 4.00162e+06 4.38952e+06 3.9642e+06 3.96281e+06 4.52286e+06 3.91891e+06 3.89369e+06 4.54711e+06 3.96595e+06 3.88947e+06 3.87144e+06 3.86785e+06 3.82599e+06 4.41882e+06 3.82196e+06 3.70825e+06 5.84112e+06 3.64877e+06 3.64106e+06 3.63958e+06 3.82365e+06 4.40204e+06 3.62174e+06
threshold=0.015648148148148151 0.0071825396825396836 0.0094841269841269855 0.010833333333333335 0.17521929824561405 0.018968253968253971 0.10277777777777779 0.10833333333333335 0.096579867858530913 0.029823307160977464 11.500000000000002 0.25824574121058358 0.14166666666666669 0.025999753956902089 0.26699669966996703 0.028055555555555559 0.10063291139240509 0.014416061170412345 0.023395061728395065 0.080555555555555561 0.23244068592905806 0.18933143669985777 0.031706349206349217 0.025371752349364295 0.012192294837886681 2.5000000000000004 0.14595037453183524 0.11443452380952382 0.2808003153952297 0.015760900959469203 0.003402777777777778 0.032314814814814817 2.5000000000000004 0.0007528703180877097 0.21225529632609283 22.500000000000004 0.068278943278943294 1.5000000000000002 0.026150793650793657 0.035929432013769365 0.020005393743257823 0.14729990356798459 0.015879977722082991 0.1925393883225209 0.020780363840144964 0.028178210678210681 0.13536417773705914 0.000896057347670251 -1.0000000180025095e-35 10.500000000000002 0.052777777777777785 0.20833333333333334 0.27602627257799678 0.040061728395061731 0.079887970553026669 0.028364197530864197 0.13055555555555556 0.011697530864197532 1.5000000000000002 4.5000000000000009 0.08842144452717797 0.024523809523809528 0.0025749598144650622 6.5000000000000009 1.5000000000000002 1.5000000000000002 0.027238858780356204 0.03070987654320988 0.040299560308129485 0.49166666666666675 5.5000000000000009 0.21286446020488578 0.024836053233471222 0.01388888888888889 0.0011111111111111135 24.500000000000004 0.0064153439153439165 0.014907407407407409 0.2169243009774949 0.94166666666666676 0.032617780055254578 0.016944444444444446 0.0058333333333333345 1.0000000180025095e-35 2.5000000000000004 0.27435167615433276 10.500000000000002 0.036752405488225351 7.5000000000000009 6.5000000000000009 5.5000000000000009 0.20530382859149984 5.5000000000000009 0.031706349206349217 0.030828853046594985 0.01451388888888889 1.0000000180025095e-35 14.500000000000002 0.061381475667189961 2.5000000000000004 6.5000000000000009 4.5000000000000009 0.14722222222222223 0.055833333333333339 0.54722222222222239 0.055250305250305255 0.04332734046854847 12.500000000000002 0.17416582406471184 0.091666666666666688 28.500000000000004 0.047628809922481648 0.058333333333333341 11.500000000000002 3.5000000000000004 0.0014957264957264963 0.018600740913143638 1.0000000180025095e-35 0.034035165484633575 4.5000000000000009 1.0000000180025095e-35 0.22708174178762416 27.500000000000004 0.013170383645294041 0.047222222222222228 0.029631255487269536
decision_type=2 2 2 2 2 2 2 2 2 2 2 2 2 2 2 2 2 2 2 2 2 2 2 2 2 2 2 2 2 2 2 2 2 2 2 2 2 2 2 2 2 2 2 2 2 2 2 2 2 2 2 2 2 2 2 2 2 2 2 2 2 2 2 2 2 2 2 2 2 2 2 2 2 2 2 2 2 2 2 2 2 2 2 2 2 2 2 2 2 2 2 2 2 2 2 2 2 2 2 2 2 2 2 2 2 2 2 2 2 2 2 2 2 2 2 2 2 2 2 2 2 2 2 2 2 2
left_child=1 13 9 7 5 10 16 8 17 19 11 29 15 14 25 28 23 60 27 59 21 35 34 24 48 -1 33 37 32 -4 -6 65 -7 46 -14 42 89 44 80 47 50 86 49 62 45 105 78 -26 -5 -12 -41 92 58 -11 57 82 -32 -13 91 -2 117 118 63 -16 77 -15 121 68 -30 -70 -10 -72 73 -73 -46 76 -22 122 79 -27 84 125 -21 -62 99 -86 -18 114 -65 90 -34 108 93 100 -20 -49 -24 98 -61 -19 -36 -59 -80 -54 -105 -8 107 -96 115 111 -111 -38 -112 -40 -29 116 -9 -3 119 -58 -92 -39 -31 -124 -125 -35
right_child=2 3 4 6 30 12 18 52 70 53 20 54 22 31 43 -17 41 38 94 55 75 -23 96 -25 39 26 -28 87 67 64 56 -33 36 81 51 -37 109 66 113 40 -42 -43 -44 -45 74 -47 -48 95 -50 -51 -52 -53 103 -55 -56 -57 61 101 -60 97 83 -63 -64 88 -66 -67 -68 -69 69 -71 71 72 -74 -75 -76 -77 -78 -79 102 -81 -82 -83 -84 -85 85 -87 -88 -89 -90 -91 120 -93 -94 -95 106 -97 -98 -99 -100 -101 -102 -103 -104 104 -106 -107 -108 -109 -110 110 112 -113 -114 -115 -116 -117 -118 -119 -120 -121 -122 -123 123 124 -126 -127
leaf_value=-0.27421035912407637 -6.8791261804640689 -7.1889195758786277 -2.8967042085870389 -0.59566967343692112 10.653501208383021 -7.0989626186140136 7.8206948968414896 5.7408257846097506 -3.9180612179611964 5.6674979289281557 -2.6901112251938617 1.1812132452821522 3.8374948868302017 10.066557027102199 3.406829198961514 -8.9195968130540901 -4.6481531979749953 -0.38151359578444599 0.39129501245247233 10.584422581817989 0.029293936740837308 -9.2558865415504918 -3.1693901800927686 -5.158176904354419 6.182558450096213 9.1497751082473879 1.1509992220413012 2.3141479572962749 -6.5807960754546899 2.2718810288060696 -9.1229415859333844 4.9990140069526552 -2.2145012404502218 5.8016487423672043 13.992141691060588 -3.9746143981190514 -7.6902443803515457 2.189001257531527 0.95690316602774783 -2.5914573842248938 -3.1981924608842234 -11.837584299647252 1.2096893770425456 -6.7712559134547847 9.7986802245998792 -3.1044776219582495 3.0192570269483059 1.6792226560275763 -5.7460590243964864 15.753715005973513 2.8298912546542319 1.5489883686110169 1.0962348914084368 -0.19931769591536999 5.6312974982708068 -3.2378389661209042 12.519715014617484 -1.0663244685267597 2.3559209500540654 1.7855580699706068 -0.81432540220100869 -7.9708694738554415 -14.639003418177282 -9.0993109818296176 2.162862627072033 0.85182034181777255 3.2425989918239786 -9.7983755999807158 -1.3657566510986761 16.508779041196163 3.3783574616886014 -18.322036666850877 2.864040735891237 -2.152179636357316 4.0343668188216739 -17.293916158188996 -7.4191411977693527 3.2025567437073281 5.3004328056485122 -4.8923838871651348 11.174547908808369 -3.8801396496289464 2.2095838164562944 -8.2950055370059612 4.5845868937588241 0.028324653963469167 1.7646056317031 5.400408622141919 0.40620081383257234 -5.6131254217497251 3.370318753463184 -0.026570412451291395 -7.0292381017759213 -3.404313516013735 -5.0722233900554059 -8.0906439910643027 -7.6253876738425266 -7.7303488280499808 -4.603831312270656 9.0121983610996583 0.18940863469388147 -6.1947948289602701 10.811499578694416 1.280532475849659 21.36257575485746 2.3593924172732685 4.1733297790417287 10.922046401027949 1.2569464036093767 -9.3935212977927556 -10.325603018708993 5.1888227774894222 0.37168066086886919 5.7331952868726077 -3.5096154677140996 3.3441754735991505 9.418267414426472 1.8572534340027325 -7.2355286726035288 -2.3895204422687932 -6.894076248937127 -4.1638486430175563 24.39777102625246 1.3898306139688055 11.996181478179587 2.4811143081301328
leaf_weight=808.4288147687912 821.43304628133774 121.28554248809814 392.930379986763 930.56759464740753 62.419700562953949 1562.7006486654282 614.13656240701675 1428.1975024938583 1254.71334451437 1616.7429277300835 56.461662709712982 606.87976676225662 759.33830714225769 2158.6406161189079 2458.9787192940712 2467.529504776001 2743.0173441171646 135.19094014167786 1428.5562258958817 208.29209858179092 270.01970779895782 366.06343275308609 1149.809132039547 1399.2763864398003 924.48396956920624 2935.4292289614677 1236.7440929412842 389.99625825881958 3041.7232042551041 144.43301999568939 3972.3275293707848 1967.9800980091095 2147.3769571781158 1858.2472869157791 80.77319997549057 574.50859999656677 1223.7858500480652 375.45444053411484 2772.6374012231827 673.04968905448914 1616.6484708189964 316.2125455737114 802.61756283044815 228.22883456945419 828.58794182538986 454.25713342428207 942.6517898440361 812.15725994110107 1369.0202478766441 165.05012536048889 1735.2740967869759 801.8988921046257 1151.9987772703171 537.21354120969772 208.46341502666473 363.05953741073608 80.794960618019104 596.73343241214752 998.97738617658615 716.65803027153015 1266.0039927959442 999.72957861423492 44.872314631938934 142.80470550060272 794.52702480554581 155.28437799215317 1152.300567984581 1009.7589814662933 220.85104995965958 57.654558897018433 791.36839944124222 46.534288227558136 528.90555441379547 2058.4858498573303 629.27824890613556 100.03030478954315 1178.120608985424 471.77556473016739 2541.0978384613991 64.990368723869324 266.85940951108932 182.90078926086426 782.87168222665787 244.70258510112762 3289.9465807676315 848.62872916460037 300.3260173201561 237.41865557432175 804.02410221099854 556.38923013210297 842.47605472803116 245.25022321939468 582.9144698381424 1058.2258441448212 1155.3839856982231 125.93394291400909 961.97185093164444 242.28683227300644 412.44612538814545 753.25752073526382 154.1568306684494 1071.6744035482407 381.55351591110229 55.512353539466858 53.372782766819 724.00099176168442 149.4414376616478 45.958384096622467 297.93323135375977 207.56673502922058 97.765921831130981 62.844444096088409 649.40549045801163 500.90614128112793 1060.0270930528641 550.237584233284 1908.4059942364693 3129.6816347241402 251.84476739168167 351.48344153165817 96.497251749038696 564.88013911247253 49.463101267814636 121.05015790462494 509.94325494766235 1471.4341984391212
leaf_count=1195 779 146 453 1186 70 1391 770 1769 1699 2068 55 626 945 2120 3449 1758 3398 202 1989 236 295 339 1116 1705 1238 3224 1734 503 2753 159 2966 2489 2381 2284 93 662 1184 599 3958 875 2141 299 1060 307 923 564 1358 1090 1669 158 2280 980 1600 685 293 468 97 695 1490 986 1821 805 51 176 1035 229 1732 730 258 57 1104 38 745 2968 873 62 1141 574 3242 92 272 272 1031 294 4322 1138 402 343 1151 628 1053 280 588 1178 1505 122 857 268 520 916 202 1070 383 83 37 957 190 55 389 195 89 79 796 677 1327 725 2071 4429 243 395 105 776 27 178 570 2114
internal_value=-6.67717e-09 2.10712 -3.60119 0.930101 -4.31317 -3.58713 -0.671982 2.40613 1.45595 0.644071 -0.965461 0.911322 -4.71041 4.84722 4.16751 -5.60722 -2.12769 2.41809 1.24914 -1.51787 -3.61959 -1.14649 -2.40834 -1.20815 -0.533043 4.98287 5.34877 2.33693 -4.91319 3.99001 -7.90292 7.40332 -3.84069 5.84901 -0.693711 0.710437 -2.97536 3.36241 3.5426 0.689028 -0.497866 -4.75158 3.33862 1.41406 4.84846 2.84588 6.8428 3.25387 -3.66187 11.0525 1.3148 -1.97854 4.964 4.20427 -2.16783 2.03729 -8.1077 -2.88239 5.66117 -3.71343 0.394809 -5.71267 1.95544 2.17408 5.28401 9.44817 1.05429 -6.75771 -5.83297 2.33452 -1.2843 -0.319535 -1.43057 -2.50964 7.31055 -6.75807 -6.03031 7.19648 7.45131 8.84562 4.68957 3.90653 3.96955 -2.02604 4.34532 3.65031 -4.01532 -0.910029 -1.02746 -1.56594 -0.836333 6.4065 -3.48632 -1.88929 -1.50243 0.367668 -5.19921 -1.81725 -0.548397 7.5828 4.93504 -4.36051 6.01991 1.96222 11.1243 4.86585 -3.50518 -4.46035 6.78352 -5.26599 -2.84675 -7.06118 -1.02804 1.68775 -1.94326 7.20714 7.84418 1.51976 -2.41269 0.397089 2.31546 -1.6273 9.48071 11.0108 9.96145 4.33426
internal_weight=107533 67838.9 39693.8 47454.6 33992.8 28274.2 22755.6 24699 18009.1 5701 8480.75 4967.87 19793.4 20384.3 16102.4 14244.3 12946 13329.1 9809.68 3547.05 3512.87 1964.7 5549.09 9586.41 8187.14 12423.5 11615 7030.34 11776.8 2484.12 5718.6 4281.91 7446.81 10378.3 3437.31 1598.64 5884.11 5342.9 8567.43 5887.55 4024.97 3359.56 1024.13 3678.91 3250.26 1792.39 6865.72 1862.58 2299.59 221.512 2408.32 2677.97 6689.89 2153.96 2483.75 1354.22 5656.18 2275.29 5429 2192.82 4761.67 1683.85 3450.68 3405.81 2091.19 2313.92 2092.64 4329.99 3320.23 278.506 4680.01 3425.29 2633.93 2105.02 1457.87 1548.17 1448.14 1296.67 5923.07 3000.42 5293.88 3512.58 991.164 1510.71 5027.02 4138.58 3043.34 1687.44 946.829 3642.74 3086.35 4430.02 1876.07 1293.16 2779.34 938.091 2111.78 1371.39 1129.1 888.448 234.93 1668.41 2922.65 1260.88 108.885 1338.14 1350.78 1201.34 4184.77 2241.37 954.738 1286.63 747.171 3273.54 1450.02 3886.84 3336.6 3250.97 684.123 432.278 938.973 940.335 824.89 680.457 630.993 3329.68
internal_count=129039 88554 40485 62684 33444 28868 29511 33173 24729 7041 9452 5680 19416 25870 21032 13457 16405 18175 13106 4288 3772 2274 5959 12306 10601 15898 14703 9367 11699 2996 4576 4838 7901 12969 3986 1935 6510 7194 11485 7746 5296 4099 1273 5134 4087 2291 8299 2450 2855 213 3155 3041 8444 2753 2684 1735 4506 2391 6724 2553 6690 1540 4827 4776 2543 2349 3107 3798 3068 315 6554 4855 3751 3006 1796 1498 1436 1508 6941 3316 6850 4670 1267 2115 6578 5460 3800 2173 1327 4167 3539 5234 2061 1473 3739 1212 1973 1774 1506 1118 295 1765 3625 1720 120 1727 1750 1560 4954 2343 1080 1263 885 4635 1830 4565 3840 4575 735 492 1158 1375 934 775 748 4398
is_linear=0
shrinkage=0.05


Tree=24
num_leaves=127
num_cat=0
split_feature=36 1 27 0 11 27 1 24 0 39 39 15 14 24 1 16 14 24 36 6 1 39 25 11 14 11 1 15 1 30 5 5 17 6 32 11 11 30 11 14 25 32 32 5 1 1 30 9 11 42 39 5 1 1 27 0 42 27 39 10 30 11 11 24 32 48 7 27 1 0 15 1 0 15 11 9 1 39 37 14 11 30 0 30 7 5 11 32 24 39 25 9 13 27 5 21 6 13 5 27 0 39 15 36 15 11 24 37 11 24 24 5 30 30 25 16 5 24 1 39 25 39 13 30 6 1
split_gain=2.95575e+08 8.83184e+07 7.66966e+07 4.00799e+07 3.81893e+07 3.58149e+07 2.49531e+07 2.45169e+07 2.25796e+07 1.86421e+07 1.79843e+07 1.70197e+07 1.48125e+07 1.47444e+07 1.39122e+07 1.24987e+07 1.26706e+07 1.44025e+07 1.23832e+07 1.21898e+07 1.12637e+07 1.22057e+07 1.08981e+07 1.15352e+07 1.07335e+07 1.01932e+07 1.01498e+07 1.02285e+07 1.01251e+07 9.70246e+06 9.67834e+06 9.44019e+06 8.82249e+06 8.75602e+06 8.61828e+06 8.47119e+06 8.24941e+06 8.21853e+06 8.15687e+06 7.38626e+06 7.30767e+06 7.66459e+06 7.01161e+06 6.8555e+06 6.96101e+06 6.80273e+06 6.75626e+06 6.62441e+06 6.61043e+06 6.15013e+06 6.06728e+06 5.94106e+06 5.91065e+06 8.89923e+06 7.3874e+06 5.91006e+06 5.89141e+06 8.42145e+06 5.82209e+06 6.79274e+06 5.77705e+06 5.73059e+06 5.67056e+06 5.44278e+06 5.37064e+06 5.3608e+06 5.62156e+06 5.33309e+06 6.53138e+06 6.02411e+06 5.31382e+06 5.24689e+06 5.20617e+06 8.12692e+06 5.17123e+06 5.14798e+06 5.30886e+06 5.04196e+06 5.01216e+06 5.2334e+06 4.99517e+06 4.99397e+06 4.87729e+06 4.87673e+06 5.10091e+06 5.05417e+06 6.39318e+06 4.79763e+06 4.79436e+06 4.72286e+06 4.64678e+06 4.63127e+06 5.30707e+06 4.60281e+06 4.57312e+06 4.54181e+06 4.53719e+06 4.465e+06 5.22031e+06 4.40948e+06 4.39878e+06 4.38681e+06 6.37366e+06 4.33787e+06 4.23095e+06 4.18827e+06 4.1682e+06 4.1241e+06 4.12033e+06 4.09049e+06 4.04437e+06 4.29341e+06 4.00191e+06 3.98264e+06 3.96836e+06 3.94479e+06 3.93475e+06 3.91795e+06 3.87093e+06 4.7487e+06 3.86772e+06 3.82803e+06 3.82402e+06 3.81837e+06 4.4558e+06 3.81756e+06
threshold=0.010833333333333335 9.5000000000000018 0.018425925925925932 35.500000000000007 0.2242184982275218 0.011697530864197532 -12.499999999999998 0.013522450711364736 62.500000000000007 0.0023015873015873019 0.018293650793650796 7.5000000000000009 13.500000000000002 0.028865281300746223 8.5000000000000018 3.5000000000000004 6.5000000000000009 0.025165007564484785 0.0058333333333333345 0.23570261437908499 15.500000000000002 0.0099382716049382733 0.10277777777777779 0.23281766650921118 8.5000000000000018 0.268405600722674 -11.499999999999998 21.500000000000004 10.500000000000002 0.03070987654320988 0.17521929824561405 0.15170694284618338 2.5000000000000004 0.16345083487940634 0.028300248951781976 0.26488306165839837 0.32799692622950821 0.0093518518518518542 0.2983765383608275 4.5000000000000009 0.10277777777777779 0.015083255524431996 0.034819331526648602 0.14218328840970354 -11.499999999999998 -12.499999999999998 0.016388888888888894 2.5000000000000004 0.31010199125789223 1.5000000000000002 0.0077083333333333335 0.13667496886674971 -5.4999999999999991 1.5000000000000002 0.022808641975308644 15.500000000000002 1.5000000000000002 0.03070987654320988 0.011970899470899472 12.500000000000002 0.0052777777777777788 0.268405600722674 0.32709790209790218 0.023934572106708338 0.023769970951343502 1.0000000180025095e-35 3.5000000000000004 0.031180555555555559 -12.499999999999998 19.500000000000004 17.500000000000004 -16.499999999999996 94.500000000000014 10.500000000000002 0.28402076318742991 1.0000000180025095e-35 -5.4999999999999991 0.011970899470899472 0.063888888888888898 6.5000000000000009 0.20599461158509208 0.032314814814814817 60.500000000000007 0.013734567901234571 5.5000000000000009 0.09699820788530468 0.16987298063879644 0.028924385846292543 0.038506783191249103 0.0065740740740740751 0.22500000000000001 6.5000000000000009 12.500000000000002 0.0061419753086419766 0.086688137412775104 26.500000000000004 0.089087301587301604 5.5000000000000009 0.1023024594453166 0.0052777777777777788 112.50000000000001 0.0081790123456790143 9.5000000000000018 0.018425925925925932 4.5000000000000009 0.2169243009774949 0.025608874800749876 0.8583333333333335 0.23670062252405208 0.015643893060167991 0.012578403835399756 0.16024691358024692 0.015493827160493828 0.019598765432098767 0.11944444444444445 2.5000000000000004 0.085236118318630011 0.023818889617247589 6.5000000000000009 0.025625000000000002 0.14166666666666669 0.003402777777777778 12.500000000000002 0.003402777777777778 0.018350168350168353 4.5000000000000009
decision_type=2 2 2 2 2 2 2 2 2 2 2 2 2 2 2 2 2 2 2 2 2 2 2 2 2 2 2 2 2 2 2 2 2 2 2 2 2 2 2 2 2 2 2 2 2 2 2 2 2 2 2 2 2 2 2 2 2 2 2 2 2 2 2 2 2 2 2 2 2 2 2 2 2 2 2 2 2 2 2 2 2 2 2 2 2 2 2 2 2 2 2 2 2 2 2 2 2 2 2 2 2 2 2 2 2 2 2 2 2 2 2 2 2 2 2 2 2 2 2 2 2 2 2 2 2 2
left_child=5 2 3 32 19 7 60 14 15 -3 12 25 30 24 35 16 17 46 65 31 21 70 23 107 34 96 77 37 33 67 48 40 55 38 36 45 39 105 58 -12 64 -42 106 44 -25 -1 -4 -46 101 113 110 -47 -31 54 88 -2 57 81 59 -20 -6 -56 -49 93 71 66 -9 68 -19 -70 74 -5 -39 -74 -11 -57 -77 -13 82 -80 -75 94 -66 -68 120 -86 -87 -33 -54 -30 -27 108 116 -34 -24 -78 -10 98 -60 -37 -22 -8 122 -48 -36 -28 -23 -7 -41 -104 -14 -112 -32 -15 -44 125 -93 -99 119 -71 -85 -16 -103 124 -61 -73
right_child=1 9 8 4 6 22 10 18 11 20 13 26 50 49 121 -17 -18 29 28 -21 100 42 56 43 -26 90 27 -29 89 52 112 87 63 -35 104 99 -38 72 -40 91 41 -43 114 -45 47 51 103 62 -50 -51 -52 -53 53 -55 61 75 -58 -59 97 123 -62 -63 -64 -65 78 -67 83 -69 69 118 -72 115 73 80 -76 76 95 -79 79 -81 -82 -83 -84 84 85 86 -88 -89 -90 -91 -92 92 -94 -95 -96 -97 -98 117 -100 -101 -102 102 109 -105 -106 -107 -108 -109 -110 -111 111 -113 -114 -115 -116 -117 -118 -119 -120 -121 -122 -123 -124 -125 -126 -127
leaf_value=-2.760335629032693 -8.0877683375617249 11.541877584542096 5.1123708765152669 -1.9848201948972179 3.63206282110235 2.6560092732006355 9.0935721596701811 2.885357703582665 7.0597129896998032 6.4625960207284754 2.183744528048456 -3.8532575305583343 -7.330052287353876 11.38766846497716 6.7487331810123754 -8.9595664571500286 -10.133470787919657 -11.95682705521131 9.5002384637309074 -5.0827016784765258 -9.9926985995481434 -6.5175144877529663 8.1797913425760438 -9.0955710646256023 -7.5442747643158841 -4.3281573385413719 11.44090400002211 -8.0270185585721645 5.0670080881842292 -6.6347659547918516 2.5365719073551869 1.1949268139978351 1.1626032897013732 0.17120681911121613 -2.3847257441180298 3.8357526890469114 -5.8932525181423854 -3.9542225071974872 0.91511886641197882 2.2050090355393066 15.195370625748945 5.5729308064031473 -12.140381187131112 -6.9571309531818599 -11.670394555615914 4.5525272223145796 -4.4403711924214804 0.76864214337824455 -0.45771586862818003 -0.2760352955371615 -5.7288933013327181 -1.0013015028645407 0.23673903149538017 -5.6937598172937367 -0.35933614106199491 -8.3648202112812644 -0.60691026968663464 -0.88310332218251608 7.885437393838413 -5.6067608584889008 -6.9493608874749002 -6.0268606977835706 -6.2187477171114871 -0.094792980659327092 -16.585191143586243 1.7487564628818539 9.3021376824880999 -2.2776520244054472 -5.7857822703828177 9.7832729290899589 -4.4371538168873998 6.6425399210989049 12.967026605804577 6.4677837087528367 -6.7572508868334289 -4.9783725775830447 -6.2219404152555002 -10.8576617932118 3.4491937268253623 -4.2791809682092419 -3.7525819829674298 1.8281777124368617 -1.0410947702616862 7.28591140747276 6.1321632464795144 -16.147999866214136 2.5953219988298226 -7.1410464064575301 9.5220109337490904 -2.3008416871426838 8.563639494231559 4.7611084903403551 -5.6894274036600088 -6.9938417483772497 2.8730262108677147 1.737460300476747 0.60253092433087962 2.9077745304921447 2.5258133214687617 -1.1818649743070724 -4.4678590370907116 6.8187444199916314 -4.6884437729893333 -8.0588411908548157 -6.8116815112674489 2.0963747325953044 -2.8854571329409495 -3.0346891087085899 -7.0384798808751086 3.1289294343473397 5.6362033582257389 -9.9721345508598223 -7.3501215780001345 3.2944185063150111 -6.2283371993233541 -0.55518618077386861 -2.1862432764529571 5.2841788257409039 16.452393915908843 0.8962068428181964 13.097150365695038 -3.4239807948631893 1.7667359942921583 2.8471779014661984 11.614831446714081 0.53024636317465024
leaf_weight=395.17950224876404 326.33985316753387 138.46677792072296 122.23338049650192 285.11535608768463 140.05108273029327 2172.3472909331322 604.46472781896591 858.96305245161057 890.38140332698822 353.70398545265198 2452.8535592556 496.29691934585571 103.73047405481339 172.28539776802063 99.292240560054779 1773.4331330060959 907.255386531353 64.18301922082901 1420.7902461886406 396.92079591751099 2868.058505833149 2942.8466231226921 1168.8225949406624 273.30815833806992 835.21641421318054 548.58158361911774 165.86884516477585 538.16547828912735 287.52284878492355 1282.6664803028107 168.0868164896965 654.90462446212769 186.15216553211212 1176.6371385455132 1388.8740640878677 580.1201913356781 597.08751046657562 1255.0002022981644 1306.2458944320679 152.49787467718124 221.83517944812775 3083.4753250479698 746.19329226016998 713.8552805185318 131.26580411195755 5085.4744984507561 1251.3929205536842 2205.0091638565063 600.73349589109421 1544.6567541956902 672.73574358224869 531.88777107000351 335.06621879339218 1575.0793796181679 1256.8492686748505 214.74262762069702 1209.2354350090027 860.6388766169548 1658.2518017888069 43.624782085418701 1633.3185869455338 691.36204874515533 334.39319771528244 391.2172504067421 73.533632099628448 589.99555230140686 1932.8299194574356 789.74533706903458 118.74825644493103 279.81787413358688 364.22219830751419 1969.9234565496445 124.83968889713287 162.93805605173111 93.53668200969696 480.69420552253723 200.26506674289703 532.66740477085114 1148.2242931127548 270.69343763589859 448.98333060741425 934.90993785858154 160.85903149843216 1248.0680465698242 2611.3023245334625 49.556385517120361 555.12638360261917 234.3773500919342 237.60534811019897 893.12002170085907 80.104628086090088 514.78712701797485 303.46056640148163 2441.8487120866776 622.01482886075974 1706.2835454344749 391.73539090156555 4244.6168112158775 625.77594888210297 1785.4844611883163 412.03215777873993 1763.925849378109 258.31885635852814 2449.5303974747658 882.76030349731445 432.78088456392288 1079.7453816533089 373.04778426885605 575.63652998209 475.11500298976898 359.35257947444916 50.215114951133728 261.73152136802673 1291.5028699636459 458.09335315227509 268.95210945606232 337.37488877773285 2932.8639805912971 84.195863902568817 324.7789369225502 371.56618541479111 1347.6880372166634 475.55249732732773 936.32788807153702 270.14460641145706 293.51968502998352
leaf_count=631 262 156 142 383 165 3011 682 1204 1113 431 3334 522 142 181 128 1256 734 46 1503 451 2078 2963 1432 328 961 593 189 558 358 1225 224 901 231 1684 1756 813 740 1465 1826 196 191 4029 439 815 132 6826 1369 3003 777 2084 855 796 427 1516 1320 219 1825 1410 1892 42 1806 673 426 462 51 821 1941 922 101 373 405 2461 150 239 90 571 202 389 1544 374 559 1273 232 1443 3085 50 768 259 286 1339 117 696 379 2350 835 2134 469 5956 852 2689 477 2266 358 1892 1002 518 1135 475 714 637 446 55 288 1599 403 368 444 3758 97 404 316 2017 683 1259 268 423
internal_value=-3.32902e-09 -2.21685 -1.42592 0.0234258 0.823611 3.09979 -0.4722 3.90544 -3.91088 -6.66947 0.121785 -1.37633 2.378 -1.06135 1.8014 -5.04648 -4.45691 -3.98282 4.76632 3.48553 -6.94008 -5.65886 0.621146 -0.762693 -2.1786 2.52957 -3.17147 -1.75468 3.94737 -2.6412 3.66061 3.878 -3.70047 4.30717 -1.55663 2.58331 -0.383257 -0.451584 4.6693 0.375389 4.43609 6.21874 -6.5446 -2.56131 -1.49541 3.58057 -6.45334 -0.717636 4.39558 1.92468 -2.60511 4.02666 -3.67285 -2.74531 -0.903084 -1.74508 2.41117 3.42878 5.07349 7.13502 -6.1137 -2.37057 -0.15147 -5.597 3.11817 6.34054 6.69573 0.69853 3.39483 4.61497 0.0464411 4.44567 -1.9956 1.34073 3.69777 -0.949581 -0.282549 -7.47925 0.855897 1.97482 -1.03118 4.79024 -5.91759 7.17929 6.33077 5.17833 1.05923 -1.00209 4.08926 -0.506544 -2.68554 -1.97928 -0.0113732 -6.41609 6.33658 0.9014 5.0868 4.49155 6.41701 0.0486117 -9.29869 5.21057 4.42106 -6.83533 -4.10505 4.68548 -5.5426 1.82199 -5.10256 0.375614 1.48896 3.72254 -3.48378 4.24698 -9.89152 5.16966 2.01062 3.87882 6.40806 5.00929 8.61909 -2.72593 5.74595 4.44684 9.22044 5.84991
internal_weight=107533 62695.4 53238.5 33626.2 27678.7 44837.3 18616.3 33838.5 19612.3 9456.9 16843 6068.34 5793.96 11049 9825.13 13543.9 11770.5 10863.3 24013.3 9062.33 9318.43 6038.34 10998.8 6203.23 8040.55 1910.8 4157.54 3128.58 15795.9 7040.1 4607.93 8665.41 5947.54 14615.3 7205.33 8378.15 4933.7 2590.41 13438.6 4336.61 7776.13 3305.31 5226.88 3657.83 2943.98 6012.54 3823.16 2670.67 4178.11 3008.45 1186.03 5617.36 5378.63 4095.96 2520.88 2928.33 4795.62 3586.39 12132.4 2670.89 1773.37 1948.21 2539.4 3019.22 4470.82 8217.41 7627.41 1661.47 871.724 807.541 811.463 2817.51 1991.76 736.761 447.241 2601.99 2387.24 1028.96 1653.31 1418.92 611.921 2725.75 234.393 6768.45 4835.62 3215.99 604.683 889.282 572.672 1180.64 628.686 1883.76 1155.62 2628 1790.84 1906.55 1282.12 9461.51 2284.03 2365.6 3280.09 3577.38 2972.91 3700.92 2271.63 598.65 4022.59 2545.4 728.134 733.434 513.298 409.568 429.818 1463.79 1204.29 2532.4 852.162 7177.48 688.793 604.597 1619.63 1446.98 2239.48 1250.1 313.769 2263.44
internal_count=129039 69809 61232 41568 35137 59230 23470 44265 19664 8577 21499 6881 7413 14086 13900 12783 11527 10793 30365 11667 8421 5866 14965 8190 10222 2292 4589 3678 20737 7390 5915 11216 6431 19040 9261 11755 6503 3120 17356 5763 10056 4220 4940 4704 3889 8253 3403 3561 5403 3864 1498 7622 5447 4222 2706 3388 6775 4950 15530 3072 1971 1993 3429 3043 5836 9628 8807 1943 1021 975 926 3635 2413 948 521 3126 2907 911 2201 1918 798 3540 283 7603 5662 3903 818 1160 713 1697 710 2429 1519 2581 2267 2336 1582 12458 2744 3502 2555 4626 3944 3261 2758 707 4098 3486 910 995 643 501 512 1780 842 3252 1140 9714 874 777 1759 2145 2949 1569 310 2884
is_linear=0
shrinkage=0.05


Tree=25
num_leaves=127
num_cat=0
split_feature=36 27 34 1 1 1 0 12 32 33 34 33 1 39 25 32 0 6 30 32 33 1 1 27 32 2 15 33 12 30 32 33 39 25 36 25 33 32 33 33 25 34 6 34 32 28 36 1 13 32 6 23 24 15 33 33 32 32 24 1 1 0 2 33 34 32 24 34 12 23 24 34 27 15 36 24 7 24 31 8 6 2 4 24 40 27 39 37 1 23 36 24 32 27 31 23 13 39 23 24 23 46 24 23 23 9 1 0 1 18 33 39 33 24 23 33 39 1 15 16 33 36 1 28 24 7
split_gain=2.69598e+08 8.08955e+07 5.39655e+07 4.65164e+07 4.78113e+07 3.85888e+07 3.36671e+07 2.82474e+07 2.07276e+07 3.18162e+07 2.00658e+07 1.60406e+07 1.56094e+07 1.46865e+07 1.44803e+07 1.3115e+07 1.25212e+07 1.16968e+07 1.16491e+07 1.11672e+07 1.531e+07 1.10427e+07 1.08685e+07 1.02535e+07 9.81485e+06 9.67585e+06 9.00542e+06 8.87873e+06 8.70278e+06 8.5616e+06 8.36048e+06 9.57195e+06 8.32455e+06 7.87065e+06 9.38781e+06 7.51341e+06 7.47049e+06 7.03861e+06 1.02341e+07 7.06854e+06 6.79616e+06 6.79442e+06 6.77416e+06 6.7448e+06 7.19273e+06 6.63076e+06 6.55865e+06 6.44152e+06 6.38654e+06 6.31376e+06 6.08641e+06 6.07802e+06 1.22887e+07 7.31792e+06 6.92086e+06 6.05542e+06 6.00148e+06 5.97276e+06 5.91136e+06 5.86879e+06 6.27524e+06 6.34054e+06 5.86128e+06 5.77946e+06 5.75937e+06 6.58946e+06 5.7226e+06 5.67455e+06 5.51391e+06 5.506e+06 5.49048e+06 5.44554e+06 5.39059e+06 5.36675e+06 5.32553e+06 5.31102e+06 5.29933e+06 5.25504e+06 5.16409e+06 5.16006e+06 4.99322e+06 4.95411e+06 5.69726e+06 4.93379e+06 4.77607e+06 4.69405e+06 4.60477e+06 4.6033e+06 4.56896e+06 6.80665e+06 4.5513e+06 4.52131e+06 4.52063e+06 4.49464e+06 4.48131e+06 4.45768e+06 4.45478e+06 4.4426e+06 4.409e+06 5.90394e+06 5.7973e+06 4.37721e+06 4.31855e+06 4.56036e+06 4.25268e+06 4.22331e+06 4.10049e+06 4.0189e+06 4.48829e+06 4.00721e+06 3.98204e+06 7.12316e+06 3.97822e+06 3.95457e+06 3.88633e+06 3.87343e+06 3.84501e+06 3.90482e+06 3.79825e+06 3.79654e+06 3.78332e+06 3.68136e+06 4.63796e+06 4.33156e+06 3.6296e+06 3.59334e+06
threshold=0.016944444444444446 0.0067283950617283957 0.30277777777777787 4.5000000000000009 -6.4999999999999991 8.5000000000000018 57.500000000000007 1.0000000180025095e-35 0.030061169767052125 0.024033394702857151 0.069444444444444461 0.033741053878459548 11.500000000000002 0.0039285714285714297 0.063888888888888898 0.023021094402673355 27.500000000000004 0.10215677179962897 0.0029320987654320994 0.020031454899875956 0.011196573919245379 -11.499999999999998 16.500000000000004 0.018968253968253971 0.040293927648578816 1.0000000180025095e-35 10.500000000000002 0.01646411786499356 1.0000000180025095e-35 0.013263888888888889 0.01734212039090088 0.024836053233471222 0.0052777777777777788 0.13611111111111115 0.019920634920634925 0.13055555555555556 0.033159347869254209 0.030654888605080179 0.042049747339808034 0.021762376129098756 0.17500000000000002 0.15833333333333335 0.1202409638554217 0.069444444444444461 0.017825801547816478 0.3527777777777778 0.062283950617283958 15.500000000000002 9.5000000000000018 0.034819331526648602 0.15569985569985573 0.021923262548262552 0.019096449565706278 17.500000000000004 0.025999753956902089 0.046597596565255535 0.021407221425155432 0.020840492554410082 0.029517467108427734 2.5000000000000004 -5.4999999999999991 15.500000000000002 -1.0000000180025095e-35 0.032374110615331859 0.086111111111111124 0.02548100949525238 0.0115470510633613 0.24722222222222226 1.0000000180025095e-35 0.024025900900900905 0.028291507359209187 0.15277777777777782 0.02675925925925926 13.500000000000002 0.0067283950617283957 0.028472545933180656 4.5000000000000009 0.020703080412548879 0.0022196442433933985 13.500000000000002 0.16152751423149908 -1.0000000180025095e-35 1.0000000180025095e-35 0.026570346844205801 0.0004140729084782794 0.018293650793650796 0.0077083333333333335 0.36388888888888893 -11.499999999999998 0.03150161030595814 0.033611111111111112 0.021131869494213442 0.013199476650563608 0.028055555555555559 0.0011126042008394951 0.024128168680407489 8.5000000000000018 0.08472222222222224 0.032179916985951476 0.023818889617247589 0.027354458958232547 1.0000000180025095e-35 0.019599515823812017 0.018067325800376653 0.016961675020885549 11.500000000000002 13.500000000000002 38.500000000000007 -7.4999999999999991 2.5000000000000004 0.033159347869254209 0.04503086419753087 0.030024937817227242 0.020703080412548879 0.02267420481706196 0.024559622260944717 0.036736111111111115 -8.4999999999999982 1.5000000000000002 1.0000000180025095e-35 0.042049747339808034 0.050277777777777789 -11.499999999999998 0.2305555555555556 0.033111480217094091 7.5000000000000009
decision_type=2 2 2 2 2 2 2 2 2 2 2 2 2 2 2 2 2 2 2 2 2 2 2 2 2 2 2 2 2 2 2 2 2 2 2 2 2 2 2 2 2 2 2 2 2 2 2 2 2 2 2 2 2 2 2 2 2 2 2 2 2 2 2 2 2 2 2 2 2 2 2 2 2 2 2 2 2 2 2 2 2 2 2 2 2 2 2 2 2 2 2 2 2 2 2 2 2 2 2 2 2 2 2 2 2 2 2 2 2 2 2 2 2 2 2 2 2 2 2 2 2 2 2 2 2 2
left_child=1 12 5 4 18 7 16 33 9 19 28 40 14 96 50 80 66 51 -3 27 -21 41 29 30 58 121 36 -9 -5 73 48 35 57 37 -35 95 107 38 39 -2 -10 62 64 92 115 -14 -27 49 81 63 59 52 53 104 83 -26 -41 -7 120 60 -1 -62 69 -34 86 -66 -6 75 110 79 -25 102 -73 -15 91 94 -58 -29 -37 -20 90 82 -18 -53 -54 -68 -23 -75 -36 112 -11 -30 -16 -60 -46 -32 -12 109 99 -70 -101 -22 103 -19 125 -105 -76 118 -109 -33 -31 -112 -90 -50 -104 -45 117 -42 -17 -106 -13 122 -4 -124 -71 -8
right_child=2 3 25 10 6 32 17 8 11 15 13 24 45 22 43 26 23 71 21 20 101 42 -24 70 55 46 -28 77 74 68 31 97 47 34 88 78 -38 -39 -40 56 116 -43 -44 44 67 -47 -48 -49 113 -51 -52 54 84 -55 -56 -57 76 -59 93 -61 61 -63 -64 -65 65 -67 85 -69 98 124 -72 72 -74 87 106 -77 -78 -79 -80 -81 -82 -83 -84 -85 -86 -87 -88 -89 89 -91 -92 -93 -94 -95 -96 -97 -98 -99 -100 100 -102 -103 114 105 119 -107 -108 108 -110 -111 111 -113 -114 -115 -116 -117 -118 -119 -120 -121 -122 -123 123 -125 -126 -127
leaf_value=1.1381125493524715 -7.357139707473606 8.2027688639409231 -13.995464512010024 -8.1633230940457633 -5.1950195212579864 6.3239224640369578 5.1271448415419947 -2.9629252947486808 -7.6785169153558357 11.54424320501326 11.708081299177286 -4.3854078546620849 2.1579973123681642 4.7479355170434525 6.2989232625716589 3.9358018081677373 11.413961865768735 1.0480384691329556 -3.1953897193188014 17.484481785214712 -6.3678869496827977 7.2223986035077097 -6.2912040934943656 -4.4568961002705834 -7.2205064301886273 1.8827288882363047 -2.8347218900270903 1.0497998733929643 -2.0534920944161961 -7.7377968984785941 -1.0872490809673783 5.352340636457984 -6.4146922110154136 5.5534426447196656 -10.134273862832435 8.4453718225919303 8.1747144733152179 -8.9790967614970381 15.090637945539195 4.3717442769256749 -8.1789730566757353 3.7030034233460256 -3.009810151366469 7.8172748649743031 5.1219157839383751 -5.5591535701884185 -7.585168577651932 -10.140308054880235 -0.38666253956117513 -9.7090498724583618 -2.0088626341656117 -0.46540486233926437 10.669427856098295 -1.5670250856697545 5.9704238746953413 -1.8919798808150041 0.6790123414980116 -9.3584487253097635 4.6408101299674644 1.2308508074241056 -6.4177788982790744 6.0782808308376595 -14.118600655544796 -0.32617681820682298 5.3373453592359068 -1.4539892818553066 2.6657630674643471 12.276174203703631 -1.3446192634010243 -9.750129134687743 0.73837648583831816 7.5837951292929153 -10.235868143281307 0.8379719787534019 -3.0422654226594967 7.4733976481935729 -6.309664588973579 8.9532418120630748 -0.92180095584490285 10.713580945747616 -2.5422619943116662 2.8884494250813795 5.0568277677805176 4.075970780345914 5.4623822706711866 -3.3993289878526052 -1.4167111843514313 -10.910884887599265 -1.1117444670660912 -5.2459503503667841 -3.0362357532112538 5.5797607945868348 2.5355145766886729 -1.8327453447892534 1.1409392260712332 -6.3560530813161309 2.6165300852251017 -13.740800858242507 -4.9201548236403179 5.2051332847770908 -1.7867454760693477 -3.2031181930728247 5.9676188745194398 -2.8778159427026435 5.914939453634168 -15.342903350341382 -7.1012478807345509 -3.1752132116912204 4.2142659168868342 1.5964070172634717 10.912339948609576 -9.7122547536474428 10.196912071378982 5.1020040432581775 0.64487216549888182 12.942792660982072 -5.4248301474300238 5.7765859556684855 -6.2495155471772099 0.96067239942467531 1.6032975199435602 7.3828009183937144 11.558087948048753 -2.7102882372610857 -2.9374434875520836 9.3943099169087017
leaf_weight=1033.3381759524345 2449.4732056260109 304.26052993535995 44.034659445285797 1096.811008810997 1027.4844302535057 183.40425211191177 1256.5209438800812 926.95825362205505 2803.321916282177 609.66570234298706 302.80898195505142 801.95418065786362 632.67105972766876 1183.5041410326958 1280.847805917263 138.00882595777512 542.43582355976105 890.95515519380569 2265.8775594830513 80.24795538187027 1902.155957698822 165.99958097934723 814.29773825407028 928.91942667961121 1072.0714913606644 936.35732907056808 878.5931870341301 560.68913120031357 676.32098251581192 497.46368610858917 1811.1342270970345 1303.7313960194588 2923.2085971236229 282.11737459897995 280.66739135980606 314.16408753395081 554.01901286840439 2020.5565658807755 60.208054184913635 231.52806961536407 65.650032758712769 272.47814834117889 1684.9619637131691 2624.3524562716484 2734.3994225263596 497.01445442438126 227.32062244415283 1989.2404425144196 1018.6967021226883 1295.8289738297462 566.64337873458862 1106.6253195405006 1590.3140858411789 431.85730934143066 1996.314230799675 1060.6920072436333 377.32608008384705 90.759598731994629 822.82066315412521 2059.1240253448486 105.14069998264313 2941.7914483547211 151.44691705703735 449.73158764839172 1074.3214958906174 535.0636950135231 678.59590184688568 295.32015043497086 2869.8712947964668 576.87204968929291 1123.7786003947258 545.5371943116188 46.020395219326019 659.12240326404572 2308.6588728427887 1696.051683306694 964.88205116987228 336.57517886161804 276.74606716632843 68.703193664550781 85.89535391330719 1094.1884325742722 1006.1979209780693 1301.370458483696 609.02837181091309 602.04566776752472 2178.1989961266518 95.444107174873352 211.78154104948044 954.46162849664688 58.67279851436615 272.01599079370499 2116.5005012154579 397.74519002437592 953.38873547315598 515.76494765281677 242.75431174039841 38.734905362129211 530.46597808599472 835.0237033367157 459.67052060365677 2567.0915223956108 587.20734685659409 404.01126945018768 743.51943373680115 81.691966354846954 851.78522729873657 252.73960876464844 1099.2083892822266 1559.7265474200249 88.592205882072449 79.370558321475983 122.89958870410919 484.14170432090759 824.36813586950302 428.83658355474472 345.80359852313995 211.94481551647186 271.79975044727325 805.76234257221222 392.94170325994492 1162.1472316384315 98.089565336704254 116.20449495315552 295.73307490348816 812.28943014144897
leaf_count=1506 2095 361 39 1146 1229 221 1616 1097 2559 696 306 887 908 1600 1573 180 605 1220 3121 54 1835 222 1028 1092 1033 1321 1057 703 1065 567 2499 1758 2503 342 192 377 676 1404 60 265 63 383 2278 2767 3360 682 233 1162 1479 856 817 1537 1614 563 2599 1201 419 70 1109 2997 116 3743 153 500 1408 744 868 267 4042 622 1581 656 43 933 3154 1881 906 385 383 91 116 1525 1341 1766 778 704 3117 115 214 828 72 384 2917 455 1311 670 279 50 697 1132 670 3030 783 565 957 88 936 291 1461 2129 105 76 161 632 1198 319 346 283 251 1116 490 1409 115 154 388 932
internal_value=-4.17734e-09 1.76752 -3.54611 0.725284 1.63112 -4.08806 2.66249 -3.21193 -2.13044 -0.651246 -1.7532 -4.04503 4.47146 -0.278277 4.81384 2.87555 0.957456 4.40313 -1.42401 -2.83614 -4.16141 -1.73999 -0.812284 1.60524 -2.09862 3.41351 1.47534 0.46899 -4.20643 -0.201 2.26806 1.04578 -7.40612 -5.69916 -2.84403 -0.976505 3.11056 -6.5654 -5.37105 -5.67726 -6.62847 -3.89049 -0.355115 5.84465 6.58006 -1.23723 0.0332066 -7.75772 3.98398 -6.74256 2.94935 5.21618 6.21878 4.58487 3.79359 -4.57046 -3.06258 1.13241 0.0839157 3.40698 4.50517 5.64708 -4.50654 -5.60288 0.776279 3.07947 -2.41554 5.52789 -1.23071 -4.05264 -1.61267 1.84027 6.19751 2.64704 -3.15016 5.15773 -4.34498 4.01448 4.05836 -2.78607 8.80578 5.46386 7.28352 1.98892 9.22752 -0.185513 -0.80495 -0.648125 -4.35318 -3.09454 10.2642 0.13599 3.95437 2.53128 4.09273 -2.2551 7.6627 3.07896 -0.626995 -0.0801497 2.72272 -4.55008 0.915825 -1.07674 5.31916 -4.97436 -4.13622 1.51804 2.83284 3.30648 -5.4903 1.16622 3.04095 1.38152 2.8591 8.53718 -1.90658 2.47615 -2.81947 3.33829 -2.41602 6.18271 0.783864 3.82083 -7.44125 6.80259
internal_weight=107533 71763.2 35769.5 51797.8 37933.8 33185.3 28359.9 26253.2 18297.3 10322.3 13864 7974.95 19965.4 8658.39 18835.7 3948.6 14326.5 14033.4 9573.92 6373.72 4549.5 9269.66 8112.83 12018.4 4548.23 2584.15 3194.37 1824.22 5205.59 7298.53 9965.66 5820 6932.17 7955.9 1851.93 2917.81 2315.78 6103.97 4083.42 4023.21 3426.72 3631.11 5638.55 12129.7 8732.35 1129.69 1163.68 6658.01 4145.66 4668.77 6706.04 10653.6 6249.29 4049.95 4404.31 2132.76 1573.74 274.164 2415.46 6139.39 4080.27 3046.93 3358.63 3372.94 3953.58 1609.39 2308.13 5679.16 5360.46 3207.19 2052.7 3379.79 591.558 1938.07 4108.78 5383.84 1342.21 897.264 590.91 2334.58 754.234 2642.82 1548.63 2408 2199.34 1280.64 2344.2 754.567 1569.81 1289.14 668.339 948.337 3397.35 1220.57 3687.79 2326.9 545.563 2902.19 4695.03 4164.57 1294.69 4469.25 2788.23 1376.66 3618.09 485.703 3160.44 1761.76 1351.95 2863.46 665.426 167.963 334.681 1502.84 1411.58 3053.19 623.398 277.595 409.809 1549.28 1194.9 1420.48 258.329 214.294 872.605 2068.81
internal_count=129039 93240 35799 68076 49841 32528 36953 27216 20330 11904 18235 8426 25164 11550 23574 4800 18922 18031 12888 7104 4919 12527 10965 16121 5175 3271 3916 2185 6685 9937 13448 7866 5312 6886 1737 3929 2859 5149 3745 3685 3251 4758 7769 14395 9905 1590 1554 5021 5582 3859 9179 13478 7576 5184 5902 2234 1590 291 2941 8362 5365 3859 4375 3003 5491 2152 2801 6819 7289 4222 2673 4553 699 2648 5539 6552 1325 1088 760 3212 884 3471 1946 3303 2392 1572 3339 1048 1395 1203 768 1449 4490 1564 4671 3169 585 3937 6541 5844 1802 4865 3854 1873 4621 653 4090 2183 1752 3887 748 181 375 2111 1981 3086 692 346 431 2073 1377 1717 308 269 1010 2548
is_linear=0
shrinkage=0.05


end of trees

feature_importances:
Column_1=314
Column_11=288
Column_33=232
Column_34=195
Column_5=190
Column_32=168
Column_39=167
Column_24=161
Column_36=150
Column_0=126
Column_27=126
Column_6=110
Column_25=92
Column_14=76
Column_38=65
Column_15=63
Column_28=61
Column_23=60
Column_29=55
Column_30=53
Column_37=51
Column_40=48
Column_42=40
Column_12=36
Column_9=33
Column_13=33
Column_2=30
Column_46=29
Column_16=26
Column_7=22
Column_31=21
Column_22=20
Column_21=19
Column_4=17
Column_8=16
Column_10=14
Column_17=14
Column_3=13
Column_44=9
Column_47=9
Column_43=8
Column_18=5
Column_19=3
Column_35=3
Column_26=2
Column_48=2
Column_45=1

parameters:
[boosting: gbdt]
[objective: regression]
[metric: l2]
[tree_learner: serial]
[device_type: cpu]
[data_sample_strategy: bagging]
[data: ]
[valid: ]
[num_iterations: 800]
[learning_rate: 0.05]
[num_leaves: 127]
[num_threads: 4]
[seed: 42]
[deterministic: 0]
[force_col_wise: 0]
[force_row_wise: 0]
[histogram_pool_size: -1]
[max_depth: -1]
[min_data_in_leaf: 50]
[min_sum_hessian_in_leaf: 0.001]
[bagging_fraction: 0.8]
[pos_bagging_fraction: 1]
[neg_bagging_fraction: 1]
[bagging_freq: 0]
[bagging_seed: 400]
[bagging_by_query: 0]
[feature_fraction: 0.8]
[feature_fraction_bynode: 1]
[feature_fraction_seed: 30056]
[extra_trees: 0]
[extra_seed: 12879]
[early_stopping_round: 0]
[early_stopping_min_delta: 0]
[first_metric_only: 0]
[max_delta_step: 0]
[lambda_l1: 0]
[lambda_l2: 0]
[linear_lambda: 0]
[min_gain_to_split: 0]
[drop_rate: 0.1]
[max_drop: 50]
[skip_drop: 0.5]
[xgboost_dart_mode: 0]
[uniform_drop: 0]
[drop_seed: 17869]
[top_rate: 0.2]
[other_rate: 0.1]
[min_data_per_group: 100]
[max_cat_threshold: 32]
[cat_l2: 10]
[cat_smooth: 10]
[max_cat_to_onehot: 4]
[top_k: 20]
[monotone_constraints: ]
[monotone_constraints_method: basic]
[monotone_penalty: 0]
[feature_contri: ]
[forcedsplits_filename: ]
[refit_decay_rate: 0.9]
[cegb_tradeoff: 1]
[cegb_penalty_split: 0]
[cegb_penalty_feature_lazy: ]
[cegb_penalty_feature_coupled: ]
[path_smooth: 0]
[interaction_constraints: ]
[verbosity: -1]
[saved_feature_importance_type: 0]
[use_quantized_grad: 0]
[num_grad_quant_bins: 4]
[quant_train_renew_leaf: 0]
[stochastic_rounding: 1]
[linear_tree: 0]
[max_bin: 255]
[max_bin_by_feature: ]
[min_data_in_bin: 3]
[bin_construct_sample_cnt: 200000]
[data_random_seed: 175]
[is_enable_sparse: 1]
[enable_bundle: 1]
[use_missing: 1]
[zero_as_missing: 0]
[feature_pre_filter: 1]
[pre_partition: 0]
[two_round: 0]
[header: 0]
[label_column: ]
[weight_column: ]
[group_column: ]
[ignore_column: ]
[categorical_feature: ]
[forcedbins_filename: ]
[precise_float_parser: 0]
[parser_config_file: ]
[objective_seed: 16083]
[num_class: 1]
[is_unbalance: 0]
[scale_pos_weight: 1]
[sigmoid: 1]
[boost_from_average: 1]
[reg_sqrt: 0]
[alpha: 0.9]
[fair_c: 1]
[poisson_max_delta_step: 0.7]
[tweedie_variance_power: 1.5]
[lambdarank_truncation_level: 30]
[lambdarank_norm: 1]
[label_gain: ]
[lambdarank_position_bias_regularization: 0]
[eval_at: ]
[multi_error_top_k: 1]
[auc_mu_weights: ]
[num_machines: 1]
[local_listen_port: 12400]
[time_out: 120]
[machine_list_filename: ]
[machines: ]
[gpu_platform_id: -1]
[gpu_device_id: -1]
[gpu_use_dp: 0]
[num_gpu: 1]

end of parameters

pandas_categorical:null
