tree
version=v4
num_class=1
num_tree_per_iteration=1
label_index=0
max_feature_idx=48
objective=regression
feature_names=Column_0 Column_1 Column_2 Column_3 Column_4 Column_5 Column_6 Column_7 Column_8 Column_9 Column_10 Column_11 Column_12 Column_13 Column_14 Column_15 Column_16 Column_17 Column_18 Column_19 Column_20 Column_21 Column_22 Column_23 Column_24 Column_25 Column_26 Column_27 Column_28 Column_29 Column_30 Column_31 Column_32 Column_33 Column_34 Column_35 Column_36 Column_37 Column_38 Column_39 Column_40 Column_41 Column_42 Column_43 Column_44 Column_45 Column_46 Column_47 Column_48
feature_infos=[12:298] [-64:64] [-1:1] [0:51] [0:54] [0:0.80000000000000004] [0:0.81818181818181823] [0:37] [0:36] [0:16] [0:19] [0:0.68965517241379315] [0:47] [0:43] [0:80] [0:87] [0:13] [0:4] [0:4] [0:6] [0:2] [1:53] [1:53] [0:0.16666666666666666] [0:0.31182902267139362] [0:1.1944444444444444] [0:70] [0:0.21944444444444444] [0:6.666666666666667] [0:0.21944444444444444] [0:0.16833333333333333] [-0.071587301587301561:0.098611111111111108] [0:0.16574074074074074] [0:0.34089293098831663] [0:1.1833333333333333] [0:83] [0:0.16574074074074074] [0:20.611111111111111] [0:0.16574074074074074] [0:0.22388888888888886] [-0.076984126984126933:0.079999999999999974] none [0:30] [0:1] [0:1] [0:1] [0:1] [0:1] [0:1]
tree_sizes=13820 14012 13979 13980 14014 13988 13946 14046 13997 14031 14019 14022 13954 13985 13995 14030 14014 13940 13963 14010 13981 13954 13971 13989 13973 13989 13971

Tree=0
num_leaves=127
num_cat=0
split_feature=27 38 38 1 44 27 34 30 1 0 11 33 27 1 1 5 38 44 11 11 29 30 25 1 1 27 11 25 1 38 39 44 11 30 1 25 0 33 34 38 1 1 24 0 1 1 1 11 25 11 1 1 38 38 42 34 5 30 11 1 25 4 23 47 38 1 0 25 25 34 23 29 23 24 30 0 24 33 28 24 38 30 5 38 28 28 39 11 23 24 28 28 1 28 38 33 30 37 29 30 33 1 29 0 1 37 0 42 12 0 5 1 33 24 1 30 1 4 23 38 28 11 34 0 34 30
split_gain=4.71732e+09 9.52645e+08 8.14405e+08 3.01994e+08 2.82833e+08 1.88597e+08 1.82456e+08 1.58573e+08 1.20745e+08 1.07359e+08 9.2718e+07 9.00144e+07 8.67758e+07 8.31287e+07 7.50023e+07 7.48454e+07 5.85492e+07 5.66974e+07 5.4719e+07 5.40027e+07 5.13902e+07 4.82049e+07 4.77962e+07 4.75869e+07 4.98593e+07 4.56186e+07 4.13322e+07 3.9414e+07 3.94066e+07 3.58449e+07 3.42023e+07 3.39927e+07 3.32317e+07 2.99781e+07 2.96796e+07 2.9314e+07 2.72164e+07 2.6915e+07 2.62672e+07 2.66532e+07 2.61138e+07 2.43715e+07 2.32082e+07 2.31515e+07 2.30232e+07 2.27469e+07 2.25314e+07 2.23915e+07 2.23837e+07 2.23399e+07 2.22695e+07 2.07432e+07 2.01398e+07 1.96385e+07 1.94786e+07 1.89858e+07 1.88071e+07 1.86515e+07 1.86206e+07 1.82721e+07 1.81744e+07 1.69649e+07 1.63648e+07 1.62996e+07 1.61593e+07 1.57511e+07 1.72269e+07 1.56029e+07 1.53807e+07 1.49128e+07 1.46377e+07 1.42369e+07 1.41852e+07 1.59874e+07 1.40438e+07 1.39112e+07 1.38462e+07 1.35835e+07 1.34796e+07 1.33982e+07 1.33017e+07 1.32088e+07 1.31802e+07 1.30684e+07 1.25166e+07 1.23926e+07 1.23021e+07 1.21048e+07 1.21029e+07 1.44101e+07 1.20415e+07 1.18755e+07 1.18725e+07 1.18363e+07 1.17728e+07 1.16465e+07 1.15616e+07 1.15495e+07 1.14658e+07 1.13602e+07 1.12355e+07 1.10509e+07 1.09585e+07 1.07542e+07 1.06859e+07 1.06677e+07 1.06537e+07 1.04196e+07 1.04089e+07 1.03958e+07 1.06926e+07 1.08509e+07 1.03808e+07 1.02797e+07 1.02278e+07 1.01563e+07 9.98533e+06 9.8718e+06 9.72703e+06 9.69329e+06 9.67282e+06 9.60099e+06 9.55791e+06 1.01025e+07 9.48761e+06 9.48202e+06
threshold=0.012870370370370372 0.015648148148148151 0.0094841269841269855 -5.4999999999999991 1.0000000180025095e-35 0.0089583333333333338 0.069444444444444461 0.012870370370370372 -5.4999999999999991 62.500000000000007 0.23553323768531806 0.02053580568001202 0.0067283950617283957 -6.4999999999999991 -5.4999999999999991 0.10982310372554276 0.010833333333333335 1.0000000180025095e-35 0.23463088939279417 0.25362623502207277 0.0067283950617283957 0.0205952380952381 0.18611111111111114 -7.4999999999999991 8.5000000000000018 0.019598765432098767 0.21886405109489054 0.48055555555555562 -4.4999999999999991 0.0088095238095238105 0.0088095238095238105 1.0000000180025095e-35 0.24085229808121375 0.0094841269841269855 -5.4999999999999991 0.10833333333333335 98.500000000000014 0.018986213156238625 0.16388888888888892 0.028950617283950621 -13.499999999999998 12.500000000000002 0.042048894019656322 42.500000000000007 8.5000000000000018 -11.499999999999998 6.5000000000000009 0.25872210953346864 0.16388888888888892 0.268405600722674 8.5000000000000018 -12.499999999999998 0.0065740740740740751 0.028950617283950621 1.0000000180025095e-35 0.10277777777777779 0.10889328063241108 0.025625000000000002 0.27228596646072378 12.500000000000002 0.10277777777777779 5.5000000000000009 0.030576923076923081 1.0000000180025095e-35 0.0205952380952381 -13.499999999999998 54.500000000000007 0.069444444444444461 0.097222222222222238 0.10277777777777779 0.021335858585858587 0.0205952380952381 0.021131111825422339 0.019880676249866652 0.0081790123456790143 14.500000000000002 0.031986252161099925 0.0099777283838993897 0.041666666666666678 0.027580516356929659 0.01451388888888889 0.0093518518518518542 0.085867895545314918 0.013263888888888889 0.030555555555555558 0.041666666666666678 0.0045370370370370382 0.20848321342925663 0.020969982078853051 0.018276137070111668 0.091666666666666688 0.080555555555555561 9.5000000000000018 0.080555555555555561 0.0205952380952381 0.031852347774598513 0.0039285714285714297 0.052777777777777785 0.018968253968253971 0.04909722222222223 0.021781108382090762 -16.499999999999996 0.0078571428571428594 24.500000000000004 7.5000000000000009 0.52500000000000013 85.500000000000014 1.0000000180025095e-35 19.500000000000004 38.500000000000007 0.19905660377358494 -3.4999999999999996 0.01685536363516988 0.031492913790072914 9.5000000000000018 0.0058333333333333345 -6.4999999999999991 6.5000000000000009 0.02617121507472385 0.016080246913580249 0.041666666666666678 0.27228596646072378 0.12500000000000003 110.50000000000001 0.13611111111111115 0.0065740740740740751
decision_type=2 2 2 2 2 2 2 2 2 2 2 2 2 2 2 2 2 2 2 2 2 2 2 2 2 2 2 2 2 2 2 2 2 2 2 2 2 2 2 2 2 2 2 2 2 2 2 2 2 2 2 2 2 2 2 2 2 2 2 2 2 2 2 2 2 2 2 2 2 2 2 2 2 2 2 2 2 2 2 2 2 2 2 2 2 2 2 2 2 2 2 2 2 2 2 2 2 2 2 2 2 2 2 2 2 2 2 2 2 2 2 2 2 2 2 2 2 2 2 2 2 2 2 2 2 2
left_child=2 3 6 17 8 13 14 22 36 25 31 16 52 30 58 32 47 18 105 43 -16 40 26 -12 35 50 56 38 96 91 68 60 61 -30 -23 80 65 82 53 -40 -6 55 59 75 85 -20 74 77 88 103 -10 -32 69 124 62 64 -5 84 102 72 109 104 76 120 -21 -3 -67 -33 -4 -8 101 -56 73 -17 -45 -15 -36 -9 -34 -74 112 -50 -28 118 -31 -35 -61 -54 89 -42 -29 -13 -86 -49 -57 99 -14 -76 -65 113 -58 -62 -1 -22 108 -2 -19 -55 -11 -7 111 -111 -25 -59 -80 -69 -89 -38 -39 -53 -18 -47 123 -48 -27 -37
right_child=1 4 5 7 21 10 12 11 9 15 23 29 28 19 20 42 63 106 45 41 49 34 -24 24 -26 27 37 90 33 57 51 67 78 44 54 125 117 83 39 -41 48 -43 -44 46 -46 121 122 93 81 -51 -52 119 87 107 71 94 100 95 -60 86 70 -63 -64 98 -66 66 -68 115 -70 -71 -72 -73 79 -75 97 -77 -78 -79 114 -81 -82 -83 -84 -85 92 -87 -88 116 -90 -91 -92 -93 -94 -95 -96 -97 -98 -99 -100 -101 -102 -103 -104 -105 -106 -107 -108 -109 -110 110 -112 -113 -114 -115 -116 -117 -118 -119 -120 -121 -122 -123 -124 -125 -126 -127
leaf_value=1686.2004750971748 1679.3476698158781 1655.9552211655657 1681.4099528964732 1692.9053989409654 1654.4249341422751 1676.1645790133377 1696.8174737727691 1674.7019139375434 1672.3446022044166 1684.4478564839364 1668.3716118795612 1680.6201537750339 1696.2795594633201 1664.2810789072823 1693.4633034801841 1670.3087842118648 1665.432679046474 1658.6816080760766 1661.0776056731336 1682.817173654088 1680.1667861852727 1652.7169751363949 1693.5976627187142 1675.6902087914771 1669.5420208636415 1663.3425808517834 1680.6058996381114 1667.5664245329358 1697.6494102282077 1675.0759509840291 1668.7656648380657 1671.3473260649005 1667.8275083620726 1687.8233741545159 1658.4477933642872 1695.1793108286274 1675.265288633409 1690.1454679883675 1675.6965407699856 1664.6750540988253 1663.6380545621885 1670.2612135793195 1679.4789200998543 1696.3529909610884 1685.169049215019 1673.6808386709133 1679.8972039234729 1662.9526537711306 1685.1216852933583 1681.8087590354796 1663.0421824049065 1681.461587753402 1698.5508354295578 1654.283105664111 1669.7872832718558 1689.7916801864019 1678.9677961450245 1673.9210501991151 1674.7289380066684 1679.4770748383435 1667.660707404325 1673.1346568786507 1652.6363261422453 1669.9712605440029 1669.9540284765753 1658.9602749883163 1665.2776704166502 1695.1908511805273 1693.6915871336757 1701.4337389883922 1684.7375150885939 1660.5371665526379 1663.3428994047606 1686.6141183170955 1687.7111370139564 1685.0672930185035 1674.4908183678422 1683.2149562513955 1676.9375005553372 1671.7735684786569 1674.4130367111784 1669.1812584593447 1671.3947508651602 1677.8051260293437 1686.0197900690823 1693.7059225219684 1659.6854452641262 1687.6259980188991 1659.8721102747286 1674.0879781376466 1689.1104496495877 1690.283925144892 1674.9748620697121 1675.0930510285195 1681.8609341179629 1680.2570932884876 1685.9611177551271 1692.3083685900094 1661.4926177831778 1667.0513004094532 1692.3369490743912 1693.1814577447772 1679.0720629008811 1689.168767958311 1675.0740524797097 1669.97423269505 1668.3290100809015 1661.5342872072504 1668.6944191695447 1679.1441498862846 1673.2411716373508 1685.3691558515234 1682.6767810282272 1682.8136974604147 1667.1143299901014 1678.8870943241964 1694.9461314774123 1665.2772240081019 1675.0759137680948 1673.3549185297113 1673.3406192984521 1666.6785134958047 1690.8281705616939 1689.277395431176 1670.5468954645303 1682.7330396728646
leaf_weight=1376.6940498948097 1509.2540634572506 1269.4803877174854 622.95001059770584 1329.5194993317127 678.01146727800369 649.09794521331787 3012.4260773658752 638.68498709797859 3973.1540513038635 2154.5693674385548 1754.2629988193512 433.72929400205612 302.08247488737106 85.015623360872269 5229.3346913158894 478.45759338140488 473.61538770794868 1503.1929287910461 1146.3317387998104 2738.822276622057 357.75597220659256 2588.1722801327705 1708.0739697217941 919.8739600777626 1651.2283098101616 3275.2711634337902 718.55342838168144 94.012283325195312 3114.3456507325172 436.69250041246414 754.15646401047707 827.67916065454483 821.5048722922802 1035.5501182377338 1835.2109626829624 163.73589837551117 453.44216588139534 868.93002235889435 830.74783274531364 1614.7664176523685 1482.9694688618183 327.50323665142059 424.97973728179932 1341.3598527610302 1098.7800416648388 915.90357911586761 833.47098702192307 236.96934434771538 176.21668907999992 1660.3714918196201 767.673315346241 1108.4759382903576 2237.1461431980133 911.25685673952103 523.39322108030319 1733.9526571929455 522.26303723454475 1158.5508749783039 849.9636934697628 85.884337544441223 44.431437373161316 619.56200596690178 1452.7577972412109 750.65242540836334 268.05235227942467 2048.0940346717834 2280.9312896728516 109.91539034247398 431.49375241994858 4173.1406008005142 2317.6153514385223 2026.6699856221676 1057.4536102116108 219.21275687217712 2106.0029564797878 1512.8803524971008 145.12812638282776 1759.3393059074879 1714.6644676923752 850.13289186358452 2558.7807738482952 495.05904674530029 845.13841810822487 424.66909790039062 1690.5305488705635 6610.9826248586178 915.1293870806694 539.1289224922657 1425.1174892783165 424.28565311431885 209.14676985144615 1190.4794617593288 284.21261376142502 1314.1129849851131 640.90538212656975 1588.3080070018768 2679.435646802187 3889.0342665016651 850.54446446895599 405.4270741045475 224.79769656062126 936.15092545747757 886.19577008485794 4568.5314581096172 428.89742061495781 379.95533412694931 353.45730924606323 1085.649543762207 110.2202123105526 953.20463877916336 261.37685057520866 2635.8675048649311 1259.8367320895195 451.68302130699158 313.41940629482269 729.41426858305931 3428.4352614581585 544.38723140954971 122.13388368487358 552.55957648158073 2106.9793302714825 1051.5306196808815 589.96341696381569 437.82363620400429 531.09861722588539 2339.2804820239544
leaf_count=2153 2068 893 965 1604 406 861 3710 827 4706 2923 2123 611 370 83 6998 558 532 1212 1043 3759 470 1461 2201 1289 2052 3020 984 115 3509 539 930 1025 892 1548 1306 186 580 1117 992 1585 1344 438 596 1560 1601 1232 1188 238 207 2449 783 1589 2550 534 608 2219 689 1417 1262 93 47 739 776 850 296 1662 2390 120 525 4234 3255 1709 1065 265 3007 2111 157 2405 2126 985 3377 489 1029 548 2237 8461 772 831 1063 483 291 1549 356 1699 910 2083 3899 5109 757 427 240 1079 1346 6455 557 481 380 974 136 1344 347 3706 1737 594 314 909 4246 591 163 745 2698 1172 797 613 587 3092
internal_value=1679.52 1670.22 1687.65 1677.17 1665.5 1682.52 1692.41 1679.96 1668.19 1669.86 1679.1 1677.22 1694.78 1685.96 1687.94 1673.72 1673.55 1667.98 1670.75 1687.44 1689.76 1659.42 1686.37 1675.9 1677.38 1666.9 1683.92 1664.72 1692.15 1681.11 1678.92 1682.7 1677.19 1693.44 1657.19 1679.17 1662.21 1680.15 1664.07 1668.42 1663.5 1683.5 1668.43 1689.52 1691.94 1666.68 1690.48 1677.92 1665.04 1686.82 1670.84 1675.64 1697.7 1662.24 1659.13 1684.31 1689.34 1679.33 1681.04 1667.13 1684.08 1680.59 1656.67 1669.43 1681.67 1660.85 1662.29 1676.22 1686.44 1699.5 1686.9 1662.44 1669.33 1675.43 1691.73 1683.96 1659.62 1680.95 1673.23 1667.1 1676.86 1673.37 1675.63 1685.14 1682.74 1692.91 1661.38 1695.61 1663.36 1665.96 1682.43 1687.7 1684.43 1673.24 1687.65 1677.06 1687.01 1690.69 1665.47 1674.53 1682.99 1692.03 1683.41 1688.52 1682.31 1677.46 1660.52 1658.23 1683.68 1682.02 1683 1683.72 1679.73 1676.42 1675.42 1681.02 1693.95 1669.82 1688.29 1678.76 1671.89 1669.94 1685.57 1683.13 1664.35 1683.55
internal_weight=155977 72730.4 83246.5 29394.2 43336.2 40086.2 43160.3 22534.6 30083.2 23486.9 20111.8 15770.5 28231.5 19974.4 14928.8 10194.1 8130.9 6859.63 5002.98 16504.8 11816 13253 6764.08 10647 8892.74 13292.8 5056.01 8551.95 14841.2 7639.61 3469.64 9464.75 6162.84 11859.7 8571.33 7241.51 6596.34 2979.42 8248.79 2445.51 4681.66 5709.24 4031.25 10795.6 8745.31 3113.77 9197.66 3949.11 4003.65 6586.66 4740.83 2415.19 13390.3 5803.28 5983.16 5381.73 2076.58 6015.4 3112.85 3606.27 7797.74 3313.25 3433.1 4181.79 3006.87 5598.51 4329.03 1667.01 1054.44 7185.57 3298.2 2550.06 2605.26 697.67 7336.4 1597.9 1980.34 2398.02 2849.59 1907.59 4738.49 671.276 1563.69 1415.73 2411.44 7646.53 1001.01 6204.71 3332.37 1907.26 303.159 1624.21 1974.74 1551.08 2374.86 3603.97 2981.52 5995.04 1601.2 2015.66 747.061 980.582 2262.89 4926.29 2693.69 1889.21 1856.65 1996.91 2264.79 4499.55 3850.45 3589.07 2179.71 1610.23 2028.08 839.33 3967.56 997.829 991.064 1661.04 2580.59 1967.43 1861.26 1271.29 3806.37 2503.02
internal_count=187200 77715 109485 35982 41733 53393 56092 28394 31724 25608 26549 19819 34959 26844 21133 12021 10006 7588 5996 22090 16372 10009 8575 13856 11733 13587 6374 8098 19388 9813 4754 12693 7687 15119 6017 9681 6116 3841 7692 2577 3992 7622 4334 14468 11610 3447 12274 5169 3586 9374 5489 3264 15571 5115 4556 7184 2533 7653 4761 3738 10639 4355 2239 4837 4055 4945 4052 2054 1490 7944 4381 2317 2873 823 9676 2194 1463 3232 3332 2050 6403 696 2013 1828 3132 10009 865 7627 2890 1827 406 2160 2593 1937 3129 4521 4269 8116 1607 2438 929 1126 3499 6925 3616 2549 1592 1508 3059 6258 5397 5050 3026 2011 2440 1029 5077 1171 1280 2334 3230 2404 2598 1801 3607 3278
is_linear=0
shrinkage=1


Tree=1
num_leaves=127
num_cat=0
split_feature=29 38 36 12 34 11 29 11 12 29 11 2 11 38 29 34 30 30 25 34 6 24 30 11 34 23 12 34 25 38 29 25 33 2 29 2 42 33 34 25 25 25 25 5 24 38 29 30 23 24 11 36 30 42 12 23 29 12 6 38 42 2 23 15 29 36 6 9 14 34 39 30 6 11 36 15 23 14 11 42 6 24 39 12 23 4 11 11 25 6 24 5 7 6 29 35 11 29 34 30 25 24 42 23 34 32 11 19 32 23 5 36 15 38 24 36 37 25 14 29 24 11 25 23 29 33
split_gain=4.25738e+09 8.63021e+08 7.3784e+08 2.83336e+08 1.75142e+08 1.72905e+08 1.57141e+08 1.22152e+08 9.76302e+07 8.97371e+07 7.39025e+07 6.86524e+07 6.74111e+07 6.24723e+07 6.14611e+07 5.14111e+07 4.63083e+07 4.6275e+07 4.21873e+07 4.14778e+07 3.96499e+07 3.76355e+07 3.7049e+07 3.69751e+07 3.46176e+07 3.41664e+07 3.31038e+07 3.17915e+07 2.9926e+07 2.9737e+07 2.96464e+07 3.43328e+07 2.62068e+07 2.57809e+07 2.53354e+07 2.45641e+07 2.4383e+07 2.37815e+07 2.36254e+07 2.33979e+07 2.30623e+07 2.28897e+07 2.22556e+07 2.1238e+07 2.1182e+07 2.11084e+07 2.0392e+07 1.93802e+07 1.84566e+07 1.83245e+07 1.82269e+07 1.81504e+07 1.76405e+07 1.6724e+07 1.66299e+07 1.65889e+07 1.64825e+07 1.62659e+07 1.62413e+07 1.8543e+07 1.60815e+07 1.58123e+07 1.5538e+07 1.80719e+07 1.54604e+07 1.48702e+07 1.47396e+07 1.47924e+07 1.35332e+07 1.34588e+07 1.34238e+07 1.33855e+07 1.33554e+07 1.32537e+07 1.32397e+07 1.30329e+07 1.29997e+07 1.28976e+07 1.28943e+07 1.2889e+07 1.26256e+07 1.25002e+07 1.73679e+07 1.21664e+07 1.21191e+07 1.20824e+07 1.20639e+07 1.17908e+07 1.17636e+07 1.15671e+07 1.15341e+07 1.14957e+07 1.11284e+07 1.09932e+07 1.09653e+07 1.09366e+07 1.07783e+07 1.05546e+07 1.05107e+07 1.04613e+07 1.07537e+07 1.03885e+07 1.01793e+07 1.01121e+07 1.01119e+07 1.51983e+07 9.95275e+06 9.81806e+06 9.6824e+06 9.6776e+06 9.63522e+06 9.61798e+06 9.58565e+06 9.39662e+06 9.32934e+06 9.24013e+06 9.13393e+06 9.12813e+06 9.01602e+06 8.76209e+06 8.69013e+06 8.64167e+06 8.5913e+06 8.41121e+06 8.30893e+06 8.28647e+06
threshold=0.012870370370370372 0.01451388888888889 0.010092592592592594 1.0000000180025095e-35 0.069444444444444461 0.24896694214876036 0.0089583333333333338 0.26161035226455792 1.0000000180025095e-35 0.0071825396825396836 0.24896694214876036 -1.0000000180025095e-35 0.26589011580931865 0.0205952380952381 0.0067283950617283957 0.16944444444444448 0.0205952380952381 0.015648148148148151 0.26944444444444449 0.12500000000000003 0.13667496886674971 0.028795912132703751 0.0052777777777777788 0.26488306165839837 0.15833333333333335 0.027471941638608308 1.0000000180025095e-35 0.091666666666666688 0.097222222222222238 0.0089583333333333338 0.0205952380952381 0.48611111111111116 0.020051897228965308 1.0000000180025095e-35 0.024523809523809528 1.0000000180025095e-35 1.0000000180025095e-35 0.025719257372563451 0.10277777777777779 0.21944444444444447 0.18055555555555558 0.069444444444444461 0.16388888888888892 0.15034246575342466 0.02741476850985184 0.0065740740740740751 0.025625000000000002 0.018968253968253971 0.024986772486772491 0.051752531880171447 0.22264957264957266 0.0077083333333333335 0.003402777777777778 1.0000000180025095e-35 1.0000000180025095e-35 0.017630527684875514 0.02675925925925926 1.0000000180025095e-35 0.133739837398374 0.022500000000000003 1.5000000000000002 -1.0000000180025095e-35 0.019345111394919828 2.5000000000000004 0.018968253968253971 0.036736111111111115 0.11922530206112296 4.5000000000000009 7.5000000000000009 0.10277777777777779 0.0077083333333333335 0.0052777777777777788 0.10215677179962897 0.31494165398274993 0.0065740740740740751 19.500000000000004 0.025165874430580316 7.5000000000000009 0.24257134451309212 1.0000000180025095e-35 0.14359351988217969 0.020173841483507007 0.016080246913580249 1.0000000180025095e-35 0.024986772486772491 8.5000000000000018 0.21631706333198872 0.28931515535827529 0.10833333333333335 0.1623310810810811 0.042643192690408553 0.17416582406471184 14.500000000000002 0.11558704453441297 0.020069444444444449 6.5000000000000009 0.24456264775413714 0.023395061728395065 0.069444444444444461 0.0052777777777777788 0.13055555555555556 0.015017561600146657 1.5000000000000002 0.022595731324544888 0.091666666666666688 0.020804941361887548 0.18950808393532856 1.0000000180025095e-35 0.01906441869677164 0.022097362514029186 0.10275263951734541 0.0073148148148148157 18.500000000000004 0.021635802469135806 0.024416879040004624 0.018425925925925932 0.48611111111111116 0.19166666666666668 22.500000000000004 0.014365079365079367 0.018188551972467364 0.18340978593272175 0.086111111111111124 0.030189210950080519 0.021203703703703707 0.065645627253332353
decision_type=2 2 2 2 2 2 2 2 2 2 2 2 2 2 2 2 2 2 2 2 2 2 2 2 2 2 2 2 2 2 2 2 2 2 2 2 2 2 2 2 2 2 2 2 2 2 2 2 2 2 2 2 2 2 2 2 2 2 2 2 2 2 2 2 2 2 2 2 2 2 2 2 2 2 2 2 2 2 2 2 2 2 2 2 2 2 2 2 2 2 2 2 2 2 2 2 2 2 2 2 2 2 2 2 2 2 2 2 2 2 2 2 2 2 2 2 2 2 2 2 2 2 2 2 2 2
left_child=2 5 4 16 14 8 12 13 27 45 26 29 20 19 61 25 42 28 32 35 41 54 -11 57 30 44 81 39 50 87 -9 -32 111 74 79 99 -27 48 58 89 46 98 64 52 93 69 83 77 68 76 75 -34 -28 -36 -12 88 -38 -16 59 -14 106 101 -44 -64 104 119 67 -54 -19 -6 -22 -21 -59 -42 -24 -10 114 -17 122 115 102 -8 -83 -31 -39 103 -35 110 -43 123 97 -56 107 95 -49 -15 -76 -50 -4 100 -5 -1 -46 -23 -3 -106 -30 108 -73 -53 116 -13 -88 -40 -37 -18 -7 -96 -52 -26 -72 -69 -47 -2 -65 -67
right_child=1 3 6 7 9 11 10 24 17 22 21 18 38 15 23 47 34 37 -20 71 70 85 33 -25 65 36 43 -29 60 40 31 -33 51 86 53 49 56 84 113 -41 73 55 62 -45 80 78 -48 94 90 -51 118 109 66 -55 91 -57 -58 72 -60 -61 -62 -63 63 124 -66 125 -68 121 -70 -71 120 92 -74 -75 96 -77 -78 -79 -80 -81 -82 82 -84 -85 -86 -87 112 -89 -90 -91 -92 -93 -94 -95 117 -97 -98 -99 -100 -101 -102 -103 -104 -105 105 -107 -108 -109 -110 -111 -112 -113 -114 -115 -116 -117 -118 -119 -120 -121 -122 -123 -124 -125 -126 -127
leaf_value=5.7503224835531555 -8.1131055807265042 -16.786922519436967 2.1465725502741027 -7.273057287253005 16.432207329559176 4.8511530029647822 -7.0063112864415134 -12.599987053394175 9.2043046007177605 18.245983580147143 -10.722086530493364 0.26070696836240587 0.7560267631743216 -10.718255333306974 0.98784566712477173 6.5561470417907106 -15.136112059690767 4.578781540458368 13.943680574658604 15.88629211426638 7.6090745613121049 12.888443219181557 11.504459008498866 0.0591001587173429 5.3044798553302011 -20.379581747319079 14.020740047337222 1.8952252328894652 17.432797551186408 -16.256545282659403 -18.944971908466126 4.453355030824155 11.537140931202716 15.327278976360502 -26.353940173682521 -3.1179109457585552 -8.4892124957322306 11.531271598867939 7.1175283746556417 9.0947676616682855 -0.69537418288523911 11.350713762244389 14.494024419797709 -3.2719091613075797 7.099280133238965 14.125259224560962 -20.312613901682489 -3.437913098636233 -3.5929190504907882 14.458049125282162 -1.6037312955589298 4.1263305513233401 0.68855615952935179 -20.459033253800005 -3.7747418397004489 8.6781696748181769 -16.128735510566869 9.2168844232166549 -10.749653024526626 -15.775194734408899 2.6804555065363549 13.621991695558009 18.175406871655269 -2.9776002902724574 -19.551277065544756 -16.705151477996843 -1.6131016938071019 11.924035932097055 -5.1588974895615713 20.817648658544499 -5.7038341894964084 21.246485105224004 2.6843080280056699 -16.702092495948158 8.7787488028291651 -1.2693810562611683 -9.6966612619439605 -3.8470360520513101 11.968732382827778 -14.115077648818492 -15.814031623966239 12.934178382806079 -4.1007912812076421 -9.3322116898542244 3.0305118567166121 -23.19080087780047 11.558654900903385 -9.3449004113894976 18.658992719055725 -19.41234828973252 3.4104388062367117 -11.048711833722965 15.664531328840946 -16.776629371414597 -13.154017198059215 -1.6524273303543702 3.6313575799757878 -11.98856990128186 7.5322938102256094 -10.880262544320713 13.779977476571672 11.299733527456695 -6.1536764369902182 1.4274148923381711 2.15735863134323 -13.010579871343152 10.137252515289916 -8.3843911539758107 -0.1192575596631331 -3.6158622169723049 -9.8857978179945381 -8.4590916444905329 -3.302542658270899 -0.37786317576068162 8.2727262138158455 -21.702689952767606 -4.4783065499345769 -4.9489487698038168 -18.607489228625326 -7.848657104037021 2.3449348584120164 5.2700380369391944 18.450708186921407 -20.466320488267893 -14.934240209605457 -8.416846730280886
leaf_weight=1515.5015159547329 1008.020969748497 1103.5931670069695 1357.5926255583763 198.10166069865227 3012.4228566586971 580.23849537968636 1227.5904552042484 4263.1486400365829 975.36687555909157 1868.1083604097366 1489.3798625469208 386.83623668551445 2172.8741098344326 2042.6335968971252 943.00089704990387 421.49816656112671 716.08868315815926 1505.695564031601 406.10224929451942 136.00325053930283 532.38453125953674 222.22564765810966 2395.6085114479065 2671.5420269966125 136.21938449144363 1574.3268183469772 430.50923421978951 709.22873625159264 584.80356389284134 886.95210602879524 5058.6608474552631 161.79019099473953 341.47605431079865 2860.4586868286133 2446.6072328686714 1108.2355011999607 1304.6735406816006 562.25756666064262 1402.9374423027039 137.81365284323692 652.53338527679443 1722.0700551867485 72.085378140211105 1089.0161282122135 359.33108305931091 2010.6157688200474 786.8907707631588 815.59036222100258 1250.1664935052395 140.97938418388367 692.9983446598053 606.2162711918354 1758.8280085623264 2367.3742903769016 4304.3504078388214 4761.0917876362801 1538.7709870636463 4556.6533398330212 466.05469533801079 183.99686548113823 611.17305094003677 3494.1512984037399 54.049009621143341 197.68898817896843 2100.0793697535992 860.16067865490913 1141.9170627295971 558.16583335399628 467.61432027816772 4173.1404455602169 686.83377668261528 54.455263257026672 944.58457985520363 161.28656867146492 2755.4460764825344 427.06618162989616 699.88355788588524 1016.274894207716 2219.6322169005871 1349.6831512451172 123.16874024271965 221.6811058819294 460.32019224762917 2227.7031873166561 1648.6896526813507 45.368073672056198 4569.9418057799339 756.35483935475349 809.42546617984772 427.79952204227448 387.46046990156174 621.60863637924194 105.79315006732941 603.88267704844475 1080.8331398069859 397.38138523697853 1611.9201344549656 534.35069552063942 2722.8268044292927 2761.2241958379745 87.422999620437622 1901.4322151243687 242.7797272503376 1436.7522149682045 208.69862604141235 791.47387880086899 2330.2889432311058 371.52471023797989 2019.9504518806934 1207.7862853705883 274.04252663254738 1732.7325346469879 111.14500433206558 595.68223807215691 214.56396651268005 2126.9254909455776 478.8721287548542 493.84471246600151 87.840334177017212 1796.0203384757042 655.33286389708519 3878.636017292738 2675.7189942598343 159.61617344617844 548.29386645555496 464.36375999450684
leaf_count=2354 1137 1002 1963 229 3710 788 1538 4437 1264 2012 1671 513 2970 2250 1242 573 646 2068 524 145 738 234 3300 3854 180 1152 466 860 645 819 4101 232 402 3481 1233 1368 1552 689 1794 175 850 2286 65 1531 398 2602 631 1035 1722 152 974 763 2417 1795 5845 6506 1386 6485 548 174 919 4604 55 199 1538 828 1546 716 645 4234 925 45 1434 159 3930 558 804 1317 2909 1341 114 242 534 2691 2304 27 6054 886 877 363 560 763 118 563 1140 459 2342 570 3780 3091 108 2661 315 1921 213 761 2991 445 2613 1529 305 2062 163 832 247 1400 634 624 79 2115 899 5393 2978 125 515 612
internal_value=1.50546e-07 -8.83763 7.72123 -12.8996 11.9271 -1.53448 2.45284 -10.3429 2.09389 14.1652 -0.736268 -6.11756 5.78619 -7.89682 7.70087 -10.1674 -18.8277 3.9393 -1.45691 -4.44265 7.62863 -4.33788 11.6238 5.00485 -14.1662 -12.4039 1.97989 -7.02237 7.20642 -9.32368 -15.6935 -18.2198 -2.91987 10.7589 -20.9802 -7.04504 -15.3874 1.00458 0.723959 -10.6714 -11.5239 8.73917 -15.0084 3.26723 -8.90699 17.082 -13.1209 -5.38434 -1.229 -2.97116 2.60599 0.962161 4.18396 -23.455 -6.09244 10.4171 -12.6235 7.05518 -2.22102 -0.534537 10.0547 11.2569 -7.73958 -9.7429 -16.5164 -9.71866 3.60681 4.5689 2.27125 18.9791 0.890923 0.602318 8.09521 -3.86766 8.51741 6.01488 -4.18597 -0.797234 15.108 -18.1386 -1.2282 -3.99106 1.43634 -11.304 5.19231 2.26648 12.769 -4.35839 13.6875 -12.3788 -4.40909 -4.69265 -0.212296 -10.7366 -8.14354 -9.24179 6.87893 -6.10689 5.74042 -9.93812 -0.826961 8.83842 1.7555 2.96266 -13.4869 -9.8456 11.6008 -0.899012 0.441615 -1.02852 -1.52934 -6.86767 11.2058 4.88355 -1.2703 -20.0487 0.63288 -10.5808 -3.51657 -6.92138 -1.7739 6.10714 16.5949 -9.80179 -11.7657 -13.7994
internal_weight=155977 72730.4 83246.5 46736.1 46291 25994.3 36955.5 32653.5 14508.3 30264.2 18886.3 11486 18069.1 19913.1 16026.9 12015 14082.6 12065.8 4681.15 7898.14 13247.6 8119.68 16172.6 9115.78 12740.4 8186.95 10766.7 2442.48 5709.54 6804.87 9483.6 5220.45 4275.05 14304.5 9006.68 5210.41 4417.77 6356.23 4821.55 1733.25 4715.37 11373 5075.96 8857.07 3769.18 14091.5 3901.55 3828.04 4145.29 2163.66 2183.27 2155.48 7768.06 4813.98 6415.34 7292.59 2843.44 6444.24 2822.93 2356.87 3526.27 6911.09 872.117 800.032 4203.85 3256.76 7337.55 6195.63 1973.31 7185.56 1874.55 2687.73 5501.24 813.82 6762.97 1402.43 2022.68 1437.77 6905.97 4192.7 725.28 1909.59 682.001 3114.66 2210.95 1704.35 7541.55 2089.51 2531.5 1595.44 2171.98 4925.96 2551.72 3043.9 2390.27 2440.01 4367.37 1784.52 4080.42 3046.75 285.525 3416.93 602.111 1658.98 2103.77 1000.17 2915.09 2445.93 2074.41 1814 1333.15 2119.57 4681.09 1998.62 1322.8 2843.01 1059.11 1574.68 780.839 1932.24 1342.17 4436.8 4686.33 1167.64 745.983 1324.52
internal_count=187200 77715 109485 45511 60349 32204 49136 34748 18648 37715 24844 13556 24292 22243 22634 12878 10763 15988 5793 9365 17974 10461 21282 13015 12505 8189 14383 2660 7430 7763 8770 4333 5269 19270 6415 5999 4090 8558 6318 1800 5150 15412 4348 12069 4099 16433 4141 4689 5565 2571 2875 2694 10538 3028 8279 9669 2938 9161 3692 3144 4555 9619 834 769 3514 3735 10072 8526 2713 7944 2562 3366 7919 1009 9572 1822 2419 1890 8489 3387 827 2314 776 3510 2993 2182 9698 2613 3163 1625 2852 6608 3221 3272 2799 2709 6272 2292 5743 3428 337 5015 713 2155 1976 974 3636 3103 2658 2292 1727 2575 6217 2626 1615 2046 1422 1764 1053 2295 1824 6109 5580 1262 714 1440
is_linear=0
shrinkage=0.05


Tree=2
num_leaves=127
num_cat=0
split_feature=29 38 36 1 44 34 30 11 1 29 30 1 33 1 1 29 29 38 29 1 44 11 29 1 25 34 30 30 11 36 1 38 1 1 25 1 36 39 33 11 25 23 24 6 30 1 11 25 11 23 28 25 6 1 1 34 44 13 25 3 31 25 29 36 6 30 30 1 34 14 1 25 30 1 6 33 1 43 36 38 44 39 14 29 1 6 29 36 36 30 28 30 1 23 29 11 1 34 14 36 34 38 28 1 1 28 6 1 44 11 34 23 39 15 37 6 1 29 1 36 30 25 38 24 23 6
split_gain=3.84229e+09 7.79091e+08 6.68005e+08 2.61227e+08 2.30219e+08 1.65313e+08 1.32529e+08 1.29114e+08 1.06292e+08 9.22096e+07 8.92568e+07 8.11093e+07 7.5281e+07 7.43429e+07 6.4541e+07 6.19108e+07 5.46385e+07 4.9819e+07 4.80291e+07 4.74244e+07 4.66528e+07 4.49131e+07 4.48261e+07 4.19702e+07 4.00805e+07 3.62537e+07 3.55699e+07 3.41945e+07 3.41324e+07 3.3213e+07 3.29784e+07 3.1294e+07 3.045e+07 2.85446e+07 2.81695e+07 2.67812e+07 2.59346e+07 2.45549e+07 2.42632e+07 2.38577e+07 2.32596e+07 2.67041e+07 2.30224e+07 2.12814e+07 2.11236e+07 2.0224e+07 1.95254e+07 1.9009e+07 1.8993e+07 1.89343e+07 1.83177e+07 1.81902e+07 1.79327e+07 1.78154e+07 1.71211e+07 1.68605e+07 1.63595e+07 1.62434e+07 1.61983e+07 1.53739e+07 1.52107e+07 1.51745e+07 1.72757e+07 1.49613e+07 1.4797e+07 1.45363e+07 1.3654e+07 1.39198e+07 1.35582e+07 1.34266e+07 1.32893e+07 1.32139e+07 1.28652e+07 1.27157e+07 1.21879e+07 1.1951e+07 1.18772e+07 1.18666e+07 1.18225e+07 1.17803e+07 1.16972e+07 1.1679e+07 1.16241e+07 1.15487e+07 1.13572e+07 1.11138e+07 1.12959e+07 1.07739e+07 1.07126e+07 1.07066e+07 1.06361e+07 1.05983e+07 1.05979e+07 1.04917e+07 1.03942e+07 1.02969e+07 1.02542e+07 1.01474e+07 1.04992e+07 1.01137e+07 9.91906e+06 9.80545e+06 9.72375e+06 9.63982e+06 9.57816e+06 9.63028e+06 1.02304e+07 9.53229e+06 1.17913e+07 9.32391e+06 9.30772e+06 9.25091e+06 9.20541e+06 1.36837e+07 9.12388e+06 9.72621e+06 9.06796e+06 9.0259e+06 8.96296e+06 8.85039e+06 8.81032e+06 9.35866e+06 8.77327e+06 8.73452e+06 8.71276e+06 8.69606e+06
threshold=0.012870370370370372 0.015648148148148151 0.010833333333333335 -5.4999999999999991 1.0000000180025095e-35 0.069444444444444461 0.012870370370370372 0.23887201162329946 -5.4999999999999991 0.0081790123456790143 0.017839506172839508 -7.4999999999999991 0.02053580568001202 -5.4999999999999991 10.500000000000002 0.0089583333333333338 0.019598765432098767 0.010833333333333335 0.0067283950617283957 9.5000000000000018 1.0000000180025095e-35 0.23463088939279417 0.0094841269841269855 -7.4999999999999991 0.18611111111111114 0.14166666666666669 0.023981481481481482 0.0052777777777777788 0.21756661991584855 0.028950617283950621 -5.4999999999999991 0.010833333333333335 8.5000000000000018 -8.4999999999999982 0.10277777777777779 -5.4999999999999991 0.0065740740740740751 0.0058333333333333345 0.018986213156238625 0.268405600722674 0.13055555555555556 0.020876778538068866 0.028795912132703751 0.15424266455194294 0.0049691358024691367 -11.499999999999998 0.27228596646072378 0.036111111111111115 0.25872210953346864 0.021608702198133097 0.025000000000000005 0.18611111111111114 0.03555625790139065 8.5000000000000018 -14.499999999999998 0.12500000000000003 1.0000000180025095e-35 4.5000000000000009 0.49722222222222229 6.5000000000000009 0.0019911261577928254 0.23611111111111113 0.026150793650793657 0.022808641975308644 0.19727575982209047 0.015493827160493828 0.048611111111111119 8.5000000000000018 0.11944444444444445 10.500000000000002 -14.499999999999998 0.19166666666666668 0.003402777777777778 5.5000000000000009 0.056710977701543742 0.0099777283838993897 -4.4999999999999991 1.0000000180025095e-35 0.019598765432098767 0.013263888888888889 1.0000000180025095e-35 0.0039285714285714297 9.5000000000000018 0.018968253968253971 13.500000000000002 0.12294197031039138 0.028950617283950621 0.0081790123456790143 0.037870370370370381 0.0045370370370370382 0.080555555555555561 0.0029320987654320994 4.5000000000000009 0.021335858585858587 0.019598765432098767 0.25463121783876502 4.5000000000000009 0.086111111111111124 10.500000000000002 0.0077083333333333335 0.25277777777777782 0.022500000000000003 0.041666666666666678 7.5000000000000009 11.500000000000002 0.10833333333333335 0.042705167173252283 9.5000000000000018 1.0000000180025095e-35 0.29561459667093476 0.10277777777777779 0.025019561815336468 0.0045370370370370382 23.500000000000004 0.52500000000000013 0.091326105087572995 16.500000000000004 0.018425925925925932 6.5000000000000009 0.0073148148148148157 0.01451388888888889 0.10833333333333335 0.0089583333333333338 0.018276137070111668 0.021040927895981092 0.12746615087040622
decision_type=2 2 2 2 2 2 2 2 2 2 2 2 2 2 2 2 2 2 2 2 2 2 2 2 2 2 2 2 2 2 2 2 2 2 2 2 2 2 2 2 2 2 2 2 2 2 2 2 2 2 2 2 2 2 2 2 2 2 2 2 2 2 2 2 2 2 2 2 2 2 2 2 2 2 2 2 2 2 2 2 2 2 2 2 2 2 2 2 2 2 2 2 2 2 2 2 2 2 2 2 2 2 2 2 2 2 2 2 2 2 2 2 2 2 2 2 2 2 2 2 2 2 2 2 2 2
left_child=2 3 5 20 8 13 24 15 37 30 19 70 17 46 22 35 32 48 119 40 21 114 43 44 28 88 51 -11 59 95 72 50 52 -29 56 64 110 -3 107 80 49 -42 -24 55 -6 -23 77 -37 75 97 -14 63 -12 68 -39 78 -17 94 81 -5 76 62 109 96 91 84 67 71 87 102 -9 85 -7 89 -59 -8 -36 -1 118 -40 103 -21 -51 -28 123 86 -33 -35 104 -38 -50 -4 -41 -78 -19 -27 -25 -10 -99 -52 -31 -57 -43 -20 105 -18 -107 108 -30 -56 -32 -44 -61 -114 115 -2 -16 -46 -13 -15 121 -22 -47 -49 -65 -77
right_child=1 4 7 6 23 9 12 11 10 27 16 14 31 18 116 34 25 57 39 58 120 45 42 26 -26 29 83 33 38 100 36 66 -34 53 60 47 73 54 79 92 41 69 111 -45 117 122 -48 65 90 82 99 -53 -54 -55 61 101 -58 74 -60 112 -62 -63 -64 124 -66 -67 -68 -69 -70 -71 -72 -73 -74 -75 -76 125 93 -79 -80 -81 -82 -83 -84 -85 -86 -87 -88 -89 -90 -91 -92 -93 -94 -95 -96 -97 -98 98 -100 -101 -102 -103 -104 -105 -106 106 -108 -109 -110 -111 -112 -113 113 -115 -116 -117 -118 -119 -120 -121 -122 -123 -124 -125 -126 -127
leaf_value=-2.4523746783859024 3.5709378393991957 -5.1397154825996694 18.509207972915004 12.324369219985781 -0.61282695198937842 19.253318841710865 -4.4135840849342021 -14.957913463827877 -6.8826958437064834 16.989853257422038 -2.5219654065193065 5.5432423632086012 -4.2685260631463438 13.667736441023397 -6.9784647191747373 1.1491827283373022 -17.362203840395225 -9.1293617443942257 9.8298226066249885 0.66344645084976051 -16.614391724517859 -17.112739085459317 -3.5517031824737368 -7.6063016092818234 12.965126400924214 -0.66939748320436232 -14.784274310468398 1.3939552523154894 1.3949672238613502 -14.915908345247141 16.292112835755546 2.2344326187773875 -15.149921061668863 10.952878467451534 1.0776214514649907 0.95425600217063988 22.733178320314067 -22.043446153362733 8.3830344101978067 4.0782154956305652 14.097390636795655 -2.4674345520441285 12.10984369234459 -4.6548531804862217 -19.021011947875522 -3.5158608282601969 -5.2715441502789506 11.020621395465987 -15.405676975474112 -4.9695768612073365 11.102574038591435 -3.9240225273249716 -8.5039724788754985 4.3920704241359445 -12.229355414218524 11.138997629688335 -5.5935214798079498 -3.7042551789821392 6.848880266493885 12.803040212676805 -2.5603235095239132 -6.9959289016866268 -20.385938646783107 -13.51193472057021 -9.2592760236856719 7.9669063992533999 -7.9327997416149998 -7.6284033553064958 12.916253627905121 -5.4329831009882588 -7.0516646934694158 9.2260383590504258 9.5240744840367988 11.003450493602884 -10.780933594069618 4.7847327536028761 13.516749337462109 5.0458538778654587 -2.9484464510022086 -1.5032831448759139 2.3715598458421963 -13.801433941037232 -14.705070981414009 -20.297512966324518 2.1725831854566939 -7.8804817478555229 -10.099788219912353 6.423822241378689 -21.882120068705774 14.914680498331817 -3.8972284777330559 2.8877976072802887 -3.6222788243993032 6.2445740443898634 -17.0134435166309 -8.673712177989584 -15.774895859943058 5.1715461574311501 -3.8466902981022892 4.6791890978063071 -7.609959003410248 3.6988548467064173 6.0663463599915577 3.9971902141931226 -21.906139066561707 -10.081767884076896 -15.878539999619591 -9.6356873778645564 -11.544476722361374 -18.921672060827266 19.877270127134313 1.8298502396405074 5.8675259296025652 -11.146170457936972 -8.9868250099092499 -4.4607540838303708 -15.528393015428655 -25.256590960113726 -1.2877692984099258 9.4985735627240206 -19.502976007663968 -2.079352079134253 -10.884533359900894 16.803595590929771 -19.884802539454299 -6.6137854953251578
leaf_weight=730.70921403169632 778.44491097331047 495.24697205424309 118.43433412909508 1319.8053161501884 101.68133211135864 386.55444148182869 638.6856224834919 739.11457347869873 648.76803410053253 1500.7513021230698 2560.9158216118813 2906.6365545392036 437.23298940062523 3778.6898220479488 1096.1944799423218 4083.5219871997833 1610.7523768246174 853.51858213543892 4019.4084866344929 153.43884462118149 328.69937384128571 1146.3317302167416 4341.600650459528 1029.9580559432507 1708.0740956068039 964.15094494819641 1205.8827275931835 1123.3305085897446 928.86349987983704 1899.679617613554 3059.3055790960789 2178.755599707365 964.39958637952805 3003.0331445634365 686.45818281173706 618.59535855054855 472.02198964357376 1209.2734026610851 1018.312894910574 1364.9968726933002 363.46646478772163 568.78254559636116 279.29948210716248 614.08268734812737 763.11258840560913 567.82959932088852 991.52284720540047 1399.7076496481895 236.96949860453606 628.9266617000103 900.33550852537155 480.27941960096359 2452.7472258210182 1333.8393203020096 2071.2725336253643 1410.7540023326874 1153.7488098144531 1471.5725719928741 115.64825215935707 181.34595012664795 503.29504299163818 484.06192308664322 1641.3559231460094 984.68584978580475 238.91907054185867 3478.277089715004 645.44357147812843 522.30034181475639 3683.7521738111973 856.26753690838814 1892.125280380249 439.64843451976776 2808.030625641346 2095.5251760184765 1037.3127036392689 1572.0814034640789 730.86864396929741 1898.8164421617985 646.3580536544323 427.94785308837891 827.11416625976562 1541.1815169751644 598.26947066187859 4473.8695115149021 231.81544533371925 394.15414196252823 202.91270110011101 2333.3863525390625 612.57957750558853 6051.8343528807163 1314.1129849851131 1304.4383220672607 664.2387301325798 1543.1936579048634 819.38704246282578 688.85057827830315 612.75861492753029 662.98348149657249 628.87221926450729 1918.8301544189453 614.97095188498497 645.44447490572929 807.9943453669548 859.96659296751022 444.27108231186867 1754.7940798997879 1344.1529258191586 451.42802393436432 217.24049186706543 695.12447732686996 4434.5465939939022 1011.084949016571 325.51763454079628 185.54198604822159 379.95533412694931 730.80896389484406 432.46065533161163 2422.9056235551834 575.23192048072815 1919.5827083587646 1360.9368436336517 167.01408159732819 1399.6046030521393 1223.8580606877804 1177.8595626950264 187.25796157121658
leaf_count=1058 1049 609 138 1588 86 397 827 760 756 1637 3211 4024 607 4973 1464 5641 1371 955 5595 183 299 1043 5772 1060 2201 1199 1071 1658 1296 1733 3678 2873 971 4047 919 853 424 856 1312 1964 402 729 332 769 587 772 1461 1863 238 750 1171 528 2944 1906 2290 1783 1412 1941 169 207 682 579 1215 920 296 4836 767 653 4771 1047 2551 553 3917 2787 1222 2162 815 2951 803 554 1100 1517 611 3113 359 478 209 3278 414 7381 1699 1877 972 2146 719 781 557 822 765 2502 755 964 1062 1303 302 1878 1236 531 232 567 4516 1333 433 221 481 1019 445 1265 777 2715 1095 198 1632 1382 822 243
internal_value=2.03839e-07 -8.39575 7.33516 -2.11227 -12.6577 11.048 0.488334 1.93203 -10.2389 13.1515 -8.66382 -1.22011 -2.02287 7.06603 0.297737 4.95224 -10.7904 -5.37141 8.7799 -4.19632 -10.6555 -8.14357 1.48999 -18.1483 6.34322 -13.0633 -16.5322 9.8923 4.10614 -9.51031 15.3422 1.54102 -7.01351 8.96423 1.97744 7.95709 16.2623 -15.847 0.765891 6.214 -1.97921 1.52897 -1.8089 4.22284 -23.0471 -11.8337 0.707619 9.32013 -1.34396 -4.85469 5.25374 -13.0932 -5.44844 9.78555 -16.7162 5.10435 -0.336207 -9.17477 -11.2562 9.15881 5.47567 -15.3993 -16.3221 -14.2505 2.25471 10.1372 -1.21726 -0.057607 10.5831 -0.51676 -9.27253 1.17214 10.7013 14.392 -6.63015 1.44478 6.8418 2.9622 3.26185 5.45768 7.86983 -12.4917 -9.71572 -19.127 12.781 -0.103471 1.18359 8.97252 -15.6311 15.4804 -5.65545 4.18806 1.55758 8.5818 -12.991 -4.00501 -10.6533 -1.78072 0.781491 6.73058 -13.1292 8.80352 2.54082 8.80185 -14.8882 -14.2261 -12.5961 -3.48163 -1.05766 -13.911 18.4137 4.05492 3.12487 -0.309356 -2.06159 -0.318158 -9.39726 -23.763 4.41471 12.2633 -17.4243 -11.7173 -8.75783 13.7183 -16.983 3.57151
internal_weight=155977 72730.4 83246.5 29394.2 43336.2 49341 22534.6 33905.5 30083.2 32285.9 23486.9 16590.4 15770.5 17055 13959.1 17315.1 15912.3 8130.9 13434 7574.6 6859.63 5002.98 12430.5 13253 6764.08 9934.2 9965.29 12978.1 5056 4167.65 19307.8 7639.61 5978.06 11477.3 8701.09 8614.05 16113.2 6596.34 3043.79 7735.72 5764.33 2596.51 5631.99 6798.51 3287.7 3113.77 3621.05 6952.25 3949.11 3167.82 3256.4 4285.54 5013.66 10354 6101.09 6184.43 5237.27 4181.79 1810.27 2012.21 3463.82 4891.81 4407.75 3805.26 1661.79 6333.66 4383.21 3737.77 9020.17 2233.04 2631.24 3215.47 3194.59 8619.38 2508.89 2398.02 2960.52 2629.53 4128.23 1446.26 5706.49 1694.62 1227.2 5679.75 2855.38 2775.82 2381.67 5336.42 5766.55 6523.86 1551.08 1422.87 2029.24 2274.06 1672.91 1653 1642.72 1940.62 1291.86 2819.17 2514.65 2056.2 1376.78 4879.38 5153.97 4709.7 3098.95 1597.53 1146.1 2766.4 7493.85 1290.38 692.406 511.06 1889.21 1509.25 1528.66 3186.02 3481.87 5698.27 1856.65 495.713 1967.43 2623.57 2162.55 1759.34
internal_count=187200 77715 109485 35982 41733 64489 28394 44996 31724 40397 25608 21777 19819 24092 18466 23219 16795 10006 18622 8813 7588 5996 16557 10009 8575 9669 8071 17297 6374 4468 23100 9813 7126 15660 11615 11604 18786 6116 3925 10934 6944 3240 7437 9120 1938 3447 5470 9293 5169 3704 4280 3887 6155 14002 5507 8351 7053 4837 1869 2449 4562 4651 4072 3359 2311 8440 5533 4766 12096 2838 3311 4113 4314 10592 3163 3232 3880 4009 5604 1866 7998 1700 1361 4184 3604 3560 3082 7325 5201 7805 1937 2015 2936 2961 1674 1980 1617 2343 1587 3673 2488 2747 1791 6898 4787 4485 3114 2059 1528 2857 8194 1665 861 654 2549 2068 1909 1852 4801 7688 1592 497 2404 3245 1742 2405
is_linear=0
shrinkage=0.05


Tree=3
num_leaves=127
num_cat=0
split_feature=29 12 27 11 23 11 1 25 1 1 32 1 1 0 0 25 25 29 42 1 24 1 1 25 11 5 34 5 25 32 34 23 25 0 23 1 29 24 25 23 1 0 29 42 35 1 6 0 24 24 5 29 23 27 6 33 42 6 25 14 1 6 23 23 24 25 27 24 6 27 1 1 32 0 12 1 1 6 1 27 1 27 27 25 27 23 1 11 33 23 27 14 27 23 31 0 6 6 24 23 24 27 11 6 46 5 23 33 32 11 27 1 6 5 23 11 23 24 25 32 12 1 25 40 34 25
split_gain=3.46766e+09 4.72882e+08 4.71017e+08 2.68339e+08 1.72484e+08 1.68019e+08 1.16023e+08 1.04935e+08 8.9953e+07 8.70968e+07 7.07994e+07 6.75509e+07 6.6617e+07 6.53325e+07 6.22202e+07 6.17847e+07 5.82295e+07 8.82732e+07 5.61285e+07 5.34225e+07 5.0722e+07 4.93549e+07 4.54237e+07 4.4546e+07 4.41336e+07 4.15867e+07 4.05209e+07 3.73221e+07 3.52041e+07 3.41403e+07 3.22386e+07 3.13509e+07 3.0735e+07 3.0609e+07 2.97028e+07 2.91055e+07 2.86152e+07 2.61469e+07 2.3769e+07 2.36281e+07 2.34277e+07 2.32529e+07 2.26241e+07 2.21301e+07 2.15016e+07 2.09497e+07 2.05302e+07 2.11366e+07 1.98234e+07 1.9769e+07 1.87646e+07 1.79402e+07 1.792e+07 1.76547e+07 1.75533e+07 1.74487e+07 1.73467e+07 1.70334e+07 1.66917e+07 1.66722e+07 1.66631e+07 1.64276e+07 1.62448e+07 1.60536e+07 2.14015e+07 1.80094e+07 1.601e+07 1.55896e+07 1.52147e+07 1.51506e+07 1.48151e+07 1.46411e+07 1.43796e+07 1.43303e+07 1.41236e+07 1.3829e+07 1.62368e+07 1.37415e+07 1.36659e+07 1.29045e+07 1.28493e+07 1.28104e+07 1.27606e+07 1.25413e+07 1.23155e+07 1.22391e+07 1.21687e+07 1.19742e+07 1.16271e+07 1.14655e+07 1.14111e+07 1.11853e+07 1.10946e+07 1.09706e+07 1.09278e+07 1.09006e+07 1.06926e+07 1.06384e+07 1.05121e+07 1.0512e+07 1.03437e+07 1.05295e+07 1.01302e+07 1.0013e+07 1.00047e+07 9.92589e+06 9.82448e+06 9.69845e+06 1.28694e+07 9.68485e+06 9.61069e+06 9.29555e+06 9.29461e+06 9.25504e+06 9.15899e+06 9.15595e+06 9.14784e+06 1.17238e+07 9.13978e+06 9.13352e+06 9.07359e+06 9.06716e+06 9.05748e+06 8.8475e+06 8.84269e+06 8.73863e+06
threshold=0.012870370370370372 1.0000000180025095e-35 0.0078571428571428594 0.25500200080032015 0.027028470778470783 0.24896694214876036 -5.4999999999999991 0.10833333333333335 -5.4999999999999991 -5.4999999999999991 0.028764005602240902 -6.4999999999999991 -9.4999999999999982 34.500000000000007 52.500000000000007 0.069444444444444461 0.49722222222222229 0.022808641975308644 1.5000000000000002 8.5000000000000018 0.031986252161099925 -8.4999999999999982 8.5000000000000018 0.35833333333333339 0.26256313131313141 0.14650406504065042 0.11944444444444445 0.10822072072072074 0.37500000000000006 0.019924648786717753 0.080555555555555561 0.021517375860098869 0.10277777777777779 40.500000000000007 0.016836311836311839 6.5000000000000009 0.028055555555555559 0.029591921350785404 0.086111111111111124 0.022097362514029186 -10.499999999999998 92.500000000000014 0.0094841269841269855 1.0000000180025095e-35 12.500000000000002 11.500000000000002 0.095491388044579545 30.500000000000004 0.024055885023025379 0.020853036633525442 0.18537609774723179 0.017685185185185189 0.026700019912385509 0.010833333333333335 0.065395580898075567 0.015659084092780069 1.0000000180025095e-35 0.083683473389355764 0.15833333333333335 23.500000000000004 8.5000000000000018 0.13069358178053833 0.018081798375916027 0.021936093918852543 0.032211119283795879 0.091666666666666688 0.018425925925925932 0.019493958768029649 0.19727575982209047 0.0058333333333333345 5.5000000000000009 -12.499999999999998 0.033151135005973727 16.500000000000004 1.0000000180025095e-35 -4.4999999999999991 12.500000000000002 0.11639196206818696 7.5000000000000009 0.016080246913580249 -3.4999999999999996 0.027500000000000004 0.023395061728395065 0.20833333333333334 0.018968253968253971 0.019549303577081359 14.500000000000002 0.21401308615049075 0.019171395155023779 0.030828853046594985 0.069722222222222227 3.5000000000000004 0.028950617283950621 0.043405720338983052 -0.00023618663387020117 101.50000000000001 0.08842144452717797 0.052357456140350887 0.029395924008922825 0.021840392589093583 0.048270230607010363 0.022808641975308644 0.19322956455309401 0.10275263951734541 1.0000000180025095e-35 0.074271079590228536 0.021608702198133097 0.022971211755269113 0.028183050012318307 0.26425937974409025 0.070069444444444448 10.500000000000002 0.077350427350427367 0.07854152897113903 0.033734998064266365 0.27228596646072378 0.02361990154711674 0.034034855997475626 0.33611111111111119 0.017621784345922282 5.5000000000000009 -14.499999999999998 0.091666666666666688 0.0001784928888101332 0.1138888888888889 0.14166666666666669
decision_type=2 2 2 2 2 2 2 2 2 2 2 2 2 2 2 2 2 2 2 2 2 2 2 2 2 2 2 2 2 2 2 2 2 2 2 2 2 2 2 2 2 2 2 2 2 2 2 2 2 2 2 2 2 2 2 2 2 2 2 2 2 2 2 2 2 2 2 2 2 2 2 2 2 2 2 2 2 2 2 2 2 2 2 2 2 2 2 2 2 2 2 2 2 2 2 2 2 2 2 2 2 2 2 2 2 2 2 2 2 2 2 2 2 2 2 2 2 2 2 2 2 2 2 2 2 2
left_child=2 9 6 4 7 11 24 21 51 41 23 44 -7 73 28 35 17 22 37 32 56 -3 63 26 38 29 31 33 36 30 122 49 42 84 55 46 91 39 68 75 -22 66 -14 81 71 69 47 115 -33 -11 61 -5 88 96 72 -17 123 111 92 -20 -28 100 -34 65 79 -10 -2 121 -1 98 -27 -4 102 -13 -44 -9 -77 -43 106 -65 -38 -12 -45 -53 -23 -62 -21 -57 119 -66 -30 97 -19 105 -32 -40 -31 -6 -36 -56 101 -42 -35 -96 -47 -60 -29 -55 -109 -37 -25 -58 116 -41 -85 -8 125 -118 -68 -50 -70 -26 -15 -16 -73 -64
right_child=1 3 5 8 14 12 15 18 16 10 43 13 19 25 20 34 -18 58 59 86 40 27 -24 110 67 70 60 78 90 53 94 48 62 54 45 109 80 -39 95 113 50 77 74 82 -46 104 -48 -49 52 -51 -52 83 -54 107 99 87 57 -59 93 -61 85 -63 112 64 89 -67 118 -69 120 -71 -72 124 -74 -75 -76 76 -78 -79 -80 -81 -82 -83 -84 114 -86 -87 -88 -89 -90 -91 -92 -93 -94 -95 103 -97 -98 -99 -100 -101 -102 -103 -104 -105 -106 -107 -108 108 -110 -111 -112 -113 -114 -115 -116 -117 117 -119 -120 -121 -122 -123 -124 -125 -126 -127
leaf_value=5.6236123931428299 -16.703661168847479 -10.378629649787838 -5.4276957505410621 -11.116452888850954 -4.5940218978106833 -9.674445777429499 7.5448685379816673 0.26056215621264939 -3.0520712738199003 -9.6521003089167596 -17.57203651936555 -12.940104013897301 3.3854739445524915 6.4096461834303184 -18.092406743273678 12.746275518232265 7.0203671767666824 -12.785426885335585 0.85861559066329951 -4.2378166568917193 -13.161908920631333 -2.3142761312280902 -12.150082803909712 13.164874180984263 -13.797635882074315 5.6805609727077755 1.5485660768265745 0.40585285754904848 6.565519197301362 9.5727119599294177 19.059265189982323 -18.981548060258849 14.727929700768062 11.030320906803716 13.119243675674051 6.7801763220733413 -22.382206390368328 12.327513625521389 8.2159644365138664 2.9798039214565994 3.9953535765917971 1.1016901365737344 -7.037290921907978 -8.8879592820741191 11.393772964159458 -5.1613246688365511 5.3674970180926778 12.575311657185274 -1.2585632432272122 1.652441759979709 -9.7485502134268565 -18.500129488427469 -14.44555711507301 -0.37395421490846897 1.7383902194426999 20.732023664663352 -0.96674901547785774 -12.259434756639566 -2.1522072547779989 -10.169078250304947 6.1325378231342675 -7.6028377005926746 6.0111845927735441 -3.1126932125776601 5.2425666327796039 6.6473043769442803 -23.176918899484193 4.0677488868499543 -14.088476861889237 11.383836946878091 -1.509690926633285 -0.79537082705355244 -4.9053167165718552 -0.085307728782371972 -0.68051969508358034 13.490037498037518 -0.77463104501341162 -15.144366281981384 -9.6972365059583865 -9.7545214419872774 -13.936344346956194 -24.805001270689488 -16.348531770578319 -1.5762407002732086 -12.504218443903824 -18.182706444298773 -12.37045170370865 15.755451867775413 3.9651868008000131 -3.6303269072985405 -15.940246188521257 -13.54808953587974 -18.11565914936654 -14.411045341669585 14.377220445291924 14.563498824710136 3.9984923924122193 -12.639147060914981 17.607682090587076 -6.1613531133608754 7.1733996741253172 -2.5825630699343467 4.4268655239596493 6.5849583444481672 7.8590386176735478 -10.94587303314148 -7.2308374363331129 9.1056135807491678 2.039202884769475 0.3642678959287573 -13.33479904738001 -14.332287001390061 0.73328217519834915 -6.6276710002556998 -14.982352323911947 -3.5248031067448262 -0.78942143935388309 7.3182718288749973 -8.1271861869667372 -17.518264525770274 2.0326969080749975 -2.7100007461093867 11.115380754189445 -9.9413180657172848 5.8944507971156748 15.694984554276633
leaf_weight=2385.6323171257973 1566.8403776586056 1625.0573117136955 1319.911680072546 1720.4522573947906 1488.0056860744953 1802.7806553840637 782.31043928861618 388.60905405879021 2020.5228246748447 2302.1110571324825 1645.0117414593697 247.45340156555176 3006.5266594290733 2690.2963267564774 487.45138418674469 2238.9953145682812 624.3543244600296 2101.4616537094116 1172.1725469529629 1775.3135929107666 341.52863019704819 965.1986583173275 2134.2866615653038 253.90682274103165 230.18097501993179 1500.4255157709122 905.69069766998291 1009.6734906733036 353.94994094967842 4235.7798678874969 987.01368644833565 1600.9831984639168 399.21593722701073 785.40660166740417 3376.0129889845848 1819.0504853129387 635.30122125148773 2202.8829379975796 1706.3082305192947 614.77924519777298 1337.2518225908279 167.60810786485672 1122.8131378293037 891.30597427487373 373.21385854482651 207.68211841583252 1577.432280421257 7076.0739249587059 157.49227669835091 464.82911720871925 407.53061702847481 3190.5711916983128 1577.024297118187 970.50731074810028 1219.7046791017056 2269.644586622715 1239.8191079497337 634.86506271362305 596.03621986508369 484.36517944931984 68.11762747168541 435.66811364889145 618.05167263746262 1039.7385285496712 516.10873961448669 627.11259272694588 3538.8892607390881 828.89051401615143 164.47702494263649 7347.8029990196228 1371.0082764923573 1725.2282933294773 326.11411908268929 1750.331298828125 3939.9756182730198 1121.2980195581913 242.6598060131073 582.56655600667 1214.4734098315239 2465.4081283807755 1546.6968910694122 975.00200942158699 1605.6371678113937 192.67651289701462 428.00290897488594 215.41325142979622 620.80598402023315 2585.8239294886589 249.28706219792366 1236.0258271694183 66.98073148727417 881.50639408826828 1823.2609938085079 775.28275680541992 2190.850914567709 1120.533166885376 1079.5848394930363 567.68016266822815 2125.936007976532 643.17644548416138 939.0809737443924 1116.174889177084 2229.2503910064697 507.82763263583183 509.44396758079529 695.17468056082726 722.53430759906769 1259.2496917843819 1319.4218656420708 869.26514339447021 39.543379217386246 145.33938607573509 1334.8760022222996 423.23857086896896 376.07823967933655 245.39334225654602 808.29929226636887 994.41249305009842 103.84329777956009 191.24706676602364 185.97004535794258 926.84655767679214 1649.55754378438 1050.0768792331219 692.13459277153015 373.90246358513832
leaf_count=3690 1335 1882 1775 1927 1774 2238 1083 504 2665 2434 1207 251 4304 3881 407 2853 897 2072 1654 2422 358 1214 2230 325 239 2088 1010 1298 479 5648 957 1254 439 1009 4319 2653 415 2748 2388 820 1917 166 1347 1001 463 280 2238 9074 186 523 462 2552 1388 1374 1628 2097 1641 680 725 567 77 529 863 1359 699 781 2013 1145 186 9576 1886 2543 407 2357 5540 1250 285 492 1375 2770 1414 490 1326 271 455 173 721 2913 262 1589 57 858 1451 732 2591 1344 1501 605 2253 809 1323 1423 2926 727 670 740 834 1705 1792 1230 44 156 1819 507 354 321 1123 1355 120 164 301 1396 2169 1241 958 399
internal_value=3.02241e-07 -7.97597 6.96841 -5.56974 -2.60464 3.30053 10.8249 0.636968 -9.78856 -14.7312 -12.4577 5.8288 -0.593375 6.93928 -6.82849 12.103 -7.96023 -8.5437 5.60954 0.498459 -4.04519 -2.3238 -5.67741 -9.52739 5.2324 7.8104 -10.2531 -0.952235 -10.9153 8.75614 11.1187 -11.7962 1.80004 1.13753 13.7762 9.30822 -12.0582 8.25529 7.51665 5.04069 -0.56447 -19.7449 -0.0501004 -17.0537 -0.0496797 12.4053 10.5863 11.6022 -14.7589 -7.75301 0.451273 -15.3454 -11.6508 6.6172 2.89982 16.3979 -8.52357 -5.47752 -13.3466 -2.36584 -1.76295 1.5371 5.09662 -3.92982 -5.52885 -0.7547 -20.93 -1.16621 4.19456 12.8695 2.24747 -1.19245 5.06835 -1.67755 -2.09031 8.58149 10.9522 -11.5146 -5.63067 -7.78434 -16.3954 -20.2637 -13.6854 -17.2808 -5.44471 -12.341 -6.34489 18.0817 -4.28085 -1.01673 2.98428 -8.83621 -15.2616 -9.70955 14.5574 10.7321 8.44055 -6.81569 14.8536 -0.989067 2.71086 1.00276 6.14726 12.9109 4.0883 -6.88663 -2.77954 3.8865 5.48996 4.7056 9.59396 -2.36914 4.16553 -0.937522 -10.4408 4.90167 5.80495 3.68295 -22.7479 -10.1753 -5.53353 -4.91579 8.19827 -12.5255 1.12005 9.66135
internal_weight=155977 72730.4 83246.5 53628.1 31493.5 42666.8 40579.7 17818.6 22134.6 19102.4 13142.6 25869.8 16797 21759.3 13674.9 33030.9 16654.8 16030.4 6650.01 14994.2 8134.79 11168.6 10039.2 8025.65 7548.84 19761.5 7732.2 9543.54 5540.12 16890.1 8025.55 6542.97 12598.1 6596.85 20661.3 12369.5 5119.19 4993.47 5562.92 2790.58 4577.24 5959.75 8069.32 5116.96 4110.49 13566.9 9681.21 8103.78 3776.03 2766.94 4235.71 5479.78 2175.05 8864.54 5203.65 7094.46 3557.55 2020.02 5991.22 1656.54 1189.22 3828.18 4528.76 7904.92 5257.28 2647.64 5209.57 1985.92 2736.08 12849.8 2871.43 3737.27 3340.77 1997.78 5062.79 1752.57 1363.96 750.175 2946.68 3505.15 2182 2620.01 2496.94 3759.33 1393.2 283.531 2396.12 4855.47 598.026 1752.13 420.931 2937.19 3924.72 2066.49 3685.69 2826.84 5315.36 2055.69 5501.95 1862.88 3392.51 2453.43 3014.66 2698.68 717.126 1291.21 1732.21 3549.18 2578.67 2688.32 293.45 1385.16 4129.54 1038.02 568.755 1027.7 2794.67 1802.71 3642.73 348.739 350.447 1157.03 4339.85 1537.53 2417.36 991.954
internal_count=187200 77715 109485 61725 37911 57236 52249 22172 23814 15990 11864 34666 22570 28927 15739 41560 18710 17813 8335 20332 10137 13837 12093 7840 10689 26319 7471 11955 5602 22345 10325 6211 17189 8448 24961 16599 5066 6114 7909 3366 6012 4126 11191 4024 5739 17098 12716 10478 3254 2957 5654 5104 2000 12020 6779 7863 4125 2477 5720 2221 1260 5192 5998 9863 6417 3446 3468 2780 4177 16148 3974 5276 4342 2608 6887 2039 1535 658 3507 4129 1829 1697 2327 3177 1669 250 3143 5010 612 2288 536 3237 3523 2197 4275 3732 7149 2379 6572 2437 4663 3340 3935 3318 950 1465 2132 4871 3497 3883 369 1797 5559 1327 625 1404 3740 2478 2133 350 487 1635 6050 1648 3501 1262
is_linear=0
shrinkage=0.05


Tree=4
num_leaves=127
num_cat=0
split_feature=29 36 38 44 11 33 11 11 44 29 38 34 29 25 33 38 38 11 27 0 27 30 34 36 34 30 34 25 0 29 29 25 2 0 36 5 4 30 33 25 25 27 11 44 14 30 27 2 30 14 34 38 31 36 46 43 16 30 36 38 33 32 32 14 37 2 26 27 25 34 42 42 5 34 25 8 27 33 30 0 2 5 33 30 31 32 27 30 11 30 46 33 14 27 30 25 38 25 5 33 32 27 28 32 14 33 4 25 0 21 11 2 33 0 14 33 5 32 27 11 11 5 32 14 4 2
split_gain=3.13139e+09 7.93567e+08 4.61362e+08 2.29386e+08 1.52005e+08 1.17516e+08 1.06418e+08 1.0081e+08 7.78254e+07 7.45157e+07 6.13162e+07 5.36448e+07 5.13525e+07 4.96671e+07 4.857e+07 4.69885e+07 4.47187e+07 4.29953e+07 4.17904e+07 3.76723e+07 3.61717e+07 3.60507e+07 3.30665e+07 3.1745e+07 3.10639e+07 2.75676e+07 2.70069e+07 2.52732e+07 2.45091e+07 2.36307e+07 2.33295e+07 2.42072e+07 2.28481e+07 2.10422e+07 2.05342e+07 2.01221e+07 2.18286e+07 2.00503e+07 1.82208e+07 1.77193e+07 1.7697e+07 2.63916e+07 1.71614e+07 1.67008e+07 1.61082e+07 2.36388e+07 1.58229e+07 1.53886e+07 1.49141e+07 1.81247e+07 1.48215e+07 1.988e+07 1.45214e+07 1.43385e+07 1.40904e+07 1.76158e+07 1.38246e+07 1.37548e+07 1.37077e+07 1.31011e+07 1.29675e+07 1.26378e+07 1.24125e+07 1.40106e+07 1.21811e+07 1.20894e+07 1.20024e+07 1.16845e+07 1.1298e+07 1.12365e+07 1.10679e+07 1.10189e+07 1.09036e+07 1.08679e+07 1.07873e+07 1.07089e+07 1.03381e+07 1.02723e+07 1.05384e+07 1.01196e+07 1.00912e+07 1.057e+07 9.96936e+06 1.06042e+07 9.92539e+06 9.77808e+06 9.70278e+06 9.46374e+06 9.44733e+06 9.40671e+06 9.89427e+06 9.30868e+06 9.21151e+06 9.11348e+06 8.9651e+06 8.9393e+06 8.81787e+06 8.68205e+06 8.66224e+06 8.62959e+06 1.13389e+07 8.56347e+06 8.50738e+06 8.45858e+06 1.23377e+07 8.4032e+06 8.3987e+06 8.25984e+06 8.2046e+06 8.13953e+06 8.08324e+06 8.06441e+06 8.04327e+06 7.94596e+06 1.01854e+07 7.88281e+06 7.88189e+06 7.82498e+06 7.76048e+06 7.72358e+06 7.70089e+06 7.69065e+06 1.01848e+07 7.66713e+06 7.63969e+06 7.57269e+06
threshold=0.011697530864197532 0.01451388888888889 0.0094841269841269855 1.0000000180025095e-35 0.24896694214876036 0.016212929009614869 0.27315608919382511 0.23348909657320874 1.0000000180025095e-35 0.019598765432098767 0.0084876543209876556 0.10833333333333335 0.0065740740740740751 0.23611111111111113 0.020051897228965308 0.0073148148148148157 0.01404320987654321 0.26425937974409025 0.018968253968253971 62.500000000000007 0.0078571428571428594 0.0049691358024691367 0.1138888888888889 0.018293650793650796 0.13055555555555556 0.0073148148148148157 0.091666666666666688 0.41388888888888892 54.500000000000007 0.0058333333333333345 0.018293650793650796 0.29722222222222228 -1.0000000180025095e-35 72.500000000000014 0.019598765432098767 0.17521929824561405 4.5000000000000009 0.069012345679012363 0.015193604543557995 0.21944444444444447 0.26944444444444449 0.021203703703703707 0.25789823744595947 1.0000000180025095e-35 7.5000000000000009 0.010092592592592594 0.0073148148148148157 1.0000000180025095e-35 0.028950617283950621 12.500000000000002 0.13055555555555556 0.0205952380952381 0.00032679738562091523 0.0049691358024691367 1.0000000180025095e-35 1.0000000180025095e-35 3.5000000000000004 0.0077083333333333335 0.037870370370370381 0.018293650793650796 0.017591851402044025 0.01790423109193336 0.016054205246913585 11.500000000000002 0.8583333333333335 -1.0000000180025095e-35 1.0000000180025095e-35 0.015039682539682542 0.097222222222222238 0.13055555555555556 1.5000000000000002 1.0000000180025095e-35 0.16145324209840342 0.091666666666666688 0.080555555555555561 11.500000000000002 0.028055555555555559 0.032802751206110058 0.011388888888888891 61.500000000000007 1.0000000180025095e-35 0.093178294573643419 0.014041115883296934 0.016080246913580249 0.00064021752564577918 0.024086586586586588 0.031180555555555559 0.0049691358024691367 0.29120068821432965 0.020069444444444449 1.0000000180025095e-35 0.02490568721699515 4.5000000000000009 0.010833333333333335 0.0029320987654320994 0.12500000000000003 0.023395061728395065 0.086111111111111124 0.13182720953326715 0.018237310699646243 0.024696106362773033 0.06503968253968255 0.036111111111111115 0.017992293535771798 8.5000000000000018 0.017954634386770557 2.5000000000000004 0.069444444444444461 30.500000000000004 39.500000000000007 0.26699669966996703 1.0000000180025095e-35 0.032326626887109099 164.50000000000003 23.500000000000004 0.021997605046772162 0.060737812911725968 0.025629276637341155 0.0099382716049382733 0.25105042016806728 0.20701970443349757 0.17033365570599615 0.02750227686703097 9.5000000000000018 6.5000000000000009 1.0000000180025095e-35
decision_type=2 2 2 2 2 2 2 2 2 2 2 2 2 2 2 2 2 2 2 2 2 2 2 2 2 2 2 2 2 2 2 2 2 2 2 2 2 2 2 2 2 2 2 2 2 2 2 2 2 2 2 2 2 2 2 2 2 2 2 2 2 2 2 2 2 2 2 2 2 2 2 2 2 2 2 2 2 2 2 2 2 2 2 2 2 2 2 2 2 2 2 2 2 2 2 2 2 2 2 2 2 2 2 2 2 2 2 2 2 2 2 2 2 2 2 2 2 2 2 2 2 2 2 2 2 2
left_child=2 4 5 6 8 17 9 20 15 24 32 16 53 19 65 64 38 29 57 50 43 74 48 77 34 107 39 33 59 -1 91 47 88 56 73 36 69 66 72 67 41 -16 80 82 84 60 -19 -32 49 89 76 75 123 -7 -31 -56 71 -5 121 125 113 -40 -35 110 -2 -12 70 -10 -18 -21 111 86 106 -3 -17 -52 -11 109 -79 -68 -27 -82 -4 -84 -30 -70 -20 -55 105 -23 -91 -8 -63 -44 -38 -47 -93 -45 -67 -59 116 -29 -90 -75 -105 -6 -9 -14 -39 117 -64 -15 -60 114 -46 -54 -101 -13 -25 -81 -57 122 -26 -34 -92 -22
right_child=1 3 7 18 10 12 30 11 26 13 14 23 25 37 40 21 68 46 27 35 28 22 -24 118 58 42 -28 101 44 54 31 -33 52 62 -36 -37 94 108 61 -41 -42 -43 93 97 45 95 -48 -49 -50 -51 51 -53 115 87 55 120 -58 99 112 -61 -62 92 63 -65 -66 98 79 -69 85 -71 -72 -73 -74 103 -76 -77 -78 78 -80 119 81 -83 83 -85 -86 -87 -88 -89 102 90 124 96 -94 -95 -96 -97 -98 -99 -100 100 -102 -103 -104 104 -106 -107 -108 -109 -110 -111 -112 -113 -114 -115 -116 -117 -118 -119 -120 -121 -122 -123 -124 -125 -126 -127
leaf_value=12.126358884728363 9.8515311652862945 -5.4282741534858348 4.5812081513643932 -2.625011100580585 -3.781819009555865 18.664733286133679 -12.022555796083628 1.3951386843887958 -4.1392156926735781 -12.968918807497014 -11.633169142421487 5.2585490137443847 8.5715168643539581 -1.1452959986063149 -1.0124965427341732 0.85876474055521568 -6.9203887293737285 5.9643541248391934 -18.235095237190908 -6.6753262838596505 -1.3833715515832163 4.594878277603029 5.4152612199599499 1.910896404945678 5.9506584592646217 9.4447263097659455 2.4457714032046227 4.7905487515393617 11.301006069737339 3.8306876521899249 -17.392523610820938 -3.5040415123667339 12.313595934512996 1.8237592195511514 -8.6598295190391408 -14.338669699420734 6.7030609146925277 -25.277290912634292 8.9153999803354331 8.6559579677763434 9.5832401777539715 -9.8931596079958837 8.1720153611314554 -1.2965136066437084 4.8421547187008436 -2.4998695311719428 -0.53478634827342242 -12.597690185436223 -4.6685831508075362 -4.6082414891792043 -3.8821372363716935 -12.50450723826313 -4.7265240662162276 19.693342606058366 2.585971736252012 12.120632935999156 -23.34016934434834 -16.328661563545168 -20.972424368721359 -5.2581176598600061 10.11388476286186 5.3158948454266763 -5.277785741518267 -18.433284199427774 -4.5069883702865763 -4.1481087335260716 -12.599958299071663 -12.528941097286815 1.6650962841020078 -0.62501937952841435 -1.1663137993099102 -15.747050574452746 -10.845340258584047 10.954398079241308 12.582664977390314 18.727903695286738 -18.624379886280241 18.341445937232134 7.7933239229739959 2.8659951152912897 14.494712644895115 9.5186128213555694 12.51241429097194 8.0713489847227819 4.9751734540355956 -7.0325328180880264 -23.851858066577382 13.949747174519667 -18.625879208057935 -6.5463160456625449 3.3715145924076904 -3.4043718432245584 -0.73476627029918862 0.64835241001007016 -11.971468963593393 5.0959091977969386 -10.312213525758519 8.774108390559995 -11.051836324913873 -1.6907201399290601 -13.296916767449019 -14.226529373414966 -4.5434254386998978 2.7920376964047202 -7.6912187536021079 3.9616206486244927 -5.0600875862317487 17.026216838729209 -7.9398231932630381 11.113435464350538 -16.584602355357969 14.333187810932884 -4.542354386484492 22.171456209294263 -6.7905110575562677 6.4026247287432954 -11.347620439215078 -1.4217139999362509 -3.322416248463572 -11.201847039982896 8.0627894341581978 -5.7840601297910545 -0.16489533122458699 2.1544965041446136 -18.403599663949354 5.3447479322033278
leaf_weight=3978.0433360934258 3228.5064608752728 2042.4948502182961 889.02748522162437 344.78114330768585 731.84287503361702 2934.54816198349 1715.8757433891296 1448.2797718346119 638.35932642221451 1742.4544293582439 3373.8388633728027 1423.2217030823231 333.15461233258247 115.97219586372375 2943.7842435240746 241.96583831310272 3389.3489330112934 1950.9239370822906 2316.0263592600822 1620.9468873739243 771.25570049881935 2185.8320481777191 3426.7398300766945 1783.2018999755383 984.07983788847923 3945.8529222011566 840.07936605811119 159.16361889243126 1440.8318754136562 2050.1729519367218 3494.6258036494255 482.74830693006516 672.483687967062 124.48493447899818 3287.1313695907593 917.75342336297035 67.253810584545135 101.50736463069916 823.41544270515442 143.47016909718513 274.17714405059814 1168.7400100827217 2978.2319334149361 597.72702851891518 653.5674329996109 1448.5450575649738 1801.1120164394379 3210.8517047166824 1707.9276435375214 1174.5952395796776 366.69941765069962 2047.1044881045818 390.78030931949615 801.28540661931038 985.21082329750061 2174.4979559481144 1739.0099645256996 1360.720041513443 82.406208127737045 881.4362256526947 1360.0049123764038 1083.1404847204685 460.66067990660667 970.41836950182915 154.79113161563873 1233.9285079836845 247.91112092137337 1186.1117683053017 871.31263065338135 1457.3063230216503 452.50979891419411 2504.1217638552189 311.10908776521683 164.86372467875481 1037.4604440629482 61.095125377178192 1506.8767139017582 279.65150207281113 1544.959518969059 418.13869261741638 3235.4470935761929 1592.4241108000278 2694.4550490677357 2682.1157548725605 1088.5709882080555 513.62827676534653 1151.0084176957607 6833.7125792205334 131.55294254422188 472.32177737355232 872.06947809457779 910.71041730046272 1500.3074223995209 465.39682006835938 1447.694056481123 528.73021540045738 937.58175417780876 333.38844999670982 719.18462377786636 415.62909349799156 2504.7701313793659 94.25240558385849 580.41964563727379 751.24399435520172 448.05075708031654 672.14295467734337 772.72868922352791 2173.6518727838993 208.19935214519501 386.02835187315941 240.63997691869736 306.67836928367615 775.35295212268829 48.933190762996674 264.25910642743111 268.3855829834938 429.79893952608109 633.48416295647621 1175.2914702892303 127.2620362341404 2529.0454188287258 382.33676081895828 2209.054937928915 256.58284351229668 42.23111766576767 913.65030789375305
leaf_count=5285 4304 2514 1309 348 970 2979 1775 2037 811 1699 3716 1893 458 163 3770 313 4264 2833 1524 1819 1043 3027 4634 2470 1226 5493 1021 222 1896 2951 2786 604 818 103 3687 854 75 49 1076 180 352 1190 4087 838 883 2004 2638 3100 2243 1594 449 1992 510 754 1441 2890 898 1161 59 1116 1724 1491 486 673 220 1545 255 1111 1068 1806 601 2074 385 184 1222 43 1103 277 2033 618 3827 2133 3437 3685 1509 643 555 8405 110 613 1202 1135 2146 653 1478 734 1068 397 794 462 2323 88 748 984 536 885 1123 2321 233 526 194 363 1029 45 380 379 441 909 1603 144 3665 487 3014 354 37 1286
internal_value=2.54817e-07 -6.84419 7.33322 -10.7379 -0.528756 10.9357 -8.53539 3.08119 2.5615 -6.70536 -4.52519 0.48285 13.0352 -9.24407 -6.61243 4.0328 -1.76267 7.50279 -15.9549 -10.5304 5.88974 2.46809 1.44559 3.81213 -3.69064 11.1264 -5.05926 -17.8661 3.84727 8.99447 -12.6781 -14.318 0.94826 -18.2815 -5.84061 -7.57959 -6.22908 -1.93848 1.13369 -8.26303 -2.7163 -3.5363 10.1464 8.55744 5.4119 3.55091 2.84453 -15.0966 -0.661779 0.779818 -13.3712 -10.456 5.48083 15.6943 7.38458 8.66537 -19.417 -12.2653 -0.444368 -0.318897 6.96679 3.52129 -13.4078 -14.542 9.19461 -9.82085 0.230289 -9.59348 -5.36559 -3.81099 4.26789 -18.2744 -2.07874 -3.1203 10.3654 -0.653103 -15.5916 6.57156 9.41 -4.22388 11.3204 12.8534 9.48597 10.297 8.57858 -1.56056 -20.0998 14.5525 -2.45388 2.55137 -0.669957 -9.37053 1.80204 7.15521 -11.1424 -0.468732 -6.90851 2.3093 -6.69023 -12.9708 -11.607 -2.28243 -7.14548 0.335319 -1.12446 -0.0747314 -0.85075 15.9026 -13.6222 4.45138 -9.15754 10.086 -6.12082 2.53956 1.4929 -0.195187 -6.6001 3.20097 -0.16809 -0.41655 9.93877 0.917418 1.71983 9.50793 2.36573 2.26499
internal_weight=155977 80678.6 75298.3 49908.3 30770.3 40762.7 35092.8 34535.6 17352.5 24340.4 13417.8 17939.1 25293.7 13213.4 9713.65 14544.4 10713.3 15469 14815.5 11235.2 16596.5 11161.1 9881.72 7225.84 11127 14724.2 2808.02 9759.79 9399.79 11717 10752.4 7188.23 3704.19 9506.37 6693.78 5510.95 4593.2 1978.18 5938.98 1967.94 4386.7 4112.52 12217.4 7196.71 6833.44 4304.04 3752.04 6705.48 6454.98 4747.05 5724.23 2474.9 1588.23 10569.5 7738.93 5688.75 7710.17 5055.7 4433.23 2566.34 2326.76 3406.86 1796.2 1671.72 3383.3 5326.95 1668.47 1824.47 4774.29 3078.25 875.16 5971.16 2532.12 3406.65 1279.43 427.795 3249.33 4267.35 1824.61 793.312 8773.72 4827.87 6265.6 5376.57 2529.4 1384.94 3467.03 7635 2115.96 3572.45 1386.62 3564.17 2583.45 3443.63 1514.95 1977.28 1848.29 931.115 1953.11 4710.92 3350.2 253.416 711.973 1364.16 1199.29 1403.99 2221.01 2506.81 309.707 2442.73 701.301 422.651 857.759 966.76 917.827 659.166 845.428 2056.71 2958.49 545.401 4703.54 3575.47 3193.13 929.067 914.301 1684.91
internal_count=187200 88157 99043 49484 38673 52813 37932 46230 22532 27464 16141 23944 31110 13744 11367 19409 14233 21703 11552 11318 22286 14885 13350 9711 13720 18972 3123 6817 12620 16232 10468 6490 4774 6507 7905 6032 5178 2426 8258 2102 5312 4960 16193 9666 9175 5770 5471 5886 8716 6473 5286 2484 2061 12138 10947 7996 5051 4735 5815 3445 3032 4713 1456 1353 4524 6055 2144 1922 5975 3625 1127 4153 3545 4218 1535 492 2802 5638 2310 1017 11453 5960 8431 7122 3405 1711 2079 9159 2713 4879 1852 3978 3637 4740 1553 2738 2203 1235 2339 4387 3226 310 858 1704 1520 1855 3160 2779 282 3328 680 526 1088 1308 1263 889 903 2802 4073 762 6555 4727 4240 1172 1239 2329
is_linear=0
shrinkage=0.05


Tree=5
num_leaves=127
num_cat=0
split_feature=36 23 36 44 1 12 33 11 11 33 23 38 33 1 23 1 11 1 33 0 1 1 36 46 33 33 38 1 11 11 1 38 33 11 33 1 23 46 1 23 33 42 40 1 11 0 30 33 38 33 32 2 46 33 1 33 30 1 38 1 16 23 11 1 36 36 1 5 1 30 5 33 23 0 33 23 30 1 23 13 1 0 1 33 30 1 1 42 12 5 43 42 19 0 14 12 1 11 13 15 33 7 33 0 15 0 40 1 14 14 23 33 33 23 33 28 32 33 28 0 0 11 31 11 32 31
split_gain=2.67739e+09 3.96098e+08 3.92053e+08 2.23714e+08 2.17531e+08 1.55277e+08 1.17183e+08 1.0602e+08 9.75162e+07 9.24272e+07 8.48464e+07 8.07906e+07 6.31896e+07 5.68743e+07 5.39857e+07 5.26403e+07 5.15612e+07 4.67752e+07 4.57896e+07 3.63255e+07 3.45032e+07 3.28246e+07 3.34992e+07 3.19897e+07 3.10684e+07 2.97219e+07 3.29475e+07 2.89893e+07 2.76969e+07 2.73679e+07 2.71651e+07 2.69902e+07 2.65453e+07 2.60825e+07 2.53474e+07 2.51653e+07 2.48541e+07 2.46991e+07 2.20358e+07 2.10418e+07 1.96234e+07 1.82593e+07 2.00184e+07 1.77648e+07 1.72884e+07 1.72686e+07 1.70656e+07 1.68351e+07 1.76859e+07 1.68189e+07 1.67345e+07 1.66352e+07 1.60841e+07 1.58247e+07 1.56978e+07 1.52931e+07 1.51437e+07 1.99039e+07 1.51116e+07 1.48148e+07 1.44732e+07 1.41448e+07 1.35863e+07 1.33379e+07 1.29897e+07 1.27177e+07 1.26077e+07 1.25684e+07 1.24628e+07 1.23869e+07 1.23767e+07 1.23593e+07 1.23148e+07 1.28802e+07 1.18483e+07 1.183e+07 1.17901e+07 1.16565e+07 1.14052e+07 1.12955e+07 1.19917e+07 1.08395e+07 1.0642e+07 1.05692e+07 1.04551e+07 1.04193e+07 1.0225e+07 1.01976e+07 1.01754e+07 1.00481e+07 1.00383e+07 9.98727e+06 9.81878e+06 9.77951e+06 1.63751e+07 9.74538e+06 1.01139e+07 9.70633e+06 9.53963e+06 9.36463e+06 9.29665e+06 9.28909e+06 9.28717e+06 9.16059e+06 1.11687e+07 9.14351e+06 9.13645e+06 9.12319e+06 9.0207e+06 8.97351e+06 8.85819e+06 8.82493e+06 8.64804e+06 8.35296e+06 8.26646e+06 8.26036e+06 8.2485e+06 1.01963e+07 8.137e+06 9.34374e+06 8.36579e+06 7.98206e+06 7.92877e+06 7.82592e+06 7.79289e+06 7.77545e+06
threshold=0.012870370370370372 0.022402902638227865 0.0078571428571428594 1.0000000180025095e-35 -5.4999999999999991 1.0000000180025095e-35 0.016021954984635017 0.27408307556341144 0.24019230769230773 0.014618092494878098 0.019549303577081359 0.0205952380952381 0.027960484448524611 -5.4999999999999991 0.023235879926020775 -7.4999999999999991 0.23463088939279417 9.5000000000000018 0.032802751206110058 56.500000000000007 -5.4999999999999991 -8.4999999999999982 0.022808641975308644 1.0000000180025095e-35 0.016212929009614869 0.013843627115401642 0.020069444444444449 5.5000000000000009 0.2103356216628528 0.2298073936004971 -12.499999999999998 0.028055555555555559 0.027960484448524611 0.24122536945812811 0.014519432571499763 -5.4999999999999991 0.025499743122693944 1.0000000180025095e-35 -7.4999999999999991 0.035281531531531539 0.023667812105262902 1.5000000000000002 0.0011418382920132051 -5.4999999999999991 0.27151675485008825 24.500000000000004 0.0049691358024691367 0.039094374321201816 0.034506172839506181 0.020439430527531544 0.019431702344546383 -1.0000000180025095e-35 1.0000000180025095e-35 0.02490568721699515 10.500000000000002 0.03333367575804274 0.010524691358024694 5.5000000000000009 0.021203703703703707 -10.499999999999998 3.5000000000000004 0.020099524658348192 0.27461753932342176 8.5000000000000018 0.016944444444444446 0.018293650793650796 16.500000000000004 0.10275263951734541 -2.4999999999999996 0.0052777777777777788 0.13079116179615113 0.025719257372563451 0.021840392589093583 24.500000000000004 0.031408180546042698 0.0375169376693767 0.012870370370370372 6.5000000000000009 0.033734998064266365 1.0000000180025095e-35 -6.4999999999999991 64.500000000000014 8.5000000000000018 0.023208118129219194 0.0077083333333333335 13.500000000000002 -13.499999999999998 1.0000000180025095e-35 1.0000000180025095e-35 0.20101010101010106 1.0000000180025095e-35 1.0000000180025095e-35 1.0000000180025095e-35 132.50000000000003 18.500000000000004 12.500000000000002 -12.499999999999998 0.31494165398274993 11.500000000000002 7.5000000000000009 0.081301727669910173 12.500000000000002 0.015283113429707298 110.50000000000001 13.500000000000002 32.500000000000007 0.00010453370918487228 -5.4999999999999991 24.500000000000004 6.5000000000000009 0.045499070499070503 0.020340059483250038 0.020051897228965308 0.017475799663299669 0.031628165648347729 0.086111111111111124 0.031363873954599768 0.023552388433461819 0.030555555555555558 41.500000000000007 69.500000000000014 0.28292357537640561 -0.0004857387003485007 0.23463088939279417 0.029838330393885951 -0.0015902679136193959
decision_type=2 2 2 2 2 2 2 2 2 2 2 2 2 2 2 2 2 2 2 2 2 2 2 2 2 2 2 2 2 2 2 2 2 2 2 2 2 2 2 2 2 2 2 2 2 2 2 2 2 2 2 2 2 2 2 2 2 2 2 2 2 2 2 2 2 2 2 2 2 2 2 2 2 2 2 2 2 2 2 2 2 2 2 2 2 2 2 2 2 2 2 2 2 2 2 2 2 2 2 2 2 2 2 2 2 2 2 2 2 2 2 2 2 2 2 2 2 2 2 2 2 2 2 2 2 2
left_child=2 5 6 7 16 21 13 11 25 23 33 12 52 44 35 121 34 37 39 76 -5 46 24 61 -23 -7 49 36 45 -25 74 32 89 67 88 84 40 105 -9 79 99 42 86 -14 90 -15 -2 58 -49 93 92 -29 125 107 72 78 113 83 71 -52 63 -6 102 68 114 -26 111 69 -21 -11 101 -40 73 -30 -18 95 -20 -35 118 116 -81 -34 -82 -58 -8 -83 -28 -41 -4 -22 -1 100 -51 94 103 96 -54 115 -66 -12 124 110 -32 104 -27 -17 -36 -16 -95 -74 -45 -53 -79 -37 -39 -31 117 -13 120 -120 -38 -10 -72 -77 -33 -3
right_child=1 3 4 20 9 8 14 38 15 10 27 18 43 28 53 17 30 -19 19 60 31 22 -24 29 65 26 41 51 54 97 62 91 81 77 106 56 55 64 47 87 -42 -43 -44 70 -46 -47 -48 48 -50 50 59 66 75 -55 -56 -57 57 -59 -60 -61 -62 -63 -64 -65 98 -67 -68 -69 -70 -71 122 -73 109 -75 -76 123 -78 112 -80 80 82 85 -84 -85 -86 -87 -88 -89 -90 -91 -92 -93 -94 108 -96 -97 -98 -99 -100 -101 -102 -103 -104 -105 -106 -107 -108 -109 -110 -111 -112 -113 -114 -115 -116 -117 -118 -119 119 -121 -122 -123 -124 -125 -126 -127
leaf_value=-2.7559766311607063 0.49252328808130336 8.3369447439753035 -12.413797577650008 -19.729859425099598 -0.98982201834688943 -4.3529468533201721 13.583513459771092 -16.969814444364577 -8.5868470787578985 18.491784456636996 6.9020765634912555 -15.485163327488477 -5.6960153303172838 0.38923126002217906 -1.0981856435638564 -10.723219912235253 -14.10074112856454 -9.3862100696691222 14.515570522599717 -4.4162725063269272 -12.824639673280766 -9.2817258783826215 -11.595421554333027 6.6159194333754954 2.8142526214613 4.1864042764646205 -5.2827155132347281 -10.164858305812444 -2.9201657021262708 -6.1093975745080522 -6.669563976745188 -13.704837025554466 -8.6721003434318114 8.4769146906684973 6.2668885523565017 18.151262236154 -7.9267185219188327 3.3165973274450828 -12.01946420491312 -21.719569586355039 10.632860746652762 -6.8968863506086029 -7.8160779023101385 4.1089986157365814 -5.7614280172132872 12.127320850747644 -16.301785004387696 -3.2222032437208763 -12.46786491723676 18.744415434218993 -8.5770622732134303 -3.0126800900816861 -14.770869220373147 10.235401974957966 -0.65100148298567051 6.7109687553232833 12.549118962333507 9.224450959583363 -14.782596238007864 7.3206017860849704 -14.882756053733964 -7.8140906204508811 -8.0723611018165755 -9.0301431004196804 1.4799739626215145 -4.3270030928204637 -10.632716433182694 8.3320913603433997 3.2567010133470187 12.026919762027013 -15.398042755905266 -5.2812024829901461 5.126188329436836 8.6179517301300592 4.9588208564355476 -5.3630810241697633 -9.7881775003917859 -2.4841224410985152 -4.2536686863095596 -14.104588132206636 -5.1207178524903734 3.2360908097035876 -13.790245161150541 16.180734285651265 7.0736814185149299 -21.849211923726248 4.216443170111039 -13.567685352251662 -2.4599430790379624 -20.865125188539569 4.7193445418755102 -14.586196061693961 8.0798040105792079 20.947432618931561 -7.1479371610378806 -7.8053384476318897 -0.90267094785995095 -7.1178174684748132 -4.8050552200656194 0.9770264615808204 -5.8905785081561461 11.713199663136585 0.63913036826371272 11.285519757254489 -6.4089779539966205 -2.9141570912424601 0.17215508815969102 6.4469308893879944 4.0022381530332565 -4.8008043715468558 -6.668134877413614 3.8282281797724425 6.3878476324473388 13.815254032397227 11.81860805102329 2.1811678887452692 -19.723629478272258 -4.2770291825885041 -5.1340953259923934 5.4790679115512697 2.9041748301636829 -15.259260187471268 -0.73487835687627545 -17.900141786579631 -22.764411465007438 -9.8530512256519103
leaf_weight=610.99473577737808 168.23421359062195 60.386960029602051 347.44084548950195 3676.2795998156071 2514.0404551625252 1284.2552521526814 915.77483803033829 1803.8357528746128 1071.1249015033245 930.73991084098816 1738.7613316178322 512.09719684720039 684.49381649494171 339.13337415456772 509.61226111650467 440.54012921452522 1366.0300787091255 1813.8641626536846 50.75619450211525 789.02963539958 2597.0759881734848 1715.5681654810905 2304.5007545351982 2679.3900899887085 1324.9370318949223 1573.7528459727764 315.25545325875282 378.50792288780212 254.56910824775696 358.20541295409203 673.40156650543213 293.17068016529083 1047.2174705862999 2961.7959827780724 1352.1406548321247 3194.3192105591297 331.9066923558712 1716.558548271656 2025.8719682991505 585.14129549264908 2631.076385229826 726.0931943655014 470.20319032669067 2702.4027770459652 807.78190734982491 4118.0307589769363 1499.6413775980473 1250.6886211335659 881.99961963295937 519.5494686961174 156.51545611023903 636.92756161093712 138.5207839012146 3144.7910904884338 749.3372209072113 1592.4331283569336 3817.7956829369068 2351.2217651307583 2932.5908138751984 2300.2571471333504 192.07850855588913 1087.897861123085 1735.1643158495426 409.91568663716316 1917.3592038452625 1177.5340202450752 212.94792968034744 1721.9331705570221 1607.1109338402748 3633.4855444431305 109.69877481460571 1024.7325835824013 771.96142545342445 4850.7681816518307 86.716275691986084 264.08234331011772 2961.7301653325558 491.1225848197937 846.68596720695496 682.07683339715004 2049.8971128165722 399.58857643604279 427.85902431607246 4215.7616403400898 1889.0649282932281 46.177674233913422 2793.9483200907707 1114.0287331938744 983.60066962242126 456.92197135090828 1694.8510337173939 1705.1923018097878 369.19775781035423 141.26820313930511 394.29038751125336 827.54580879211426 2581.8354201316833 462.43154764175415 881.24007761478424 1081.7811405658722 108.39525413513184 374.68604579567909 1225.9680073559284 353.83067321777344 295.40663173794746 2513.7708841860294 1127.7770965397358 1873.6202687621117 176.87396243214607 322.86023053526878 205.14211267232895 1814.4350451231003 623.23601490259171 1702.7949233055115 343.03558447957039 1863.3894647657871 404.15168261528015 336.08762004971504 237.14820548892021 1652.2134553790092 385.19955366849899 770.73730313777924 577.65835183858871 235.45989587903023 1247.0726463794708 2165.8785302937031
leaf_count=842 178 77 387 2285 3445 1677 1109 1464 1330 883 2349 439 852 474 708 491 1392 2063 51 1092 2297 1865 2236 3659 1600 2178 389 429 357 496 918 198 1069 3843 1898 3135 418 2305 2074 326 3353 942 478 3600 1106 5289 1260 1492 929 494 182 824 126 4108 1079 2196 4704 3208 2601 3043 173 1285 2155 474 2511 1318 252 2268 2215 4578 111 1264 1055 6808 105 302 3136 732 1094 652 2446 483 439 4554 2703 30 3680 1054 1430 288 2627 1434 449 133 520 1043 3401 610 1161 1516 137 457 1687 449 397 3165 1631 2664 240 422 254 2459 848 2038 403 2667 286 399 280 2259 599 738 735 191 581 2433
internal_value=2.57277e-07 -6.71349 6.3921 -9.74876 3.04539 -2.42507 10.0574 -7.64908 -0.34643 4.92292 6.54678 -5.78903 -2.67131 6.52281 12.2308 -3.63463 -3.88969 -2.15286 -8.59962 -5.50095 -15.7283 -8.34824 -6.74761 0.593583 -4.09904 2.83028 3.70169 3.94072 8.15772 3.04117 -7.18393 -13.8663 -11.3565 9.95203 0.5078 13.5525 5.18632 -0.473467 -11.9711 -11.6472 7.52691 0.332643 1.79917 1.74309 0.533372 11.2342 -14.6078 -10.8601 -7.04586 6.01112 8.43472 -0.356407 -5.94609 7.90656 6.18458 2.65738 14.3515 13.2707 -12.2197 6.3078 -1.60465 -3.05096 -4.87397 -0.695741 1.71886 -0.546055 1.03704 11.972 0.730053 13.3452 3.02585 -9.75601 7.01071 8.04262 -12.9631 -4.06848 -9.37869 6.83684 0.788057 -9.82654 -8.23387 -5.89251 -6.61777 14.4549 9.19913 0.637462 3.25328 -16.3749 -5.05819 -14.0276 2.73856 -17.2691 14.3142 3.24894 2.24275 -3.05417 -1.60884 -0.527401 -0.499095 4.6296 -20.044 4.30348 -1.95209 3.90837 2.51188 -4.07863 3.49522 4.83354 11.5266 2.19874 3.34862 2.05078 2.47777 16.6436 4.73265 0.844414 -13.8451 -11.044 2.42581 4.14693 -2.10881 -11.379 -3.07505 -11.2724 -21.04 -9.35965
internal_weight=155977 76075.9 79901 44546.6 41765.9 31529.3 38135 32969.5 23338.9 32867.7 23902.3 23049.8 10927.8 14520.3 23614.8 11468.2 8898.24 9626.37 12122 6010.62 11577.1 8190.42 6522.54 8965.35 4218.04 11870.7 10586.4 13540 11406.7 5363.42 5087.28 7900.81 4546.98 10362.3 3810.96 18086.7 10497.2 7812.5 9919.72 6111.34 5451.62 4305.5 3579.41 4654.08 3113.63 4457.16 1667.88 8115.88 2132.69 6280.94 3345.52 3042.82 6273.71 5528.02 6949.5 5045.59 15281.9 10384.8 5983.2 2456.77 2998.13 3601.94 3634.53 2806.06 4858.19 2502.47 2664.31 6286.16 2396.14 4564.23 3969.59 3050.6 6200.16 5105.34 1452.75 4047.44 3012.49 4076.15 3453.15 4412.17 3159.83 1492.98 2477.76 8033.56 2804.84 445.766 3109.2 1699.17 1331.04 3054 2305.85 3353.83 888.747 2935.42 2617.28 3547.9 2720.36 2684.03 2798.6 2820.54 1648.64 3282.23 1899.37 2222.99 1869.16 2954.31 2479.92 2383.23 318.142 1094.82 2907.54 2451.36 1114.36 4897.11 2059.59 2221.59 1252.34 848.185 2606.47 1889.36 717.106 1841.86 687.357 499.542 1540.24 2226.27
internal_count=187200 83265 103935 45390 54945 37875 48990 36588 29418 43342 31180 26764 13582 20059 28931 14167 11603 12099 13182 7141 8802 8457 7019 12162 4783 15251 13574 18028 15484 7432 6257 6517 4167 13152 5346 21451 14064 10036 9824 6041 7218 5489 4547 6009 4575 5763 1438 8360 2421 8085 4168 3964 7573 7480 9721 6846 17639 12466 5939 3225 3954 4730 4760 3781 6380 2918 3535 7729 3307 5461 5157 3338 8642 7165 1497 5063 3187 5423 4650 4661 3537 1582 2885 9258 3812 513 4069 1380 1817 2585 3469 2350 943 3917 3544 4570 3527 3773 3672 3865 916 4311 2605 3024 2575 3656 3529 3372 373 1477 3854 3283 1580 5173 2708 3163 1124 838 3556 2539 1017 2068 846 493 779 2510
is_linear=0
shrinkage=0.05


Tree=6
num_leaves=127
num_cat=0
split_feature=27 36 38 1 44 34 30 27 1 1 0 1 34 1 27 27 38 25 1 37 1 25 0 11 34 36 0 11 11 39 34 30 6 11 24 30 1 11 1 30 11 1 1 1 23 15 36 1 43 30 11 1 0 37 30 27 1 15 36 28 38 28 1 30 15 39 36 28 30 25 15 11 28 6 30 1 1 38 11 25 11 0 23 23 24 24 39 11 1 1 1 46 1 27 0 23 24 27 37 28 1 25 27 9 30 37 30 6 25 1 30 27 15 23 43 25 25 30 25 23 27 24 27 11 31 28
split_gain=2.62375e+09 5.42293e+08 4.69527e+08 1.93233e+08 1.49476e+08 1.18249e+08 9.76703e+07 9.30568e+07 8.01805e+07 7.31154e+07 6.72445e+07 5.83432e+07 5.58665e+07 5.32956e+07 5.07167e+07 4.85633e+07 4.44309e+07 4.42083e+07 3.89916e+07 3.34972e+07 3.16609e+07 3.14537e+07 3.09575e+07 2.92581e+07 2.8311e+07 2.86277e+07 2.76532e+07 2.60339e+07 2.50254e+07 2.44612e+07 2.39708e+07 2.31715e+07 2.297e+07 2.24414e+07 2.08409e+07 1.89788e+07 1.85626e+07 1.82159e+07 1.80749e+07 1.77682e+07 1.75294e+07 1.73219e+07 1.7317e+07 1.72147e+07 1.67224e+07 1.64134e+07 1.63489e+07 1.63364e+07 1.60744e+07 1.5943e+07 1.59028e+07 1.58145e+07 1.67804e+07 1.55998e+07 1.51581e+07 1.49845e+07 1.49658e+07 1.45386e+07 1.43391e+07 1.42621e+07 1.37504e+07 1.34524e+07 1.52649e+07 1.5861e+07 1.32678e+07 1.57862e+07 1.31049e+07 1.2953e+07 1.26834e+07 1.25505e+07 1.24602e+07 1.4703e+07 1.21605e+07 1.21139e+07 1.20887e+07 1.19543e+07 1.15232e+07 1.14387e+07 1.13454e+07 1.2148e+07 1.13434e+07 1.12808e+07 1.12371e+07 1.11282e+07 1.44203e+07 1.12085e+07 1.08911e+07 1.06589e+07 1.04642e+07 1.03725e+07 1.02964e+07 1.02776e+07 1.00679e+07 1.00338e+07 9.90486e+06 9.62977e+06 1.00733e+07 9.56492e+06 9.46522e+06 9.85977e+06 9.45736e+06 9.40112e+06 9.29835e+06 9.22421e+06 9.03582e+06 8.93286e+06 8.8438e+06 8.72226e+06 8.63721e+06 8.59358e+06 8.55492e+06 8.48959e+06 8.4816e+06 8.45074e+06 8.43449e+06 8.43121e+06 8.42028e+06 8.40863e+06 8.40273e+06 9.0333e+06 8.34757e+06 8.33935e+06 8.27121e+06 8.24302e+06 8.17481e+06 8.21691e+06
threshold=0.012870370370370372 0.015648148148148151 0.010833333333333335 -5.4999999999999991 1.0000000180025095e-35 0.086111111111111124 0.012870370370370372 0.0094841269841269855 -5.4999999999999991 -5.4999999999999991 62.500000000000007 -7.4999999999999991 0.1138888888888889 9.5000000000000018 0.0065740740740740751 0.0078571428571428594 0.010833333333333335 0.10277777777777779 6.5000000000000009 0.26944444444444449 -7.4999999999999991 0.18611111111111114 38.500000000000007 0.2097338145725243 0.17500000000000002 0.029537037037037039 74.500000000000014 0.21756661991584855 0.23179568752209265 0.0088095238095238105 0.11944444444444445 0.0052777777777777788 0.15424266455194294 0.23463088939279417 0.043959639659622608 0.0039285714285714297 -5.4999999999999991 0.25543735224586289 -6.4999999999999991 0.0065740740740740751 0.20919661733615225 7.5000000000000009 10.500000000000002 8.5000000000000018 0.021131111825422339 23.500000000000004 0.010524691358024694 9.5000000000000018 1.0000000180025095e-35 0.0049691358024691367 0.2466642946095001 -14.499999999999998 54.500000000000007 0.15833333333333335 0.015493827160493828 0.018968253968253971 -6.4999999999999991 11.500000000000002 0.028055555555555559 0.069444444444444461 0.024523809523809528 0.01388888888888889 9.5000000000000018 0.035092592592592599 20.500000000000004 0.0045370370370370382 0.0077083333333333335 0.019444444444444448 0.012870370370370372 0.18055555555555558 12.500000000000002 0.26699669966996703 0.041666666666666678 0.041885964912280707 0.0052777777777777788 9.5000000000000018 -15.499999999999998 0.018293650793650796 0.22648879716981135 0.10277777777777779 0.27461753932342176 22.500000000000004 0.016695011337868482 0.019262246117084832 0.020361100152626235 0.016838963274050479 0.0039285714285714297 0.20318851626016263 13.500000000000002 8.5000000000000018 10.500000000000002 1.0000000180025095e-35 4.5000000000000009 0.0093518518518518542 15.500000000000002 0.017783119658119659 0.018095782789563617 0.015493827160493828 0.8583333333333335 0.14722222222222223 15.500000000000002 0.38055555555555559 0.015493827160493828 1.5000000000000002 0.0093518518518518542 0.080555555555555561 0.003402777777777778 0.2085622710622711 0.49722222222222229 14.500000000000002 0.0029320987654320994 0.022500000000000003 8.5000000000000018 0.020876778538068866 1.0000000180025095e-35 0.23611111111111113 0.1138888888888889 0.023395061728395065 0.1138888888888889 0.024255696782319942 0.015039682539682542 0.014350547745285984 0.028950617283950621 0.2103356216628528 0.00087606837606837601 0.041666666666666678
decision_type=2 2 2 2 2 2 2 2 2 2 2 2 2 2 2 2 2 2 2 2 2 2 2 2 2 2 2 2 2 2 2 2 2 2 2 2 2 2 2 2 2 2 2 2 2 2 2 2 2 2 2 2 2 2 2 2 2 2 2 2 2 2 2 2 2 2 2 2 2 2 2 2 2 2 2 2 2 2 2 2 2 2 2 2 2 2 2 2 2 2 2 2 2 2 2 2 2 2 2 2 2 2 2 2 2 2 2 2 2 2 2 2 2 2 2 2 2 2 2 2 2 2 2 2 2 2
left_child=2 3 5 19 8 9 21 11 35 33 24 29 16 23 66 40 50 28 22 46 49 27 94 45 25 59 58 64 81 110 44 -16 54 106 48 -3 -33 91 -30 -19 -11 83 56 -40 -25 104 -2 67 -21 -6 98 -37 -53 87 123 90 -41 118 97 -10 92 -14 63 -63 82 -66 116 114 105 122 71 -28 -52 89 -59 -42 -31 124 -48 -80 -50 -9 -5 85 -85 -38 -15 -20 -39 103 -18 -17 -26 -35 -13 96 -72 -22 99 -8 107 -99 -65 -61 -12 -62 -1 113 -88 -55 -4 -27 -106 -83 -29 -54 -7 -105 -32 -120 -70 -69 -57 -24 125 -58
right_child=1 4 7 6 20 14 12 17 10 15 13 18 61 86 31 37 55 39 53 34 26 -23 32 30 60 111 70 47 38 76 57 36 -34 93 -36 51 41 88 43 42 75 -43 -44 -45 -46 -47 78 -49 80 -51 72 52 115 109 -56 69 77 74 -60 73 68 62 -64 102 65 -67 -68 121 120 -71 95 -73 -74 -75 -76 -77 -78 -79 79 -81 -82 100 -84 84 -86 -87 108 -89 -90 -91 -92 -93 -94 -95 -96 -97 -98 101 -100 -101 -102 -103 -104 117 112 -107 -108 -109 -110 -111 -112 -113 -114 -115 -116 -117 -118 -119 119 -121 -122 -123 -124 -125 -126 -127
leaf_value=13.455968907491432 1.9372909935364326 0.80891791747545216 15.555492532364022 17.745656100357927 0.31747432093044325 14.421456798641962 -0.39877095380486915 -9.9661673814561542 -14.28276856606422 12.724368759250034 12.284064322772339 -12.265089346207944 -5.8725040352187889 1.0454341233879134 15.305539694816753 3.5021179570771142 -3.2883592072014256 10.333574745179925 10.594919478587315 -16.250815504095673 -6.6785963628257896 11.433540976138557 13.884743091239413 -1.7500042622205538 3.0805052790639231 -11.533304680311112 1.7560784115134027 -9.0075795598631245 -11.437458277326249 -13.413156768042644 -3.0117609491268231 4.7392315691463711 0.071668492901597255 0.43474575788431552 -2.2990098487222497 -18.773191632830329 10.659470027780518 2.5724596065311607 -2.5767509640064796 -4.1601184488455472 9.4528757897769662 5.5546370210272942 -9.8020569982496486 -10.066044977402001 -10.024285516231004 -7.7966625818412867 -1.9470327040581825 -5.8482265420212833 -6.7808064549353011 -19.794612705404873 -11.612948032327528 -16.014177356098219 -11.044391777876887 -1.6389580679712079 6.5032220079769605 -9.1357262899666267 2.0120217255121537 9.4597168195283068 -16.93087978563036 -16.221343356277533 -7.4209241302171414 6.9152408040450739 -5.3218862097903505 7.3947826745622454 12.153684361062478 -4.0703470896331408 11.825102555485728 -2.3129525037985639 1.3177402400566891 -1.8867831725151778 -10.002947720818101 -12.371467982762333 -1.696058377805207 -10.944822184746391 -8.5693475882909471 3.079075606436275 -3.8908195729715489 -0.16732124892688693 -16.317390946554568 -5.0773498583002601 -14.172817244070599 2.9516880960530396 7.8362297713982931 3.7391467997764987 10.513692105295377 16.010354862976765 -12.621396251109438 1.301220253697259 -11.110699763454452 -11.981221268602317 -13.035844340994869 8.2056967189288184 -8.856851169919798 -6.0738074358147429 1.3578285387860216 -14.428785230304392 14.180358473194014 -14.00438212150404 -4.1706864717615515 6.3639334829302481 -12.332398828258901 3.904344968569744 -1.85461344090381 0.55315228999183474 6.4878187372422191 19.69498697135624 3.8064230721635344 -9.4560597084842986 5.6494519170835913 -11.495566753525239 2.0314278280212323 -17.149854766204697 -1.7138128525771592 -2.8814126526988377 1.340236083005351 -1.8535492425812621 18.19015513391096 -5.9117058264172222 12.438656089976122 1.6290227932476373 -9.2657358132937269 7.6125259770137097 -16.120502824587803 8.9245626449225757 2.078789565195712 10.506366440370675
leaf_weight=265.53814250230789 740.71769931912422 226.45095780491829 137.53011706471443 406.19311189651489 101.68127012252808 3971.7637474238873 886.4299733042717 286.63090014457703 1135.0522181689739 4386.7302412986755 342.40883255004883 145.12152007222176 408.12069419026375 173.0393405854702 1724.7573651969433 1640.6198779940605 2752.5952876210213 585.69780510663986 416.72165328264236 1834.7800198197365 564.29533037543297 1708.0740956068039 1238.0981051921844 903.74047499895096 646.10630270838737 1073.5865822434425 523.07757100462914 286.1396589577198 1085.0265561342239 399.33679059147835 831.6686777472496 2026.0307912230492 987.85729333758354 1743.4112794697285 534.13537740707397 1328.9690009653568 2484.0755403339863 2519.2271195650101 3456.8388824760914 837.63621726632118 6228.7935412228107 1882.7917433381081 337.7075709104538 986.18397507071495 1882.7549415528774 292.56000599265099 653.27278229594231 730.80694517493248 1242.5229230225086 3186.0182358026505 363.66761982440948 2130.1104604303837 2635.1773330569267 1397.004260122776 6008.814335078001 1640.2631340622902 408.47033354640007 105.37421253323555 3873.1753297746181 174.70925724506378 53.05356502532959 2588.8155223429203 432.40841388702393 359.86305505037308 240.59279328584671 397.9006056189537 3019.2783203125 260.12182739377022 204.75449934601784 462.87470549345016 127.38900148868561 284.24531358480453 2061.3290702104568 2375.5576737821102 790.23706176877022 834.15929931402206 1554.2386150360107 1543.1053465604782 463.15347245335579 499.78039503097534 891.26293152570724 2439.3611490726471 967.52484109997749 955.57720145583153 4413.840798586607 1614.9004368185997 1968.1570048034191 1188.1468872725964 147.92999637126923 666.9853310585022 300.49650862812996 3975.8910236358643 243.08113268017769 896.741126537323 1655.9447765350342 715.04782891273499 65.049020230770111 3738.267624437809 457.78112518787384 1375.0153458118439 141.46320551633835 74.74602797627449 1109.328547090292 659.58401018381119 776.84709864854813 71.045221388339996 2244.4485234320164 193.57386359572411 66.882005900144577 262.72316089272499 780.83421295881271 1802.2462037801743 530.47428607940674 832.93788152933121 631.6035358607769 275.62743386626244 2364.4512731432915 2118.3730765581131 226.92948096990585 1303.014627456665 2068.6416556239128 1135.1207953393459 571.52265229821205 2589.251889526844 1069.6766571998596 939.5851865708828
leaf_count=315 1036 289 160 400 86 4530 1197 321 1011 5440 419 152 516 213 1817 2276 3498 689 563 1547 599 2201 1449 1060 839 1052 600 334 1254 429 1061 2941 1335 2668 741 970 3147 3645 4614 1088 8508 2598 409 1189 2064 315 832 887 1556 1852 368 1724 2768 1913 8298 1845 550 135 2669 151 56 3413 550 498 277 516 3793 372 279 593 135 240 2666 2402 914 1213 2172 2019 418 587 871 3376 1256 1375 5801 1729 1904 1655 190 675 321 5524 274 1261 2243 628 73 3029 597 1843 176 98 1441 831 1076 67 3445 233 97 340 1130 1342 719 1146 887 365 2273 2365 271 1773 2243 1445 473 3430 1463 1200
internal_value=3.05908e-07 -6.93786 6.06144 -1.69554 -10.4936 9.17422 0.541147 1.53157 -8.54458 6.74753 -7.1766 3.88495 -1.61465 -4.12154 11.6432 8.13214 -3.61222 -1.38402 5.07033 -9.0433 -14.9178 5.56741 6.32983 -2.22053 -9.51949 -10.842 -13.5141 3.58565 -3.48925 -2.67348 -3.9362 9.85111 7.33979 1.44223 -11.5712 -13.4154 9.14786 5.216 -5.65196 2.0826 10.2419 9.93474 1.14171 -4.23909 -7.3407 3.11801 -4.21396 0.668454 -12.8192 -19.1726 -0.239419 -13.9211 -12.6419 0.199532 8.06974 -6.6414 1.91191 -1.02371 -14.7149 -9.14348 -5.4933 2.81882 3.60875 4.56037 7.99837 2.04308 14.536 2.72745 -7.46285 -9.37374 -7.73677 -3.218 -3.18326 -8.17048 -6.44812 8.70011 -5.83731 3.19602 -7.03311 -10.4836 -9.86838 -0.418967 10.7663 10.8057 9.30805 12.7676 -10.997 3.71443 1.81354 -6.34969 -4.24774 6.83175 -0.182863 -1.77592 0.260157 -11.7568 -1.82837 -12.7542 2.38589 3.71312 0.339633 -13.6533 0.410929 -5.07757 5.0536 8.10264 4.82727 0.856855 -12.0209 -3.19919 4.05673 -15.0531 3.15983 1.46692 -1.88607 -10.1741 15.8278 -4.37672 1.03343 3.23237 -8.31253 5.76207 -10.9406 10.5291 5.34266 7.93252
internal_weight=155977 72730.4 83246.5 29394.2 43336.2 49341 22534.6 33905.5 30083.2 24883.5 23486.9 18761.6 15770.5 10194.1 24457.5 19733.4 10872 15143.9 15889.7 6859.63 13253 6764.08 12625.1 7986.01 13292.8 10006.1 9965.29 5056 9422.02 2871.94 6043.72 15102 10824 5150.14 4502.7 6596.34 13377.2 8283.67 5528.05 5721.88 11449.7 11351.2 5136.18 4443.02 2786.5 1942.29 2356.92 3043.79 3968.57 3287.7 5144.22 6369.88 5040.92 3264.6 9836.16 5727.75 4798.47 3257.22 8250.48 7130.26 3286.68 4898.54 4490.42 4058.01 2012.21 638.493 9355.49 2312.99 2397.49 2674.66 1714.81 807.323 2425 5995.21 895.611 7062.95 1953.58 3960.84 1616.21 962.934 2133.79 3893.97 1373.72 9468.39 5369.42 4098.98 2208.08 1604.87 2667.16 3619.65 3053.09 5616.51 889.187 2640.15 1801.07 907.486 192.438 4377.31 2719.23 2261.45 3607.34 3813.01 1469.19 2952.67 1649.73 124.099 2509.99 3465.87 2035.04 1659.73 918.364 2875.83 1307.32 3272.3 917.743 2910.8 6336.22 2777.96 2361.61 1529.94 2273.4 1395.24 2211.79 3827.35 2417.73 1348.06
internal_count=187200 77715 109485 35982 41733 64489 28394 44996 31724 34485 25608 25269 19819 12021 30004 26796 13401 19727 21378 7588 10009 8575 16907 9807 13587 9829 8071 6374 12309 3891 7278 19408 14512 7689 4715 6116 17591 11635 7057 7418 15161 14650 6729 5803 3124 2529 2873 3925 3974 1938 6671 5827 4857 4471 13177 6730 6320 4154 6395 7435 3758 6418 5902 5352 2449 793 10596 3038 2645 2911 1676 840 3034 6424 1049 9721 2601 5232 1837 1005 2427 5252 1656 12052 7176 4876 2214 2218 3835 4022 3819 7800 1113 3929 2395 836 208 3726 3637 3040 4931 3127 1939 3347 2214 123 3760 4755 2001 2253 1290 2394 1795 4522 1221 3133 6803 3196 3105 2044 2522 1817 2318 4879 3213 1750
is_linear=0
shrinkage=0.05


Tree=7
num_leaves=127
num_cat=0
split_feature=27 38 38 29 44 11 34 12 34 11 11 25 23 25 27 29 6 29 30 24 25 33 30 25 25 38 11 23 25 2 34 38 23 23 34 25 33 11 6 25 38 25 29 6 5 43 15 23 24 30 14 11 42 38 34 38 31 6 38 11 6 23 6 30 33 25 23 23 23 14 15 25 23 28 0 31 34 33 30 44 23 15 38 14 0 42 28 24 34 11 6 5 29 14 46 25 42 27 30 21 24 2 24 23 42 25 2 6 25 23 24 11 2 38 38 18 38 12 28 6 23 34 5 5 23 23
split_gain=2.37149e+09 4.63986e+08 4.59353e+08 1.30004e+08 1.25755e+08 1.12693e+08 8.94134e+07 6.72833e+07 6.47806e+07 6.32891e+07 5.87098e+07 5.7045e+07 5.19419e+07 4.86822e+07 4.54935e+07 4.24135e+07 3.68675e+07 3.53613e+07 3.47684e+07 3.35967e+07 2.88151e+07 2.72518e+07 2.56585e+07 2.47879e+07 2.43498e+07 2.41188e+07 2.35601e+07 2.24008e+07 2.23719e+07 2.22035e+07 2.1574e+07 2.08372e+07 1.99216e+07 1.94839e+07 1.94408e+07 1.90975e+07 1.87548e+07 1.76929e+07 1.73276e+07 1.71674e+07 1.64395e+07 1.62998e+07 1.57493e+07 1.50999e+07 1.58327e+07 1.47832e+07 1.44102e+07 1.50566e+07 1.41662e+07 1.40189e+07 1.37229e+07 1.32437e+07 1.31943e+07 1.29316e+07 1.28671e+07 1.28428e+07 1.2614e+07 1.25847e+07 1.25432e+07 1.25412e+07 1.24085e+07 1.23977e+07 1.23836e+07 1.23524e+07 1.23295e+07 1.2183e+07 1.39103e+07 1.20591e+07 1.16206e+07 1.15755e+07 1.15308e+07 1.1326e+07 1.12651e+07 1.12177e+07 1.1115e+07 1.10415e+07 1.06289e+07 1.06127e+07 1.04573e+07 1.03099e+07 1.02947e+07 9.86882e+06 9.68027e+06 9.41452e+06 9.60664e+06 9.35315e+06 9.65067e+06 9.24964e+06 9.09472e+06 9.07034e+06 8.99767e+06 1.16173e+07 8.83387e+06 8.69469e+06 8.68929e+06 8.64466e+06 8.63772e+06 8.60692e+06 8.58216e+06 8.37533e+06 8.24112e+06 8.22798e+06 8.21236e+06 8.15894e+06 9.02396e+06 8.11518e+06 8.02278e+06 8.00085e+06 7.82839e+06 8.00195e+06 7.82059e+06 7.71378e+06 7.6503e+06 7.6337e+06 7.59984e+06 7.56825e+06 7.31355e+06 7.2788e+06 8.2959e+06 7.2365e+06 7.19849e+06 8.1174e+06 7.13004e+06 7.08904e+06 7.04616e+06 7.03405e+06
threshold=0.013412698412698413 0.0089583333333333338 0.015648148148148151 0.0094841269841269855 1.0000000180025095e-35 0.24712491738268344 0.086111111111111124 1.0000000180025095e-35 0.15833333333333335 0.23463088939279417 0.26589011580931865 0.18611111111111114 0.028032245532245537 0.11944444444444445 0.0073148148148148157 0.025625000000000002 0.15424266455194294 0.0088095238095238105 0.015648148148148151 0.020458845532212767 0.091666666666666688 0.016667067144035926 0.023395061728395065 0.12500000000000003 0.069444444444444461 0.028950617283950621 0.268405600722674 0.017630527684875514 0.10833333333333335 1.0000000180025095e-35 0.091666666666666688 0.011697530864197532 0.042610398860398864 0.018289859981933155 0.10277777777777779 0.29166666666666669 0.025855703771817725 0.20919661733615225 0.13015245623941277 0.21944444444444447 0.01404320987654321 0.16944444444444448 0.022808641975308644 0.10215677179962897 0.1202409638554217 1.0000000180025095e-35 19.500000000000004 0.015246852493265161 0.051752531880171447 0.0029320987654320994 10.500000000000002 0.22346683354192745 1.0000000180025095e-35 0.0065740740740740751 0.13055555555555556 0.022500000000000003 0.0017907000407000409 0.092807924203273051 0.011697530864197532 0.22439443066946407 0.14359351988217969 0.019124404356705243 0.11443452380952382 0.0099382716049382733 0.016021954984635017 0.10277777777777779 0.023235879926020775 0.030576923076923081 0.019846109175377474 12.500000000000002 2.5000000000000004 0.12500000000000003 0.018621695465957763 0.030555555555555558 47.500000000000007 0.0020375118708452051 0.10833333333333335 0.014519432571499763 0.039166666666666676 1.0000000180025095e-35 0.020804941361887548 7.5000000000000009 0.015493827160493828 4.5000000000000009 65.500000000000014 1.5000000000000002 0.008333333333333335 0.043277332138967221 0.091666666666666688 0.23697775366250681 0.13965991497874472 0.11378020713463753 0.023395061728395065 6.5000000000000009 1.0000000180025095e-35 0.10833333333333335 1.0000000180025095e-35 0.034506172839506181 0.012870370370370372 39.500000000000007 0.01316776752615388 -1.0000000180025095e-35 0.024806770999702018 0.035281531531531539 1.0000000180025095e-35 0.058333333333333341 -1.0000000180025095e-35 0.18933143669985777 0.1138888888888889 0.030576923076923081 0.015197975600616464 0.27042925278219404 -1.0000000180025095e-35 0.012738095238095239 0.0089583333333333338 3.5000000000000004 0.0061419753086419766 1.0000000180025095e-35 1.0000000180025095e-35 0.0613139992839241 0.018081798375916027 0.052777777777777785 0.25166666666666676 0.063966175668303329 0.022489998709510909 0.019431702344546383
decision_type=2 2 2 2 2 2 2 2 2 2 2 2 2 2 2 2 2 2 2 2 2 2 2 2 2 2 2 2 2 2 2 2 2 2 2 2 2 2 2 2 2 2 2 2 2 2 2 2 2 2 2 2 2 2 2 2 2 2 2 2 2 2 2 2 2 2 2 2 2 2 2 2 2 2 2 2 2 2 2 2 2 2 2 2 2 2 2 2 2 2 2 2 2 2 2 2 2 2 2 2 2 2 2 2 2 2 2 2 2 2 2 2 2 2 2 2 2 2 2 2 2 2 2 2 2 2
left_child=1 6 5 10 8 7 14 30 12 20 16 15 13 43 37 21 24 53 28 38 45 57 41 96 56 59 65 95 46 111 39 68 48 -22 40 42 58 -1 64 107 77 80 98 44 74 100 51 110 90 -15 89 120 67 99 72 -56 69 114 94 -10 -33 -43 116 -19 -11 -16 -67 102 -23 79 -63 93 -21 -65 -4 83 -18 -12 -38 -3 88 113 -66 -35 -85 86 -30 -31 -6 -51 91 103 -54 -29 -20 -26 -14 -98 -27 -8 -5 -36 -24 -25 -105 -90 -37 -2 -70 -110 -48 -13 -17 -74 -7 -76 -39 -28 -119 123 121 -9 -86 -100 -95 -47
right_child=2 3 4 9 22 11 17 18 25 19 34 29 23 49 26 112 76 63 36 54 33 31 52 32 27 35 117 71 85 87 -32 60 -34 75 101 106 78 62 -40 -41 -42 61 -44 -45 -46 125 47 -49 -50 50 -52 -53 92 -55 55 -57 -58 -59 -60 -61 -62 70 -64 73 82 66 -68 -69 108 -71 -72 -73 81 -75 115 -77 -78 -79 -80 -81 -82 -83 -84 84 122 -87 -88 -89 105 -91 -92 -93 -94 124 -96 -97 97 -99 119 -101 -102 -103 -104 104 -106 -107 -108 -109 109 -111 -112 -113 -114 -115 -116 -117 -118 118 -120 -121 -122 -123 -124 -125 -126 -127
leaf_value=11.960112302409625 -8.7470632047175503 6.8906050313507325 -9.7108487191269255 -7.7741224551812351 -13.353940767245561 -2.3533501183791863 13.741788669151536 -2.0280641252836733 2.1103327047207676 -8.0887327251454533 -2.8774992934837211 3.2169793962891839 -18.094767658278812 11.353765228510721 4.6740773820989139 -16.205607265903371 -3.2906298599601449 12.391166366717528 -3.8246009169931456 7.3658754025649547 11.923512188789426 6.6977802927877708 -17.578937312286683 -4.3008280724358157 9.5814970016486054 2.3745364269910945 -5.980088780365695 6.7261598723951685 5.364680805176202 -2.6856641957445886 0.89408798691030533 -4.8174008366085621 -14.838246340322602 9.0106609592108917 -0.13982119199853199 -5.1492596435856974 6.0788265261358632 10.32317049832735 -11.138608536944119 7.6497574038002343 -5.8583005755784656 16.731626349571663 -10.929520204174652 -13.350249498206367 -11.749575985947553 3.0841664322171014 -4.143051203671603 -12.106424760806142 -1.1190873034513924 6.6560445944822879 -6.8045357984222408 -0.96169751192238262 -9.5430985635611574 11.515420946944044 5.4605365149415306 -3.3533041494399045 -5.9162522313958252 -12.503921380560845 -5.1952767371682933 -3.8957077131423632 -14.449501180895005 12.951273574533296 2.800513834312476 1.1829772278617181 0.40933351144001223 12.119817038083069 3.7227378963160493 -20.741151788325492 -4.217275748447693 0.18119532842909042 -8.8030683558029121 8.6464979481653312 2.9866347685657297 8.365942640384608 -1.4218669881145387 -2.6059869686458299 4.1708132117571548 3.6967560736292109 -1.2019361499382661 0.28007598968906872 -15.176684272216484 -7.5359399264980063 -5.0583829454600489 -4.5594832921706452 4.9027806991711014 2.9623046808897477 12.057596192161327 11.969063380314402 -12.336794703300194 -2.1167810009374195 -16.064036222856629 -13.342908727035507 -15.393844556142234 3.6880419746586597 2.3634653909495511 14.708241484309319 -11.367367416333074 -20.443287979145012 0.27236396330105261 17.789603732330917 -0.8440693953547026 5.7530344281214854 -10.981014731798108 -16.195461047465066 -6.8051963328891905 -3.2760092087005099 6.3089224461389257 -17.187591724405653 5.3349564438955506 -4.1053195987235238 10.542037503269086 -4.9211716627990292 -8.9760860810378489 -3.435891511934464 -8.4176090683964571 -6.877744287979036 6.7131772976538135 -20.524959343328394 1.9678009788656503 -11.150419835855805 3.6082625756783737 13.897866036464476 -10.847447251709811 -8.4911635342064127 -3.9949829273245814 -1.9223182411293214
leaf_weight=4004.370887696743 1350.7606960237026 3634.488065302372 1549.392734259367 844.82156160473824 1222.4643649458885 763.75971075892448 5923.6695110797882 94.838128119707108 1369.1337533891201 1616.9132899045944 1108.8682462573051 485.32572618126869 1917.1600491702557 199.57796531915665 5135.2408650517464 1198.2753477096558 1248.742725610733 1690.2857494056225 835.94429671764374 275.67287412285805 826.79778325557709 514.83051282167435 1423.6048268377781 1295.2377351820469 2628.4523096084595 343.91667014360428 391.79630592465401 2177.4855842292309 806.36754095554352 131.08507966995239 760.02707502245903 1843.7719841301441 1945.9152808189392 895.02295675873756 890.32121992111206 277.75679805874825 1585.3280733525753 3101.2659585177898 1230.4518755674362 141.04087698459625 1506.4121956825256 59.19365182518959 2385.6788514256477 1815.9675506055355 2050.5538610219955 2199.6279991269112 191.56901222467422 316.56542992591858 531.90464019775391 453.5079083442688 1017.0380607545376 729.11421713232994 885.31052422523499 6068.5820922851562 1375.3799416124821 590.85957282781601 298.69661885499954 1352.8861712813377 1652.9338284730911 2380.1552767753601 408.4309473335743 66.462844401597977 1059.5146566927433 627.28893661499023 1394.0415732562542 1395.0801728069782 762.90218105912209 2087.8079891204834 1266.3753456771374 1152.8764671683311 729.44761970639229 3189.0995830595493 693.49899354577065 4071.472860366106 1186.9858118593693 626.69904842972755 772.58004021644592 1375.1214088201523 715.88484826683998 704.08585739135742 2349.3331010341644 911.4550641477108 1930.5204611122608 357.49904334545135 1963.9205874204636 621.78112402558327 1621.9698269665241 602.8852276802063 416.8825326859951 841.04715958237648 502.15301111340523 1030.9428927302361 2378.3885332643986 1333.2201356887817 1765.2948317527771 1196.5707074999809 1323.2377587258816 325.47111636400223 499.98903095722198 1629.4275963306427 871.57879218459129 1769.9463629126549 705.26767009496689 396.10606706142426 722.54352962970734 606.84366607666016 339.49083811044693 354.43117958307266 595.57160079479218 360.25697529315948 172.12006708979607 727.86844658851624 526.80890238285065 1389.9594075679779 1596.7607237994671 1368.4300928115845 2562.0457472801208 41.890681207180023 1914.6446636021137 517.59368497133255 577.41908094286919 511.752755433321 74.584090888500214 428.56370410323143 384.47970774769783 1030.1587567925453
leaf_count=5075 1384 5047 1600 998 1072 1011 6692 131 1776 2058 1550 708 1316 207 7448 941 1691 1966 1106 310 925 635 910 1520 3367 453 531 3040 1092 168 901 2255 1575 1186 1200 382 2089 4235 1392 180 1842 50 2377 1677 2003 3041 257 366 660 577 1168 1024 900 7538 1801 762 393 1367 2046 2915 386 61 1631 974 1947 1688 1143 1033 1555 1750 694 4211 966 5429 1460 823 1056 1937 996 1017 1677 1085 2561 500 2660 935 1923 738 367 957 408 965 1781 1899 2502 1289 1322 201 638 1538 1146 2323 531 284 825 628 472 281 757 456 206 904 533 1795 1861 1551 3608 32 2841 566 811 574 100 512 557 1456
internal_value=3.17442e-07 5.50031 -6.91057 2.09366 -10.1915 -1.84716 9.42085 1.09631 -8.36389 -0.806314 4.50535 -5.36867 -9.88995 -7.43128 7.08879 -6.83562 5.93894 11.7946 2.6543 -3.33013 2.16494 -5.41589 -14.2924 -12.4697 6.7109 -4.7064 4.59631 8.10185 5.53122 2.48733 -6.19606 -3.00204 -10.6142 4.94876 0.469995 -7.0562 0.177579 9.32902 -5.82946 -9.11482 -1.73724 -11.6832 -8.26964 -9.34375 -8.16175 -0.505378 2.11715 -4.13325 -8.77905 -1.36042 -2.45814 4.33962 -16.1937 13.2341 -0.384515 2.81196 4.09018 -8.65908 -1.78939 -1.70247 -6.56416 -5.3446 7.76185 8.72562 -4.50745 5.99882 9.15123 -18.0411 -0.0708993 4.63446 -6.98646 6.43701 -2.3062 7.40701 -6.36945 3.47681 -0.438754 0.761968 3.81385 5.81781 -12.8627 -3.19648 -2.76568 4.63514 3.00067 8.43405 9.83511 9.35177 -10.4425 0.956511 -9.81133 -8.89987 -13.8068 4.62805 0.374844 11.1853 -15.8127 -13.159 -4.72473 14.615 -4.25508 3.78085 -15.3931 -7.0023 -10.1302 -6.96575 1.15283 -10.5015 -1.63904 1.77687 2.80684 -1.66559 -13.9978 -1.29809 -6.45548 -4.3435 8.69003 0.240536 1.48622 -6.41305 7.60417 11.4079 4.32652 -3.77235 1.96832 1.48732
internal_weight=155977 86850.4 69126.5 46470.9 41946.5 27180 40379.5 14805.1 29015.5 21099.5 25371.4 12374.9 20473.2 10482.5 20368.8 10427.7 18720.8 20010.7 12198.9 11408.8 9690.71 8702.64 12931 9990.67 16699.5 8542.28 9641.55 10909.3 5643.5 1947.16 2606.26 4989.24 6424.8 4744.52 6650.67 4792.99 6555.39 10727.2 6171.93 1846.23 3990.4 5450.63 4175.74 7971.33 6155.36 4946.19 2593.38 680.255 4478.89 2511.17 2311.59 1913.12 7480.38 13621.7 5236.83 1966.24 5790.15 3713.41 4254.17 3749.29 2252.2 855.104 6722.83 6389.05 4941.48 7293.22 2157.98 4216.68 2737.03 5491.45 795.91 7084.29 3270.59 4698.76 4104.81 3917.73 2021.32 2483.99 2301.21 4338.57 4595.52 2994.91 3324.56 3291.03 2396 3050.12 2428.34 733.97 2246.19 1294.56 3946.98 3444.83 3263.7 3895.19 2601.24 3825.02 3565.87 1648.71 1790.06 7553.1 1716.4 2660.27 2128.87 2413.89 1118.65 1023.73 617.248 1705.19 2222.2 955.829 363.689 1213.19 1725.08 2083.46 2360.52 2555.42 5663.31 2348.33 1956.54 1446.15 1184.01 606.591 2038.5 928.553 1717.7 3229.79
internal_count=187200 114050 73150 61681 40071 33079 52369 18804 30367 27512 34169 14275 20276 11200 28232 11757 25317 24137 16058 14677 12835 10283 9704 9076 22570 10091 13683 14363 7319 2518 2746 6044 6237 6194 8852 5400 8739 14549 7958 1845 5329 4549 4546 8291 6614 6641 3369 829 4662 2909 2702 2540 5155 15768 6719 2563 8207 4239 5654 4691 2641 805 9474 8369 6566 10279 2831 2474 3403 7814 755 9707 4156 6403 4611 5269 2747 3487 3085 6064 3744 3846 4508 4446 3260 3950 3015 906 2067 1534 4002 3594 2681 5496 3608 4656 2839 1523 2169 8230 2144 3523 1441 2629 1109 995 854 1665 2768 1213 463 1612 1474 2761 2872 3011 7843 3404 2873 1716 1516 705 2760 1150 2456 4497
is_linear=0
shrinkage=0.05


Tree=8
num_leaves=127
num_cat=0
split_feature=27 36 36 1 12 33 1 30 0 5 1 1 34 27 1 0 36 30 1 28 36 1 27 37 33 27 11 39 30 36 39 1 38 1 11 5 1 0 30 11 1 2 38 12 5 1 34 38 34 5 2 23 30 27 24 24 23 33 11 30 36 34 23 24 2 14 30 1 30 28 30 14 1 14 24 31 30 34 16 0 2 36 11 24 39 27 11 27 12 17 11 14 11 24 24 11 30 42 1 24 30 37 34 14 0 37 14 5 24 23 13 14 31 14 24 0 23 11 38 23 28 1 1 1 1 12
split_gain=2.14377e+09 5.25212e+08 3.07603e+08 1.58058e+08 1.53622e+08 9.12561e+07 8.86576e+07 7.91023e+07 7.04385e+07 7.18903e+07 6.90854e+07 6.11384e+07 5.24187e+07 4.78962e+07 4.72749e+07 4.26835e+07 3.71463e+07 3.51736e+07 3.22558e+07 2.8999e+07 2.63997e+07 2.61697e+07 2.59975e+07 2.5696e+07 2.46288e+07 2.46207e+07 2.43825e+07 2.42755e+07 2.41556e+07 2.27365e+07 2.22095e+07 2.10072e+07 2.09619e+07 1.93124e+07 1.92537e+07 1.89989e+07 1.84672e+07 1.84562e+07 1.78178e+07 1.77886e+07 1.70511e+07 1.68452e+07 1.67182e+07 1.66383e+07 1.60887e+07 1.5731e+07 1.56325e+07 1.54412e+07 1.49458e+07 1.52169e+07 1.48299e+07 1.47788e+07 1.42355e+07 1.3534e+07 1.52098e+07 1.32952e+07 1.32597e+07 1.3152e+07 1.28546e+07 1.28482e+07 1.27595e+07 1.27329e+07 1.26114e+07 1.3868e+07 1.25354e+07 1.21739e+07 1.20987e+07 1.20945e+07 1.1984e+07 1.16449e+07 1.15574e+07 1.21488e+07 1.12188e+07 1.11159e+07 1.10424e+07 1.1674e+07 1.10405e+07 1.08784e+07 1.07798e+07 1.18496e+07 1.0756e+07 1.06716e+07 1.05303e+07 1.03573e+07 1.03481e+07 1.02493e+07 1.0212e+07 1.01917e+07 1.01819e+07 9.99963e+06 9.9992e+06 9.9678e+06 9.7238e+06 9.54539e+06 9.296e+06 9.2829e+06 9.07023e+06 9.04047e+06 9.02546e+06 9.0194e+06 8.90961e+06 8.85518e+06 9.18077e+06 8.80364e+06 8.78553e+06 8.68449e+06 8.56523e+06 8.39254e+06 8.20568e+06 8.9378e+06 8.19188e+06 8.17882e+06 7.99789e+06 8.48737e+06 7.92436e+06 7.819e+06 7.74988e+06 7.69727e+06 8.59567e+06 7.6819e+06 7.8013e+06 7.67006e+06 7.60302e+06 7.60138e+06 7.79586e+06 7.56219e+06
threshold=0.011697530864197532 0.01451388888888889 0.010833333333333335 -6.4999999999999991 1.0000000180025095e-35 0.016212929009614869 -5.4999999999999991 0.012283950617283953 58.500000000000007 0.096579867858530913 -8.4999999999999982 8.5000000000000018 0.1138888888888889 0.0061419753086419766 -4.4999999999999991 30.500000000000004 0.0094841269841269855 0.011388888888888891 -4.4999999999999991 0.091666666666666688 0.0084876543209876556 7.5000000000000009 0.0058333333333333345 0.20277777777777781 0.018237310699646243 0.0081790123456790143 0.21575680631965019 0.0077083333333333335 0.0052777777777777788 0.023981481481481482 0.0052777777777777788 12.500000000000002 0.0205952380952381 14.500000000000002 0.21073190789473686 0.1330383480825959 -13.499999999999998 54.500000000000007 0.015648148148148151 0.268405600722674 15.500000000000002 1.0000000180025095e-35 0.015648148148148151 1.0000000180025095e-35 0.087228260869565227 -5.4999999999999991 0.12500000000000003 0.0061419753086419766 0.075000000000000011 0.060120481927710849 1.0000000180025095e-35 0.023934766214177981 0.0058333333333333345 0.022808641975308644 0.071649579870638302 0.037715435462933523 0.017630527684875514 0.01685536363516988 0.23831367409349064 0.0052777777777777788 0.0049691358024691367 0.052777777777777785 0.024986772486772491 0.020361100152626235 1.0000000180025095e-35 6.5000000000000009 0.0039285714285714297 -11.499999999999998 0.0088095238095238105 0.080555555555555561 0.0065740740740740751 9.5000000000000018 -12.499999999999998 12.500000000000002 0.032941263404383331 0.0017907000407000409 0.012870370370370372 0.17500000000000002 3.5000000000000004 58.500000000000007 -1.0000000180025095e-35 0.032314814814814817 0.23887201162329946 0.025612508358431253 0.0052777777777777788 0.022808641975308644 0.28402076318742991 0.0078571428571428594 1.0000000180025095e-35 2.5000000000000004 0.22648879716981135 10.500000000000002 0.2169243009774949 0.018831011770625638 0.02979041934145633 0.22745750184774577 0.0049691358024691367 1.0000000180025095e-35 6.5000000000000009 0.026944005083598042 0.016080246913580249 0.086111111111111124 0.13055555555555556 6.5000000000000009 77.500000000000014 0.1138888888888889 3.5000000000000004 0.10982310372554276 0.029002978149237489 0.033734998064266365 1.0000000180025095e-35 3.5000000000000004 0.00028663748175943358 6.5000000000000009 0.021794878998718962 27.500000000000004 0.024362026862026868 0.28292357537640561 0.025154320987654324 0.017475799663299669 0.025000000000000005 -12.499999999999998 7.5000000000000009 -8.4999999999999982 6.5000000000000009 11.500000000000002
decision_type=2 2 2 2 2 2 2 2 2 2 2 2 2 2 2 2 2 2 2 2 2 2 2 2 2 2 2 2 2 2 2 2 2 2 2 2 2 2 2 2 2 2 2 2 2 2 2 2 2 2 2 2 2 2 2 2 2 2 2 2 2 2 2 2 2 2 2 2 2 2 2 2 2 2 2 2 2 2 2 2 2 2 2 2 2 2 2 2 2 2 2 2 2 2 2 2 2 2 2 2 2 2 2 2 2 2 2 2 2 2 2 2 2 2 2 2 2 2 2 2 2 2 2 2 2 2
left_child=2 3 5 23 18 14 28 20 19 34 27 15 16 60 47 80 61 58 59 97 93 32 -16 66 44 92 68 105 -6 48 -13 41 50 64 -10 53 -30 -38 -34 98 45 125 57 -25 -22 -28 51 -1 -20 -50 -21 83 99 88 -55 -53 -51 -27 -17 114 -7 -9 63 -14 -32 -54 -2 -45 -15 -63 -26 -72 -29 -60 107 -76 -23 115 79 101 -12 -48 -39 91 -33 -61 -49 -66 -18 -82 -90 -36 -19 -5 -44 -81 -62 -8 -24 -43 -47 -31 -103 -59 -105 -4 -92 -64 -58 -110 -69 -97 113 -71 -3 -40 -42 118 -67 -95 -121 -68 -41 -98 -125 -11
right_child=1 4 10 7 6 13 8 12 9 31 11 30 62 26 22 17 35 25 29 21 24 76 39 43 70 42 40 72 36 78 33 84 38 -35 46 -37 37 82 77 122 116 52 94 67 -46 100 81 86 49 56 -52 55 65 54 -56 -57 108 103 73 85 96 69 74 -65 87 117 121 110 -70 112 71 -73 -74 -75 75 -77 -78 -79 -80 95 89 -83 -84 -85 -86 -87 -88 -89 90 -91 106 -93 -94 119 -96 111 123 -99 -100 -101 -102 102 -104 104 -106 -107 -108 -109 109 -111 -112 -113 -114 -115 -116 -117 -118 -119 -120 120 -122 -123 -124 124 -126 -127
leaf_value=5.0082389460410477 6.2347261150253948 -12.822383431896384 4.4940779224367802 5.1694395873982408 -0.87728942265656296 15.65268646904603 -16.413825649780012 -2.5126869921200958 4.1186220123474877 -6.6596469644188963 -8.9864773503302295 6.6247688654119061 3.1689421516083729 14.50249131580501 10.544813124011576 10.673361454084057 -6.486774179505419 8.7700099037468018 -12.15761070636556 -6.9084601335832634 3.8218981249563351 4.9891698182826048 7.9306054585800059 -14.511302815032003 11.833350914851016 -0.42367735362344217 3.2928020068186266 -10.143244660326303 -16.866609156896455 -19.136367948399382 -16.894431548506841 -0.80863652032255584 5.747481897460089 -10.855451952658775 1.5825247921113599 -9.7177693869708488 -14.416526735457357 -4.959800323695462 -15.174389017602786 3.225048556194706 -1.0709203882371996 -0.23959824069825181 -1.5905880399597567 -11.829152867456493 -4.5551146172516557 10.455991328285995 3.0500541695404202 0.50837515303635894 -1.6903890071528083 5.016971010331563 -0.069555349145908524 -10.119701430804074 0.68730974864339256 -9.6209749151970954 7.1467506691601859 1.4570997904039225 -13.97743140474965 7.234619364070503 7.9899468392354995 -14.34189497876897 16.66505663522625 -2.2744457614240612 0.88266392121789805 11.778564799227444 2.9938710093973073 -2.0299981485556735 -9.4767998062494438 -11.459509543437029 9.7252231167398016 12.776888469315963 9.1885460370848495 0.0091622817607746512 -3.7703654517864971 -0.58857387192804245 7.0355670502111485 -2.0436634908954918 -12.994312830855732 -5.13161647849227 -17.935038430224783 -0.89527402450275828 4.783149177882053 -3.3680382994178197 -10.914496412353278 9.5678544262404621 -14.004026816870311 -18.927387240516321 -7.1959118171921581 -3.8257977836276127 2.9215055371225382 -5.1231859117569476 1.2693831633821873 -7.628294484632125 4.5445337337858067 16.799358672071214 3.7694831348108644 6.5266222495119059 6.2018495993327445 -9.7360669556611619 3.5422793170932283 19.226116616106864 7.1159754575152423 -15.168004856821106 -8.7539593500343909 -3.3216550618917959 5.8694006018080565 -6.6138028702921092 -5.3872044742327763 -7.2560449183073077 1.3683523293629456 -12.340268733598368 -3.6353407965040185 -12.244962264907532 2.4011748819958054 2.6507208757124445 8.7893477084936187 -8.9793498189354164 -22.386868888387511 -13.486583053617281 -9.5189838167223897 5.0788331933423718 12.821527943839238 -1.5810897169947689 -4.2497532578859651 12.488089028886792 7.9474962957024404 -13.304720974430291
leaf_weight=1769.1999317407608 323.42809361219406 91.902133285999298 849.04856219887733 848.15523427724838 476.5370557308197 2934.5480174720287 1246.3626626729965 1785.838035941124 2030.5691266059875 982.46444994211197 609.65527415275574 536.12150681018829 1111.9310583472252 1803.0976623594761 4155.6788013577461 2772.1652763783932 970.44643723964691 2089.9426772594452 1866.2970126271248 1357.0898559987545 1155.7053708434105 89.025240898132324 5313.8003918230534 1302.9209983348846 804.66229075193405 1249.240336060524 1843.163448959589 1265.3869824111462 1812.4829201996326 678.33621940016747 135.42286622524261 167.74322652816772 228.9373839199543 847.53614762425423 694.3361322581768 1503.4621643424034 2303.6169190108776 1249.0103397667408 602.90965357422829 1560.9511238634586 211.61708325147629 136.26810985803604 3375.6156105399132 1154.3999366462231 1137.1157253086567 3228.4266242086887 2037.4447483122349 2242.2367380857468 1059.8293346762657 141.57014065980911 1906.0171413421631 1161.3405095040798 824.29903608560562 1202.1392853856087 152.38657712936401 315.34484314918518 864.24473628401756 2400.2973369061947 1144.2671347260475 2270.1453269422054 875.73764228820801 855.41828858852386 1260.8798559904099 807.30011889338493 881.13674664497375 927.22585621476173 494.45176082849503 429.59173715114594 4827.1715546548367 482.76633259654045 684.85125657916069 760.95937421917915 1520.2576197087765 563.62939351797104 1268.7761975228786 491.08203560113907 2064.8542841374874 1686.28958517313 1135.3297985196114 317.86914241313934 468.5930769443512 949.5113011598587 1830.5733581483364 216.38984203338623 1300.4595087170601 2630.7883315086365 532.20759451389313 1448.3842349052429 1222.6937994062901 558.18598634004593 790.48931732773781 509.08596441149712 3906.3963125348091 509.79336166381836 1063.8248744010925 62.550632119178772 668.83853599429131 854.20440962910652 1503.1247689723969 105.64202997088432 5233.1198136806488 1419.9069611430168 918.97372424602509 471.40488186478615 579.7773944735527 221.96494740247726 1243.3714484274387 423.02512070536613 227.19952639937401 249.43986034393311 1511.9581401348114 802.33284014463425 1566.9110197722912 362.16610831022263 78.770441979169846 3281.6781548857689 53.401204347610474 333.24772563576698 652.98547324538231 558.86095079779625 778.53842654824257 813.83018472790718 434.99725860357285 6027.5942067801952 1121.1521717011929 758.82571411132812
leaf_count=2673 434 71 1172 1136 585 2979 942 2378 2699 1103 759 707 1458 1891 5360 3481 1111 2717 1607 1535 1507 101 7230 1080 917 1792 2676 1454 1384 370 143 205 282 1038 872 1678 1943 1538 497 2326 325 152 4593 1197 1429 4000 2667 3346 1194 190 2328 1232 1043 1309 203 413 715 3211 1503 1751 829 1129 1742 993 1191 1176 569 465 6265 598 885 1044 2089 790 1708 674 1944 1946 679 342 642 1221 1879 256 1190 1441 760 1960 1705 715 1098 611 5424 524 1462 69 975 903 2251 102 7183 1025 874 673 818 311 1597 534 257 206 2048 681 2165 497 80 3386 39 315 748 814 952 1095 641 7100 1549 734
internal_value=3.44254e-07 -5.66294 6.06757 -0.525124 -8.8306 8.59385 -7.02816 1.24415 -5.6988 -3.23624 2.02493 2.9822 -0.574142 10.3232 5.74704 4.03227 -2.39304 4.67945 -13.1 -8.30667 5.64029 -7.29699 7.28474 -7.78335 3.31453 3.5276 8.6475 -4.20556 -11.7793 -11.4168 -2.81656 -7.27297 -6.11962 -4.34463 -0.079318 -4.72898 -12.5013 -11.0315 -7.9233 5.74746 7.1565 -5.64848 1.89427 -9.77115 -0.332649 7.47855 -1.52816 1.35811 -8.75977 -6.26541 -2.91378 -4.14542 -3.36528 -3.38519 -7.73458 -7.64749 -9.53617 3.97238 8.57114 -16.3337 12.8019 0.882196 3.54259 6.79047 -2.10597 -4.39259 -2.4245 -7.77628 11.0244 2.73779 7.03035 4.35725 -6.66526 5.15892 1.73252 4.50204 -12.251 -8.48511 -13.6123 -12.4438 -3.72578 1.00983 -8.4994 -0.503072 -12.4964 -16.8034 -0.969499 -1.24627 -1.99144 -0.602213 -0.651841 -2.31395 6.01727 9.56058 -0.306152 -8.20194 11.8396 -13.6983 6.96298 8.26107 8.39033 -14.1066 -12.6479 5.56351 1.74765 2.192 -2.80003 -1.16192 -11.0727 -5.80579 -5.36653 -10.8874 4.5155 8.43648 -2.84793 -9.94085 -5.36609 -6.58096 -5.12465 11.5768 9.58608 -4.56519 1.59599 11.2991 11.776 -9.55546
internal_weight=155977 80678.6 75298.3 30770.3 49908.3 46340.1 35092.8 24739.7 27420.6 14103.2 28958.3 25101.6 17501.1 28827.9 17512.2 21253 12138.1 19616.6 14815.5 13317.4 7238.64 11216.8 12968.6 6030.58 4543.29 15136.5 17200 3856.66 7672.22 9743.88 3848.6 6189.16 9062.92 3312.48 7914.02 7084.99 7195.68 5383.2 5799.81 8812.87 10569.7 4720.96 9140.16 4398.87 2292.82 10304.7 5883.45 4543.64 4408.58 2542.28 3263.11 2896.5 2979.67 5581.53 1354.53 1476.69 1482.45 4700.72 4480.06 5071.61 11627.9 5053.1 5362.99 1919.23 2464.94 2737.76 1631.71 3095.95 6630.27 3267.26 2250.47 1445.81 2785.64 1707.9 3443.76 1759.86 2153.88 5570.88 5335.3 4199.97 1636.43 2986.96 3079.58 1419.81 1468.2 4900.93 2774.44 2329.52 4227 1026.78 3256.55 1203.42 5996.34 2695.35 4439.44 1182.75 8693.32 2100.57 6816.93 241.91 8461.55 3017.22 2338.88 3451.48 1051.18 1071.01 2033.86 1683.9 1340.88 476.639 1941.55 864.883 2411.84 844.932 170.673 3884.59 265.018 1913.46 1580.21 1847.19 1337.4 1308.28 1995.95 7817.58 7148.75 1741.29
internal_count=187200 88157 99043 38673 49484 60398 37932 31785 30603 16739 38645 33619 22577 35811 24587 28580 15468 26464 11552 13864 9208 12019 17808 6888 5782 20690 22379 5026 7329 8209 5039 6768 9974 4332 9971 8701 6744 5360 6111 12448 14223 5373 12549 4790 2936 13859 7272 6779 4169 2562 3863 3384 3536 7023 1512 1645 1368 6494 5774 3343 13432 6767 7109 2451 3294 3282 2098 3710 8156 4389 2846 1929 3543 2293 4658 2382 2045 5829 4040 3361 2116 3888 3417 1739 1395 3192 4106 3151 5511 1357 4400 1483 8141 3426 6055 1092 10453 1845 9481 254 11183 2269 1899 4702 1491 1483 2695 2276 1178 463 2513 750 3260 1095 151 3883 364 2239 1924 2290 1766 1664 2967 9624 8649 1837
is_linear=0
shrinkage=0.05


Tree=9
num_leaves=127
num_cat=0
split_feature=27 38 36 44 1 27 34 11 11 1 1 31 1 1 29 11 24 38 1 46 1 28 29 2 31 31 11 1 16 11 43 42 9 1 1 1 1 33 23 24 1 42 38 24 44 28 24 5 26 1 24 34 46 23 1 23 1 6 24 27 33 23 24 27 38 23 33 33 1 11 12 23 14 23 11 24 1 29 34 38 1 24 31 23 6 24 43 33 6 10 5 29 24 24 23 23 23 24 35 23 6 28 23 28 6 31 24 23 29 24 33 11 1 31 2 9 31 24 24 11 23 24 1 1 6 34
split_gain=1.9489e+09 4.11196e+08 3.47675e+08 1.22242e+08 1.20034e+08 1.19997e+08 8.01016e+07 7.56852e+07 6.15001e+07 5.9633e+07 5.45754e+07 4.92727e+07 4.48796e+07 4.43152e+07 3.98947e+07 3.71747e+07 3.69271e+07 3.48015e+07 3.4653e+07 2.94687e+07 2.85983e+07 2.67671e+07 2.46163e+07 2.40878e+07 2.26789e+07 2.19356e+07 2.1397e+07 2.04095e+07 2.02963e+07 2.02004e+07 1.89965e+07 1.69136e+07 1.65398e+07 1.66438e+07 1.64186e+07 1.63818e+07 1.81005e+07 1.58903e+07 1.56333e+07 1.75508e+07 1.55972e+07 1.51569e+07 1.4821e+07 1.44733e+07 1.41824e+07 1.41361e+07 1.38226e+07 1.67465e+07 1.35421e+07 1.33095e+07 1.27388e+07 1.2605e+07 1.25784e+07 1.25499e+07 1.24952e+07 1.22795e+07 1.22509e+07 1.19623e+07 1.14863e+07 1.46869e+07 1.09153e+07 1.08603e+07 1.34298e+07 1.08591e+07 1.08455e+07 1.0777e+07 1.07246e+07 1.05529e+07 1.05366e+07 1.04295e+07 1.08227e+07 1.03571e+07 1.2941e+07 1.03326e+07 1.01251e+07 1.01198e+07 1.00311e+07 9.758e+06 9.67684e+06 9.63733e+06 9.57393e+06 9.55874e+06 1.01077e+07 9.5362e+06 9.4136e+06 9.37037e+06 9.34833e+06 9.26919e+06 9.25636e+06 9.01728e+06 8.99845e+06 8.93139e+06 8.92963e+06 8.69961e+06 1.15949e+07 8.61203e+06 8.56338e+06 1.1046e+07 8.54148e+06 8.47308e+06 9.30924e+06 8.41212e+06 8.38677e+06 8.42446e+06 8.37614e+06 8.8449e+06 8.31015e+06 1.20938e+07 8.23241e+06 8.23159e+06 8.34582e+06 8.04812e+06 7.96592e+06 1.03848e+07 7.9398e+06 7.91471e+06 7.82219e+06 7.80323e+06 7.72827e+06 7.61866e+06 7.61009e+06 7.83814e+06 7.69674e+06 7.50384e+06 7.35254e+06 7.30904e+06
threshold=0.01404320987654321 0.0089583333333333338 0.013412698412698413 1.0000000180025095e-35 -6.4999999999999991 0.0094841269841269855 0.069444444444444461 0.27750275027502758 0.23463088939279417 -4.4999999999999991 -3.4999999999999996 0.00031037061929510464 7.5000000000000009 6.5000000000000009 0.0084876543209876556 0.23922333704942403 0.020361100152626235 0.0205952380952381 -5.4999999999999991 1.0000000180025095e-35 -4.4999999999999991 0.036111111111111115 0.0061419753086419766 1.0000000180025095e-35 0.00062033443975662071 0.00034253948441591476 0.268405600722674 -7.4999999999999991 3.5000000000000004 0.22816552250190694 1.0000000180025095e-35 1.0000000180025095e-35 5.5000000000000009 -11.499999999999998 -5.4999999999999991 14.500000000000002 -6.4999999999999991 0.017137392555699831 0.021182870370370376 0.018276137070111668 -6.4999999999999991 1.0000000180025095e-35 0.0084876543209876556 0.053254086522004397 1.0000000180025095e-35 0.83611111111111125 0.034651401856147138 0.19378911892152145 7.5000000000000009 -3.4999999999999996 0.013579330578215658 0.11944444444444445 1.0000000180025095e-35 0.033115384615384623 13.500000000000002 0.013908450704225354 5.5000000000000009 0.09699820788530468 0.071649579870638302 0.028055555555555559 0.020241937007606511 0.023531681190994917 0.019682126673933851 0.022500000000000003 0.033055555555555567 0.022097362514029186 0.010317741268916311 0.018897065111087494 -4.4999999999999991 0.27151675485008825 12.500000000000002 0.035281531531531539 12.500000000000002 0.018764267412066157 0.20541829745596871 0.033487428766818858 -21.499999999999996 0.026150793650793657 0.069444444444444461 0.010833333333333335 13.500000000000002 0.0086982878477394106 -0.0001791531133156606 0.019910968660968666 0.24341649341649343 0.016838963274050479 1.0000000180025095e-35 0.028620845973846381 0.15949737897008945 10.500000000000002 0.11443452380952382 0.043492063492063499 0.026944005083598042 0.032211119283795879 0.021740621458817919 0.028191872427983544 0.040009416195856885 0.038552395974290256 10.500000000000002 0.022843364197530868 0.13811445341159209 0.78055555555555567 0.018621695465957763 0.025000000000000005 0.21644144144144148 0.0014479472140762463 0.026196071881995124 0.028478535353535357 0.025625000000000002 0.021688070474514102 0.020439430527531544 0.2097338145725243 7.5000000000000009 4.8620048620049012e-05 -1.0000000180025095e-35 4.5000000000000009 0.00034253948441591476 0.016750320510607118 0.016024140337008382 0.21575680631965019 0.019846109175377474 0.021055874465816134 2.5000000000000004 6.5000000000000009 0.065395580898075567 0.052777777777777785
decision_type=2 2 2 2 2 2 2 2 2 2 2 2 2 2 2 2 2 2 2 2 2 2 2 2 2 2 2 2 2 2 2 2 2 2 2 2 2 2 2 2 2 2 2 2 2 2 2 2 2 2 2 2 2 2 2 2 2 2 2 2 2 2 2 2 2 2 2 2 2 2 2 2 2 2 2 2 2 2 2 2 2 2 2 2 2 2 2 2 2 2 2 2 2 2 2 2 2 2 2 2 2 2 2 2 2 2 2 2 2 2 2 2 2 2 2 2 2 2 2 2 2 2 2 2 2 2
left_child=1 6 4 7 30 9 18 10 19 26 32 15 17 24 34 46 27 23 86 48 89 106 -20 78 57 51 50 -10 38 -15 91 53 77 -34 -8 36 -18 90 39 -22 -9 64 -23 65 68 88 47 66 80 -16 -3 111 123 92 99 -52 114 85 59 93 -31 62 119 -43 -40 109 -6 -44 -21 70 -32 72 -53 -38 -54 -75 -57 -4 -12 -39 104 -25 117 118 116 -11 125 -84 -26 -5 -13 -2 -27 94 -42 -95 97 -35 -58 100 115 -28 -87 -104 105 -7 -17 -108 -33 -14 -111 -19 113 -70 -36 -29 -78 -83 -68 -51 121 -80 -122 -24 -115 -1
right_child=2 5 3 20 11 8 14 40 16 13 12 37 43 29 49 21 35 25 22 44 28 42 52 81 45 31 101 54 -30 60 69 108 33 96 56 -37 73 79 41 -41 58 63 67 -45 -46 -47 -48 -49 -50 61 55 71 74 -55 -56 76 98 -59 -60 -61 -62 -63 -64 -65 -66 -67 83 -69 112 -71 -72 -73 -74 75 -76 -77 84 -79 120 -81 -82 82 87 -85 -86 102 -88 -89 -90 -91 -92 -93 -94 95 -96 -97 -98 -99 -100 -101 -102 -103 103 -105 -106 -107 107 -109 -110 110 -112 -113 -114 124 -116 -117 -118 -119 -120 -121 122 -123 -124 -125 -126 -127
leaf_value=-7.2696496365404544 -13.755016328917534 -3.3451706541517319 -10.041052910547089 -17.163463180319916 -4.5794053809644115 0.30241823877286245 8.0106649388092883 -14.895259779581217 -11.316461290714102 7.555668055037664 -8.3296861776149509 -3.6521305525960992 -8.152523154233533 5.2789070599380032 3.8913405506261904 -10.794999764098554 -5.3900163331414177 0.43206642089165792 9.7304304625368641 0.6064048586458366 -9.0313567393581913 7.7784295117140889 3.4300163555368202 28.025661582640311 5.9330498303252259 -11.036293361664217 -3.720449842768109 -6.3500601070667679 -15.959446282994149 -5.2989410299730579 -1.1666355277010751 -2.4015913605278012 -12.15118788423913 -5.9055597795224477 11.218042952312706 -13.344039195221843 10.095482302733377 2.1015164487119771 -11.661854642289656 2.4135550781942063 -5.896328877189462 -2.814121638136057 -3.7491663298709592 3.0251943847829628 -2.0156304933572144 -1.2641056870209901 10.92428722043276 -4.849639710781382 7.9901145014892752 10.349562539832684 11.312115155045214 4.6895334494369632 9.4829520536694698 -17.628233875987643 -12.103687966012579 -14.479427155607333 8.7805415930356556 4.9410594945685036 -0.42463620248327888 -13.828483474767555 1.1171602488049537 5.0523851391406209 12.758057953693275 -10.269311709437083 -18.084057361797509 -11.654756706707746 4.6379865802014004 3.9116374247831942 10.07046573539961 -10.649495831057155 -11.169967428625332 -5.6281475315809724 -4.5522213527112134 -0.77883337865267488 4.6975649844102731 4.3769281725488325 6.1040744105768052 -16.761214294522301 -0.44400954550581678 -3.0407504830311005 -13.44991618532543 -7.326300810936158 -1.8390593172687351 4.0446174874327667 -8.6358263960118649 14.404073522313059 2.4073600896628857 4.9954338654791988 -2.5980792473477394 -12.253737707040841 -10.788471062803408 4.1437085284848107 0.23155253892918146 6.0878176536017783 -11.919964473859807 -6.7269794230299045 -12.525111848064348 3.4309346182593483 17.233782603118957 -11.787244653195705 -8.7841956651449689 -13.799945247834604 3.4073016133268865 11.178103760078161 -12.05410853460063 -6.0076616670752143 3.4824402598107 -10.047897973214397 -8.6033170590576926 -8.3123316267974552 8.9779117165053322 -8.7073379770878834 0.96011920669079709 6.0597536890890522 13.939299851991032 -1.1617199007139685 0.61946177460792395 9.6458979636358926 12.373845312502622 5.2908195484555209 -0.98925300520130843 19.179507582302886 -9.7193073401427235 -3.3232547885554595 0.0056410617063267698 2.2648927022061609
leaf_weight=549.10908210277557 1511.1436584591866 1028.0256710350513 1178.4675742685795 3603.5966181457043 217.60551473498344 1998.7098387181759 2949.1585587263107 2026.6030294299126 1301.1562572419643 3110.2313269376755 671.08328661322594 2079.0451701283455 923.84939926862717 1673.8052951991558 2138.1534946262836 542.492427110672 1153.8328387141228 325.93403851985931 4173.4180147647858 1360.4364361166954 1124.2710363268852 949.20521771907806 1716.4687062203884 39.134089916944504 5698.3778820335865 705.56624856591225 1362.9838616847992 944.9328074157238 1766.4391248822212 1187.7877795696259 1186.0178152620792 1317.4556091427803 1449.7841870188713 2131.5596916079521 4339.4743482470512 231.92736607789993 333.07984900474548 2131.1523885726929 2427.8875356316566 477.13568910956383 1165.6959894001484 673.69730412960052 905.10163509845734 237.93755531311035 953.20433044433594 898.83364617824554 1306.4103264808655 391.41243216395378 315.0691359937191 1317.337090909481 394.13914400339127 1223.6840881109238 1670.8577490746975 570.7327892780304 478.65814778208733 90.511999398469925 3273.4285308122635 1852.3586030900478 304.14508152008057 2116.0716666579247 1499.9765620231628 1778.2888703942299 2016.4729332923889 1776.3376932144165 901.47328352928162 2388.4316757321358 484.76458477973938 893.11451044678688 1334.8234218358994 747.07804974913597 350.23275229334831 631.59811115264893 548.61041301488876 2835.2900475859642 3265.9640187323093 1432.6816361546516 1225.99502363801 997.34492883086205 124.13586515188217 1591.6214141845703 200.63213607668877 75.00438204407692 1092.1761592626572 1437.541671693325 179.68919798731804 1351.1187295019627 2068.9945062100887 908.99118158221245 336.74581822752953 1262.9484581947327 560.90363711118698 73.067129880189896 234.1904271543026 150.56177401542664 2538.8719550073147 1014.5771791934967 385.29596769809723 372.09625852108002 328.85246163606644 302.14539790153503 639.51921996474266 244.06565189361572 465.95803639292717 1386.9056403934956 199.69213792681694 769.01919531822205 375.35225653648376 294.91192579269409 901.11064699292183 122.13560393452644 162.84964853525162 923.05629920959473 795.50662198662758 2343.2970959246159 7011.3165595829487 3309.3877660036087 1383.9414815306664 697.63303568959236 966.6254997253418 1710.9177472293377 1513.9165025651455 86.236317902803421 303.00274297595024 540.97325929999352 638.06336200237274 317.06403350830078
leaf_count=757 1303 1549 1248 2184 306 2663 3979 1565 1416 4206 732 2614 1027 2352 3116 625 1467 381 5526 1882 1098 1237 2410 20 7700 689 1832 1204 1165 1667 1602 1651 1371 2515 5227 230 355 2809 1831 543 1318 787 1167 345 1174 1253 1715 469 351 1628 492 1604 2208 356 512 99 4223 2502 404 1723 2018 2525 2309 1615 478 2374 599 1138 1725 751 391 715 626 3789 4784 1843 1739 724 180 2050 231 91 1367 2040 207 1429 3272 1150 444 963 588 116 263 182 2428 1150 369 521 294 350 769 264 691 1714 217 915 533 351 928 132 196 976 1129 3191 7543 4622 2011 853 1098 2364 1926 79 321 794 898 473
internal_value=3.76452e-07 4.75966 -6.56287 -8.88807 -0.861736 1.67655 8.44764 -7.20752 -0.868062 4.07068 -5.6813 1.14801 -4.16936 5.4064 10.057 3.57938 -3.19619 -2.75688 5.42498 1.89847 -12.7926 -0.00727728 6.67556 0.249504 6.68867 -5.00144 -0.328436 -5.66847 -11.1451 0.966982 -8.72254 -7.69904 -9.56377 -7.77966 11.4202 -0.31551 0.209552 -2.20115 -9.99291 -5.62137 -11.0152 -11.2042 2.72382 -8.91782 3.67837 4.58579 6.53581 4.89681 -1.89592 7.33355 1.51039 -2.24758 4.90342 -11.78 -4.37342 3.03489 12.0927 8.47415 -9.93649 -10.3506 -1.71827 8.41225 9.59661 -8.21932 -13.4008 -9.70778 6.12483 0.0557016 4.51698 -5.8037 -3.44718 -0.130462 1.82877 1.61379 6.31717 0.951863 1.90218 -13.1214 -3.12547 -0.09699 -2.8791 3.48702 3.14082 6.93111 2.4337 9.51063 0.581602 1.26538 5.45703 -15.8893 -5.16837 -12.9295 -8.22831 -8.83935 -10.0245 -5.07102 -5.58586 -4.51796 9.55224 -3.6613 -3.15961 -5.25124 11.4084 9.2239 -2.16439 -1.45085 -6.19441 -2.47082 -4.92053 -5.86092 1.56786 -6.32234 5.55775 6.40512 12.8989 -2.31411 3.19581 7.99831 9.79007 7.49145 -1.40274 7.60011 -2.44514 1.81166 4.76407 -3.77952
internal_weight=155977 90408.8 65568.1 46573.3 18994.8 49242.5 41166.2 32559.5 23871.1 25371.5 23243 15127.3 16728.5 19462.1 26863.4 8764.54 12962.6 12893.3 14302.8 10908.5 14013.8 3960.18 11367.7 5511.31 15100.5 7381.94 5909.35 6975.8 9147.24 4361.57 3867.54 3729.06 6514.55 4338.74 17902.2 5986.81 5754.88 6362.72 7380.8 1601.41 9316.53 5779.4 2747.42 3835.2 7425.33 6933.96 4804.36 3497.95 3483.12 8961.17 4302.3 3652.88 7194.26 1510.49 5674.64 3274.28 14953.1 8166.57 7289.92 6985.78 2687.76 6823.02 5044.73 2450.03 3329.36 3597.27 3106.54 1798.22 6472.13 2283.33 1536.25 2403.89 1772.29 4601.05 4936.82 4267.97 2880.14 2175.81 2698.37 3722.77 3168.05 2812.94 2773.8 2888.93 2789.63 6314.21 2935.17 2001.17 6035.12 4866.55 2639.95 1584.21 939.757 4869.71 3704.57 1165.14 2888.95 2503.66 3602.28 5195.99 4893.84 1607.05 3203.98 1852.86 2967.42 2767.73 1212.76 670.264 2218.57 1208.83 284.985 1248.99 5111.69 4316.18 11350.8 4254.32 2609.94 772.637 1451.39 3028.25 2027.29 210.372 1816.92 2257.44 2981.36 866.173
internal_count=187200 118534 68666 45164 23502 65102 53432 34500 30933 34169 25730 19339 18982 25976 33208 11278 16557 14908 20224 14376 10664 5051 15722 6719 19939 8189 8193 8873 7517 6037 4163 3887 6748 4776 21266 7684 7454 8061 6352 1641 8770 4711 3542 4074 9999 9397 6227 4512 4377 11942 6097 4302 10196 1308 7457 4548 17287 10542 7205 6801 3685 8826 6301 2402 2309 3729 4043 2305 8825 2744 1993 2945 2230 5987 6992 5632 4056 1972 3238 4859 4026 3481 3461 3737 3957 8040 4502 2517 8144 3147 3202 1419 952 5078 3746 1332 3405 3036 4517 6945 6595 2096 3834 2405 3795 3578 1509 884 2579 1355 328 1357 6943 5814 12770 5826 3750 944 1697 3992 2506 259 2247 3204 4089 1230
is_linear=0
shrinkage=0.05


Tree=10
num_leaves=127
num_cat=0
split_feature=27 36 36 1 29 44 1 1 25 33 34 23 25 29 11 33 23 24 36 25 1 39 46 1 34 5 36 43 32 25 23 33 25 1 33 11 23 25 25 2 42 25 11 23 1 11 23 34 11 23 24 1 27 1 39 1 1 27 34 15 6 1 36 32 6 32 33 33 28 25 36 21 2 25 23 31 23 32 27 23 31 27 1 24 44 36 37 24 24 24 25 2 6 31 1 25 23 25 33 40 6 23 24 24 1 5 1 11 31 1 1 16 7 23 9 15 23 5 6 1 32 23 28 11 23 5
split_gain=1.75889e+09 3.71802e+08 3.15989e+08 1.30153e+08 9.75216e+07 8.85821e+07 8.54558e+07 7.9987e+07 6.39014e+07 5.48553e+07 5.33346e+07 5.10968e+07 5.23266e+07 4.42824e+07 4.27321e+07 3.58996e+07 3.45882e+07 3.42988e+07 3.07076e+07 2.95769e+07 2.66821e+07 2.47838e+07 2.43688e+07 2.38257e+07 2.3153e+07 2.1915e+07 2.17195e+07 2.08006e+07 1.99349e+07 1.96901e+07 1.96473e+07 1.94117e+07 1.93247e+07 1.88627e+07 1.86953e+07 1.85561e+07 1.68946e+07 1.74262e+07 1.62884e+07 1.60185e+07 1.60143e+07 1.58997e+07 1.56071e+07 1.51019e+07 1.45236e+07 1.44148e+07 1.40712e+07 1.38326e+07 1.38043e+07 1.34793e+07 2.1893e+07 1.32843e+07 1.31975e+07 1.25319e+07 1.46076e+07 1.29966e+07 1.23406e+07 1.22717e+07 1.17948e+07 1.16379e+07 1.16149e+07 1.52821e+07 1.15526e+07 1.15313e+07 1.09929e+07 1.09862e+07 1.42996e+07 1.08135e+07 1.07084e+07 1.05093e+07 1.04836e+07 1.04828e+07 1.0361e+07 1.02482e+07 1.00688e+07 1.00154e+07 9.88227e+06 9.83713e+06 9.61135e+06 9.61101e+06 9.59154e+06 9.57994e+06 9.44907e+06 9.40014e+06 9.26035e+06 8.99185e+06 8.98612e+06 8.94649e+06 9.6298e+06 8.92911e+06 8.7928e+06 9.24579e+06 8.69368e+06 8.46146e+06 8.40731e+06 8.3021e+06 1.23846e+07 8.1451e+06 8.10405e+06 1.15718e+07 8.06585e+06 8.01579e+06 1.03338e+07 1.01266e+07 7.94444e+06 7.94434e+06 7.94107e+06 7.93358e+06 7.87991e+06 7.83836e+06 7.80897e+06 7.69664e+06 7.64892e+06 7.64218e+06 7.58959e+06 9.78309e+06 7.5657e+06 7.53638e+06 7.45056e+06 7.43098e+06 7.42195e+06 7.40035e+06 7.36107e+06 7.35437e+06 7.2906e+06 8.36707e+06
threshold=0.01404320987654321 0.010833333333333335 0.015648148148148151 -5.4999999999999991 0.0084876543209876556 1.0000000180025095e-35 -6.4999999999999991 7.5000000000000009 0.26388888888888895 0.016021954984635017 0.13055555555555556 0.025279790660225444 0.086111111111111124 0.0094841269841269855 0.25595575723199099 0.025719257372563451 0.028032245532245537 0.031051024032894083 0.025154320987654324 0.10833333333333335 -4.4999999999999991 0.0065740740740740751 1.0000000180025095e-35 -9.4999999999999982 0.058333333333333341 0.09491634491634493 0.0061419753086419766 1.0000000180025095e-35 0.029087938205585268 0.16944444444444448 0.021608702198133097 0.018986213156238625 0.086111111111111124 -12.499999999999998 0.022325725377738758 0.27151675485008825 0.020661245126705658 0.38611111111111118 0.13611111111111115 1.0000000180025095e-35 1.0000000180025095e-35 0.041666666666666678 0.23670062252405208 0.020969982078853051 6.5000000000000009 0.27876733921815894 0.01960981179620443 0.091666666666666688 0.24122536945812811 0.030828853046594985 0.031986252161099925 -7.4999999999999991 0.010524691358024694 -6.4999999999999991 0.0039285714285714297 5.5000000000000009 14.500000000000002 0.0205952380952381 0.2305555555555556 11.500000000000002 0.11558704453441297 7.5000000000000009 0.01451388888888889 0.013787845385067608 0.15424266455194294 0.024086586586586588 0.017403953383427779 0.032087973261544604 0.01388888888888889 0.075000000000000011 0.010833333333333335 39.500000000000007 1.0000000180025095e-35 0.17500000000000002 0.036329059829059838 0.0014479472140762463 0.017176393565282458 0.02697772657450077 0.025625000000000002 0.017630527684875514 0.0045827294685990344 0.010524691358024694 4.5000000000000009 0.018095782789563617 1.0000000180025095e-35 0.018968253968253971 0.097222222222222238 0.016296809422140311 0.031738527746751559 0.024676316791970715 0.14722222222222223 -1.0000000180025095e-35 0.13811445341159209 3.003003003003071e-05 -2.4999999999999996 0.080555555555555561 0.023531681190994917 0.10833333333333335 0.027011645401464758 0.0018652489485822823 0.21231060606060609 0.020099524658348192 0.022337119820817711 0.019590985052662834 -6.4999999999999991 0.092688048873615897 7.5000000000000009 0.32672684458398749 0.0051606753812636161 -2.4999999999999996 15.500000000000002 3.5000000000000004 12.500000000000002 0.038433393070489853 5.5000000000000009 5.5000000000000009 0.025403330731199585 0.1472136222910217 0.11378020713463753 -10.499999999999998 0.015748330297510629 0.023036133694670283 0.030555555555555558 0.25872210953346864 0.031902201740911428 0.075093984962406032
decision_type=2 2 2 2 2 2 2 2 2 2 2 2 2 2 2 2 2 2 2 2 2 2 2 2 2 2 2 2 2 2 2 2 2 2 2 2 2 2 2 2 2 2 2 2 2 2 2 2 2 2 2 2 2 2 2 2 2 2 2 2 2 2 2 2 2 2 2 2 2 2 2 2 2 2 2 2 2 2 2 2 2 2 2 2 2 2 2 2 2 2 2 2 2 2 2 2 2 2 2 2 2 2 2 2 2 2 2 2 2 2 2 2 2 2 2 2 2 2 2 2 2 2 2 2 2 2
left_child=1 4 3 27 9 10 21 13 11 20 16 12 31 32 24 38 17 45 42 41 69 86 56 -7 104 46 71 95 59 122 -21 70 64 -23 51 73 63 40 84 108 49 -15 79 62 -22 60 -14 -27 -28 50 -38 -16 93 -26 -55 101 -9 117 78 94 61 72 -43 -25 75 66 -34 -67 -17 -1 -5 90 -4 121 -31 105 -33 -74 -30 -12 87 -35 -78 -65 124 98 120 -70 -89 -48 91 -11 -64 -24 -20 -2 100 -83 99 -32 -97 103 -103 -56 -6 109 -49 -53 -10 -8 118 -59 -54 -90 -44 -116 -104 -42 -50 -81 -3 -29 -18 -40 125 -13
right_child=2 6 5 8 14 23 7 22 39 26 18 15 25 19 34 68 29 -19 28 30 44 33 52 36 53 47 48 35 58 74 85 76 65 81 -36 -37 37 -39 123 -41 57 43 114 -45 -46 -47 89 106 110 -51 -52 107 112 54 55 -57 -58 111 -60 -61 -62 -63 92 83 -66 67 -68 -69 80 -71 -72 -73 77 -75 -76 -77 82 -79 -80 119 -82 97 -84 -85 -86 -87 -88 88 113 -91 -92 -93 -94 -95 -96 96 -98 -99 -100 -101 -102 102 116 -105 -106 -107 -108 -109 -110 -111 -112 -113 -114 -115 115 -117 -118 -119 -120 -121 -122 -123 -124 -125 -126 -127
leaf_value=-0.48749108800207913 -15.666762759058907 9.2480609485154197 -6.6061577552711661 -1.3767455698462034 -3.7078065043448891 -17.030400554838511 1.1818445778608753 -4.6422349228191671 4.8672552183473066 8.1748243086548822 17.081136163647948 -2.7140858998285666 13.07012658273498 -5.9153624869568944 -7.0158062709209013 -8.2842712790006683 -17.219736811794917 2.4068090339873636 -4.6938071379949475 10.540221731014171 8.7266962907588344 -9.7119737105947905 6.6731929619388497 19.480041181483838 2.9838917767835724 -3.1108250753068178 10.401598096648254 -1.6185028903480843 -7.0844695949992103 -3.6291086284693126 2.8699876519033976 10.053455948862632 4.5761076294959713 -1.1703407608307186 5.0126997650831022 -10.98195615135792 -13.864361570626997 1.2527609663042956 -0.21420276486438394 12.446831555401607 -0.80577722336627389 5.0060542933967058 -9.8384287561867545 -3.0096992057777019 3.8020832603202979 -11.642632118594035 2.1134040762107715 9.6270557408854547 8.0079760394253103 -17.984045882530431 1.3393339885611515 1.4708627728826074 -4.9366160437505417 14.618249975557417 8.4971805790124897 3.5438530074799055 -12.17438731764156 -10.29479367750389 -4.7168640943057811 -6.2355081861500379 -11.38002227727158 -10.629920039930834 0.98625422433727938 -9.8925532141416994 -3.3477521498301579 1.7652626460132261 11.633429537528901 8.0152676169201786 23.872162458783052 5.4556368979468273 -7.0569361430846884 15.530771182789454 2.3978722087573212 3.3670094277466016 -10.416843207523209 -1.0971745708686664 3.5473250057375219 -5.9785264973109191 -11.809978658777997 -9.959533666021235 -17.215686098898018 -8.7471250282376101 -4.8459382658490497 -1.6929180087470499 -14.633744133579029 -0.65021310801612187 -6.131425226388747 -1.848787508666186 6.6597411792399699 9.0584352053361439 15.25383930120654 12.161681753041995 -7.1680963168112228 -0.17709486717427469 5.7077559814379901 0.66261397093379037 -12.698970712924666 -1.7841275219987924 7.3156383256207906 -16.270151770080659 -13.588288817801251 2.1268335164753167 11.196637089315743 15.123790607489983 3.3087314678652335 1.6869984906461217 -0.50774037322676946 -5.2091590839401647 -13.281404431654313 7.090233885130683 -8.9304127085455587 -16.861916494138111 9.0864484678323389 -1.3714558775624963 0.85700467224643317 -6.1105800135904706 5.6541635738103171 -13.596544374949438 2.2558778413497538 1.7512140285059865 0.63680442618538746 -8.0028749367003975 -12.577437759235373 -6.8975508670135781 -12.868777629537732 -10.128404918585005
leaf_weight=1652.6559952795506 894.87788051366806 419.41851207613945 1547.7161346971989 1615.8578644990921 479.70836797356606 2315.7909189462662 685.33004093170166 1838.0300830006599 875.84874498844147 2326.5946884155273 95.809144586324692 869.80752098560333 968.32633602619171 1256.1441468000412 742.19648879766464 333.30439391732216 1091.1924909651279 851.67910003662109 298.83655449748039 977.28647923469543 6834.9671483933926 1888.2566887438297 687.05286327004433 40.264309167861938 1529.9490203559399 930.06724169850349 6947.15286937356 882.00297850370407 2036.4674773812294 828.35774186253548 1111.4275986552238 331.46167665719986 1075.6252267360687 1962.5007398426533 1928.5480060577393 1151.0853214859962 2644.7811682522297 229.33969017863274 983.45629170536995 1138.5682420730591 481.85127550363541 1802.7098776400089 493.74443852901459 2391.8479385375977 1917.096046179533 2144.5128093063831 913.52744454145432 510.81178504228592 3419.3808833956718 1827.56556224823 260.06425559520721 2750.9168530702591 1432.3333568871021 738.14519077539444 2217.0720417499542 1816.8448410332203 772.28650170564651 2336.402148604393 1751.5910823047161 834.12868270277977 1083.9975990355015 1094.9284124672413 2319.0526427328587 1243.299463570118 554.64346599578857 1339.1111023426056 2157.4335541129112 1432.2596769332886 44.631036102771759 1352.6813159883022 1633.4989500939846 1980.9455767869949 927.9342288672924 471.74217826128006 1604.7747859954834 830.49573600292206 918.10634317994118 563.26348894834518 2281.5940701663494 146.71064573526382 68.932461708784103 1153.1202495396137 528.26923236250877 486.22365468740463 620.48595428466797 1368.4017890095711 269.71555775403976 1269.0541947484016 958.62439358234406 938.02341490983963 1256.2045622169971 3878.1835715770721 380.49138540029526 1310.8407448232174 555.17570108175278 368.36007031798363 1058.8677329719067 660.60268446803093 1208.043984413147 85.008015155792236 135.92912426590919 913.90092247724533 1199.5955545306206 779.14040648937225 2536.7489161193371 1466.4879859983921 310.93085491657257 530.13870853185654 64.193356513977051 3102.7302088439465 77.792548894882202 551.46866154670715 104.32476994395256 428.66088688373566 927.76509064435959 1102.4305023550987 1265.0145356059074 151.32987314462662 673.90867233276367 1766.7285992503166 620.268679022789 935.13141095638275 3926.980542242527 707.91535326838493 506.62399786710739 676.43353027105331
leaf_count=2618 715 534 1801 2086 724 1271 1038 2343 1264 3028 97 1173 1066 1508 978 419 749 1004 375 1073 9102 2109 919 32 2265 1179 8568 1172 2212 977 1489 385 1409 2784 2702 1137 1772 279 1320 1402 583 2471 512 3116 2785 1935 1273 626 4483 926 277 3913 1921 744 2859 2573 802 2026 2121 989 1052 1077 3208 1151 737 1875 2592 1931 33 1983 1937 1928 1119 677 1437 1098 1202 668 2037 148 65 1406 660 536 524 1829 373 1663 1315 1199 1265 4373 459 1845 690 454 954 897 1680 90 122 1369 1471 823 3553 2110 374 737 74 4166 99 344 140 598 1173 1211 1834 136 934 2326 871 1106 3363 808 506 772
internal_value=4.0306e-07 4.52168 -6.23473 -1.8193 7.2933 -8.96337 0.812249 1.91499 0.18134 8.97628 -7.39596 -0.826759 1.58637 3.14704 4.49373 -3.92847 -9.33041 -7.09271 -4.93042 1.08604 6.25221 -4.1986 -3.20673 -12.4498 6.05212 5.45757 10.534 -8.31357 -6.84086 -11.7972 4.22203 -1.93407 5.24982 -5.63169 0.965216 -5.80357 -11.4152 -12.3423 -6.85155 8.45852 -12.72 -0.741702 -1.66103 0.200968 7.64798 -8.19162 8.18611 1.06545 9.03645 -14.6198 -12.5032 -0.974948 -0.50084 7.16509 7.88146 7.27441 -6.87069 -10.1667 -8.17755 -2.03484 -6.77326 -5.56525 1.90665 -6.97157 3.39097 7.30533 9.28549 4.9953 0.182916 2.18747 -4.23226 12.2975 -3.74044 -3.19934 -8.10597 4.0052 2.26635 -0.766108 -9.58135 1.62712 1.20178 -3.59139 0.481798 -7.58738 -9.28108 2.58544 2.00096 1.67182 1.29881 5.63186 11.4391 10.6667 -0.163073 2.17864 2.06803 -11.8262 -9.62763 -6.21103 4.42686 1.51006 -3.17866 8.33764 6.66795 10.2204 2.19289 4.81164 5.79225 0.391534 3.62792 6.0213 6.76272 -11.5489 -3.98458 4.17816 -4.27865 -2.92651 8.35184 -3.86276 7.06097 0.853307 4.11066 -4.90402 -13.5869 -3.01149 -7.66322 -5.95763
internal_weight=155977 90408.8 65568.1 25043.4 51745.5 40524.7 38663.3 31689.4 19145.4 32317.6 27956.3 17066.8 9598.88 25544.5 19427.9 7467.93 15665.3 8214.03 12291 12900.4 11757.4 6973.88 6144.87 12568.4 13476.1 4571.69 20560.2 5898 7757.79 7451.31 4750.17 5027.19 12644.1 5664.48 5951.8 3439.96 10252.6 8482.8 4364.72 2078.61 8253.46 8150.25 4533.19 6894.1 8752.06 7362.35 2819.88 1751.81 11118.2 4732.41 2904.85 4023.25 3534.55 10459.7 8929.71 8191.57 2610.32 3521.05 6069.65 1688.14 5217.84 4133.84 4502.25 1769.79 6639.69 6004.43 3233.06 2771.37 3103.21 3005.34 3249.36 9441.93 3038.91 2288.88 2433.13 6085.04 1777.84 1491.2 4318.06 2009.25 2769.9 3776.22 1446.38 1729.52 2673.35 3772.88 1309.4 2700.97 2656.34 1851.55 7460.98 6204.78 2699.54 1997.89 854.012 2458.03 1563.16 1813.72 2404.48 1196.44 504.289 6374.72 3378.51 2996.21 3016.46 5254.55 821.743 3281.06 940.042 3788.06 4171.08 2887.87 1536.66 1387.29 2523.94 2030.2 2464.61 633.181 4093.29 1913.44 1039.69 1817.13 5018.17 1691.37 2052.87 1546.24
internal_count=187200 118534 68666 30260 67711 38406 50823 41849 23923 41166 29073 21183 11987 33879 26545 9196 15182 8656 13891 16923 16488 8974 7970 9333 18215 5717 24678 6337 8424 6526 6161 6270 16956 7196 8330 4092 8062 6343 5103 2740 6064 10762 5467 9254 11887 7652 3538 2179 14084 2975 2049 5628 4825 13938 11673 10929 3145 3089 6370 2054 5717 4665 6138 1719 9149 7807 4001 3806 4093 4601 4023 10594 3588 2955 2414 8412 2247 1787 4249 2571 3674 5087 1862 1687 2975 5088 1778 3609 3576 2472 8666 7401 3667 2764 1065 2245 1530 2303 3259 1579 576 8356 4674 3682 4277 7314 1000 4650 1338 5204 5516 2370 2061 1913 2896 2384 3305 719 5417 2474 1405 2278 4112 2128 2451 1945
is_linear=0
shrinkage=0.05


Tree=11
num_leaves=127
num_cat=0
split_feature=27 38 36 11 44 11 25 33 33 44 27 23 0 25 29 27 23 25 25 11 0 6 33 23 14 23 25 25 25 5 28 25 25 29 6 38 28 25 30 6 30 14 0 14 30 21 6 6 11 33 25 27 30 36 28 6 25 36 14 5 6 33 14 23 33 28 46 6 14 23 33 46 30 11 6 33 44 33 25 11 31 5 39 0 14 14 14 23 38 11 0 23 15 14 25 30 15 33 33 31 14 11 21 6 23 23 28 5 21 29 6 11 17 6 33 14 5 23 6 25 38 30 33 25 23 36
split_gain=1.58739e+09 3.39012e+08 2.86343e+08 1.05565e+08 9.97011e+07 6.47142e+07 6.47109e+07 6.39715e+07 5.24234e+07 4.77947e+07 4.63678e+07 4.11191e+07 3.92706e+07 3.75077e+07 3.62177e+07 3.51121e+07 3.15379e+07 2.97937e+07 2.96511e+07 2.6368e+07 2.47609e+07 2.3684e+07 2.2916e+07 2.17475e+07 2.86298e+07 2.16429e+07 2.04328e+07 1.99148e+07 1.98846e+07 1.87168e+07 1.79474e+07 1.81832e+07 1.74646e+07 1.7433e+07 1.71642e+07 1.71125e+07 1.70074e+07 1.93683e+07 1.68436e+07 1.67035e+07 1.62579e+07 1.58909e+07 1.64987e+07 1.57404e+07 1.42383e+07 1.36792e+07 1.33169e+07 1.32519e+07 1.30496e+07 1.28518e+07 1.28152e+07 1.83097e+07 1.2707e+07 1.2543e+07 1.21091e+07 1.21008e+07 1.16303e+07 1.13742e+07 1.09985e+07 1.09734e+07 1.09157e+07 1.09032e+07 1.08908e+07 1.5062e+07 1.08796e+07 1.08754e+07 1.06378e+07 1.05334e+07 1.05324e+07 1.12764e+07 1.02289e+07 1.02126e+07 1.01989e+07 1.00742e+07 1.00462e+07 9.75493e+06 9.68482e+06 9.49715e+06 9.37622e+06 9.25239e+06 9.00183e+06 8.91392e+06 8.79649e+06 8.72576e+06 1.1293e+07 8.68976e+06 8.64599e+06 1.09057e+07 8.56377e+06 8.52778e+06 8.52568e+06 8.48921e+06 8.33909e+06 8.29198e+06 8.27502e+06 8.07528e+06 7.76476e+06 7.72495e+06 7.69535e+06 8.2898e+06 8.71728e+06 7.68411e+06 7.58086e+06 7.56677e+06 7.47928e+06 7.42912e+06 7.40454e+06 7.32776e+06 7.31858e+06 7.28832e+06 7.23731e+06 7.2123e+06 7.08231e+06 7.06786e+06 6.9748e+06 6.94408e+06 6.90998e+06 6.88339e+06 6.87342e+06 6.76928e+06 6.55779e+06 6.55206e+06 6.4425e+06 6.82662e+06 6.34064e+06 6.2916e+06
threshold=0.01404320987654321 0.0089583333333333338 0.013412698412698413 0.23887201162329946 1.0000000180025095e-35 0.27750275027502758 0.34722222222222227 0.015378177401501257 0.017954634386770557 1.0000000180025095e-35 0.0099382716049382733 0.024574460379545127 48.500000000000007 0.13611111111111115 0.0084876543209876556 0.0088095238095238105 0.025847875382036877 0.13611111111111115 0.086111111111111124 0.20816666666666669 72.500000000000014 0.14048793859649125 0.028620845973846381 0.023036133694670283 9.5000000000000018 0.022402902638227865 0.11944444444444445 0.10277777777777779 0.069444444444444461 0.17974358974358975 0.29166666666666669 0.24722222222222226 0.10833333333333335 0.0061419753086419766 0.055867665418227221 0.01404320987654321 0.036111111111111115 0.31944444444444448 0.0029320987654320994 0.092807924203273051 0.0099382716049382733 10.500000000000002 96.500000000000014 6.5000000000000009 0.0045370370370370382 39.500000000000007 0.05486978774650008 0.12294197031039138 0.19837990292535748 0.014519432571499763 0.20277777777777781 0.028055555555555559 0.048611111111111119 0.024523809523809528 0.036111111111111115 0.16345083487940634 0.097222222222222238 0.019598765432098767 3.5000000000000004 0.14650406504065042 0.13900966183574884 0.02490568721699515 15.500000000000002 0.015627942561205279 0.023208118129219194 0.036111111111111115 1.0000000180025095e-35 0.24341649341649343 17.500000000000004 0.018847261126672895 0.018330377069088081 1.0000000180025095e-35 0.0052777777777777788 0.19584024223199484 0.029631255487269536 0.019851627152801195 1.0000000180025095e-35 0.023552388433461819 0.047222222222222228 0.26699669966996703 0.0016643388655134801 0.16145324209840342 0.0081790123456790143 24.500000000000004 2.5000000000000004 8.5000000000000018 11.500000000000002 0.017547182349813933 0.023981481481481482 0.27461753932342176 68.500000000000014 0.017334672021419011 26.500000000000004 4.5000000000000009 0.069444444444444461 0.01404320987654321 8.5000000000000018 0.029554086626435005 0.016759545673902244 0.00040911171366883825 6.5000000000000009 0.29561459667093476 30.500000000000004 0.12294197031039138 0.021740621458817919 0.020099524658348192 0.030555555555555558 0.095445134575569371 27.500000000000004 0.016944444444444446 0.13293172690763055 0.26425937974409025 1.0000000180025095e-35 0.2312382739212008 0.05134333787509579 3.5000000000000004 0.10470653377630124 0.038433393070489853 0.10432213930348259 0.091666666666666688 0.017253086419753091 0.0071825396825396836 0.039094374321201816 0.17500000000000002 0.031902201740911428 0.017253086419753091
decision_type=2 2 2 2 2 2 2 2 2 2 2 2 2 2 2 2 2 2 2 2 2 2 2 2 2 2 2 2 2 2 2 2 2 2 2 2 2 2 2 2 2 2 2 2 2 2 2 2 2 2 2 2 2 2 2 2 2 2 2 2 2 2 2 2 2 2 2 2 2 2 2 2 2 2 2 2 2 2 2 2 2 2 2 2 2 2 2 2 2 2 2 2 2 2 2 2 2 2 2 2 2 2 2 2 2 2 2 2 2 2 2 2 2 2 2 2 2 2 2 2 2 2 2 2 2 2
left_child=1 7 6 9 5 12 8 19 16 15 22 32 30 23 44 72 18 34 39 66 36 25 35 24 56 92 97 47 120 65 -4 46 55 -21 59 49 -6 57 -29 94 -16 79 -43 74 -9 61 83 71 -20 -5 51 77 54 -24 89 91 -14 70 -18 78 111 73 82 119 -42 90 112 104 69 -50 -38 -17 -3 108 106 -36 -35 -7 -12 96 81 118 -44 -32 -85 -34 87 -19 122 -28 -27 -10 -15 -51 -2 -79 -22 101 -74 -100 -101 -13 -54 116 -30 -73 -25 -45 -46 -41 -75 -37 -1 -23 -90 -97 -26 -33 -40 -64 -11 -77 123 -67 -52 -80
right_child=2 3 4 10 20 50 -8 14 11 28 17 26 13 21 40 27 58 86 48 33 41 113 53 43 103 29 52 38 67 -31 31 117 85 76 75 60 37 -39 80 109 64 42 62 107 45 -47 -48 -49 68 93 124 -53 102 -55 -56 -57 -58 -59 -60 -61 -62 -63 63 -65 -66 88 -68 -69 -70 -71 -72 105 98 110 -76 121 -78 95 125 -81 -82 -83 -84 84 -86 -87 -88 -89 114 -91 -92 -93 -94 -95 -96 115 -98 -99 99 100 -102 -103 -104 -105 -106 -107 -108 -109 -110 -111 -112 -113 -114 -115 -116 -117 -118 -119 -120 -121 -122 -123 -124 -125 -126 -127
leaf_value=-10.732126497261879 -5.3250220211820469 11.370930374226013 -12.72804038870107 -1.7612776668891184 -17.687246792473069 -11.589662779304334 8.4414639951334127 14.606679271385762 9.5961591520264502 -2.5748282997319598 -6.1813324080530769 -6.2951905796490699 -0.18057764577532925 10.105489893290668 10.272199830882968 -0.97472043147391929 -5.4190877060295275 26.121454627293044 9.2277038148306261 6.2645059809372432 7.7320542007046917 -5.9312276182045629 6.7905267063402439 -9.2478096710116251 -1.8878855529909175 -7.1686648833779065 0.51678649302228374 16.206248444383117 6.2630472458569688 -8.56642416187346 -12.017651240037436 19.394083003601871 14.410376239545116 2.5480494683212451 -8.9583862259458691 1.6640755062086692 -12.283602750467301 2.279843100510726 7.5070701854467545 -5.9015451184562551 3.2659738203964332 -15.179376784908582 15.961182813321692 -8.0999147388933004 17.696265326623639 12.977565803820605 -11.870967564609007 -4.000563101043265 9.0700570520207293 6.4477159538761875 1.647284141039139 -14.591683747118077 -14.089835938411296 -0.3023672422909145 4.8182881440653702 -7.6142927370112368 9.9914384735388317 -13.294878930126533 -12.302266224462862 -6.4725373211153894 -9.3755442923011696 10.965527206120166 -3.8936065288588098 -11.951552681812345 7.2302103267318474 -1.8392628880974933 9.0866814047059545 -8.9034416107393337 -8.5837566970823964 -0.84055232605119956 -5.9183970163851782 4.8907006851687633 3.7709736206816928 7.6598548324752187 -7.6608864829032628 5.5559121689882423 -3.0674111701825622 -0.28980596957116317 1.8126570978158278 -8.8632943138624967 0.074843885997563114 -1.3221670892036237 -3.95247300976094 -1.3500590909647592 -8.0808117600700822 6.0536684300495844 -5.7000467920585214 2.4783988219227222 -2.7588642337553728 -10.869371398029019 0.57197020781821895 2.1203598630064282 -5.2794864084391557 1.4851698340194064 0.96183266405953405 -5.3553149691938158 -3.3312730326752851 -1.6830892101873034 9.3410779474477277 6.9157652218331869 0.51855573714998526 -15.97983050641542 -2.3363450519493205 -10.655877425831319 -0.28003823461006577 0.32731808542369012 0.71869410721355464 -13.223515282964286 9.7214259734081665 -14.02829719692815 2.2724725522391487 -3.6600571718095338 4.7294123190682855 -15.715177773384832 5.4390606030318267 -10.349335438014929 -7.7773391412816428 -0.36568193988548892 2.1140883576538227 17.931164860671682 -8.4747794684615023 -5.0300188415366769 8.7732922146423462 5.3653382947293071 -7.1509881743107861 -2.9110695778154256
leaf_weight=79.235720098018646 1485.2169288992882 1166.4073092937469 1800.9076265394688 1746.9918898940086 1450.6315410137177 2516.718842625618 1739.8540282845497 1787.3363554775715 476.01286226511002 1232.6287037432194 709.00491592288017 1065.1017543375492 1145.1821640133858 637.68828603625298 2174.6557101309299 1873.0893683135509 997.58142653107643 49.954566150903702 466.17990633845329 3201.9739480018616 263.04299113154411 679.08548367023468 2380.4020535051823 239.66935005784035 1052.4134082496166 783.17323005199432 590.37383711338043 329.22494331002235 1014.8436616957188 733.10306710004807 455.20589616894722 83.030691713094711 544.16885951161385 4937.6640563011169 2169.9953985512257 1042.8634502887726 1383.6561845541 235.59298413991928 2804.9143708348274 482.90969413518906 3345.2219508588314 883.11070573329926 89.161994099617004 1435.8376105427742 352.41797095537186 2956.5496559739113 1212.73757147789 1047.7473249733448 377.54867106676102 1412.6492106616497 255.50689974427223 2261.6133183836937 179.61390036344528 844.40061220526695 1605.8052023649216 266.22860199213028 372.38370132446289 6853.1022337675095 1387.6451574265957 1198.1888549625874 540.25901699066162 5312.4838945567608 78.608451515436172 641.59002107381821 3586.1493127346039 605.60331377387047 3858.4558296203613 191.16171395778656 307.30564546585083 1197.0064160525799 1160.5696579217911 2867.0499403774738 2105.3000440001488 5256.4690610468388 1711.9547739624977 156.09968003630638 909.20638275146484 347.01729521155357 2049.2149239182472 363.76904299855232 923.07225704193115 421.14261946082115 146.69609987735748 1334.9972169995308 1168.8055765032768 726.26719382405281 326.94129648804665 2063.1941267549992 1293.8656634986401 227.93556931614876 651.76536718010902 1877.7102222442627 102.19233858585358 2082.9185474216938 808.24698629975319 1156.9392297565937 399.4243166744709 708.1088342666626 2689.440977960825 2555.3951041698456 672.71284240484238 253.58044067025185 580.8449475467205 719.20953086018562 766.72022226452827 1294.5936476886272 837.83951812982559 1357.7373148500919 1566.3214616775513 643.55347448587418 707.271654099226 1630.7487509846687 1134.8368754386902 253.48840913176537 324.53400111198425 1747.3830870687962 945.48271387815475 93.935703098773956 748.47634679079056 64.831006944179535 762.21509531140327 2298.0174044668674 491.83184507489204 719.34268441796303 1031.3481378555298 1074.5348307490349
leaf_count=92 1808 1358 1452 2498 767 2286 2411 1703 562 1696 871 1325 1394 769 2577 2502 1216 29 566 4570 323 803 3033 230 1300 915 828 299 1275 798 378 81 600 7343 2580 1441 1132 291 3681 608 4845 616 97 1604 302 3250 1135 1422 508 1872 352 1658 185 1266 2205 305 456 4741 1367 1484 637 6165 92 543 4779 770 5068 205 349 1628 1115 3987 3028 6952 1829 204 1207 403 2781 300 1284 593 169 1584 1256 900 380 2697 1574 183 855 2423 139 2978 1058 1286 422 913 3469 3483 948 214 755 739 943 1842 1040 1202 1967 585 1027 2075 1585 211 449 1683 1040 134 1044 56 841 2938 640 953 1102 1438
internal_value=4.06652e-07 4.2956 -5.92299 1.49615 -8.03315 -6.51544 -0.749094 7.64426 -1.6758 3.73307 -0.899752 0.932618 -5.10416 -3.87143 9.06852 4.66361 -4.58768 -3.06968 -2.58793 4.91656 -11.5594 -1.15071 1.34706 -5.8877 -3.18564 -0.0568745 -1.97107 2.91772 -1.30914 -1.11818 -8.53064 -6.79239 4.82225 3.29891 -4.31721 -0.0205219 -12.6401 -11.88 5.25879 -5.55839 6.50037 -7.47184 -10.1751 -7.93718 10.3722 9.90356 -7.45829 1.19002 1.73855 1.74054 -10.0363 -10.7787 0.52661 4.93328 2.29561 2.48943 2.31545 -12.235 -9.42349 -2.29608 -2.89322 9.21477 -5.84614 -8.67684 5.31699 0.00301471 7.80228 2.25034 -0.116691 1.53583 -9.38006 2.09121 7.00229 8.03483 -5.28035 -6.51616 1.67483 -9.28363 -0.990441 -2.45647 4.52288 5.55593 3.57553 -5.64977 -4.49206 9.63312 1.86662 3.03732 1.53011 -2.65476 -3.65278 3.63225 7.98052 3.49066 -3.10945 -7.49863 1.06159 -5.89553 6.36715 7.29079 5.58264 -8.15753 -5.11242 -6.25812 3.44714 3.47114 -1.49815 -10.5901 11.1862 -10.5444 7.02094 -1.58334 3.72032 -8.59066 -1.11495 -8.35996 -4.67501 8.90538 6.37111 5.97064 -4.82916 -4.35668 3.88635 2.07228 -5.40408 0.187748
internal_weight=155977 90408.8 65568.1 49242.5 46573.3 32559.5 18994.8 41166.2 17254.9 25466.1 23776.4 9101.75 23243 17093.4 27044.9 21498.6 8153.19 12095.1 5767.97 14121.4 14013.8 7275.67 11681.2 9817.71 4234.67 6343.1 5211.36 12309.3 3967.57 5603.22 6149.62 4348.71 3890.39 9048.84 9655.06 8456.43 11083.6 9632.92 5226.83 3419.93 9106.03 2930.23 1904 5583.04 17938.9 16151.5 4171.75 7082.48 2348.04 5242.56 9316.53 8029.67 3184.57 3224.8 2424.11 2619.95 1517.57 9397.33 2385.23 5030.94 3213.87 13195 1020.89 785.029 6931.37 4870.12 5072.53 1972.73 1881.86 1574.56 2544.23 6034.73 9189.26 7882.48 2789.46 4624.11 5846.87 5768.06 3832.75 1026.24 4897.61 3974.53 235.858 2959.01 2503.8 1270.44 2440.09 2113.15 3435.18 818.309 1434.94 2353.72 739.881 3495.57 2293.46 3251.34 662.467 2026.79 8022.85 5917.55 3228.11 1318.68 760.459 2717.11 1781.56 4161.64 1077.51 2793.57 1918.74 1126.46 5963.74 2673.61 1214.07 932.574 1618.4 2904.32 1997.9 176.966 3553.39 143.439 1994.84 2454.12 1816.78 1324.95 1286.86 3123.75
internal_count=187200 118534 68666 65102 45164 34500 23502 53432 21091 33900 31202 11398 25730 19710 33567 28940 9693 15402 7110 19865 10664 8876 15800 10834 4929 7862 6608 16654 4960 6954 6020 4568 4790 13120 12296 11501 8046 7279 6901 4059 12201 2618 1573 5905 21366 19663 4353 9753 3051 7348 8770 7316 4156 4299 3216 3290 1850 6988 2583 6574 4153 16413 957 691 9624 6156 6745 2423 2485 2136 2247 8331 12286 10248 3099 5722 8550 5658 5090 1045 6602 5318 266 3218 2840 1500 3106 2726 4386 1011 1770 2985 908 4850 2866 3372 745 2452 10928 7900 4431 1539 940 3079 2218 5829 1270 2806 2269 1193 7979 3516 1677 1014 2023 2969 2340 215 4725 148 2537 3142 2363 1723 1454 4219
is_linear=0
shrinkage=0.05


Tree=12
num_leaves=127
num_cat=0
split_feature=29 38 38 1 1 1 0 38 29 1 34 1 34 6 0 23 24 0 1 0 25 34 38 28 24 33 25 1 6 30 39 23 33 30 14 29 29 6 28 29 37 30 29 23 14 39 14 24 23 26 37 14 0 24 1 32 30 23 14 34 33 23 34 1 3 1 1 1 46 25 43 30 1 2 1 6 33 14 38 33 32 33 25 28 28 24 24 28 43 1 7 6 1 23 25 23 1 1 38 0 30 6 1 14 23 39 25 34 1 30 1 1 38 24 29 28 2 33 31 33 29 22 22 29 25 0
split_gain=1.43636e+09 3.59049e+08 2.08434e+08 1.37175e+08 9.15438e+07 7.64102e+07 7.26027e+07 6.84583e+07 5.9699e+07 5.49135e+07 5.14623e+07 4.13261e+07 4.04113e+07 3.38747e+07 3.32314e+07 3.14559e+07 3.45106e+07 2.89429e+07 2.86667e+07 2.79572e+07 2.75051e+07 2.67493e+07 2.64078e+07 2.51523e+07 2.38599e+07 2.30555e+07 2.1367e+07 2.11925e+07 2.03602e+07 1.9582e+07 1.85815e+07 1.82959e+07 1.73135e+07 1.69709e+07 1.77413e+07 1.68468e+07 1.66955e+07 1.64589e+07 1.63506e+07 1.59274e+07 1.53656e+07 1.51615e+07 1.46548e+07 1.43055e+07 1.39246e+07 1.33625e+07 1.33526e+07 1.32306e+07 1.3082e+07 1.29602e+07 1.3086e+07 1.28148e+07 1.30175e+07 1.28125e+07 1.24232e+07 1.23453e+07 1.22262e+07 1.21467e+07 1.44725e+07 1.20591e+07 1.19412e+07 1.29619e+07 1.1769e+07 1.14165e+07 1.10383e+07 1.09739e+07 1.09435e+07 1.07171e+07 1.06493e+07 1.05176e+07 1.04552e+07 1.0382e+07 1.015e+07 1.06576e+07 1.00596e+07 9.99148e+06 9.91586e+06 9.72219e+06 9.53506e+06 9.48794e+06 9.47149e+06 9.88077e+06 9.37708e+06 9.27805e+06 9.14868e+06 9.0513e+06 8.74788e+06 8.73374e+06 8.72724e+06 8.71733e+06 8.60757e+06 8.52348e+06 8.25134e+06 1.10174e+07 8.20651e+06 1.03074e+07 8.20601e+06 8.11852e+06 8.08526e+06 8.00793e+06 7.92784e+06 7.9117e+06 7.85856e+06 7.84729e+06 7.84577e+06 7.78837e+06 7.78251e+06 7.69446e+06 7.573e+06 7.74566e+06 9.433e+06 7.52956e+06 7.45237e+06 7.36815e+06 7.20156e+06 6.9615e+06 6.95015e+06 6.94313e+06 7.50816e+06 6.91358e+06 6.90301e+06 6.8997e+06 6.84304e+06 6.79472e+06 7.60821e+06 6.78395e+06
threshold=0.011697530864197532 0.016388888888888894 0.0078571428571428594 -5.4999999999999991 -4.4999999999999991 -9.4999999999999982 58.500000000000007 0.0084876543209876556 0.0078571428571428594 7.5000000000000009 0.1138888888888889 8.5000000000000018 0.086111111111111124 0.13293172690763055 62.500000000000007 0.023415209965842881 0.020173841483507007 87.500000000000014 -6.4999999999999991 95.500000000000014 0.075000000000000011 0.11944444444444445 0.022808641975308644 0.26944444444444449 0.025071780270197293 0.02390879876606548 0.11944444444444445 -11.499999999999998 0.11733416770963706 0.025154320987654324 0.0052777777777777788 0.020661245126705658 0.054334271823336118 0.0052777777777777788 7.5000000000000009 0.018968253968253971 0.0065740740740740751 0.05486978774650008 0.87500000000000011 0.0058333333333333345 0.7694444444444446 0.0077083333333333335 0.027500000000000004 0.024817801672640385 2.5000000000000004 0.003402777777777778 10.500000000000002 0.049274447081283416 0.025403330731199585 1.0000000180025095e-35 0.78055555555555567 6.5000000000000009 82.500000000000014 0.037344692384689973 10.500000000000002 0.021468058968058971 0.0058333333333333345 0.01906441869677164 12.500000000000002 0.11944444444444445 0.011842359870982427 0.019262246117084832 0.041666666666666678 -11.499999999999998 8.5000000000000018 13.500000000000002 6.5000000000000009 9.5000000000000018 1.0000000180025095e-35 0.2305555555555556 1.0000000180025095e-35 0.0029320987654320994 10.500000000000002 1.0000000180025095e-35 -15.499999999999998 0.1472136222910217 0.019171395155023779 3.5000000000000004 0.018968253968253971 0.0080333101465642747 0.01863085511982571 0.011196573919245379 0.13611111111111115 0.091666666666666688 0.058333333333333341 0.064659118500404997 0.022449999880613816 0.091666666666666688 1.0000000180025095e-35 4.5000000000000009 11.500000000000002 0.051414221517314306 7.5000000000000009 0.031403430937592437 0.16388888888888892 0.042610398860398864 6.5000000000000009 14.500000000000002 0.019598765432098767 69.500000000000014 0.0049691358024691367 0.083683473389355764 -13.499999999999998 3.5000000000000004 0.019846109175377474 0.0077083333333333335 0.086111111111111124 0.12500000000000003 -5.4999999999999991 0.0099382716049382733 6.5000000000000009 13.500000000000002 0.037870370370370381 0.011967776343575241 0.015648148148148151 0.041666666666666678 -1.0000000180025095e-35 0.014041115883296934 0.0004528478057889824 0.015378177401501257 0.0077083333333333335 39.500000000000007 37.500000000000007 0.018293650793650796 0.21944444444444447 44.500000000000007
decision_type=2 2 2 2 2 2 2 2 2 2 2 2 2 2 2 2 2 2 2 2 2 2 2 2 2 2 2 2 2 2 2 2 2 2 2 2 2 2 2 2 2 2 2 2 2 2 2 2 2 2 2 2 2 2 2 2 2 2 2 2 2 2 2 2 2 2 2 2 2 2 2 2 2 2 2 2 2 2 2 2 2 2 2 2 2 2 2 2 2 2 2 2 2 2 2 2 2 2 2 2 2 2 2 2 2 2 2 2 2 2 2 2 2 2 2 2 2 2 2 2 2 2 2 2 2 2
left_child=2 3 12 17 19 23 22 26 20 13 15 14 18 21 37 16 60 27 120 35 72 31 25 71 70 114 43 -2 100 67 -13 86 42 -16 101 107 106 38 103 -20 123 -22 66 62 90 -11 -19 97 -28 50 53 98 -53 92 79 76 119 111 -59 80 -9 89 113 -37 82 75 91 -12 -32 125 -17 -4 73 78 -25 84 -15 -75 -7 -41 81 -36 83 -23 -43 -34 -8 -50 -73 -62 -27 -24 93 -26 -44 -96 116 -47 -33 121 -21 115 -58 -10 -69 -77 -14 -3 -38 -110 -111 -18 -61 -5 -6 -35 -31 -79 -119 -48 -1 -51 -78 -29 -125 -65
right_child=1 4 5 7 6 8 9 10 11 45 29 30 36 55 33 24 57 46 39 28 41 64 32 74 49 44 48 40 -30 96 68 51 85 34 59 63 108 -39 -40 54 -42 65 94 -45 -46 47 56 -49 87 99 -52 52 -54 -55 -56 -57 102 58 -60 112 61 -63 -64 69 -66 -67 -68 104 -70 -71 -72 88 -74 77 -76 105 122 117 -80 -81 -82 -83 -84 -85 -86 -87 -88 -89 -90 -91 -92 -93 -94 -95 95 -97 -98 -99 -100 -101 -102 -103 -104 -105 -106 -107 -108 -109 109 110 -112 -113 -114 -115 -116 -117 -118 118 -120 -121 -122 -123 -124 124 -126 -127
leaf_value=3.6369997256280371 -12.517026867138243 -11.118974806368049 10.633745133516626 -10.011790994262302 -4.7722944477746196 2.5225825179482304 0.018100212575706754 -6.600168368218319 4.6360535535063248 2.8386671622512125 6.3348316486689251 5.7717737934693325 9.7383352928765703 -6.7928095294046491 10.818366230398723 -14.160140335503961 11.748056717581747 6.9544952299200009 9.7061544497684888 9.1856041547232934 11.475827402348191 -4.4017693639858395 -5.8882864593826154 -11.775406963570846 3.3057701511771285 0.55465924649606335 11.562031081678056 -2.738927309698751 -10.142451264409075 -2.0097166043935251 -8.1274440263926433 4.1655480441548809 -6.8347920323153843 2.5756321588545301 -5.7343819311142701 -16.597232475753007 4.9166431479224251 -2.6548708243614074 -4.9743975413998323 1.9966435635799993 -12.623927205878108 3.0172610293295632 -14.974813326962597 -3.2516029383709704 -5.2331623621606589 -8.1828195379261128 -4.3899487636132957 2.6132638833086097 0.55981044745654041 -11.095798088566312 -6.9601883752427316 -11.896274725871757 -2.5257047134905721 6.2038281051466431 -0.22100590718288529 -9.8621916187058218 -11.747851909504504 4.2102594952271835 -8.2324804032353036 6.1549269524601122 3.5441729944418388 -5.0676133194374167 5.3127540977889502 -15.632328921802552 -5.5654304169047943 -4.1787030598380239 -12.861417278662319 6.3960305003319693 -2.0627033584212806 -5.8254959450288233 -6.7809591921445502 -5.6625160427502363 -2.6031068658825944 8.130599002720917 -4.7101983772664999 13.826488116700473 3.1783809786639754 -1.851046893806978 -6.5806304953251713 7.3017088503972589 -2.5699820031086138 4.499190392490279 5.2113708998819135 2.7795942340665354 8.0428279074466147 3.6813442643627461 11.933151612114292 8.197169897841226 1.4637680701753482 -2.6702106307416109 16.429911787081217 -10.561760056191638 -10.575364996983444 -6.9982104901736468 -3.3234200443440316 -12.827350253520027 -6.3584561869667331 -13.098451458321472 -4.6685619880581957 -2.4684301365089714 -2.4271208554564367 2.8564509909080904 -3.2658759874439491 0.57667946449542173 -5.3517968629903194 -0.75804848968764293 13.159695581245609 -6.0771983770261935 11.847724514481614 9.0905114522956492 3.4456940529019739 -1.289429640678994 -4.5514948442448633 1.4303599617885585 -10.031534516000832 9.0439655512086379 3.3229580602311772 6.77754094056393 0.94879979923481506 5.6724890860177561 -1.677323884899391 8.670393570178808 26.090569362544301 -8.7018156346754676 1.1329309808313395 -11.524795650684386
leaf_weight=1510.0074946284294 2031.807079076767 2278.208862811327 226.02886369824409 201.42672681808472 883.37437963485718 2198.3701779842377 832.26619875431061 1406.4189919233322 2952.7685882151127 243.95737546682358 3195.6987100243568 483.59941944479942 2765.2579764127731 207.16079756617546 996.07196751236916 770.41266068816185 668.55269256234169 372.36975568532944 4479.9700144231319 197.42921715974808 1827.8161678314209 654.58139452338219 2396.4391500353813 730.93549266457558 761.89735573530197 990.37745323777199 1424.9105027914047 1810.8607455193996 1055.1379089653492 1124.4272541701794 1323.0076725184917 400.23760291934013 1688.8221225738525 506.77279233932495 282.97640225291252 2320.2036637067795 1269.7042511701584 2920.1595257520676 738.92609596252441 969.6150096654892 776.45718139410019 1057.5905886590481 2363.7535330653191 837.2154688835144 1822.9830119609833 2339.5658876895905 281.74185511469841 222.41546955704689 658.76291382312775 795.07691559195518 699.62034842371941 1021.3923095166683 581.7082025706768 745.9659571647644 731.71916541457176 1476.0849738121033 452.85761004686356 1368.215029925108 281.83351972699165 1762.6957569420338 1410.913314551115 1364.4329739809036 3026.7459619641304 1677.8745033740997 420.07536002993584 236.059530377388 1444.3796716630459 228.14587166905403 1598.2527916431427 551.45499917864799 1273.4696344435215 611.5107561647892 641.87499526143074 1891.8178947865963 1621.3965237140656 106.50360018014908 112.18840178847313 498.25531467795372 330.9628244638443 6444.646486312151 1593.2870527207851 1416.9819212257862 2193.8847666978836 1437.3953823745251 6300.5887538790703 232.82421493530273 189.035131752491 866.96471583843231 1444.4369480311871 940.48917451500893 93.440399020910263 1645.518513739109 229.87774732708931 393.3620323240757 396.74027198553085 1015.5441741943359 464.34552675485611 1310.4358286857605 733.99239519238472 608.2075347006321 575.03236481547356 1081.307562828064 687.88067039847374 1994.8363542854786 376.9232864677906 651.43349149823189 4166.456954985857 1133.1398383975029 1891.581644564867 4239.6561284661293 896.61888888478279 132.73116764426231 179.04383048415184 466.65456703305244 2473.4835216403008 2321.416879594326 1338.1342298686504 1506.5453394651413 872.43294471502304 433.11737939715385 1026.4218902587891 46.745038419961929 45.929119735956192 1326.1185097694397 230.8897243142128 2507.4170860052109
leaf_count=2337 1804 2055 263 253 1020 3187 1020 1781 4015 288 4080 620 3288 203 1144 683 761 544 5655 214 2065 766 2473 804 1052 1223 1668 2426 991 1523 1596 506 1790 749 416 1329 1793 4003 946 1410 717 1498 1522 1135 1997 2491 360 320 946 855 794 940 732 997 1108 1428 463 1819 376 2296 1801 1754 3999 1022 466 319 1170 259 2291 601 1522 777 967 2396 2226 108 140 777 439 8865 2237 1959 2839 1927 8125 318 212 1154 2103 1231 98 1420 258 440 381 807 568 1093 802 847 721 1538 931 2730 483 924 4258 1278 2026 5272 1289 181 283 670 2213 3113 1727 2010 1267 610 1551 52 39 1333 342 2103
internal_value=3.04561e-07 -4.63538 4.96659 -0.966872 -7.6682 2.80246 -6.25426 0.70889 3.50211 -3.62939 -0.777339 1.761 8.16431 -1.67952 2.68136 -2.51498 -0.341239 -6.57167 6.33705 -11.333 5.63061 -0.342523 -8.42398 -3.27751 -5.11799 -5.82471 4.80566 -8.33402 -5.62697 2.81234 -3.3065 -3.4876 -9.87972 4.62074 3.94566 -12.3292 9.98354 0.396345 1.96321 7.31149 -6.28324 7.35105 -10.7758 2.64978 -2.56482 -8.51117 -1.68628 -9.2262 8.11699 -2.99594 -1.0269 -5.61842 -8.49603 0.920946 5.99451 -7.82558 -3.42025 4.5377 2.085 2.04245 -2.67613 -1.1909 3.98698 -13.7238 2.16945 6.44837 -9.12581 5.17954 -4.80936 -12.3163 -9.56244 0.462391 3.42489 3.95504 -6.90556 6.75746 0.404323 5.3465 1.33143 6.60793 0.19976 2.7957 2.92758 0.532539 7.3205 -5.56067 2.22349 4.89959 -0.655838 1.05861 1.92333 -7.7909 -1.92415 -0.202701 -13.1731 -10.1575 -0.26162 -9.94765 -1.55126 -6.83988 0.540912 6.49413 -6.63311 2.99935 -0.92219 1.29134 11.7948 -9.44426 8.47041 9.11246 8.10512 9.58842 5.16771 -2.01945 -8.64754 7.88493 0.888012 3.51593 4.63999 1.70666 1.48644 -9.99821 9.83379 -4.82141 -7.24341 -13.1715
internal_weight=155977 80678.6 75298.3 36512.7 44165.9 44906.7 31870 28108.6 40272.4 14422.3 20625.9 22152.1 30391.7 10305.9 18747.2 13898.2 7573.59 8404.1 15162.4 12295.9 18120.3 8464.57 17447.7 4634.31 6324.64 6263.66 7482.68 6176.13 1827.6 6727.67 3404.86 3758.63 11184 10140.6 9144.48 10468.3 15229.3 8606.69 5686.53 12626 4144.33 10180 9262.38 4532.04 2906.8 4116.37 2227.97 3872.42 2950.64 4280.75 2830.72 2737.33 1603.1 2131.1 8145.98 1841.36 1855.6 2451.33 1650.05 5234.98 5122.25 3715.84 3694.83 7056.95 4705.94 8352.18 5486.34 3800.77 2921.26 4736.75 2043.88 2281.98 7940.26 7298.38 2352.33 8116.12 365.278 4769.05 2529.33 7414.26 3293.25 1699.96 4285.86 2091.98 7358.18 1921.65 1021.3 1525.73 2055.95 2351.4 1083.82 4041.96 1385.14 1155.26 3776.04 1412.28 2926.91 3650 1134.23 1450.03 772.462 3909.5 1140.74 4947.6 605.069 757.937 6931.71 3411.35 8297.56 7027.86 5136.28 801.284 1941.74 668.081 3356.86 2828.19 2462.56 2877.23 2378.98 714.859 2536.43 841.822 158.118 3367.87 1557.01 4185.29
internal_count=187200 88157 99043 45199 42958 60191 32644 35669 54018 16212 25844 29936 38852 12020 25429 17204 9704 9530 20926 10314 24082 10210 16432 6173 7500 6551 9825 6622 1926 8640 4507 4212 9881 13735 12591 8388 17926 11694 7691 17038 4818 13039 7773 6057 3318 4192 2908 3904 3768 5295 3541 2980 1672 2747 11383 1810 2364 3137 2195 7191 6567 4786 4922 5055 5998 10974 5063 4822 3887 3726 2205 3143 11043 10076 3030 10655 382 6450 3626 10275 4612 2375 5532 2693 9623 2108 1232 2100 2880 3032 1321 3893 1750 1492 2710 1188 3818 3584 1308 1754 935 5400 1394 6745 742 1032 7546 3333 10380 8587 6561 942 2579 923 3233 3862 3250 4054 3277 970 3888 907 179 4101 1675 3125
is_linear=0
shrinkage=0.05


Tree=13
num_leaves=127
num_cat=0
split_feature=29 38 38 1 0 29 1 1 1 1 33 0 11 38 28 0 25 11 37 6 11 25 1 11 39 1 6 1 39 32 33 39 25 24 6 25 42 23 24 29 37 0 23 24 1 1 24 38 28 25 28 28 24 23 28 15 32 23 33 25 29 23 23 29 1 38 11 1 38 39 33 25 11 16 1 2 17 39 25 33 23 16 24 33 25 39 15 29 1 0 6 25 11 1 1 33 2 1 0 23 0 32 1 1 11 46 2 1 1 23 0 25 0 28 24 23 8 15 39 33 46 25 24 1 32 24
split_gain=1.29999e+09 2.80485e+08 2.38009e+08 1.05947e+08 7.62046e+07 7.49287e+07 6.95085e+07 6.61377e+07 6.38947e+07 6.2326e+07 5.13995e+07 4.63623e+07 3.82599e+07 3.48715e+07 3.18209e+07 3.12028e+07 3.10518e+07 3.04961e+07 2.8485e+07 2.84357e+07 2.51199e+07 2.46171e+07 2.408e+07 2.20758e+07 2.20181e+07 2.16108e+07 2.12789e+07 2.02892e+07 2.02268e+07 1.85995e+07 1.7902e+07 1.68837e+07 1.6754e+07 1.59683e+07 1.51823e+07 1.51799e+07 1.72169e+07 2.04859e+07 2.14137e+07 1.48499e+07 1.47262e+07 1.46592e+07 1.43916e+07 1.78892e+07 1.39632e+07 1.36554e+07 1.36392e+07 1.30223e+07 1.24741e+07 1.22968e+07 1.22753e+07 1.22519e+07 1.20203e+07 1.34197e+07 1.1985e+07 1.19648e+07 1.24087e+07 1.19482e+07 1.19403e+07 1.16119e+07 1.15075e+07 1.14569e+07 1.14483e+07 1.13434e+07 1.10943e+07 1.09891e+07 1.08236e+07 1.04363e+07 1.03823e+07 1.03621e+07 1.0314e+07 1.02758e+07 1.01919e+07 1.01443e+07 1.00013e+07 9.94306e+06 1.1034e+07 9.86768e+06 9.56186e+06 9.25365e+06 9.18664e+06 8.99099e+06 8.98646e+06 8.92505e+06 8.64681e+06 8.62224e+06 8.32148e+06 8.28239e+06 8.27149e+06 8.49707e+06 8.25392e+06 8.23978e+06 8.22802e+06 7.9234e+06 8.53998e+06 7.92035e+06 7.83991e+06 8.28399e+06 7.74279e+06 7.73915e+06 8.56584e+06 7.71154e+06 7.70641e+06 7.59151e+06 7.45933e+06 7.39999e+06 7.36525e+06 9.82038e+06 7.35514e+06 7.32192e+06 7.23578e+06 7.18313e+06 7.12645e+06 8.12358e+06 7.07831e+06 8.47277e+06 7.06083e+06 7.00221e+06 6.96512e+06 6.95501e+06 6.9314e+06 6.87238e+06 6.73549e+06 6.70181e+06 6.62694e+06 6.50212e+06
threshold=0.01404320987654321 0.010833333333333335 0.011697530864197532 -4.4999999999999991 58.500000000000007 0.0061419753086419766 -6.4999999999999991 7.5000000000000009 -5.4999999999999991 7.5000000000000009 0.015378177401501257 30.500000000000004 0.21181455633100701 0.0205952380952381 0.025000000000000005 95.500000000000014 0.26944444444444449 0.23413839371286183 0.34166666666666673 0.085236118318630011 0.25595575723199099 0.086111111111111124 -11.499999999999998 0.21960458240946049 0.0023015873015873019 14.500000000000002 0.092807924203273051 -4.4999999999999991 0.0088095238095238105 0.028327886710239652 0.018330377069088081 0.0099382716049382733 0.097222222222222238 0.048270230607010363 0.11733416770963706 0.48055555555555562 1.0000000180025095e-35 0.03234347442680776 0.03082839974304824 0.0061419753086419766 0.20833333333333334 56.500000000000007 0.019549303577081359 0.019682126673933851 -4.4999999999999991 -12.499999999999998 0.022337119820817711 0.018425925925925932 0.036111111111111115 0.22500000000000001 0.036111111111111115 0.069444444444444461 0.031986252161099925 0.03234347442680776 0.091666666666666688 5.5000000000000009 0.024452160493827164 0.021182870370370376 0.033881057324018631 0.14722222222222223 0.0081790123456790143 0.025403330731199585 0.023127933343880195 0.022500000000000003 6.5000000000000009 0.018293650793650796 0.24568837347606307 7.5000000000000009 0.0073148148148148157 0.0045370370370370382 0.014325426327506966 0.097222222222222238 0.21960458240946049 3.5000000000000004 -10.499999999999998 -1.0000000180025095e-35 2.5000000000000004 0.0077083333333333335 0.14166666666666669 0.015930278531535998 0.020099524658348192 2.5000000000000004 0.059285499293299772 0.016487427717971622 0.10277777777777779 0.003402777777777778 6.5000000000000009 0.022808641975308644 -15.499999999999998 54.500000000000007 0.13811445341159209 0.50833333333333341 0.2475719000471476 15.500000000000002 -8.4999999999999982 0.029554086626435005 1.0000000180025095e-35 15.500000000000002 68.500000000000014 0.021517375860098869 30.500000000000004 0.016288948810135255 5.5000000000000009 -3.4999999999999996 0.32934002869440465 1.0000000180025095e-35 1.0000000180025095e-35 1.5000000000000002 -2.4999999999999996 0.01377233307250913 61.500000000000007 0.063888888888888898 24.500000000000004 0.036111111111111115 0.011345784231349696 0.028191872427983544 10.500000000000002 13.500000000000002 0.0093518518518518542 0.02544385656437188 1.0000000180025095e-35 0.13055555555555556 0.021479067992073424 -13.499999999999998 0.015652356902356907 0.033487428766818858
decision_type=2 2 2 2 2 2 2 2 2 2 2 2 2 2 2 2 2 2 2 2 2 2 2 2 2 2 2 2 2 2 2 2 2 2 2 2 2 2 2 2 2 2 2 2 2 2 2 2 2 2 2 2 2 2 2 2 2 2 2 2 2 2 2 2 2 2 2 2 2 2 2 2 2 2 2 2 2 2 2 2 2 2 2 2 2 2 2 2 2 2 2 2 2 2 2 2 2 2 2 2 2 2 2 2 2 2 2 2 2 2 2 2 2 2 2 2 2 2 2 2 2 2 2 2 2 2
left_child=1 5 8 15 13 21 28 11 40 12 23 75 90 30 59 22 18 29 50 55 42 27 -4 71 -11 31 39 -1 72 32 73 -9 80 96 79 36 37 38 99 -19 -2 63 43 74 -25 -30 -44 84 -22 86 85 -32 114 -54 66 -16 70 -34 -58 92 -33 -48 -61 -24 -29 -41 -20 112 111 -27 -57 120 -3 -5 -12 -8 -77 -23 93 -17 83 87 88 -13 -21 -10 -43 -38 -42 -90 106 -37 118 94 -50 -31 -26 -98 -52 100 -15 -81 -87 -79 -70 -47 107 -6 -85 -76 -60 -56 -46 -114 -53 122 -55 -103 -14 -59 -7 -67 -116 -74 -108 -68
right_child=2 6 3 4 9 10 7 25 16 24 20 17 14 35 19 34 -18 26 54 47 48 77 41 44 33 69 -28 64 45 95 51 60 57 -35 -36 91 81 -39 -40 65 82 49 46 -45 67 105 61 -49 78 -51 98 52 53 116 68 56 58 119 110 62 -62 -63 -64 -65 -66 121 125 -69 104 -71 -72 -73 123 -75 109 76 -78 103 -80 101 -82 -83 -84 108 -86 102 -88 -89 89 -91 -92 -93 -94 -95 -96 -97 97 -99 -100 -101 -102 117 -104 -105 -106 -107 124 -109 -110 -111 -112 -113 113 -115 115 -117 -118 -119 -120 -121 -122 -123 -124 -125 -126 -127
leaf_value=2.495215553078495 0.41497249906934464 4.2967185261127367 -14.69479557314717 -6.8200569243457672 4.2695045058863901 0.088957142618673934 -8.5371858042171489 4.1545931961682063 12.000092006942474 10.492375653535298 -0.0098219261225359657 2.1729227672331448 0.34519003663936521 -11.809314795531947 5.0827205034815668 -10.31029139236975 8.90652078512481 7.802619094755852 -0.76343346563309245 -5.9127329528752357 -3.2254687696503668 13.773403994150542 -8.7439070217748398 -3.2153029996422315 -14.470588463325923 1.4105954474837041 -1.8453984368543956 9.23497009323283 -9.3172795718915378 -2.5971096018043087 -9.8002347178069833 1.6565920091751165 12.100918224229254 2.0492159066068605 -8.666266321530129 8.1886554562330627 -3.7901885538957858 -15.278947021775014 1.6563415761382025 3.5147399308341623 -15.755308721813419 -5.0492821020442245 2.4305114764487694 12.579830401782809 -4.9026831350788687 -6.9566074085653362 9.2353777104933528 -7.9434862570583293 -2.9340979772045026 2.0014609393837772 2.4776339171431854 10.446822205613877 10.412457752676239 -2.494811959572266 -3.264181816603192 -7.3833814005805722 -6.6715494651668594 3.8592938290979926 -11.527287936211847 9.6138017125007451 -4.7066073510588868 4.5399007303022056 -5.4638871292514324 -13.67460949497692 4.5529733841665054 -1.976221485477986 -15.300666141986069 -2.6726344361852408 -0.85242405586308312 -10.088833217634443 5.9212770935876256 8.546559839244912 -7.6413064868618328 -15.25406053838082 11.095581634760036 3.4500491430138882 -5.601467237379925 7.0056259310180398 8.9664903291822924 13.353625888570509 0.074274816773042318 -11.497516241516795 1.9875320393929554 1.2124356988376894 4.6507769397765983 1.8683690650308966 -10.378672898450285 -8.2495242847233801 -10.815179722978712 -4.2121201803533088 -3.0425425640261303 -10.940732700889443 -13.151112384826957 -10.704710999472439 4.4202750842768754 3.3712181181897272 -6.8300666143603594 -11.875356621163782 8.4163141742644196 -12.230891802953144 -2.4961046217302902 6.5533830623022924 -6.0473685676497313 10.814232713121406 -8.8177815507962976 -2.0718362673479485 23.292257518179028 -6.6084523335710843 8.4738890640925728 6.9042316701349353 3.3355284522954265 5.9404587526696373 -3.3833537257005215 4.490878637730189 -4.7922577186423068 -8.6217217324093856 11.08942450615546 -4.4129822784722741 -9.6261670574271907 10.015063582924105 4.8516857264598441 3.7363474247820356 1.9208482956491235 0.64038626469524529 6.4874654862715389 -4.1727348192295324
leaf_weight=1920.0117693245411 722.14105916023254 924.73371434211731 4045.1770175695419 2658.4565559029579 952.99771532416344 1114.8931066989899 820.24674558639526 1078.6360344588757 163.55459451675415 157.66242089867592 426.74135690927505 1259.2509621679783 269.29248842597008 468.79367855191231 1481.7231717407703 178.85004696249962 1455.3154102861881 1329.5714940726757 493.51188957691193 350.68147021532059 607.88920301198959 2066.3357893824577 1908.6720753312111 1973.1634429693222 629.26100158691406 232.59334036707878 3166.7450284659863 5999.5466936230659 1607.5782320201397 736.14279937744141 575.76823100447655 975.36846700310707 1706.6890821754932 333.14875018596649 1193.0032667219639 186.72908169031143 1610.9727144837379 2254.4348907470703 403.42180728912354 4762.9890702962875 344.13818266987801 1150.255098849535 2176.4924180805683 2262.6749144494534 262.49549925327301 1176.589600533247 2907.4434587359428 1601.7306459546089 438.20750668644905 309.34199464321136 825.95966291427612 81.882031977176666 340.10469651222229 907.96543768048286 276.01264727115631 173.63916036486626 991.16643965244293 1137.8067303299904 92.856412708759308 151.90565153956413 2616.4826353788376 2348.4791125953197 735.27480021119118 2999.6213148236275 1603.3999603390694 1998.9988424479961 336.21814733743668 1022.7013471126556 2876.0084286630154 1241.7877356112003 904.21802338957787 1302.3246530294418 435.93229341506958 411.7508279979229 1379.1444528400898 607.08225634694099 755.93346706032753 1764.5011179745197 922.12114334106445 131.28886559605598 924.9201774597168 1225.1566323935986 219.22386074066162 415.53679084777832 432.81799739599228 1287.2501724660397 2016.5997211635113 2944.2875564396381 928.03239691257477 1025.7007120549679 392.56697517633438 80.587420523166656 916.13528206944466 97.702475100755692 3978.9837555885315 2270.0117416381836 2551.2319156527519 1194.5311506390572 1635.959100663662 2189.7513174712658 521.59911966323853 243.1072524189949 403.96673566102982 5061.5463294386864 327.37707558274269 2273.3929028511047 61.393281430006027 265.22017097473145 2168.9278473258018 4262.0555177927017 693.28873008489609 913.24179136753082 366.90898498892784 3053.0415481626987 1051.7650293707848 826.34208929538727 106.92391130328178 362.78111255168915 500.84646457433701 768.95441430807114 2426.6802763938904 714.72130939364433 579.53015759587288 555.65640309453011 1320.6464814543724 215.34914794564247
leaf_count=2919 985 1253 2647 2776 1310 1605 977 1396 185 178 647 1808 361 402 1856 198 1926 1744 686 393 856 1985 1821 2881 489 302 4176 7437 1766 964 624 1348 1866 470 1179 257 1934 1309 404 6416 241 1301 3202 2368 351 1459 3640 1647 626 449 1040 85 419 1103 355 187 1115 1557 89 208 3457 3373 851 2013 2280 2734 290 1511 3811 1467 1098 1629 539 303 1526 807 933 2422 1156 141 1305 1019 349 605 556 1773 1880 2785 893 1283 450 79 806 125 5507 3210 2830 1081 2045 1630 559 329 498 5697 374 3151 48 302 2857 5581 936 1228 564 4359 1172 847 117 450 524 981 3464 939 722 806 1721 244
internal_value=3.73371e-07 3.88732 -5.36004 -6.96162 -5.52659 6.29464 0.665461 1.66 0.306182 -3.09805 4.88038 2.78032 -1.20156 -7.67109 -2.78462 -10.5723 2.09353 3.43151 1.07706 -0.974561 6.3076 8.85432 -11.5264 2.17909 -7.88753 -2.99726 1.66966 7.08779 -3.85372 5.28384 -5.01144 -1.33127 6.49394 -8.50301 -4.94894 -9.35842 -9.62945 -11.5447 -9.19545 2.93368 -5.87911 -9.99779 7.35846 8.78548 0.315184 -5.51124 5.75899 -5.3596 3.56731 -7.51351 4.10962 -2.99244 -1.98597 1.81687 -1.33032 1.43715 -0.454766 9.06191 -3.02171 -7.51268 -2.97868 7.13732 -2.88224 -11.7572 8.24757 2.06784 -6.14281 1.79574 -0.185355 -8.27472 3.77794 4.74887 0.520822 -7.95116 7.37061 -4.18753 -1.56995 10.7461 4.32678 -0.107623 4.54806 -7.69514 -7.68485 5.62459 -0.0772763 1.03775 -8.44295 -6.67248 -8.60763 -7.3486 3.71534 2.42175 -9.94884 3.37917 3.69068 1.9097 -9.30654 -8.43902 6.42392 -10.5721 -6.90443 2.36769 -0.0223965 9.82973 -1.66646 -3.73775 4.7356 1.90125 7.30637 7.92892 1.57999 3.80416 3.03671 3.64609 -4.01502 -4.49685 -1.06364 -0.0128269 -6.13951 6.34178 3.35237 -0.471684 -2.40738 -3.0005 7.23397 -10.956
internal_weight=155977 90408.8 65568.1 51119.2 36580.5 51745.5 38663.3 31689.4 14449 17154.2 33330.1 25544.5 12288.4 19426.2 9295.58 14538.7 11209.7 23361.3 9754.41 6722.12 21807.9 18415.3 12429.7 11522.2 4865.84 6144.87 11973 9522.96 6973.88 11388.2 7540.49 4670.49 8382.09 4708.17 2109.03 11885.7 11618.4 5838 3583.57 8806.28 3239.24 8384.49 15763 8330.62 6678.31 5057.56 7432.41 2385.23 6044.9 3476.2 4316.69 4470.28 3894.51 1354.99 5437.72 4336.89 2855.17 3613.45 1777.31 2573.45 3591.85 5255.92 887.18 4908.29 7602.95 7476.71 1045.08 4705.15 4392.64 1474.38 1077.86 4843.9 1916.32 3070.21 6067.94 2183.26 1363.02 8892.38 5437.01 916.027 4768.64 5780.42 2517.1 3843.72 783.499 1854.77 3166.85 4555.26 2297.87 1953.73 2992.82 267.317 1686.27 4514.89 4417.19 3006.15 4375.02 3745.76 2461.92 3180.14 990.393 737.177 1691.22 6826.05 3203.39 3449.98 2600.26 1218.22 2584.46 5641.2 786.145 1189.25 3682.45 3419.95 2539.52 2457.64 1014.89 605.888 770.139 1906.76 3541.57 2713.72 1631.3 991.589 1382.04 551.567
internal_count=187200 118534 68666 50460 38052 67711 50823 41849 18206 19506 44971 33879 14458 18546 10627 12408 14455 31162 12529 7877 28607 22740 10111 16364 5048 7970 16009 12636 8974 15153 8168 6201 10979 4870 2297 10378 10042 4304 2995 11833 3751 7464 20337 10122 9666 6376 10215 2596 8270 3630 5541 5089 4465 1639 6988 5281 3425 4404 2140 2750 4805 7013 1059 3834 9717 10089 1220 6785 5768 1769 1285 6698 2598 3079 7754 2717 1740 10104 7414 1118 6575 5738 2766 5270 949 2456 3181 4719 2417 2176 3831 336 1691 6258 6133 4174 4400 3911 3085 2591 961 920 2271 8119 4185 4610 3381 1612 3462 7107 1025 1583 5274 4923 2826 2741 1220 779 885 2538 5069 3673 1894 1345 1769 534
is_linear=0
shrinkage=0.05


Tree=14
num_leaves=127
num_cat=0
split_feature=29 36 36 11 12 11 44 34 33 34 23 24 36 30 36 24 30 6 28 23 46 11 6 11 5 16 6 24 0 34 34 0 36 23 16 30 24 23 6 29 29 29 6 23 14 21 15 34 5 34 29 24 39 14 28 7 6 11 30 15 0 31 6 34 6 23 14 42 11 36 31 29 30 23 24 14 11 14 0 33 36 24 23 24 24 0 23 15 14 6 28 24 0 33 31 24 6 30 6 9 24 14 11 19 15 30 29 24 23 4 14 11 31 11 21 36 34 21 24 30 21 24 28 23 11 39
split_gain=1.17987e+09 3.24901e+08 1.56235e+08 9.62987e+07 8.1691e+07 6.62367e+07 5.38586e+07 5.00956e+07 3.8217e+07 3.43563e+07 3.26762e+07 3.34191e+07 3.17548e+07 3.05746e+07 3.01166e+07 2.67101e+07 2.54939e+07 2.53598e+07 2.47043e+07 2.4542e+07 2.2403e+07 2.15515e+07 2.12953e+07 1.98671e+07 1.79919e+07 1.78767e+07 1.68177e+07 1.6719e+07 1.58258e+07 1.54933e+07 1.50028e+07 1.46198e+07 1.45765e+07 1.42806e+07 1.42364e+07 1.41453e+07 1.40794e+07 1.25954e+07 1.24542e+07 1.23818e+07 1.1877e+07 1.1613e+07 1.12341e+07 1.20236e+07 1.11365e+07 1.1134e+07 1.08418e+07 1.06744e+07 1.0665e+07 1.10013e+07 1.05772e+07 1.04689e+07 1.04667e+07 1.25644e+07 1.03743e+07 1.13535e+07 1.03521e+07 1.02277e+07 9.94588e+06 9.86392e+06 1.06324e+07 9.69086e+06 9.6847e+06 9.62828e+06 9.59288e+06 9.29791e+06 9.16184e+06 9.14991e+06 8.92517e+06 8.9122e+06 8.88682e+06 8.87086e+06 8.81886e+06 8.66078e+06 9.3765e+06 1.01086e+07 8.61847e+06 8.57484e+06 8.5363e+06 8.48491e+06 1.15244e+07 8.4272e+06 8.39256e+06 8.38278e+06 8.36036e+06 8.35424e+06 8.26068e+06 8.14668e+06 8.10169e+06 8.08633e+06 8.00548e+06 7.97113e+06 7.94696e+06 7.82758e+06 7.7828e+06 7.76748e+06 7.71681e+06 9.29527e+06 7.53176e+06 1.00902e+07 7.48534e+06 7.45257e+06 7.31002e+06 7.76539e+06 7.28475e+06 7.20359e+06 7.1858e+06 7.08043e+06 7.22781e+06 7.07935e+06 6.88767e+06 6.84397e+06 6.81855e+06 6.81404e+06 6.74217e+06 6.67713e+06 1.0037e+07 6.48269e+06 6.4609e+06 8.42549e+06 6.4299e+06 6.37993e+06 6.413e+06 6.36463e+06 6.33795e+06 6.32659e+06
threshold=0.011388888888888891 0.016388888888888894 0.0078571428571428594 0.25728429985855733 1.0000000180025095e-35 0.2466642946095001 1.0000000180025095e-35 0.13055555555555556 0.026553151354550626 0.097222222222222238 0.028032245532245537 0.026944005083598042 0.0073148148148148157 0.0045370370370370382 0.034506172839506181 0.021160749902933516 0.0049691358024691367 0.15424266455194294 0.025000000000000005 0.022017715547525848 1.0000000180025095e-35 0.32672684458398749 0.13667496886674971 0.2152872444011685 0.085236118318630011 3.5000000000000004 0.093178294573643419 0.031271710477426808 54.500000000000007 0.21944444444444447 0.097222222222222238 54.500000000000007 0.010833333333333335 0.035281531531531539 3.5000000000000004 0.023395061728395065 0.033487428766818858 0.021040927895981092 0.10557275541795667 0.015493827160493828 0.0061419753086419766 0.0052777777777777788 0.14650406504065042 0.020876778538068866 15.500000000000002 41.500000000000007 8.5000000000000018 0.063888888888888898 0.13667496886674971 0.17500000000000002 0.0065740740740740751 0.028795912132703751 0.0052777777777777788 6.5000000000000009 0.39166666666666672 12.500000000000002 0.085236118318630011 0.27806414662084772 0.012870370370370372 17.500000000000004 134.50000000000003 0.00012154606595899879 0.18933143669985777 0.086111111111111124 0.049691358024691365 0.026308731039585646 8.5000000000000018 1.0000000180025095e-35 0.3019850628930818 0.018425925925925932 0.0011240381482316968 0.02675925925925926 0.033055555555555567 0.017475799663299669 0.024547016585473234 6.5000000000000009 0.26221550214865513 10.500000000000002 36.500000000000007 0.018237310699646243 0.0205952380952381 0.023005500267890406 0.025629276637341155 0.036252114730583401 0.019682126673933851 111.50000000000001 0.027812939521800282 8.5000000000000018 9.5000000000000018 0.13015245623941277 0.091666666666666688 0.022111179635163802 34.500000000000007 0.015930278531535998 0.001865468409586057 0.031738527746751559 0.19727575982209047 0.0058333333333333345 0.036474501108647452 1.5000000000000002 0.031051024032894083 6.5000000000000009 0.28140169902912626 1.5000000000000002 8.5000000000000018 0.0029320987654320994 0.023981481481481482 0.039890697359804085 0.049763486312399373 8.5000000000000018 10.500000000000002 0.28292357537640561 0.0001935245664435454 0.24499799919967988 39.500000000000007 0.025154320987654324 0.069444444444444461 37.500000000000007 0.033487428766818858 0.034506172839506181 27.500000000000004 0.046413471516452337 0.036111111111111115 0.020183295540438403 0.21181455633100701 0.0023015873015873019
decision_type=2 2 2 2 2 2 2 2 2 2 2 2 2 2 2 2 2 2 2 2 2 2 2 2 2 2 2 2 2 2 2 2 2 2 2 2 2 2 2 2 2 2 2 2 2 2 2 2 2 2 2 2 2 2 2 2 2 2 2 2 2 2 2 2 2 2 2 2 2 2 2 2 2 2 2 2 2 2 2 2 2 2 2 2 2 2 2 2 2 2 2 2 2 2 2 2 2 2 2 2 2 2 2 2 2 2 2 2 2 2 2 2 2 2 2 2 2 2 2 2 2 2 2 2 2 2
left_child=2 3 9 6 25 13 12 10 18 23 11 37 -2 84 28 22 59 24 111 56 45 32 40 92 31 35 63 -12 54 106 62 98 58 76 52 51 65 89 41 -10 117 -25 43 -13 73 90 57 -26 -42 -50 -11 96 -30 121 95 64 78 -39 110 -14 91 66 70 -22 -56 88 -41 71 -43 -49 83 -37 77 -33 75 -75 -29 -65 -17 -19 -81 -40 -76 123 125 -46 104 -45 -21 115 93 -61 114 -18 100 -9 97 -3 99 -15 -92 -63 103 -55 -53 -94 -16 -35 -109 -34 -20 -5 -32 118 -1 116 -6 -7 -31 -120 -60 -54 -123 -8 -28 -4
right_child=1 4 5 8 7 15 30 14 39 50 27 42 16 17 29 19 20 79 21 36 26 -23 -24 38 47 -27 124 33 34 113 112 44 109 107 -36 67 -38 46 81 61 48 68 -44 87 85 -47 -48 69 49 -51 -52 86 53 102 55 -57 -58 -59 120 60 -62 101 -64 72 -66 -67 -68 -69 -70 -71 -72 -73 -74 74 82 -77 -78 -79 -80 80 -82 -83 -84 -85 -86 -87 -88 -89 -90 -91 94 -93 105 -95 -96 -97 -98 -99 -100 -101 -102 -103 -104 -105 -106 -107 -108 108 -110 -111 -112 -113 -114 -115 -116 -117 -118 -119 119 -121 -122 122 -124 -125 -126 -127
leaf_value=0.88527529484423195 6.0851744639003389 4.187099426675494 12.065320563038314 -8.2123276661656384 -7.1709752686079469 1.2932425736132886 -0.31375973244966376 -12.959551853465356 4.383269138537611 11.172548587717248 -12.681776577552199 11.918906176580476 11.08477311212109 -2.7873042734266242 -5.6518680619283446 -3.1851108770478054 -10.70270564345806 -4.5535874151933076 7.9345365542115092 1.1771591828357229 0.87148744413686474 -8.9601105995354917 -6.7910387210913701 8.5493263022322292 -2.2190323687901095 -13.715314769062941 1.4693633291882955 -0.55101247054635216 9.5585528269900788 -4.0971787642018063 4.5189893087224027 9.4272269282625256 -4.7116575988192162 -13.073285370554428 -9.9282414093012026 -10.465455184447137 3.6862122774678241 -4.7188887204898142 -1.0996110299401181 6.541854840557467 -0.33003685853469 5.1591349939395341 -9.7783548520537362 3.2587488617205018 -5.3946169356029321 5.0944795284285309 -12.711964129203778 4.1908735303314701 -6.7534864712730212 8.3236442511770292 8.2039371340133389 11.096537934165294 1.7426871293282773 -0.082877848060301074 0.65271421520263839 18.582949731603779 1.6843631857658559 -10.798358253324581 -9.1963325273065948 -6.9044192526819961 10.23666863968525 -2.5020127234848335 -11.432404693201015 7.2678976565612121 -8.3388938488172251 -7.9311067553789458 -4.5364559734345908 -8.6138155861243249 -0.25378799385388479 -1.1046219116002178 -7.9879962356235614 -15.688644122567929 0.94949810678389235 6.8122077986617704 10.701087380302322 0.89984825533471724 -7.9330954151633808 1.6918900175394329 9.6602875385270828 4.0235125650220462 -7.2339490153348294 6.9120447602268875 5.1585414394591957 8.7521267536612122 12.521263996550942 4.2981578929783 -6.2070323317382563 -4.8954181278281723 -9.4693917102420926 -9.7460906102979301 -1.5194152734442794 5.6095120389464181 13.897054072793502 -3.3207365803239535 -7.8383632333222613 -5.0405211339602616 -12.505046523910597 -7.8876605267796114 0.39620700415956184 5.8068809401821015 6.5176898108666439 -11.971222104129382 -8.0788101969526078 -9.945773646528302 -2.564649179560762 8.1482193749784972 -10.767892733239853 -6.0647699807944004 -12.902490042822159 -14.944502688038256 -2.3359435034956526 -14.800643125426383 -3.0472187967578428 -5.9385918066916625 13.420688385466111 -7.530155228619809 -0.56580379805068448 7.5898671409673817 8.4476364746741144 -3.9036223450427587 -1.2985867402545028 -0.94496400199223507 12.891809937548059 -7.4635774394535153 -3.9617364002108282 4.1558928971702844
leaf_weight=592.7531216442585 4311.3140877783298 169.43187293410301 370.19812107086182 916.89747056365013 833.21799519658089 1575.1294866204262 763.8419440984726 424.14546310901642 1373.2147844135761 5694.5977777540684 2927.0448341369629 267.14131066203117 810.79008841514587 397.02274584770203 1149.1329887509346 140.11443462967873 559.81161722540855 1011.8999344408512 480.82881054282188 1209.929415255785 3263.0311831235886 2001.5304161012173 1488.8832381367683 2276.2146286070347 1146.8800500929356 2713.5766761004925 866.39057537913322 843.55518805980682 315.45820954442024 617.10299640893936 613.81578919291496 2758.0063293278217 3897.408125013113 1097.6134521961212 333.19083395600319 2083.9848154783249 1639.4476327300072 1802.0567965805531 1328.1871334910393 520.2187619805336 5150.5685558617115 5155.1666669249535 221.39222159981728 841.19146019220352 287.06598070263863 454.42183780670166 1190.9115957915783 3975.5161410272121 1242.1391966938972 134.0455504655838 6342.5197143554688 158.8210055232048 1838.0830310881138 2233.2655685245991 907.41540801525116 68.479555934667587 747.62270006537437 1122.8842926025391 287.77167412638664 277.52349975705147 340.05020749568939 1036.3952605426311 604.5351197719574 2499.03044962883 440.688247859478 575.14082193374634 291.03609827160835 2713.5904056727886 893.53678733110428 992.98752063512802 1003.2324745953083 1332.7621914148331 1339.4307881295681 1534.8156335353851 1457.9729974865913 1366.7305669486523 744.17616093158722 952.1810377240181 1681.0642488002777 1027.4124723672867 291.94029307365417 435.9700890481472 1284.9157471656799 164.69176131486893 1273.5535654723644 985.42451161146164 706.10144448280334 481.72483283281326 209.65132573246956 699.42687100172043 1759.5410927832127 235.0185053050518 599.92287647724152 1001.6267278194427 395.73797583580017 1147.1399173736572 889.30741938948631 2687.6431670188904 1697.7399702072144 2443.5310916900635 346.80237838625908 259.89315715432167 423.3748514354229 219.15360170602798 253.08722406625748 5942.9702981710434 1704.3114858865738 1348.5298471450806 541.73392939567566 176.68340864777565 247.14866423606873 691.4436160326004 578.30628249049187 1166.757660150528 130.96597710251808 928.061194896698 1856.925205886364 552.03179326653481 330.86869978904724 236.95939874649048 2467.3601928949356 119.81711170077324 278.10926297307014 525.3265675008297 1413.6519074440002 797.41533669829369
leaf_count=863 5772 180 400 1018 977 2220 915 362 1825 6060 2327 262 956 536 1186 174 598 1379 644 1769 4530 2126 1914 2925 1668 1695 1188 1032 382 852 765 3571 4506 816 354 1505 2251 2117 2132 639 7218 7316 224 989 412 602 1073 5420 1607 179 7853 169 2423 2906 1105 69 1030 998 308 369 376 1283 567 3358 477 731 328 2383 1286 1387 996 647 1858 2086 1709 1999 749 1354 2002 1419 367 579 1849 214 1292 1388 642 557 253 684 2291 310 583 1287 497 1272 618 2429 2361 3221 422 260 419 216 260 7748 1457 1345 388 134 360 579 670 1452 154 1014 2256 740 471 274 3183 172 353 590 1877 1056
internal_value=3.98678e-07 -3.96675 4.76736 -0.664496 -6.85584 2.78995 1.21679 -5.46127 -3.88564 7.55571 -7.22367 -5.38768 2.26395 4.40294 -3.21965 0.313006 1.2664 3.83018 -5.31151 2.89755 0.608958 -4.34685 -1.26761 6.13209 4.39662 -10.0808 1.893 -9.73072 -1.42786 -6.23112 -3.9101 5.37233 -3.12502 -7.84291 0.10373 -9.18382 0.253389 -6.71118 4.69642 0.688867 -0.317316 5.5051 0.774058 2.24333 6.47062 -2.32798 -8.69026 2.1289 -1.37479 -5.28492 9.60835 -7.1705 0.719614 0.174147 -4.38069 -1.27773 6.63833 -7.0528 -0.750105 7.13643 3.38167 -1.7183 -5.76301 2.96624 -2.2866 -2.56802 2.56753 -10.7814 4.35952 3.13253 -4.36813 -12.5029 4.39304 7.13077 6.00867 4.02728 -4.01102 5.72949 8.67201 -1.10921 1.53251 0.880282 8.10466 -1.87025 9.71954 2.11153 -2.9244 0.289502 -0.395181 -4.82458 -3.15803 -1.16634 8.12541 -5.96734 -1.40485 -7.17815 -8.43764 -7.1716 3.03095 4.60568 -0.196133 -4.4005 -2.01166 -0.964248 2.70275 8.67533 -8.70758 -9.87914 -8.0244 -5.15543 4.4477 -11.0447 0.848572 -3.22629 3.15371 -3.87322 -2.61162 2.92732 -0.555579 3.29335 -2.1235 2.98537 8.72551 -3.22726 -1.89798 6.66362
internal_weight=155977 85137.3 70839.6 39727.9 45409.3 41446.8 25080.1 31701 14647.8 29392.8 17747.6 10244.9 20826.4 25101 13953.5 16345.8 16515 22659.9 11167.1 6202.97 14851.7 9558.73 10142.8 17355.7 20328.6 13708.3 10333.7 7502.65 8748.32 5205.13 4253.75 14213.2 7557.2 4575.61 5760.45 10994.7 3634.17 8433.48 10089.1 3480.76 8653.91 8324.92 1811.45 1590.06 9674.93 4517.94 4115.85 6115.38 6526.75 1376.18 12037.1 4864.39 5427.26 5111.8 2987.87 1416.58 2568.8 2924.94 3483.11 1663.38 852.592 2107.54 3061.63 8053.67 1348.1 1994.72 811.255 6130.34 6048.7 4968.5 2457.09 3416.75 4790.64 8402.44 5644.43 2901.55 1587.73 3451.21 1821.18 2331.25 1319.35 1764.16 2742.89 1453.86 2441.17 1272.49 1118.01 1322.92 1419.58 4317.63 4063.52 512.542 7266.61 1561.44 2502.08 1571.29 3746.38 2857.08 4538.29 2840.55 2106.34 1296.29 2875.79 2452.42 411.908 6542.89 2853.44 2987.88 1890.26 4074.09 727.977 1608.34 1192.12 2351.69 723.719 3618.2 2690.14 2127.16 1184.93 567.828 2755.13 2236.01 397.926 1289.17 2280.04 1167.61
internal_count=187200 94093 93107 49555 44538 55608 32362 34010 17193 37499 17808 11151 27645 33520 16202 22088 21873 30772 12858 8210 19862 11261 13878 23586 27607 10528 14165 6657 10510 5692 4717 19132 9135 4330 7225 8833 5004 9119 14238 4335 11964 11527 2032 1808 13014 5697 4188 8475 9004 1786 13913 4298 6871 6489 3285 1651 3206 3115 4495 2011 1055 2510 3282 11100 1582 2753 967 4535 8602 6807 2715 2152 6570 11214 7643 4085 1781 4712 2176 3165 1786 2711 3558 1719 2748 1800 1071 1546 2022 4931 5095 679 9348 1885 3210 1634 3227 2609 6118 3757 2713 1543 3541 3122 429 8331 2643 2549 1733 4640 1004 1597 1435 3049 1017 4247 3233 2960 1597 745 3491 2948 525 1505 3065 1456
is_linear=0
shrinkage=0.05


Tree=15
num_leaves=127
num_cat=0
split_feature=27 36 38 44 29 34 11 34 29 25 37 0 38 25 11 11 23 25 36 25 29 5 28 24 32 24 25 29 32 11 25 23 15 0 25 11 11 15 36 34 44 23 5 27 24 0 23 7 46 2 37 28 25 2 32 28 19 11 23 32 34 28 15 11 25 28 38 34 47 34 32 34 34 15 25 23 31 24 27 23 15 2 18 39 5 21 0 25 38 15 31 25 31 25 24 40 24 23 15 23 11 23 24 24 0 5 23 11 11 42 24 9 31 5 5 2 11 19 7 11 15 11 23 46 23 24
split_gain=1.0661e+09 2.31011e+08 1.9702e+08 7.9288e+07 6.13195e+07 6.11905e+07 5.99534e+07 4.77432e+07 4.13875e+07 3.75092e+07 3.82319e+07 3.31406e+07 3.0684e+07 2.94827e+07 2.60375e+07 2.45904e+07 2.27245e+07 2.14445e+07 2.02108e+07 1.97901e+07 1.92292e+07 1.69477e+07 1.58904e+07 1.56594e+07 1.54579e+07 1.54367e+07 1.45795e+07 1.43543e+07 1.41976e+07 1.376e+07 1.35476e+07 1.34506e+07 1.67394e+07 1.36811e+07 1.51458e+07 1.3267e+07 1.26593e+07 1.26895e+07 1.2437e+07 1.2424e+07 1.23808e+07 1.22009e+07 1.21974e+07 1.21099e+07 1.47902e+07 1.20031e+07 1.17328e+07 1.15724e+07 1.13945e+07 1.10545e+07 1.18441e+07 1.07605e+07 1.0686e+07 1.06379e+07 1.03177e+07 1.02075e+07 9.93707e+06 9.79182e+06 9.73457e+06 9.61222e+06 9.81354e+06 9.54233e+06 9.28875e+06 9.27247e+06 9.09237e+06 9.53624e+06 9.0922e+06 9.22556e+06 9.07557e+06 8.94593e+06 8.8137e+06 1.03586e+07 8.76844e+06 8.47258e+06 8.36609e+06 8.3286e+06 8.3041e+06 8.23214e+06 8.22594e+06 8.00884e+06 9.58237e+06 8.0004e+06 7.92586e+06 7.89407e+06 7.84841e+06 7.74595e+06 7.6756e+06 7.61079e+06 7.59478e+06 7.42429e+06 7.39641e+06 7.32763e+06 7.318e+06 9.19258e+06 7.24526e+06 7.20598e+06 7.08251e+06 7.09104e+06 7.03073e+06 7.82538e+06 8.15527e+06 6.99839e+06 8.72398e+06 7.86993e+06 6.87188e+06 8.81051e+06 6.8345e+06 6.83184e+06 6.81532e+06 6.74359e+06 6.71868e+06 6.69868e+06 6.87965e+06 6.64826e+06 6.61871e+06 7.01038e+06 6.6159e+06 6.68601e+06 6.60965e+06 6.60213e+06 7.66057e+06 6.55008e+06 6.49832e+06 6.42533e+06 6.41976e+06 1.15717e+07
threshold=0.01404320987654321 0.010092592592592594 0.011697530864197532 1.0000000180025095e-35 0.0078571428571428594 0.10277777777777779 0.25543735224586289 0.10277777777777779 0.010092592592592594 0.26944444444444449 0.34166666666666673 50.500000000000007 0.018293650793650796 0.13611111111111115 0.23348909657320874 0.21132485972747053 0.020661245126705658 0.086111111111111124 0.0065740740740740751 0.17500000000000002 0.028055555555555559 0.096579867858530913 0.080555555555555561 0.018095782789563617 0.028447811447811451 0.023240744825361686 0.18611111111111114 0.016388888888888894 0.024580277662469448 0.27093068535825549 0.058333333333333341 0.021740621458817919 7.5000000000000009 69.500000000000014 0.21944444444444447 0.21340823970037456 0.29190074906367047 17.500000000000004 0.018425925925925932 0.10833333333333335 1.0000000180025095e-35 0.023934766214177981 0.18537609774723179 0.03070987654320988 0.024176255179615556 26.500000000000004 0.046727836433718799 9.5000000000000018 1.0000000180025095e-35 1.0000000180025095e-35 0.047222222222222228 0.019444444444444448 0.13611111111111115 -1.0000000180025095e-35 0.029250033346672005 0.019444444444444448 1.5000000000000002 0.24202037351443126 0.028032245532245537 0.018847261126672895 0.13611111111111115 0.025000000000000005 17.500000000000004 0.32934002869440465 0.44722222222222224 0.44722222222222224 0.014365079365079367 0.091666666666666688 1.0000000180025095e-35 0.10833333333333335 0.024086586586586588 0.075000000000000011 0.12500000000000003 8.5000000000000018 0.15277777777777782 0.020099524658348192 -0.00013591800005508721 0.027580516356929659 0.031180555555555559 0.014853840086759343 13.500000000000002 1.0000000180025095e-35 3.5000000000000004 0.01404320987654321 0.079156223893066008 41.500000000000007 16.500000000000004 0.1138888888888889 0.033055555555555567 20.500000000000004 0.0013132727838610198 0.080555555555555561 0.00079119367045063645 0.11944444444444445 0.018640780868793536 0.0012516544110747015 0.023823898166645503 0.022653762359644714 7.5000000000000009 0.042610398860398864 0.26221550214865513 0.023531681190994917 0.026343856834343548 0.025481086226421049 70.500000000000014 0.13182720953326715 0.022595731324544888 0.22346683354192745 0.26064311594202905 1.0000000180025095e-35 0.015017561600146657 8.5000000000000018 0.0010295260295260303 0.10982310372554276 0.15170694284618338 -1.0000000180025095e-35 0.22745750184774577 1.5000000000000002 9.5000000000000018 0.20067114093959734 16.500000000000004 0.23463088939279417 0.027731481481481485 1.0000000180025095e-35 0.026564078282828286 0.026646246850875001
decision_type=2 2 2 2 2 2 2 2 2 2 2 2 2 2 2 2 2 2 2 2 2 2 2 2 2 2 2 2 2 2 2 2 2 2 2 2 2 2 2 2 2 2 2 2 2 2 2 2 2 2 2 2 2 2 2 2 2 2 2 2 2 2 2 2 2 2 2 2 2 2 2 2 2 2 2 2 2 2 2 2 2 2 2 2 2 2 2 2 2 2 2 2 2 2 2 2 2 2 2 2 2 2 2 2 2 2 2 2 2 2 2 2 2 2 2 2 2 2 2 2 2 2 2 2 2 2
left_child=1 5 9 6 17 8 11 14 15 10 41 22 59 21 24 48 23 35 101 20 68 28 -4 -5 30 36 43 86 39 92 123 89 33 34 -33 -3 37 53 85 110 63 42 69 44 108 -24 55 -25 -1 -30 -51 -43 54 -17 116 -28 106 75 -21 -9 -61 -23 83 78 65 87 -37 95 124 107 71 -19 -72 -41 -73 91 -50 -53 111 -32 -81 -11 88 -63 -55 114 -12 -47 -57 -15 96 -20 93 119 -52 -68 97 -62 99 100 -60 102 -7 -103 -34 118 -27 -2 109 -18 -13 112 -29 -108 115 -16 117 -14 -106 -10 -121 -88 -46 -6 125 -8
right_child=2 4 3 16 7 18 19 12 29 81 27 13 52 31 38 25 26 70 57 58 -22 61 45 47 -26 56 46 40 49 -31 79 32 104 -35 -36 66 -38 -39 -40 73 -42 51 -44 -45 122 64 -48 -49 76 50 94 77 -54 84 -56 82 -58 -59 98 60 90 62 -64 -65 -66 -67 67 -69 -70 -71 72 74 -74 -75 -76 -77 -78 -79 -80 80 -82 -83 -84 -85 -86 -87 121 -89 -90 -91 -92 -93 -94 -95 -96 -97 -98 -99 -100 -101 -102 103 -104 -105 105 -107 113 -109 -110 -111 -112 -113 -114 -115 -116 -117 -118 -119 -120 120 -122 -123 -124 -125 -126 -127
leaf_value=3.9850382500193784 6.1976342194620058 4.9775530639323371 -12.946998719675236 -7.8770882088464376 -6.0569904351994692 9.9913563348829104 -5.6962823483608105 8.6470853292352778 5.8501055328324263 3.869055726863126 -15.987359858975635 -8.2714839344736557 4.7258786917906406 10.373797998003727 -4.6795872275089385 2.7091683459280804 -11.872185736667815 3.2951784889989719 7.0441999769390726 2.3727599065552338 -11.828228604722597 -11.382090091220677 -10.67278514108205 -2.1287104608674809 -9.1957865181050078 8.5238712593997601 -12.056608839607264 1.889513565450712 -8.3037296123956512 -2.8750700667875977 7.0866072295941027 -2.8935256172693649 -9.9963113841687665 7.9025559988770269 6.3694022006367055 2.4928959668564565 -0.22155246717108118 -2.1735476028172993 -7.4714620594821071 13.043179094119825 -8.6523269468617467 -5.4996075446654347 -4.9311316844406363 -13.847035937300223 -4.6326723984725451 -11.722224018105072 -11.33088058339419 14.902345906164562 12.241078540586356 -5.4605291661736457 13.206943117164371 -2.0532803507797328 2.5388965719621024 7.9938849167812593 -4.5236447839203882 8.493700596452511 22.163016298820679 4.6380276083249381 10.270872751803282 0.94908045385616902 5.3247215311956548 1.6260859223419466 -10.837866344958965 -11.429092692866769 9.0215580318375466 -2.4221177850650402 -7.2672099094057252 0.84466484021882704 -9.5359027467472259 8.9584010118458917 -0.59531569862335543 7.4520537075276536 5.8526815191863406 2.1920298988354974 13.963233424941761 5.7323667390128206 7.6808880171336389 5.4352372564842568 -9.8881371129387574 2.5629092083092018 -3.3653965227132661 10.641343082159985 -5.1100503139839981 -5.616420165622233 3.8302266448552178 2.1139282998564375 4.4549123241163464 -5.0345939906915751 -5.6574778088525335 -0.2007982309218159 0.64723238731686172 11.530555502163949 -0.68652314255052316 8.2761009468452187 0.44778356268753355 4.0258876166504578 8.6838713876295746 -3.7311822404940864 -10.045696794796223 -7.0355601248242126 -2.6085432950613181 -2.5679129973914572 14.814419734981758 8.4397868706474544 -2.0441968185647652 -7.4501970316112196 5.4981434958285673 0.11863155807817601 -14.385113377972942 -5.0181093428008836 -0.47169005435866085 -5.8929851410422067 -3.5647373826940569 -3.5529560206970077 -7.5229062077889495 -0.89512371568596749 -1.9788946890543617 -9.1526325811224218 5.463109483902441 2.0186740059166994 -6.2934927317584224 -1.2722185099151808 -9.208119407783812 -0.091264248038804188 -7.9319567796837864 3.7502527939216908
leaf_weight=1806.5028041601181 968.40086671710014 2253.5859315991402 805.30483618378639 2044.7813251018524 900.78024786710739 5169.5238081216812 3246.7855194509029 928.65558359026909 879.40861797332764 893.56620395183563 69.650829434394836 343.62722384929657 879.88311830163002 508.39578068256378 2656.4940772950649 3802.3259302377701 1376.1355892419815 1071.5706487596035 1690.6993861496449 511.70204919576645 2946.2990419864655 834.50745382905006 888.51025819778442 803.6379676759243 431.49454006552696 2039.6613557636738 270.39166435599327 1467.3548304736614 1197.1802425384521 1653.8048601150513 674.03808742761612 1316.717524856329 320.59969174861908 816.48267707228661 663.76387748122215 2417.6016745865345 2047.6655683219433 735.70177710056305 2166.5049524307251 250.81859478354454 1322.061149597168 699.04157841205597 314.16943702101707 2878.9467653334141 1170.7021462619305 636.95537966489792 762.35489654541016 113.87634626030922 1189.7460935115814 915.35747799277306 147.27952048182487 673.43198454380035 1699.3507215678692 2736.6677087247372 2254.5681891441345 295.23082545399666 105.40666955709457 3540.6400854289532 138.60383826494217 2747.7424804568291 1186.0122652053833 544.77774283289909 546.45860436558723 301.19687059521675 124.69506901502609 2180.8585768938065 863.35910645127296 1364.9957453608513 2863.0299980640411 1118.9991549253464 842.42069956660271 1890.8367436826229 1409.2527849972248 636.11396545171738 667.4906100332737 2537.7262589335442 6204.4559633731842 806.51981511712074 321.65688720345497 2905.9534544348717 890.519087433815 851.81270742416382 542.78344234824181 1216.1352607905865 1929.9944393634796 642.58680373430252 799.88173487782478 1281.0494422912598 139.66791895031929 246.44546601176262 793.39601919054985 1971.4519696831703 1417.9069540500641 801.93977501988411 454.97595089673996 168.88799965381622 1373.7638284265995 264.34566277265549 577.0867568552494 1048.6776633262634 1085.4841270744801 188.88830691576004 1145.3005986213684 1156.7732758522034 1247.4633579850197 581.04229313135147 1400.0082336366177 884.15915468335152 1824.172757267952 485.46610826253891 1404.853746265173 674.72174596786499 954.04050162434578 237.2664395570755 936.04206249117851 2268.7993165254593 1434.6273238360882 96.275692492723465 383.27071997523308 1701.7341210246086 331.12149706482887 1328.2951073646545 2301.840039908886 904.60841989517212 2837.7162744700909 360.14378976821899
leaf_count=2469 1214 3157 599 1870 1138 5735 3573 1105 1204 1348 57 405 1180 630 3496 5775 953 1434 2147 655 2254 787 760 818 493 2482 202 1961 1260 2249 841 1616 342 1132 868 3422 3051 1112 2456 272 1254 899 380 1645 1043 504 558 108 1233 1100 166 862 2219 3469 2933 347 72 4750 180 3745 1567 632 534 304 168 2551 1068 1920 2664 1373 1204 2338 1881 793 725 3505 8064 1088 356 3994 1180 1040 533 1375 2782 903 1119 1292 132 344 1089 2055 2018 988 573 212 1813 358 563 1069 1298 278 994 1440 1538 673 1974 1158 1123 498 1774 798 1258 366 1152 2998 1912 121 497 2481 513 1737 1810 1274 2928 451
internal_value=4.80123e-07 3.5203 -4.85397 -6.31113 0.806052 5.87379 -5.04154 -0.470029 4.54258 0.301314 -0.642969 -3.2631 1.68126 -1.98201 -2.38081 5.50897 -9.36535 3.66727 8.24698 -7.37553 -8.30781 -3.88538 -6.41883 -5.44193 -0.0416137 4.26305 -10.33 -3.02622 -2.17369 1.09118 0.587774 0.674656 -0.210116 2.45628 0.210971 1.81127 3.33417 4.12518 -4.19039 0.440496 -4.49637 2.51401 4.43796 -11.1085 -10.0071 -5.39045 -6.44359 -0.0149184 7.54491 -4.71143 -1.87762 -0.387139 -0.855707 4.67235 -2.09219 -3.45831 7.02644 6.73581 -3.97705 3.89502 3.20172 -6.80018 -5.14305 -3.01896 -4.2792 -4.68383 0.329295 -1.85268 -7.19344 5.42851 5.89781 7.42224 3.44029 5.26066 9.15088 7.93382 8.41463 2.02769 -2.27781 2.06406 1.17234 7.1742 -1.08033 -3.37579 6.27192 -3.09744 0.345791 -7.25551 3.94904 6.92134 4.91275 9.45935 2.36929 3.53586 3.56799 -5.41952 6.11109 3.67417 -5.11719 -3.86577 -1.1502 10.1685 10.8661 6.89465 -3.1551 -2.16346 6.59252 3.29635 -12.2131 -10.0848 -2.00458 -1.48717 -0.259486 4.1865 -3.66877 -2.9363 0.181712 3.35708 -0.279758 2.23056 0.664748 0.880341 -7.66559 -3.0678 -6.1528 -4.75307
internal_weight=155977 90408.8 65568.1 51119.2 41986.4 48422.3 36109.2 29036.4 31021.3 14449 12703.6 20493.6 13658.6 14576.3 15377.8 24235.4 15010 12950 17401 15615.5 12254 8492.09 5917.37 2962.3 6707.39 15034.7 12047.7 7238.86 5350.21 6785.92 6275.9 6084.18 5329.34 2796.96 1980.48 7068.43 11252.4 9204.69 8670.43 2635.41 5041.03 5464.72 3285.73 10037.3 7158.32 5112.07 2010.43 917.514 9200.7 2714.79 1517.61 2178.99 6364.71 8468.99 4665.35 1248.07 3782.34 9740.52 3361.55 7293.92 6365.26 3141.88 2307.37 3718.97 4223.56 4098.86 4814.84 2397.24 9307.68 2971.56 5881.57 3629.9 2251.67 886.933 2558.33 6199.88 7394.2 1479.95 3417.77 4470.51 3796.47 1745.38 977.682 1760.91 4666.66 6503.92 2197.83 1918 434.899 754.841 3617.52 3662.15 5132.11 3714.2 602.255 1032.25 2824.12 1450.36 2849.85 2272.77 1224.09 7660.49 6314.82 1345.66 2532.38 2211.78 3676.94 1852.56 3685.77 1861.6 1748.48 3096.12 2421.4 1637.27 5861.34 4925.29 2410.79 976.159 1630.73 2912.26 2032.86 2128.18 3472.54 1805.39 6444.65 3606.93
internal_count=187200 118534 68666 50460 55328 63206 38820 37967 42302 18206 15818 23185 18042 17311 19925 32849 11640 17361 20904 15635 11870 9671 5874 2796 8920 21083 8844 8844 6343 9453 8427 7640 6666 3616 2484 9779 16189 13138 11005 3244 5931 6974 4125 7072 5427 5275 1772 926 11766 3099 1839 2849 8365 12026 6146 1214 4894 12457 3765 9677 8572 3328 2541 4677 4515 4347 6622 3200 9616 3745 7582 4497 3085 1065 3063 7707 9297 1950 4373 6015 5174 2388 1012 2007 6251 8549 2913 1796 479 974 4827 4202 7204 5186 739 1280 3738 1925 3110 2547 1478 8447 6729 1718 3050 2708 4822 2372 2574 1451 2179 4017 3219 2340 7646 6494 3213 1301 2035 4198 2994 2856 2853 2412 6952 4024
is_linear=0
shrinkage=0.05


Tree=16
num_leaves=127
num_cat=0
split_feature=27 36 36 1 1 1 13 30 11 33 11 1 28 1 14 36 30 30 1 9 30 15 39 28 37 29 31 30 1 30 1 24 23 31 33 5 1 39 28 9 37 1 11 14 28 31 15 29 6 1 1 6 39 5 31 24 5 6 24 6 24 10 24 36 11 23 37 6 28 34 1 31 23 11 30 27 6 14 11 15 42 11 33 34 1 5 11 2 1 6 37 23 24 1 28 11 24 30 24 28 6 21 37 23 43 28 24 11 24 23 11 28 1 40 33 24 36 2 23 24 1 5 11 23 21 6
split_gain=9.64929e+08 2.68032e+08 1.28912e+08 1.12467e+08 7.39576e+07 5.58292e+07 5.35688e+07 5.23997e+07 4.91069e+07 3.58974e+07 3.45948e+07 2.91456e+07 2.77692e+07 2.57169e+07 2.44519e+07 2.37432e+07 2.3368e+07 2.25351e+07 2.25212e+07 2.11275e+07 2.06059e+07 1.99335e+07 2.23245e+07 1.92252e+07 1.91115e+07 1.89097e+07 1.88624e+07 1.8313e+07 1.82529e+07 1.7646e+07 1.74121e+07 1.69862e+07 1.86694e+07 1.66698e+07 1.59599e+07 1.557e+07 1.52353e+07 1.50767e+07 1.39629e+07 1.46325e+07 1.38805e+07 1.34118e+07 1.29786e+07 1.29052e+07 1.54523e+07 1.47028e+07 1.46478e+07 1.28752e+07 1.26594e+07 1.26221e+07 1.22481e+07 1.24371e+07 1.22022e+07 1.1875e+07 1.14902e+07 1.1448e+07 1.13707e+07 1.13096e+07 1.12643e+07 1.09021e+07 1.05636e+07 1.02299e+07 9.87067e+06 9.53552e+06 9.45978e+06 9.45045e+06 9.41141e+06 9.33628e+06 9.81289e+06 9.32535e+06 9.30445e+06 9.18232e+06 9.08575e+06 9.05638e+06 8.97503e+06 8.88211e+06 8.6075e+06 8.59797e+06 8.54894e+06 9.11739e+06 8.50558e+06 8.20564e+06 8.01443e+06 7.88329e+06 7.85764e+06 7.76755e+06 7.70064e+06 7.68689e+06 1.15761e+07 7.61811e+06 8.4246e+06 7.4808e+06 7.48015e+06 7.4326e+06 7.4083e+06 7.39993e+06 7.27057e+06 7.20278e+06 7.11268e+06 7.02378e+06 6.94162e+06 6.88597e+06 6.76735e+06 6.7135e+06 6.69192e+06 6.69159e+06 7.76885e+06 6.68802e+06 6.66535e+06 6.49504e+06 6.48794e+06 6.4507e+06 6.40275e+06 6.39809e+06 6.39029e+06 6.35855e+06 6.29404e+06 6.20088e+06 6.19324e+06 8.41596e+06 6.16774e+06 6.14623e+06 6.14025e+06 6.13887e+06 6.06994e+06 5.98027e+06
threshold=0.011388888888888891 0.016388888888888894 0.0078571428571428594 -6.4999999999999991 -7.4999999999999991 -10.499999999999998 1.0000000180025095e-35 0.012283950617283953 0.2466642946095001 0.014907150623319624 0.24085229808121375 -5.4999999999999991 0.025000000000000005 13.500000000000002 10.500000000000002 0.010833333333333335 0.0052777777777777788 0.0052777777777777788 8.5000000000000018 3.5000000000000004 0.0058333333333333345 22.500000000000004 0.017685185185185189 0.036111111111111115 0.10277777777777779 0.0058333333333333345 0.0014717428949128891 0.015039682539682542 -12.499999999999998 0.0039285714285714297 9.5000000000000018 0.020361100152626235 0.022097362514029186 0.0016643388655134801 0.021781108382090762 0.13536417773705914 9.5000000000000018 0.0071825396825396836 0.036111111111111115 5.5000000000000009 0.44722222222222224 8.5000000000000018 0.26221550214865513 6.5000000000000009 0.83611111111111125 0.00021583430120015499 14.500000000000002 0.018968253968253971 0.049691358024691365 -14.499999999999998 8.5000000000000018 0.030457637600494747 0.012129629629629631 0.11647286821705428 0.00095745900699461086 0.055066340718709861 0.17262664963814392 0.13667496886674971 0.015290599104306512 0.037855266300453792 0.01473401434772565 10.500000000000002 0.040419871395766034 0.0205952380952381 0.20656665468918436 0.019262246117084832 0.75833333333333341 0.053908747457134566 0.84722222222222232 0.16944444444444448 4.5000000000000009 0.00067079463364293093 0.020409395642314903 0.27151675485008825 0.0039285714285714297 0.016080246913580249 0.133739837398374 9.5000000000000018 0.18695387888458326 20.500000000000004 1.0000000180025095e-35 0.28856066613798576 0.014999969561873609 0.22500000000000001 8.5000000000000018 0.21767001114827203 0.27461753932342176 -1.0000000180025095e-35 6.5000000000000009 0.079077644606565925 0.50833333333333341 0.018081798375916027 0.028441356281641638 5.5000000000000009 0.80277777777777792 0.2097338145725243 0.028441356281641638 0.0058333333333333345 0.016206987132069004 0.41388888888888892 0.098476102516739786 39.500000000000007 0.097222222222222238 0.011978039321789324 1.0000000180025095e-35 0.025000000000000005 0.014532702849097587 0.21225529632609283 0.024933922079967002 0.022741036821705429 0.25543735224586289 0.025000000000000005 -24.499999999999996 0.0007142857142857145 0.023208118129219194 0.018276137070111668 0.033611111111111112 1.0000000180025095e-35 0.023814959773863886 0.025206306933240847 -10.499999999999998 0.13819628647214857 0.26106541323932636 0.014782586763518969 39.500000000000007 0.15170694284618338
decision_type=2 2 2 2 2 2 2 2 2 2 2 2 2 2 2 2 2 2 2 2 2 2 2 2 2 2 2 2 2 2 2 2 2 2 2 2 2 2 2 2 2 2 2 2 2 2 2 2 2 2 2 2 2 2 2 2 2 2 2 2 2 2 2 2 2 2 2 2 2 2 2 2 2 2 2 2 2 2 2 2 2 2 2 2 2 2 2 2 2 2 2 2 2 2 2 2 2 2 2 2 2 2 2 2 2 2 2 2 2 2 2 2 2 2 2 2 2 2 2 2 2 2 2 2 2 2
left_child=2 3 11 20 29 24 27 14 17 35 19 40 42 31 23 54 37 60 26 48 82 22 65 97 74 96 43 55 122 123 33 57 89 53 56 67 105 78 104 99 98 47 93 44 71 46 125 -29 80 -31 51 116 -51 59 61 70 81 72 -25 -17 -7 -14 -34 107 -48 115 86 68 -9 -49 73 -19 87 114 -4 -44 111 -67 -16 -80 -8 -27 -2 -23 91 -20 118 94 -89 90 108 -60 -61 -11 -10 -79 101 -5 -1 -40 -35 -13 -71 -100 -12 -18 -107 -24 -33 -69 -99 -65 -26 -113 -6 -21 -41 -46 -30 -120 -42 -38 -22 -3 -56 -45
right_child=1 4 5 7 6 8 10 9 13 12 38 25 15 -15 16 30 36 18 85 21 28 83 63 58 112 34 -28 41 66 49 -32 32 62 100 -36 -37 121 -39 39 50 120 -43 75 45 117 -47 64 69 -50 52 -52 -53 -54 -55 124 -57 -58 -59 84 92 -62 -63 -64 76 -66 77 -68 109 -70 102 -72 -73 -74 -75 -76 -77 -78 95 79 -81 -82 -83 -84 -85 -86 -87 -88 88 -90 -91 -92 -93 -94 -95 -96 -97 -98 110 103 -101 -102 -103 -104 -105 -106 106 -108 -109 -110 -111 -112 113 -114 -115 -116 -117 -118 -119 119 -121 -122 -123 -124 -125 -126 -127
leaf_value=1.9435984654083995 -5.0827600926717764 13.494419652804929 8.5224850080332732 8.4582963611060187 -3.5914223652768871 2.5560527392693309 -7.115627852591043 0.44310104713186055 -0.074397451914103574 -0.70743605976424195 -12.763345407228574 8.0829226301273724 6.9476373453541855 -8.4221283891765051 15.594491234298625 5.6747824255618804 -2.3529528955313963 9.6241730109296011 0.47163294810126094 4.1947534362039285 -7.9943177023400143 -10.645634904985458 4.4831517240784411 2.7986556941678855 -18.364162448666285 6.2754154135901778 1.053010965946688 -4.9467897773713343 0.032879127619402065 -13.796739916110804 -7.0458564372448267 7.0713470700262535 -0.78571284608890202 -2.4533567725578393 8.5033816313602149 -8.6643766783791385 -2.3931998184184398 -0.10477179817813197 -10.77186245670992 2.6262748923201995 -4.4398103659126447 -12.30184328692912 0.096337886798480488 8.4392877427223958 -5.26812086452804 0.91180012627599505 5.4579965718628829 -10.268535310925353 -11.202023027541653 -4.5971602692647915 -7.6456013038021542 -4.0718673832772012 -10.618301523484071 -2.2478573377393221 -0.45505740176068193 7.9828711467861657 -0.5888945115381613 -5.0720756390365516 19.751672343160021 -1.2976411704930029 10.832218684494094 1.1452644715472455 5.494000151312842 -8.395514052546984 -1.4996753164124039 5.3237731234799242 -10.189504487207088 -2.4593214641800447 -7.8994268478312648 -9.6777210539025642 -8.0547057957431054 5.8596429901209879 -6.6487876369843626 -8.6473126227239572 -1.0758503144576883 -13.536224663888341 -9.7545865219835033 4.1876002582818144 10.303952886989912 0.85910900449729111 0.21594416676398082 1.318821274536635 4.7598589481147258 4.1890120081527638 5.3574694125321916 -8.4420105202968472 -7.3261066834599236 3.690331751212609 -1.5844210151066958 2.3567090728357103 2.0880866249084362 11.280177042883571 4.8902978326476312 -11.558484952163898 -7.5475657022176126 -4.2331582648535759 12.55137094161228 2.8675127587101708 22.75997321044586 -5.850243136705588 -10.913649970951559 12.182297622386594 -2.4675007128413866 6.3965752418201589 -7.066476539240151 -3.1680588472126439 5.2682589612307096 -1.8412642766056608 13.943559462351519 -7.9665489226461661 -5.7227782902080016 0.79478120488387671 -5.7399992644435276 -4.2956005149789673 4.7203529317750119 13.27413539274337 -4.6384520551216646 3.6350986980531896 -10.415299556026985 -2.1826862878943731 1.8826774685476071 -11.112837618952353 -13.135103118144418 -2.7646002351514847 6.2316416843813931 1.2890232884786468
leaf_weight=1080.8768629133701 323.90607309341431 79.188740789890289 321.41411858797073 374.23736724257469 456.78832572698593 484.40089955925941 779.52796414494514 2599.5152563154697 1633.7689830064774 1336.4062035083771 830.2810971736908 6311.5303660035133 2948.9172049164772 712.15559899806976 347.55519217252731 2065.0182091593742 891.35912814736366 3114.4140536189079 2122.791433006525 421.74995124340057 1206.8539289832115 625.08887112140656 802.67489862442017 460.08655405044556 105.47508203983307 7460.8310322761536 3106.0365905463696 2637.8660193681717 1240.1952252686024 2505.5672309994698 848.05799615383148 812.99539291858673 2430.0651715099812 1183.9571260213852 5982.0360063910484 1271.7670134305954 390.97533962130547 719.71850609779358 1176.8996726572514 1325.3272990584373 570.09413534402847 2106.5931823551655 155.84939932823181 2717.8860055208206 299.55724960565567 2680.3445976674557 1020.2803491652012 4428.628689289093 772.79849481582642 1024.4191674590111 1511.2103392779827 4167.9238620996475 4710.6609267890453 1401.4537456035614 1688.098894149065 181.66212177276611 780.37054857611656 1020.1980064511299 337.88535237312317 1550.8667132556438 1889.5809844434261 1023.2024182379246 842.78108617663383 390.00954124331474 937.36023074388504 973.20618975162506 746.59558328986168 1160.3048805594444 407.77948224544525 561.86245864629745 1265.7142444550991 3375.4276475906372 413.949558198452 369.0942764878273 1005.3085251152515 512.02273723483086 463.63766705989838 415.12520390748978 645.82123449444771 422.79571333527565 803.20217505097389 940.22683110833168 572.1416609287262 104.53183236718178 405.12619391083717 276.20816415548325 1236.5068553984165 3362.4943401813507 1506.0329588055611 790.20489633083344 431.67593374848366 1139.2453534007072 712.86861750483513 178.94161531329155 416.08380010724068 702.22164940834045 1508.2823581695557 766.42302089929581 64.455119341611862 1887.6586660444736 304.8908734023571 1222.8821841180325 773.37553465366364 2278.3972088396549 1359.621443271637 364.3338226377964 1087.2930651307106 872.29748469591141 623.37184783816338 994.01986241340637 308.18627780675888 1380.6152250170708 2103.4829266667366 1116.4848754703999 468.33664432168007 355.27610376477242 384.68662133812904 563.36866974830627 454.50907856225967 979.31031864881516 1192.8198564946651 418.32172933220863 1119.8184555768967 217.5337305366993 424.79658600687981 327.68262511491776
leaf_count=1627 388 87 389 461 477 671 755 3394 2444 1895 604 7679 3806 863 295 2644 1227 3931 2991 567 1322 607 1009 619 82 10040 4318 2800 1737 1607 1039 1061 3438 1528 7098 1414 453 985 1013 1640 871 1546 219 3480 415 3821 1401 3353 677 1153 1486 4670 3730 1717 2278 248 1130 1359 298 2083 2015 1413 1114 367 1347 1312 725 1603 447 456 1183 4528 572 354 1440 448 398 580 733 573 980 1399 790 135 535 357 1327 4541 2133 1081 573 1329 978 209 538 859 1465 1101 36 2018 334 1221 758 3063 1372 534 1466 1054 655 1120 409 1782 2801 1253 544 403 439 806 475 1290 1870 466 856 262 592 443
internal_value=4.51526e-07 -3.58728 4.31131 -0.587929 -6.21137 2.51511 -5.24041 0.735351 3.07553 -0.545359 -3.81307 6.84413 0.700553 0.851004 3.94705 1.51026 1.75003 4.53125 3.99821 -1.75964 -5.93626 -0.613226 0.117668 7.01158 -3.49389 7.57295 4.60024 -7.78507 -6.85211 -10.4049 -0.268436 1.31335 3.35951 0.527741 6.49375 -3.70892 -0.985901 5.78788 -5.59607 -4.83558 3.44275 -8.73453 -4.54812 5.33299 6.83039 3.90006 5.50094 -7.84009 -5.95632 -10.8362 -3.63087 -2.59869 -9.54279 1.75246 3.86833 -4.14585 5.18441 -0.139625 9.81187 3.04757 9.1435 5.45297 0.831358 -1.89092 2.12651 3.63792 -5.04536 -2.48795 -0.688119 -9.16423 -5.00655 7.66621 0.546661 -2.02553 1.24946 -10.355 -3.43076 1.88797 8.78261 6.56712 -3.39501 5.72068 1.20192 -8.52029 11.5261 -0.554637 -4.06324 0.977188 2.05864 6.47218 8.21307 13.218 0.650991 -1.98879 -1.59132 -1.10461 9.38262 2.48436 5.29882 -7.74032 -4.18588 8.74828 -5.50153 6.84676 -9.22639 1.05702 3.15089 1.1895 10.0538 -5.00039 0.403911 -2.41522 -6.34279 -1.48119 0.616343 8.34608 0.991994 0.544423 -2.55444 -4.79236 -0.161899 -6.90034 -10.4686 1.57458 0.8893 7.66997
internal_weight=155977 85137.3 70839.6 39727.9 45409.3 41446.8 36872 31848.1 37911.1 22768.7 23622.1 29392.8 16335.3 14995.8 9079.36 14152.1 5288.17 22915.3 20541.4 10978.4 7879.84 8622.92 7893.3 3791.19 3535.68 24206.2 18142.4 13249.9 6983.79 8537.37 8067.11 14283.6 5931.09 7219.06 15163.5 6433.39 3152.28 2135.89 12643.6 10453.7 5186.64 10508.3 2183.22 15036.3 7352.77 7683.55 5003.21 8401.73 2355.53 8240.65 7389.15 5877.94 5735.08 5730.21 6085.02 2741.6 9181.43 8352.53 2342.34 4328.75 2373.98 3972.12 3272.85 5025.72 1957.64 2867.58 4657.12 5161.62 3007.29 5763.87 2559.93 6489.84 7332.33 1294.22 1326.72 667.872 3350.75 2090.55 1416.17 1068.62 1582.73 8401.06 896.048 729.621 1882.26 2399 3910.52 6918.38 4868.53 2658.25 1868.04 1477.13 2263.74 1515.35 2049.85 1117.35 9042.69 1448.85 3423.73 3064.56 1488.85 7534.41 1335.24 2342.85 2189.9 2342.99 1451.63 1674.97 1436.37 2154.32 1074.61 2887.11 2208.96 2497.1 925.125 777.026 1710.01 862.926 2674.01 1433.82 1762.91 809.297 2326.67 296.722 2112.9 3045.57
internal_count=187200 94093 93107 49555 44538 55608 37699 40645 50896 29161 25980 37499 21183 20372 11484 18412 6732 30524 27838 12738 8910 10326 9584 4752 4712 30032 24490 11719 7732 6839 10323 19509 7922 9284 19667 7978 4146 2586 13242 11266 7467 8913 2771 20172 9680 10492 6671 7367 2412 6490 8235 6749 4883 7422 8089 2806 12569 11587 2781 5705 2686 5219 4552 5863 2748 3721 5554 6564 3841 4567 2558 8459 10228 1375 1829 667 3800 2751 1601 1306 1735 11439 1178 742 2162 3348 4829 9656 6674 3370 2289 1627 3061 2104 2982 1439 10365 1971 4726 3031 1862 8900 1214 3099 1976 3227 2000 2063 1716 2723 1510 3402 2883 3035 1021 970 2079 1221 3502 1765 2741 919 2178 349 2870 3923
is_linear=0
shrinkage=0.05


Tree=17
num_leaves=127
num_cat=0
split_feature=29 38 38 1 5 0 1 1 1 1 29 0 6 34 6 0 11 6 28 0 24 1 1 24 37 39 1 46 38 11 1 39 0 0 24 14 28 31 39 31 11 44 6 14 38 37 5 0 1 29 1 39 14 5 1 33 37 0 11 1 28 31 14 14 0 29 38 34 12 24 42 29 0 33 0 14 33 37 39 39 37 28 39 28 24 14 11 21 28 29 22 43 21 24 14 28 39 14 34 0 24 0 24 21 21 24 31 0 28 14 6 28 37 42 11 24 11 37 39 29 24 24 29 24 16 6
split_gain=8.75446e+08 1.90984e+08 1.65288e+08 9.30087e+07 6.59245e+07 7.55927e+07 5.73689e+07 5.51821e+07 5.43144e+07 4.03443e+07 3.98631e+07 3.68524e+07 3.2794e+07 2.66331e+07 2.65124e+07 2.36879e+07 2.29366e+07 2.17676e+07 2.14134e+07 2.49308e+07 2.10207e+07 2.09448e+07 2.01231e+07 1.74664e+07 1.71175e+07 1.65951e+07 1.62563e+07 1.6254e+07 1.56936e+07 1.56222e+07 1.54707e+07 1.52913e+07 1.51713e+07 1.51571e+07 1.50197e+07 1.48882e+07 1.41288e+07 1.36252e+07 1.33927e+07 1.3244e+07 1.26044e+07 1.24597e+07 1.2283e+07 1.14179e+07 1.13929e+07 1.13371e+07 1.07426e+07 1.06344e+07 1.06276e+07 1.05016e+07 1.04968e+07 1.03416e+07 1.02435e+07 1.01659e+07 9.84025e+06 9.67436e+06 9.59453e+06 1.11367e+07 9.5371e+06 9.5316e+06 9.33835e+06 9.33071e+06 1.27795e+07 1.07915e+07 1.0868e+07 9.2334e+06 8.88706e+06 9.84107e+06 8.85359e+06 8.74906e+06 1.25797e+07 8.62983e+06 8.60067e+06 8.57975e+06 8.45279e+06 1.28443e+07 8.21592e+06 8.15311e+06 8.12678e+06 8.03582e+06 7.99402e+06 7.81122e+06 7.47913e+06 1.18883e+07 7.71793e+06 7.44061e+06 7.28713e+06 7.27532e+06 7.26266e+06 7.07645e+06 7.00095e+06 6.93083e+06 6.85441e+06 6.79975e+06 6.7517e+06 6.7433e+06 6.65807e+06 6.61188e+06 6.55273e+06 6.52902e+06 7.29506e+06 6.43473e+06 7.81869e+06 6.43182e+06 6.41559e+06 6.37206e+06 6.35927e+06 6.3467e+06 6.26555e+06 6.87825e+06 6.24829e+06 6.35613e+06 6.67772e+06 6.2242e+06 6.21878e+06 6.16416e+06 6.15017e+06 6.75956e+06 6.11151e+06 6.09627e+06 6.0448e+06 6.02064e+06 6.41398e+06 6.00443e+06 5.98059e+06 5.91193e+06
threshold=0.01404320987654321 0.010833333333333335 0.010833333333333335 -4.4999999999999991 0.09491634491634493 61.500000000000007 -5.4999999999999991 -6.4999999999999991 6.5000000000000009 -5.4999999999999991 0.0061419753086419766 30.500000000000004 0.052357456140350887 0.10277777777777779 0.093178294573643419 95.500000000000014 0.28140169902912626 0.092807924203273051 0.086111111111111124 29.500000000000004 0.071649579870638302 -14.499999999999998 14.500000000000002 0.039425423519242032 0.3305555555555556 0.003402777777777778 7.5000000000000009 1.0000000180025095e-35 0.016944444444444446 0.25308830257739828 12.500000000000002 0.0088095238095238105 54.500000000000007 56.500000000000007 0.015841026277695413 10.500000000000002 0.030555555555555558 -0.00053150184962799782 0.013263888888888889 6.0961716930908108e-05 0.22264957264957266 1.0000000180025095e-35 0.11922530206112296 6.5000000000000009 0.0045370370370370382 0.047222222222222228 0.19378911892152145 71.500000000000014 -12.499999999999998 0.022500000000000003 6.5000000000000009 0.0073148148148148157 2.5000000000000004 0.17033365570599615 11.500000000000002 0.028802124807950347 0.047222222222222228 42.500000000000007 0.25728429985855733 6.5000000000000009 0.16944444444444448 0.0004528478057889824 4.5000000000000009 10.500000000000002 99.500000000000014 0.045617283950617288 0.018293650793650796 0.12500000000000003 14.500000000000002 0.020458845532212767 1.5000000000000002 0.0663888888888889 16.500000000000004 0.0087985084575079638 133.50000000000003 14.500000000000002 0.014805865673012454 0.1138888888888889 0.003402777777777778 0.003402777777777778 0.52500000000000013 0.036111111111111115 0.0093518518518518542 0.036111111111111115 0.019015871070708092 5.5000000000000009 0.23831367409349064 41.500000000000007 0.025000000000000005 0.0099382716049382733 17.500000000000004 1.0000000180025095e-35 43.500000000000007 0.050432103558745549 11.500000000000002 0.025000000000000005 0.0029320987654320994 4.5000000000000009 0.13611111111111115 64.500000000000014 0.028795912132703751 89.500000000000014 0.020173841483507007 41.500000000000007 24.500000000000004 0.026646246850875001 0.0008529711977987843 65.500000000000014 0.01388888888888889 2.5000000000000004 0.24544852697782193 0.55833333333333346 0.041666666666666678 1.0000000180025095e-35 0.29379795396419445 0.040930305866617049 0.33520599250936334 0.8583333333333335 0.012129629629629631 0.0088095238095238105 0.030409116686167668 0.016838963274050479 0.010833333333333335 0.042643192690408553 1.5000000000000002 0.15424266455194294
decision_type=2 2 2 2 2 2 2 2 2 2 2 2 2 2 2 2 2 2 2 2 2 2 2 2 2 2 2 2 2 2 2 2 2 2 2 2 2 2 2 2 2 2 2 2 2 2 2 2 2 2 2 2 2 2 2 2 2 2 2 2 2 2 2 2 2 2 2 2 2 2 2 2 2 2 2 2 2 2 2 2 2 2 2 2 2 2 2 2 2 2 2 2 2 2 2 2 2 2 2 2 2 2 2 2 2 2 2 2 2 2 2 2 2 2 2 2 2 2 2 2 2 2 2 2 2 2
left_child=1 6 9 15 5 12 16 31 11 41 44 72 18 27 29 21 34 28 113 -20 25 -4 39 24 46 -6 37 50 61 68 32 74 65 49 125 58 101 -21 86 77 91 80 76 107 92 -39 81 -45 -33 -23 73 -36 -47 89 82 -41 -14 -58 -35 114 104 63 -63 -13 98 85 -16 -68 95 -49 -71 -22 -9 -12 75 -3 -17 -10 -56 -24 -2 118 84 -84 -15 -27 -19 90 -31 -30 -40 -29 -8 -51 -88 -7 -61 -90 -65 -91 -101 105 -103 -75 -26 -34 -93 -38 -59 -110 111 112 -50 -5 -46 -111 117 -62 -11 -77 -18 124 -123 -60 -42 -1
right_child=2 7 3 4 20 14 10 8 22 23 13 17 56 54 66 42 120 38 19 26 71 33 79 -25 60 30 -28 40 53 88 -32 48 36 35 51 -37 43 45 87 55 121 -43 -44 47 59 52 -48 69 110 93 -52 -53 -54 -55 78 -57 57 108 123 96 116 62 -64 64 -66 -67 67 -69 -70 70 -72 -73 -74 103 -76 119 -78 -79 -80 -81 -82 -83 83 -85 -86 -87 94 -89 97 99 -92 106 -94 -95 -96 -97 -98 -99 -100 100 -102 102 -104 -105 -106 -107 -108 -109 109 115 -112 -113 -114 -115 -116 -117 -118 -119 -120 -121 -122 122 -124 -125 -126 -127
leaf_value=1.0803394349440303 -0.071275839135799338 4.0974986171319072 -13.84716391654001 -11.172408495287797 3.953812960175862 2.0894340216176688 10.134144797420921 -10.696321461250211 5.1421772766022489 5.3621460588871166 -2.3275129390190377 8.8346970085081811 -12.628336872728427 6.3892031921609123 0.40906931790744711 -9.901124656273506 -5.1628869153983512 6.242134537410994 -6.6255367808091243 12.438707611465267 5.8514838535542637 -7.8056550812838115 2.7898460592316692 6.889717720603179 -21.519153641570455 -7.1338395999586979 -6.1364658908764831 2.2095431749574992 4.6732687063893747 -5.9020350195348321 -10.872797816747934 -8.2940120071772316 -15.060287358266752 -2.4541774167097974 8.1282310948230005 -12.116124113686514 -2.2070456945152745 -5.2193910363055345 -15.958816542154134 -4.4037005819805293 2.4057651774795503 -10.387236726663353 -7.479649770102359 -9.4037569635582443 8.3078203060847375 5.0745360408015845 -5.2872241986925559 -7.4530854563417002 -7.8926388959638194 -13.055169412373946 -2.792339942613872 3.0392594646920412 -0.5393131975843598 -4.051073664330711 11.678463779066886 0.82224602142779679 -8.6898020272907033 -12.616067715995001 -8.6309673251667132 13.058028230292264 2.539564570120743 5.6011176956010686 0.55973384261220049 -4.0435460281019786 6.6501730920323325 -15.739224678460946 -9.0882521063837665 -1.4850773546299967 -0.7004778525516473 7.4505061885029455 -3.513208652150992 -10.371622500619996 -2.2976841127183181 2.8931418688651291 7.4014733427615411 0.56335642178612377 1.9727358392019951 -2.3879780643081747 -0.97893789318048074 -8.9466900391396784 -7.0255080053888976 7.572107039274127 1.0262960052049239 7.3383816794091778 12.751710358318043 -12.392143791514165 3.815578929821156 6.0436510330604678 8.440854371054602 -0.73980937397149127 -1.7040212296801389 7.9925474711753743 26.494186066268778 -7.4676113758824716 -5.7709286955543249 7.066857307457413 3.3928935726758063 -0.40352908033222668 7.7597404101680629 1.5833850222918278 9.4346539278024775 -10.803579862937582 0.80496519949731804 10.19068587239817 -3.8941292204619886 -7.8109720444485262 3.8683508731466021 4.928521538574631 2.0962182431487242 -6.4129909639541527 -10.949753755800655 -5.9648944229054797 -0.053160615654274858 -4.1892336905481669 3.3345405519429159 1.7307656176801069 -7.384581111390502 -3.7352876689199825 -1.6985271280546301 -8.022258243122586 3.1648836342871767 5.7793424669830937 1.1150900125822638 0.058020713508852718 -3.5624653690982635 -4.3573503661458375
leaf_weight=2081.2850172817707 1220.6142140626907 655.52473741769791 2431.722360253334 840.53363671898842 328.10735127329826 939.39423361420631 3674.6480256021023 368.19337862730026 1109.2243329882622 696.44472581148148 723.7869029045105 2818.961268633604 817.79018333554268 821.14578995108604 1167.6034998595715 175.88433080911636 1330.9787201881409 1166.6131039857864 1848.1090550720692 263.14407712221146 442.874143242836 2450.4346588551998 164.11156222224236 1890.3499341011047 54.614863514900208 3903.3117698132992 855.22893103957176 900.0455881357193 2655.51418659091 500.73432290554047 2645.1792433559895 1607.5782186686993 516.14833989739418 1773.1492963731289 1342.398745149374 947.49966406822205 931.92639431357384 673.95540833473206 88.514970451593399 2624.0402498245239 2275.0248236656189 669.77320861816406 1229.1164714396 1037.504860073328 8534.3059680759907 1434.9247485101223 267.10541146993637 823.19673326611519 318.99212753772736 2986.9985642135143 1242.040352076292 3894.7298708856106 1873.5707776844501 606.36381453275681 158.361009567976 1336.7185976207256 3190.757024616003 193.83842796087265 1637.9935792982578 195.8015872836113 2264.2293396890163 3595.7913112044334 1932.7072833180428 499.27063143253326 1292.1839291453362 424.47401109337807 844.08973532915115 858.39380952715874 643.31431686878204 338.06381589174271 1157.2741596400738 100.59280622005463 1771.2443809509277 2533.7218887507915 344.51246148347855 315.15421763062477 848.4559922516346 531.80469855666161 636.60224971175194 1310.2695223391056 624.75965395569801 1553.4708854854107 845.39530518651009 6341.9217266738415 1136.0557163357735 812.8545069694519 456.68082699179649 300.19782581925392 251.61228653788567 1881.1531058251858 3202.2735520303249 3784.2902620434761 65.159020513296127 665.86758100986481 307.22832658886909 2468.6789898276329 1980.5415117144585 1319.4231303632259 153.81118157505989 1113.6212259829044 402.90338349342346 265.07364544272423 320.34560152888298 342.78956082463264 945.27935793995857 734.47891637682915 1241.2784695625305 468.17626112699509 468.10303145647049 1209.1804402768612 252.13597694039345 1048.929920732975 1829.9244867563248 514.36190712451935 678.5564292371273 287.63509312272072 217.19129770994186 529.57425746321678 547.33473163843155 601.13104057312012 260.56178218126297 2507.6044284105301 1043.8936659991741 226.29468441009521 514.720069617033 657.84150698781013
leaf_count=3226 1660 943 1441 705 364 1292 4040 375 1427 879 1030 3578 612 985 1409 186 1893 1526 1751 295 591 2308 195 2503 34 3716 926 1261 3585 557 2201 1766 358 2118 1586 780 1143 689 69 3482 3363 567 1236 1006 10143 1789 327 873 413 1825 1802 5676 2209 804 142 1839 2799 141 1483 171 3063 4797 2679 696 1651 225 794 1052 823 372 1403 100 2290 3547 454 472 1059 761 874 1574 736 1946 1263 7996 1131 628 623 425 338 2492 4318 4738 25 586 400 3189 2779 1620 205 1538 520 267 418 407 1165 705 1730 584 602 1196 270 1344 2583 611 940 358 264 679 796 729 350 3430 1411 314 785 987
internal_value=4.70575e-07 3.19004 -4.39859 -5.55518 -4.24861 -2.58525 5.17648 0.531454 1.41759 1.05029 5.96941 2.52749 -4.82249 4.81981 1.01471 -8.84546 1.681 3.12443 -2.77121 -1.65006 -6.80799 -9.65886 -2.44302 2.62017 1.47945 -7.16485 0.15264 3.62397 4.01251 2.87336 -7.41858 -3.49515 -6.63982 -8.70597 2.77454 -6.53357 -5.0521 1.41951 0.39783 -1.0751 4.59224 -4.5458 -4.1097 -3.61389 8.02474 0.691408 4.2931 -5.19624 -4.93634 -10.3379 1.1711 4.34368 1.89546 2.12122 6.87827 -2.63999 -7.58439 -6.81331 -5.07939 7.23849 -0.670207 5.23621 3.8387 6.85791 3.99326 -8.67587 -2.95059 -5.25472 4.67938 -3.31345 -1.03455 2.84867 -3.74307 2.53842 0.308417 -1.24625 -0.0660651 2.7019 1.54249 -7.64031 -2.42566 5.20791 7.34212 6.59593 10.0823 -8.04013 3.75632 -1.4077 -0.658352 2.73951 -2.08744 6.25024 10.4192 -12.0366 -0.0399145 5.69489 4.26245 1.01296 -1.26368 1.22815 3.66927 -8.77767 -4.4513 3.76278 -4.85682 -10.8028 6.9739 0.178996 -4.03976 -3.19371 -3.37177 -2.77428 -1.21688 -8.52137 7.94152 -4.84805 0.720087 1.35015 2.25504 -5.06926 -3.79949 3.04291 4.40838 -7.57626 1.3046 -0.225602
internal_weight=155977 90408.8 65568.1 54087.4 38714 23464.4 51745.5 38663.3 31689.4 11480.7 42177.7 24613.2 14471.1 27048.7 8993.24 15373.4 9567.8 22473.8 8303.83 6948.93 15249.6 13120 7076.17 8965.59 7075.24 14706.1 5100.82 17109.2 16952.3 6123.16 14378 6973.88 11732.8 10688.2 7976.26 4584.94 6592.19 4245.6 5521.51 5601.79 12266.9 2515.15 2253.46 4756.14 15129 3982.45 3064.36 3356.04 5057.56 6103.3 4842.34 5237.13 3308.5 6659.56 9939.48 3960.76 6167.3 5349.51 3637.44 11389.2 4010.89 10292.7 5528.5 4764.23 1945.27 5140.64 2870.09 1702.48 4051.39 2318.53 1495.34 543.467 2139.44 3600.3 1916.32 1571.81 1024.34 1641.03 794.963 1474.38 1845.37 2797.25 9144.52 7187.32 1957.2 4716.17 1930.52 3590.99 2071.77 6053.19 3290.79 5925.61 3739.81 3652.87 763.909 3408.07 2176.34 1571.04 653.082 3397.68 1516.52 1836.05 585.419 2876.51 999.894 1250.63 5025.57 1400.1 2158.76 1964.92 3449.98 3197.85 2148.92 1354.9 9212.86 1496.82 3010.99 2793.8 1243.78 916.285 1591.54 6341.24 3551.5 1864.29 2789.74 2739.13
internal_count=187200 118534 68666 54047 40711 25757 67711 50823 41849 14619 53993 32571 14683 35895 11074 13336 13718 29906 8975 7659 14954 10855 9278 11656 9153 14263 5908 23504 22545 7819 13899 8974 11698 9414 11475 4695 7129 4982 7361 7509 16718 2963 2481 5381 18098 4687 3948 3654 6376 4719 6786 7262 3998 8939 12391 5321 5708 5096 3915 14033 5205 13606 7476 6130 2552 4569 3255 1846 5304 2648 1775 691 2665 4984 2598 2144 1245 2188 1016 1769 2396 3621 11375 9259 2116 4344 2549 4812 2515 8135 4387 7729 4065 2411 1023 4481 2950 1958 901 4550 2058 1748 685 3954 1199 1063 6468 1727 2297 2156 4610 4340 2996 1316 11083 1554 4006 3742 1675 1201 2243 8989 4841 1797 4148 4213
is_linear=0
shrinkage=0.05


Tree=18
num_leaves=127
num_cat=0
split_feature=29 36 1 36 1 0 5 11 11 31 5 1 25 36 11 1 25 11 33 1 39 15 6 33 1 1 30 21 0 26 1 11 36 12 33 25 2 1 1 25 33 42 0 39 0 32 34 39 32 9 26 25 32 1 6 24 25 25 5 1 1 5 6 33 32 1 30 30 21 1 18 27 31 26 39 39 32 33 0 5 32 1 26 30 25 31 27 31 24 29 30 15 11 29 25 25 30 0 12 0 6 1 0 25 32 27 10 5 30 1 32 34 24 25 6 6 11 30 0 34 39 6 32 32 15 0
split_gain=7.92981e+08 2.36297e+08 9.81717e+07 9.78155e+07 6.15979e+07 4.61343e+07 4.96408e+07 4.48183e+07 4.4721e+07 3.88012e+07 3.55511e+07 2.62315e+07 2.50914e+07 2.36724e+07 2.33539e+07 2.2159e+07 2.20192e+07 2.12772e+07 2.1097e+07 2.07812e+07 1.96379e+07 1.94686e+07 1.73205e+07 1.72997e+07 1.7126e+07 1.70353e+07 1.69192e+07 1.67582e+07 1.6283e+07 1.51119e+07 1.5474e+07 1.49537e+07 1.48731e+07 1.47449e+07 1.38059e+07 1.31212e+07 1.30458e+07 1.28336e+07 1.28169e+07 1.27861e+07 1.27478e+07 1.2042e+07 1.19429e+07 1.1781e+07 1.14335e+07 1.07298e+07 1.45084e+07 1.06594e+07 1.04105e+07 1.03669e+07 1.02036e+07 1.0202e+07 1.10224e+07 1.01763e+07 1.13394e+07 9.94313e+06 9.91839e+06 9.76788e+06 9.54847e+06 9.33595e+06 9.17736e+06 1.14217e+07 9.15606e+06 9.12198e+06 9.09056e+06 8.98248e+06 8.69948e+06 8.60473e+06 8.37144e+06 8.11099e+06 8.06571e+06 7.97336e+06 7.92089e+06 9.75435e+06 7.71426e+06 7.47335e+06 7.42146e+06 1.50426e+07 7.99807e+06 9.73655e+06 7.54514e+06 7.38619e+06 7.3704e+06 7.34475e+06 7.27708e+06 7.22567e+06 7.17407e+06 7.16183e+06 7.12597e+06 7.32603e+06 7.08216e+06 6.98077e+06 6.9508e+06 7.2021e+06 6.9289e+06 6.92118e+06 8.9707e+06 6.91244e+06 6.89002e+06 6.81448e+06 6.76355e+06 7.88746e+06 6.71675e+06 6.70971e+06 6.61921e+06 6.6132e+06 6.5493e+06 6.54899e+06 6.54595e+06 6.5386e+06 6.48287e+06 7.80814e+06 6.48279e+06 6.38466e+06 6.35716e+06 6.27337e+06 6.25118e+06 6.24505e+06 6.23302e+06 6.15211e+06 6.14943e+06 6.11308e+06 6.09823e+06 6.08799e+06 6.963e+06 6.85e+06
threshold=0.010833333333333335 0.016388888888888894 -5.4999999999999991 0.0078571428571428594 -4.4999999999999991 64.500000000000014 0.16145324209840342 0.23887201162329946 0.26589011580931865 0.0013575268817204304 0.14595037453183524 -9.4999999999999982 0.097222222222222238 0.024523809523809528 0.25308830257739828 13.500000000000002 0.069444444444444461 0.23463088939279417 0.028452746958343069 -5.4999999999999991 0.0058333333333333345 22.500000000000004 0.093178294573643419 0.054334271823336118 -12.499999999999998 -14.499999999999998 0.0052777777777777788 41.500000000000007 56.500000000000007 1.0000000180025095e-35 10.500000000000002 0.32672684458398749 0.01404320987654321 1.0000000180025095e-35 0.016576219962568157 0.15277777777777782 1.0000000180025095e-35 3.5000000000000004 10.500000000000002 0.10833333333333335 0.016759545673902244 1.0000000180025095e-35 24.500000000000004 0.0099382716049382733 114.50000000000001 0.031175988914084154 0.13055555555555556 0.003402777777777778 0.023190322828003991 4.5000000000000009 1.0000000180025095e-35 0.23611111111111113 0.028327886710239652 13.500000000000002 0.13811445341159209 0.037344692384689973 0.22500000000000001 0.15833333333333335 0.13015245623941277 4.5000000000000009 -1.4999999999999998 0.083683473389355764 0.079077644606565925 0.031408180546042698 0.040754357298474951 7.5000000000000009 0.0049691358024691367 0.026150793650793657 41.500000000000007 -3.4999999999999996 3.5000000000000004 0.0077083333333333335 0.0015240350254980041 1.5000000000000002 0.016944444444444446 0.0023015873015873019 0.028577828981054793 0.022855377361085279 27.500000000000004 0.036811201445347795 0.023979044834307992 -2.4999999999999996 1.0000000180025095e-35 0.0052777777777777788 0.14166666666666669 -0.0008125834008986182 0.024523809523809528 0.00029496718380934858 0.043959639659622608 0.018293650793650796 0.026150793650793657 17.500000000000004 0.2440442427680091 0.02675925925925926 0.10277777777777779 0.2305555555555556 0.037261904761904767 143.50000000000003 1.0000000180025095e-35 61.500000000000007 0.13172353961827649 7.5000000000000009 30.500000000000004 0.10833333333333335 0.028577828981054793 0.022500000000000003 10.500000000000002 0.23354978354978359 0.028950617283950621 -8.4999999999999982 0.01906441869677164 0.14166666666666669 0.042048894019656322 0.19722222222222227 0.11558704453441297 0.037855266300453792 0.19713169528117613 0.012870370370370372 143.50000000000003 0.13055555555555556 0.0039285714285714297 0.05486978774650008 0.029087938205585268 0.048904320987654328 4.5000000000000009 46.500000000000007
decision_type=2 2 2 2 2 2 2 2 2 2 2 2 2 2 2 2 2 2 2 2 2 2 2 2 2 2 2 2 2 2 2 2 2 2 2 2 2 2 2 2 2 2 2 2 2 2 2 2 2 2 2 2 2 2 2 2 2 2 2 2 2 2 2 2 2 2 2 2 2 2 2 2 2 2 2 2 2 2 2 2 2 2 2 2 2 2 2 2 2 2 2 2 2 2 2 2 2 2 2 2 2 2 2 2 2 2 2 2 2 2 2 2 2 2 2 2 2 2 2 2 2 2 2 2 2 2
left_child=3 2 17 12 20 13 14 16 9 10 22 -9 19 18 21 27 33 34 76 118 66 39 36 41 -19 -22 -18 32 86 30 31 49 40 109 98 65 37 108 42 116 -13 45 -21 -24 50 46 121 -40 -41 -10 99 52 -20 54 72 70 92 59 69 81 104 -62 63 102 -25 67 -3 91 -11 -51 -16 115 73 103 -56 -67 77 78 -6 -80 106 -38 -54 -36 -31 -33 -27 -83 89 -26 -48 -12 93 119 -45 96 -79 -23 -2 117 101 -50 -34 -28 -35 -47 -81 -73 -4 -5 -42 -112 -8 -60 -85 -44 -7 -14 -1 -30 -61 -15 -104 124 125 -43
right_child=1 4 8 7 5 6 112 11 29 68 35 15 44 23 55 -17 26 24 51 38 25 97 43 64 88 28 53 -29 56 84 -32 85 62 60 83 -37 57 -39 47 48 110 123 71 94 -46 105 90 -49 100 58 -52 -53 82 -55 74 -57 -58 -59 113 120 61 -63 -64 -65 -66 75 -68 -69 -70 -71 -72 107 -74 -75 -76 -77 -78 95 79 80 -82 87 -84 114 -86 -87 -88 -89 -90 -91 -92 -93 -94 -95 -96 -97 -98 -99 -100 -101 -102 -103 122 -105 -106 -107 -108 -109 -110 -111 111 -113 -114 -115 -116 -117 -118 -119 -120 -121 -122 -123 -124 -125 -126 -127
leaf_value=0.68667181825199286 -10.185470225376164 5.1982582727387836 4.9282144779739285 -10.523213202221507 -9.8335902595921585 5.3142123615137331 -8.4344618590150091 -5.1204189226218935 -3.9388472572827937 -3.311515335120951 2.750083496658041 -0.12208764175008641 24.373966231370702 -5.9113424350828261 -1.4340660159030261 -7.1423825654626771 9.3569860931231172 -10.521021024561934 6.235794635146509 -2.1938162469282525 -12.875261468797198 -9.5619606452611592 5.5106508087590349 2.4111464890670971 -3.8036004440251254 -8.1525295916490776 5.5724110565696066 6.6206316513122516 -5.223798703678769 -10.122154688786004 -6.922488367629855 11.884306054505345 -9.284563479070739 0.65813164556665593 8.0129781594521408 4.3899847326480232 -1.4356705094092121 -3.4231702439453189 12.914999632440797 9.7963446538915786 7.3093581244073391 -5.9221686043086308 8.8427594319733167 -3.4202381883910422 11.866768085887685 -9.3035015152128882 9.9851952080969308 -0.58430629460772832 5.601317314663425 -3.0406888805801429 4.7367238923392154 7.8888116045148209 -1.8457501343072307 -3.8513238157693408 3.6269306904696927 2.527559043786769 1.3705055018695533 10.139154318522472 -3.824822890736236 11.097861336620428 6.0904847220608787 0.33791386326573503 -4.0884690939221162 4.0497389608585719 -5.1465995682955024 14.217965520433811 -5.0443065792255695 -7.4927861210651345 3.9330151956114037 4.0309114386482614 -6.8598418922814623 5.2788103285412795 2.3628378555558931 2.7800028747144236 -3.7784265398067749 -6.8483455605585153 -9.3830590916340668 2.4159034838003746 -0.6292728889887238 -2.8914489941520123 -10.769830509852177 10.120292684233126 -9.877527739733468 2.0592940230747829 -3.0623947577815263 -5.4316754608516291 -11.885702634614809 5.1803661641883885 1.5917119062772327 -8.3419013395924466 -4.8617385603557128 -7.0857484487109721 -8.5499006483717661 -9.5137240262334739 1.7149653735069568 14.928484935254577 -8.4569939145320916 2.472945707184989 -3.0624027950792119 9.7120003154475434 -3.1234702139044392 -2.5661210892366615 0.57426573987597296 8.9170496467658591 -12.579825641018871 -13.732868195975545 -12.990651604026727 -6.4117383300775872 0.41255397026658414 -1.2672344065482317 1.4997730679769641 6.2457148632861017 -0.13453027656332281 10.55645347014767 -4.5183151455813944 6.0861627504006055 -1.5296809371521523 6.1213505605972651 9.5735889746163227 1.7084109976100483 2.3461946702567107 -12.617785669930697 -7.7989275336805663 -10.250223841928042 -8.9538051365917983 -0.50444421442869369
leaf_weight=2724.8145360648632 475.69947293400764 322.90698969364166 3669.5841264724731 226.07173949480057 1134.27483060956 407.40857455134392 2662.6164073944092 1796.7775723338127 914.37709474563599 3485.3375245332718 1159.838256508112 3062.6072813272476 47.747339010238647 758.412623077631 1126.7413712143898 746.77392673492432 2090.6738951206207 1919.9067046642303 384.5530858039856 390.91951590776443 2319.1217656731606 485.52344787120819 1019.6911056935787 529.59223890304565 2403.9526042342186 2576.8512690365314 3584.5818193852901 1540.8091849386692 805.80601954460144 751.97024136781693 1016.4699526429176 62.859263777732849 241.25564777851105 1619.5756505727768 321.65456193685532 772.73543903231621 230.58955892920494 676.95637691020966 168.25181025266647 747.30436715483665 1124.754887253046 1762.2263286411762 4530.9933627545834 1297.833973556757 1789.9568637013435 1658.922675460577 167.77865979075432 1117.48736551404 1694.0727995634079 467.15028667449951 2454.4447368383408 305.97363919019699 2372.9677103757858 356.12399870157242 866.4988252222538 564.2202672958374 425.52143755555153 1332.4083198606968 866.83808591961861 219.91622003912926 2708.812363743782 1266.2103237211704 1641.6949128508568 1163.7539656162262 1599.7208557128906 43.6036177277565 579.07951062917709 357.01315334439278 450.28597056865692 3071.9933522045612 1746.8940544128418 4242.6714355647564 1810.1190421879292 1791.5311153829098 591.90470117330551 1220.5644707083702 1133.480318069458 673.22333988547325 919.89534687995911 1047.870907753706 759.35008236765862 1600.423615783453 324.71873372793198 1040.0929812192917 709.35470852255821 1448.8295545876026 2570.8126101791859 1354.8183286190033 392.63162994384766 1411.3010051846504 154.0896845459938 213.6184456050396 2201.1779904067516 498.23312303423882 1330.0984469056129 77.188562333583832 264.13195440173149 158.18497562408447 1185.6331838965416 4294.8783004283905 375.37549418210983 358.0830469429493 1766.637932151556 2577.8610108196735 100.27518978714943 1712.6982637941837 189.5741463303566 123.27741429209709 1027.1964644193649 1222.9442672729492 2720.294597029686 1271.8390178382397 258.0647177696228 84.718776047229767 567.91482353210449 3790.5975667238235 1843.0305137634277 2528.9579766392708 212.70609226822853 530.92742756009102 2299.6478872895241 615.60533225536346 247.97356331348419 825.04409313201904 1043.8480865359306 872.21450927853584
leaf_count=4230 435 373 5092 283 986 566 2525 2334 1122 4438 1462 4467 28 672 1307 923 2243 1677 486 562 1442 466 1233 684 3124 2329 4763 2125 919 785 1184 77 260 2431 414 971 282 915 163 913 1460 1762 5308 1736 1722 1391 172 1695 2319 635 3347 431 2748 500 1225 738 581 1590 1066 229 3575 1890 2163 1558 1722 50 645 428 618 4038 1776 5764 2519 2600 777 1543 1098 816 1037 1157 613 1883 305 1442 852 1721 1583 1865 551 1316 144 274 2014 435 1802 80 248 214 1630 4855 446 447 2417 3094 120 954 147 163 1382 1651 3827 1655 338 117 775 4859 2230 3162 252 676 3110 419 341 646 974 1051
internal_value=5.31664e-07 -3.07571 -0.397699 4.13235 -5.54258 -4.4205 -1.99981 2.47775 0.897627 2.05224 2.95242 0.599091 6.35293 -5.8337 -0.248261 1.26089 4.04156 -4.81684 -3.99174 5.16205 -8.49111 1.6169 3.97791 -7.34301 -6.60777 -9.02901 5.21726 1.68543 -8.10075 -2.02279 -1.16211 -0.315584 1.11113 1.79196 -1.76075 -1.41892 4.8681 3.01297 5.94568 2.59237 2.42933 -8.24987 6.41397 0.948928 8.2065 -9.92178 -6.67772 1.18221 4.636 0.913902 7.50398 -0.819181 -1.68362 4.46978 4.73383 -3.54091 -5.88996 6.28458 1.902 5.38441 2.93778 4.25805 -1.0192 0.454301 -3.26687 -2.91785 -1.37752 -0.57731 -2.48265 3.09749 -4.73242 6.67919 5.34808 6.02744 0.621407 -6.12173 -5.72577 -4.9074 -6.27097 -4.8855 -6.84629 7.1831 -2.81253 1.11587 -6.69521 -4.71164 -10.0169 7.8556 -4.82229 -5.48236 2.87745 1.22028 -6.65542 -4.38285 -0.821113 0.537176 -0.647908 -6.6045 -5.10199 8.49241 3.04741 4.17617 -1.40051 6.97153 -0.113702 -11.5535 -4.43863 4.94871 3.94063 -2.71133 3.95643 3.01177 -7.7011 -2.54443 -0.26378 7.58709 -0.290696 6.45958 1.33017 -2.47044 3.11007 -8.91605 -0.45637 -6.3685 -5.49783 -4.12846
internal_weight=155977 89420.8 42875.5 66556.1 46545.3 33714.9 12427.5 38138.4 33156.7 23762.2 19826.5 17325.2 28417.7 21287.4 9506.84 15528.4 20813.2 9718.79 9587.2 17301.7 12830.4 6068.98 16059.2 11700.2 6127.79 11928.5 13669.3 14781.6 9609.33 9394.56 7933.24 6916.77 13240.8 7143.89 3591 3767.37 12411.5 5373.74 14364.2 5425.27 8179.5 9570.84 13078.5 3647.62 11116 5067.51 1695.89 1285.74 3174.84 5405.08 9326.03 3388.21 3082.24 11578.6 11222.5 3437.86 4461.67 7037.8 4490.7 5705.4 5694.87 3975.02 5061.32 3419.62 2129.31 2994.64 901.987 1730.47 3935.62 3539.14 2873.64 12687.5 9764.09 7953.97 1458.4 1264.17 6198.99 5065.51 4050.97 2916.69 1996.8 3185.83 2697.69 1929.66 1461.32 1511.69 5147.66 2955.24 4207.89 3815.25 321.868 1373.46 4036.14 1834.97 2627.93 1014.54 937.355 643.708 1661.33 6871.58 2427.53 2052.16 2255.87 6162.44 1719.85 3371.62 1237.45 4365.95 4696.78 1449.02 5116.89 3992.13 2920.68 951.557 1608.01 8321.59 2250.44 2576.71 2937.52 1336.73 2519.56 1374.02 2014.61 4503.33 3678.29 2634.44
internal_count=187200 99889 53864 87311 46025 35028 14285 51201 42500 30903 25847 23530 36110 20743 11422 21196 27671 11364 10152 22996 10997 7601 21119 10591 6668 9979 17721 20273 8537 11597 9960 8776 18148 9950 4696 4728 16348 7389 18514 6921 11409 8185 16656 4771 13114 3752 1407 1858 4125 6978 11392 3970 3539 15478 14978 3821 4625 8959 5856 7369 8016 5465 6739 4576 2406 3757 1018 2164 5056 4673 3083 16094 12976 10457 2002 1593 6182 5084 3940 2954 1917 4030 3053 2631 1637 1798 3912 3748 4991 4440 316 1736 4044 2030 3538 1144 1064 680 2065 8045 3212 2766 3018 7857 2551 2345 1304 5927 6474 1934 6942 5482 2863 1183 2217 10167 2796 3190 4482 1595 3339 1091 2758 4433 3787 2813
is_linear=0
shrinkage=0.05


Tree=19
num_leaves=127
num_cat=0
split_feature=29 38 38 1 5 11 30 33 1 1 12 1 30 42 29 24 23 24 23 24 23 30 1 1 24 23 30 1 1 30 24 23 24 38 33 12 23 28 23 38 24 16 11 29 33 24 1 24 11 38 46 23 28 24 33 31 39 42 1 23 24 21 46 33 38 29 43 24 23 5 21 30 11 24 14 30 38 21 39 33 29 14 1 23 24 30 35 14 32 11 23 1 1 38 23 24 28 11 14 24 23 1 23 1 15 35 31 11 4 33 12 15 42 30 9 1 33 32 22 33 32 33 24 24 39 24
split_gain=7.20345e+08 1.58537e+08 1.38861e+08 7.54916e+07 5.6734e+07 5.65075e+07 5.13784e+07 3.5662e+07 3.3942e+07 3.26988e+07 2.93257e+07 2.84511e+07 2.76607e+07 2.62e+07 2.2158e+07 2.19052e+07 2.18729e+07 2.75652e+07 2.18489e+07 2.45723e+07 1.9522e+07 1.94853e+07 2.15012e+07 1.90787e+07 1.8754e+07 1.79085e+07 1.64318e+07 1.57707e+07 1.62105e+07 1.77276e+07 1.52192e+07 1.49672e+07 1.48252e+07 1.4269e+07 1.49929e+07 1.39001e+07 1.35025e+07 1.34441e+07 1.32304e+07 1.32008e+07 1.36579e+07 1.31113e+07 1.26715e+07 1.25507e+07 1.23481e+07 1.18409e+07 1.16834e+07 1.13602e+07 1.08215e+07 1.04205e+07 1.02599e+07 1.02343e+07 9.85878e+06 9.99087e+06 9.81718e+06 9.59382e+06 9.50312e+06 9.1215e+06 9.11998e+06 8.91362e+06 8.75527e+06 8.72834e+06 8.67457e+06 8.55826e+06 8.51312e+06 8.49852e+06 8.45858e+06 8.43311e+06 8.43731e+06 8.34889e+06 8.12462e+06 7.83781e+06 7.73651e+06 7.63178e+06 7.50683e+06 9.41832e+06 7.56774e+06 7.4455e+06 7.2726e+06 7.22993e+06 7.15927e+06 7.12816e+06 7.12196e+06 6.99383e+06 8.20944e+06 6.92926e+06 6.8897e+06 6.85683e+06 6.79376e+06 7.04113e+06 6.70051e+06 6.56239e+06 6.48528e+06 6.44457e+06 6.4411e+06 6.403e+06 6.36162e+06 6.33681e+06 6.31011e+06 6.26342e+06 7.22222e+06 6.18454e+06 6.17378e+06 6.13306e+06 6.02371e+06 5.98958e+06 5.97718e+06 5.95921e+06 5.94456e+06 5.87075e+06 5.84904e+06 5.82105e+06 5.80877e+06 5.80244e+06 5.79952e+06 6.28022e+06 5.78903e+06 5.83617e+06 5.78643e+06 5.75261e+06 7.20699e+06 5.92672e+06 5.67732e+06 5.6483e+06 5.52736e+06 5.48415e+06
threshold=0.01404320987654321 0.0089583333333333338 0.010833333333333335 -4.4999999999999991 0.09491634491634493 0.24896694214876036 0.018425925925925932 0.015378177401501257 -3.4999999999999996 -7.4999999999999991 1.0000000180025095e-35 11.500000000000002 0.0093518518518518542 1.0000000180025095e-35 0.0081790123456790143 0.022337119820817711 0.03234347442680776 0.029395924008922825 0.023235879926020775 0.020553377021342197 0.016836311836311839 0.0039285714285714297 -13.499999999999998 -9.4999999999999982 0.025612508358431253 0.021840392589093583 0.023981481481481482 -10.499999999999998 14.500000000000002 0.0052777777777777788 0.043959639659622608 0.025403330731199585 0.018831011770625638 0.037261904761904767 0.03333367575804274 1.0000000180025095e-35 0.027184650455927054 0.041666666666666678 0.018531031031031035 0.020069444444444449 0.032211119283795879 3.5000000000000004 0.27315608919382511 0.0089583333333333338 0.021039905619420814 0.04472502139047168 8.5000000000000018 0.015110805556046998 0.24456264775413714 0.02194444444444445 1.0000000180025095e-35 0.016067221067221072 0.019444444444444448 0.016750320510607118 0.016301717087709132 0.0017591832390682963 0.0039285714285714297 1.5000000000000002 8.5000000000000018 0.020326743040157677 0.033487428766818858 37.500000000000007 1.0000000180025095e-35 0.032558304293624198 0.016080246913580249 0.018968253968253971 1.0000000180025095e-35 0.019776768519466307 0.021131111825422339 0.10652482269503548 39.500000000000007 0.025625000000000002 0.21073190789473686 0.025342455407670432 15.500000000000002 0.011388888888888891 0.018968253968253971 37.500000000000007 0.01451388888888889 0.014419422214702132 0.0039285714285714297 10.500000000000002 -15.499999999999998 0.020661245126705658 0.01316776752615388 0.0017592592592592592 23.500000000000004 7.5000000000000009 0.029087938205585268 0.12527056277056278 0.012508790436005628 -9.4999999999999982 -11.499999999999998 0.023395061728395065 0.028191872427983544 0.019400340857731801 0.36388888888888893 0.27228596646072378 2.5000000000000004 0.033216349953615956 0.043405720338983052 -12.499999999999998 0.026308731039585646 13.500000000000002 9.5000000000000018 10.500000000000002 0.0010438360438360442 0.259437321937322 1.5000000000000002 0.014229823701018779 5.5000000000000009 11.500000000000002 4.5000000000000009 0.0058333333333333345 3.5000000000000004 5.5000000000000009 0.016115266795658778 0.016360830527497195 28.500000000000004 0.017497988841687736 0.021888528138528141 0.022855377361085279 0.020262789033528867 0.075968990968707475 0.0061419753086419766 0.019590985052662834
decision_type=2 2 2 2 2 2 2 2 2 2 2 2 2 2 2 2 2 2 2 2 2 2 2 2 2 2 2 2 2 2 2 2 2 2 2 2 2 2 2 2 2 2 2 2 2 2 2 2 2 2 2 2 2 2 2 2 2 2 2 2 2 2 2 2 2 2 2 2 2 2 2 2 2 2 2 2 2 2 2 2 2 2 2 2 2 2 2 2 2 2 2 2 2 2 2 2 2 2 2 2 2 2 2 2 2 2 2 2 2 2 2 2 2 2 2 2 2 2 2 2 2 2 2 2 2 2
left_child=1 7 8 21 6 10 39 23 35 82 32 15 45 16 70 43 17 36 19 20 47 116 -23 -1 103 108 48 86 29 -29 31 44 101 34 57 -2 55 -14 -34 52 81 46 62 64 69 56 49 91 93 63 61 -21 97 -54 -33 67 113 -15 -58 96 94 -31 77 71 79 -28 -64 68 -8 125 119 122 -59 -53 75 -52 87 -25 -51 -11 -79 88 -7 84 -45 -37 -16 106 89 -41 -49 -9 -87 109 -27 -44 -55 -5 -81 -18 -101 -3 -26 -20 -61 -83 -77 -91 -17 -24 -107 -60 -36 -6 -40 -116 -4 -118 -74 -12 -121 -122 -39 -80 -68 -10
right_child=2 5 3 4 12 9 13 18 30 11 14 -13 37 33 27 25 99 -19 24 51 -22 22 26 42 102 60 65 28 -30 50 -32 54 38 -35 112 85 -38 41 114 40 -42 -43 95 83 -46 -47 -48 90 -50 78 74 73 53 59 -56 -57 58 72 111 104 -62 -63 66 -65 -66 -67 124 -69 -70 -71 -72 -73 118 -75 -76 76 -78 80 123 98 -82 105 -84 -85 -86 92 -88 -89 -90 107 -92 -93 -94 -95 -96 -97 -98 -99 -100 100 -102 -103 -104 -105 -106 110 -108 -109 -110 -111 -112 -113 -114 -115 115 -117 117 -119 -120 120 121 -123 -124 -125 -126 -127
leaf_value=-2.2570818571182496 -8.6968959569242639 -10.459668518147671 -7.2933964782184582 0.97439073272275101 9.9029116516909212 -10.018183104356181 -0.99142443136289948 -0.8387453765706161 1.129991918277534 -1.2057142601442858 2.4612324509298737 -6.8482352399341027 -10.677993703312149 12.227766479797625 -3.8810815602528983 10.395093704504339 -13.082906070758018 3.719040198227864 -1.6978658180015875 13.409115844446271 3.0243372885681672 -11.743346635142075 -6.7719743906110041 0.45128479202370642 7.0727708430559035 0.39139803154691916 -5.8513642031142652 8.6150984476450585 -5.4177768843266083 -1.726278004889829 7.452085681606559 -6.8477891953066461 10.354887742611639 -5.9278216118940001 1.2973146320185065 14.211252618831047 -9.9163230123691299 -4.1451242177070604 -8.1466629443045235 -16.159343726052946 3.4839203425695149 -10.757289592202191 -0.95152286332721381 -4.1889363440120801 7.2268954169118436 8.3141891161963581 -8.3282287073397825 16.030745474196014 -7.1454557540369876 -0.065050047329494917 7.422327548410677 6.8221601331565855 -0.012480223778707319 14.744347242249885 0.50617047213485233 -9.0558215135313294 -0.22599683543520005 0.33823362480315317 0.41399448274391787 7.0933728384053936 3.6625360946610757 3.9517922507491008 1.4633987985576864 2.4865752146857911 -2.2287285501151968 -9.9595398070051164 9.7305549469355412 0.59978389670506427 -8.2832793408303935 -2.332076118251956 8.8387516502661114 -6.6896845537459715 -9.3455078585591309 10.099927767627934 -1.0683420671720554 6.4533314789569971 0.013133566007520709 20.493279047550047 -7.7271643121931364 9.1781742625929805 4.6493563594270482 -8.8771780869866941 -4.3816271550879353 -6.3037743649623525 0.23980666110012755 -6.3488710737477332 16.575312721353452 0.54048962356731256 -5.3939613431758708 7.4868726347264207 8.5582129490666059 6.0662198069616995 -0.35315928716039702 -6.0193585679036685 -6.426200081387158 4.8036745398586973 3.2346214366759449 -9.1585273162602316 2.6285120151409451 -5.3059798963095082 -12.315484989840904 -2.7995418422852776 3.2495392373582561 -20.850859610842676 0.14883027155173953 15.121988427433777 2.5331549090333016 -1.7923719496822832 4.2182610738690851 1.4648813024678036 -4.4138375113303061 -10.046340896344056 9.6665969115369457 -3.9349988840838268 2.9244604574231245 -6.6876166190647766 14.065802671372204 0.59684912668789636 -3.5341921443838231 7.4507538823609414 -0.8414810391885279 4.859394611804591 2.5989722099462917 5.659019344777052 5.5272271153746297 6.4736665997385749
leaf_weight=1463.8847949504852 852.21027946472168 295.29665178060532 134.75872159004211 882.12014663219452 220.15703764557838 713.57554149627686 719.7272869348526 370.05300271511078 1112.5061298906803 919.85428211092949 2444.7119149565697 1453.4872679412365 2207.0496774613857 97.179018437862396 1303.0912220776081 831.58544623851776 903.93514442443848 932.18404150009155 1044.1712064445019 1178.568074464798 4675.3137405514717 3543.0300554633141 272.39391621947289 1913.2995021343231 1842.5193759202957 1700.4208157658577 1696.960997492075 1190.1550680994987 630.34732249379158 2417.7357649803162 1432.179328918457 626.21114015579224 391.88421040773392 1699.6391685307026 2582.3843192458153 69.773939788341522 1350.2658870220184 682.90350893139839 190.9798741042614 49.46004855632782 1089.0255098342896 1487.5674395561218 1827.2167916893959 1873.4532109797001 1464.044099599123 292.27903413772583 2918.3577402234077 332.62564262747765 2668.4847240447998 388.42235261201859 1334.4972388744354 3738.8765219151974 753.53197205066681 456.7870554625988 1648.5125546455383 747.09476208686829 766.05841132998466 1037.4596673846245 168.28605985641479 821.80152276158333 1908.7023341059685 939.9396265745163 1146.4801033139229 683.68776518106461 1397.0100170373917 4876.4713965058327 912.44957184791565 1150.2042948901653 883.90075334906578 923.1713952422142 1230.1887148022652 1219.0097590386868 546.29185676574707 3382.4168206751347 972.93167623877525 2310.793953359127 1770.0999518036842 80.155160933732986 2810.2903619110584 475.17214646935463 645.31286644935608 712.14802029728889 2611.027113199234 1032.5309624969959 2370.2594614326954 589.69530725479126 42.5031578540802 1235.1271006464958 512.82116413116455 389.08438718318939 3057.9082298278809 4905.5232819616795 1917.7336772382259 755.11336988210678 435.09409332275391 657.07576116919518 162.85708084702492 186.99924117326736 1626.4866398572922 1005.7057092785835 579.07387560606003 2446.865309625864 2473.3615473508835 43.539695590734482 503.62203073501587 53.601031363010406 1678.7555854022503 311.57973903417587 732.73599225282669 1050.9982300102711 134.34490671753883 634.29104653000832 225.4205327630043 115.496413230896 972.99643865227699 205.89333492517471 116.76313525438309 258.44284203648567 1984.1277819871902 2347.5048805177212 572.65205937623978 2236.1677334606647 574.64914533495903 81.076783657073975 5475.4989585280418 844.70402306318283
leaf_count=2195 755 337 169 1176 246 702 824 584 1445 1313 3486 1762 1840 117 1727 931 579 1082 1609 952 6593 2358 309 2710 2259 2407 1748 1346 822 3308 1873 727 423 1642 3350 82 1159 823 225 31 1381 1165 2744 2451 1813 397 2654 251 2538 454 1752 4584 898 441 2234 623 860 1296 185 1071 2511 1252 1712 881 1880 3646 1084 1366 885 1199 1528 1244 546 3589 1443 3114 2457 63 2632 585 899 699 3406 1322 3214 677 41 1764 539 495 3373 6236 2690 766 554 918 191 173 2244 992 365 3191 3496 41 694 52 2397 348 931 1336 176 595 267 129 1218 226 139 327 2299 2941 835 3056 741 108 7540 1124
internal_value=5.20392e-07 2.89369 -3.98996 -5.05008 -3.87295 0.979292 -2.32989 5.18366 1.00437 -1.06178 2.38485 -0.163081 -6.24724 -3.85853 3.06251 0.471866 -5.84225 -4.15565 6.24706 6.9572 5.62832 -8.01436 -8.34408 3.14705 3.40298 2.95897 -7.28019 1.94285 2.42399 2.78089 2.77868 1.76749 -1.32511 -1.85065 -0.780066 -3.16123 -5.66881 -7.12079 2.25379 1.25112 -1.08271 -6.39694 3.77206 -0.966955 3.48793 -1.05618 -5.70383 7.03315 -5.03854 -4.51457 2.23241 9.09328 3.26553 4.87538 -1.51831 -4.0306 -2.49439 -2.88631 -4.12828 6.76897 1.20177 -0.136773 4.55384 -2.46562 0.998934 -8.899 5.41789 -2.66729 -5.01061 1.58748 5.06901 -3.83274 -3.29797 8.37901 3.08758 3.57303 2.83865 2.08672 -6.48884 2.49126 6.39991 -3.38187 -5.59143 -2.61326 -1.71533 -1.33074 -3.23493 3.79592 -0.958728 2.07341 9.2913 5.58187 -1.76323 -2.33358 -0.997633 0.570681 11.7193 -0.797954 4.10935 -9.76164 -7.86723 -3.62444 4.88174 -2.46454 4.45465 -6.78183 4.80377 3.36047 7.50183 -0.230511 1.15766 -7.853 1.96923 5.14137 -0.0637249 1.24571 1.59574 4.78835 -4.7888 4.4589 5.40603 3.69712 -1.06335 -7.3518 6.12763 3.43625
internal_weight=155977 90408.8 65568.1 54087.4 38714 49242.5 23464.4 41166.3 11480.7 20081.4 29161.1 16756.8 15249.6 16444.6 24657.2 15303.3 8272.09 5783.38 27044.9 21641.3 13341.4 15373.4 14863.5 14121.4 5403.59 5608.54 11320.4 15826 14480.4 13850 8051.33 6619.15 4503.92 8172.5 6472.86 3429.41 4851.19 13053 1761.75 7019.78 3252.06 10846 12657.5 9694.77 4344.43 2196.57 9358.4 8666.11 4746.99 6440.04 12659.9 8299.86 3767.72 2698.6 2274.72 3500.93 1904.29 3665.06 1568.64 1945.07 4044.22 3357.68 10173.2 3160.25 4418.52 6573.43 7534.43 2753.83 1603.63 2880.38 8831.23 2476.56 3567.88 7121.29 9302.21 8329.27 6994.78 2638.77 3279.79 3021.51 725.468 2163.04 3324.6 5276.24 4243.71 2577.2 1345.59 5224.68 1262.95 750.124 3390.53 5275.58 2507.43 2078.51 2135.51 2484.29 619.644 1069.12 2101.66 2488.71 1584.78 2742.16 4315.88 1087.71 1325.42 900.094 3989.55 700.664 1564.32 1323.39 187.946 802.577 2807.8 335.653 1369.87 1178.89 509.965 375.206 2530.42 7601.04 5156.32 2808.82 1257.55 2891.37 6387.95 1957.21
internal_count=187200 118534 68666 54047 40711 65102 25757 53432 14619 26213 38889 22105 14954 17392 33269 20343 7875 5939 33567 26162 17037 13336 12701 19865 7405 7334 10343 21423 19655 18833 10415 8542 5620 9517 7875 4204 4857 12542 2092 8365 3721 10702 17670 13009 5581 2412 9537 10444 4949 6883 17487 9125 4644 3295 2961 3698 2015 4258 1640 2397 5472 4560 14008 3689 6022 5394 10336 3075 1709 3768 11846 2808 4141 8173 12927 11484 9732 3672 3194 4142 962 2340 4108 6987 5665 3449 1768 7275 1413 874 3624 6820 3367 2411 2961 3662 632 1349 2829 1936 1357 3528 5755 1650 1765 927 5511 843 1862 1645 228 780 3617 375 1669 1444 635 466 2845 10318 6832 3891 1564 2740 8624 2569
is_linear=0
shrinkage=0.05


Tree=20
num_leaves=127
num_cat=0
split_feature=27 38 38 1 0 1 33 5 6 1 11 34 34 38 28 30 38 38 1 30 23 14 33 25 11 1 26 1 1 23 24 25 1 37 32 33 34 33 43 0 25 14 30 30 1 24 23 0 11 24 14 6 3 32 33 23 33 30 25 23 0 24 23 32 11 1 23 25 23 23 24 24 24 14 11 23 32 37 33 25 32 37 33 14 33 27 17 31 6 32 6 27 24 30 23 24 23 28 37 5 0 6 0 29 30 24 9 24 40 25 1 40 33 40 11 1 33 25 5 33 24 6 14 32 29 23
split_gain=6.51108e+08 1.84996e+08 8.95568e+07 6.97034e+07 5.81019e+07 5.63123e+07 5.41362e+07 4.94359e+07 3.6977e+07 3.36476e+07 2.91734e+07 2.91627e+07 2.7508e+07 2.54946e+07 2.31986e+07 2.23666e+07 2.23371e+07 2.17102e+07 2.14035e+07 1.94979e+07 1.75896e+07 1.68106e+07 1.93355e+07 1.5958e+07 1.57888e+07 1.51485e+07 1.46687e+07 1.45501e+07 1.83595e+07 1.43683e+07 2.01185e+07 1.4315e+07 1.42659e+07 1.40577e+07 1.3942e+07 1.36896e+07 1.21252e+07 1.42468e+07 1.20728e+07 1.16601e+07 1.14852e+07 1.14636e+07 1.15822e+07 1.13829e+07 1.09659e+07 1.05447e+07 1.67836e+07 9.71916e+06 9.69608e+06 9.48667e+06 9.4586e+06 9.26862e+06 1.09864e+07 1.00288e+07 1.21104e+07 9.20491e+06 9.37966e+06 9.12721e+06 9.09279e+06 1.2245e+07 9.05057e+06 8.88366e+06 1.37739e+07 8.78546e+06 8.74359e+06 8.65258e+06 8.57369e+06 8.48764e+06 8.35752e+06 8.1234e+06 8.08105e+06 8.06085e+06 8.04457e+06 8.01519e+06 7.8731e+06 7.72114e+06 7.52398e+06 1.09255e+07 9.03084e+06 7.4478e+06 7.43519e+06 7.41453e+06 7.32429e+06 7.31201e+06 7.06768e+06 6.91893e+06 6.91111e+06 6.85238e+06 7.92122e+06 7.98549e+06 6.81817e+06 6.72228e+06 6.68891e+06 6.6675e+06 6.63653e+06 6.62794e+06 6.7922e+06 6.53899e+06 6.51103e+06 6.41547e+06 6.40996e+06 6.37933e+06 6.36694e+06 6.36137e+06 6.3425e+06 6.32037e+06 6.21466e+06 6.08706e+06 6.0706e+06 6.78864e+06 6.0487e+06 8.22467e+06 6.18617e+06 6.03226e+06 6.00248e+06 5.99486e+06 5.98767e+06 5.95995e+06 6.09266e+06 5.93203e+06 5.88707e+06 5.84877e+06 5.81481e+06 5.77349e+06 5.76396e+06 5.69205e+06
threshold=0.011388888888888891 0.012870370370370372 0.01404320987654321 -6.4999999999999991 54.500000000000007 -6.4999999999999991 0.017497988841687736 0.16145324209840342 0.133739837398374 -9.4999999999999982 0.2097338145725243 0.10277777777777779 0.10833333333333335 0.028364197530864197 0.025000000000000005 0.012129629629629631 0.0061419753086419766 0.0073148148148148157 8.5000000000000018 0.0052777777777777788 0.019549303577081359 3.5000000000000004 0.021453415695731975 0.18055555555555558 0.21286446020488578 6.5000000000000009 1.0000000180025095e-35 7.5000000000000009 -5.4999999999999991 0.023415209965842881 0.016750320510607118 0.11944444444444445 -14.499999999999998 0.036111111111111115 0.029250033346672005 0.058037238970252425 0.34722222222222227 0.030316871604521001 1.0000000180025095e-35 63.500000000000007 0.12500000000000003 23.500000000000004 0.020069444444444449 0.018425925925925932 -4.4999999999999991 0.020361100152626235 0.026089113181504489 27.500000000000004 0.21960458240946049 0.032211119283795879 6.5000000000000009 0.13811445341159209 8.5000000000000018 0.024086586586586588 0.021781108382090762 0.021040927895981092 0.031408180546042698 0.048611111111111119 0.058333333333333341 0.012974987974987978 73.500000000000014 0.016838963274050479 0.016422436929683312 0.023785944835680754 0.20701970443349757 17.500000000000004 0.043405720338983052 0.086111111111111124 0.016576967592592595 0.024817801672640385 0.033487428766818858 0.017374001606722447 0.027745191133342968 3.5000000000000004 0.27461753932342176 0.01906441869677164 0.020329626047711154 0.45277777777777783 0.022112045217897416 0.10277777777777779 0.024195539625647154 0.019444444444444448 0.036375203300954499 10.500000000000002 0.027634781877882857 0.022808641975308644 1.5000000000000002 0.00072371221796509167 0.094987468671679218 0.01841675612810879 0.11733416770963706 0.023395061728395065 0.020458845532212767 0.0058333333333333345 0.025722401145106464 0.031492913790072914 0.020969982078853051 0.091666666666666688 0.48611111111111116 0.14650406504065042 165.50000000000003 0.16024691358024692 120.50000000000001 0.0088095238095238105 0.0029320987654320994 0.04472502139047168 3.5000000000000004 0.015290599104306512 5.6971912317824206e-05 0.10277777777777779 -1.4999999999999998 0.0055618212197159579 0.011719914151166921 -0.0013990478749567811 0.29561459667093476 3.5000000000000004 0.014325426327506966 0.041666666666666678 0.11647286821705428 0.019171395155023779 0.031986252161099925 0.25949975949975951 10.500000000000002 0.020183295540438403 0.022808641975308644 0.019207694377185908
decision_type=2 2 2 2 2 2 2 2 2 2 2 2 2 2 2 2 2 2 2 2 2 2 2 2 2 2 2 2 2 2 2 2 2 2 2 2 2 2 2 2 2 2 2 2 2 2 2 2 2 2 2 2 2 2 2 2 2 2 2 2 2 2 2 2 2 2 2 2 2 2 2 2 2 2 2 2 2 2 2 2 2 2 2 2 2 2 2 2 2 2 2 2 2 2 2 2 2 2 2 2 2 2 2 2 2 2 2 2 2 2 2 2 2 2 2 2 2 2 2 2 2 2 2 2 2 2
left_child=2 5 6 19 13 38 9 8 10 103 106 17 24 21 40 61 93 67 23 90 107 22 47 33 58 44 27 28 -17 30 117 -31 -21 60 36 85 37 80 101 124 -12 42 119 -23 100 -22 122 -5 -27 -48 94 52 53 54 79 71 -57 -51 110 -60 -16 83 -63 114 -32 -29 95 -7 -52 -69 -71 -10 -64 86 -41 -42 98 78 -78 -26 -14 -80 -36 -8 -44 -15 -33 88 -46 -90 116 -25 -62 -11 -9 96 -24 -45 -30 -95 -18 108 -85 121 -40 -70 -6 -13 109 -2 -4 112 -112 -58 -49 -97 -3 -19 -119 -35 -99 -1 -47 -121 -34 -81
right_child=1 3 12 4 7 11 15 50 55 16 14 20 34 35 18 26 25 29 -20 32 45 43 66 91 51 48 -28 65 76 31 64 73 39 41 82 -37 -38 -39 104 74 75 -43 84 97 87 46 49 63 -50 57 68 -53 -54 -55 -56 56 113 -59 59 -61 92 62 72 -65 -66 -67 -68 69 105 70 -72 -73 -74 -75 -76 -77 77 -79 81 125 -82 -83 -84 102 -86 -87 -88 -89 89 -91 -92 -93 -94 99 -96 115 -98 120 -100 -101 -102 -103 -104 -105 -106 -107 -108 -109 -110 -111 111 -113 -114 -115 -116 -117 -118 118 -120 123 -122 -123 -124 -125 -126 -127
leaf_value=-0.16471321139322723 -4.5241095301454655 -10.731697994315793 -10.637065180731652 -8.243211834395499 -2.2970848037419969 0.5939468646257543 8.7555801989957391 3.2870790807098391 -5.7502115815368384 9.2399062741258433 -8.3823887072991052 4.2395531016578261 5.0566458760128787 -6.8343826188631374 -6.2432496351745543 2.0008505748616869 -0.34952345543794178 -7.4727199965891717 -4.6305769542732174 -11.347639681821517 -1.8775164979042227 0.44561268359864314 2.5142479872941466 9.1827965107363596 -2.9286226424712938 2.5784209433560759 1.115499737650137 2.4553056154538639 9.8395790916862182 -6.555288897924048 7.2066682044784294 -5.4889420619371361 -7.1393795896580379 0.76509120375884532 -3.5035854868205263 -3.4757423017464255 -1.3164090301422842 9.452297498618714 7.3124410937578848 -3.7495425935756561 12.185106058919999 -18.081351693523001 -2.9164550435953407 -12.012093923405796 5.8925749441553821 8.8376654521479843 -1.983113457817093 0.53031502179942402 -3.5312747542034586 5.762201254261285 -0.96984423244618767 -7.7981164499128077 -11.826374381896883 -5.5197459049831012 7.8791505822600065 -9.4704900495502304 -13.455603086915833 -1.8546539870903687 16.87661131699139 2.2733924479670473 -3.3739669621144559 12.165210062966958 5.4843121473963574 -7.9658194576475001 1.5042475056622395 -10.843842527708119 -5.4957338045709818 7.743637861076504 -8.9005639936848731 -3.5140554702563871 5.9336551172079508 3.7597377123343345 9.885304335466941 -3.0787980942465061 -9.4967550651341668 -2.8842649257537785 2.3976639478133386 1.8405512973396154 3.6337767375845753 9.1903804002520104 -0.91363891977440892 7.9123888460097689 1.5284752775378294 1.1374192716146978 2.6122759316830493 -10.331981377182228 5.38729957334471 1.9723938769914384 3.0714805069386006 -7.9374029032587918 -5.098637504153289 2.5373530292843203 4.9121538366081552 5.5083170401094632 -5.1807125453475606 5.3103041290022608 -2.9007257081545625 -7.9247834443043477 6.2015638635593753 0.18028724784048364 19.489912106859318 -10.707447410885173 6.886065378821403 -6.0518044782687426 -2.8208685118642762 -0.37541225653614291 4.6975037229610788 10.312625576718341 -6.982948311584467 10.956393209883023 -13.453805944712276 -16.338027935552905 4.103069451043921 -1.3189632640429678 -5.8198724198907001 -2.9400439724487395 7.0759831220476421 0.23479718125321314 -5.3454840651104103 15.669755896510797 -3.1429182546673711 -12.247545608313869 2.5703180776678529 5.6943313119260033 -10.487051967551857 -0.75726057648654421
leaf_weight=1701.6226214170456 193.37733763456345 54.994499653577805 189.436059653759 1817.8575274050236 350.9209962785244 1648.6164112389088 1189.2610400021076 363.74502605199814 475.44160333275795 1072.3415437340736 1351.445076495409 626.03177097439766 1479.1494207084179 2294.2847129702568 1122.764578640461 2563.9541389346123 2355.8222638368607 521.57229769229889 1914.538731098175 3025.0701289176941 1056.9429027140141 489.72719576954842 840.8924024105072 761.5355478823185 1974.230615824461 1063.6127127110958 2228.4551810026169 2250.661002188921 2683.699050962925 1877.2930260002613 936.0207767188549 185.09367868304253 2518.5340628325939 545.98909676074982 1115.9415907561779 1386.5478477478027 840.42885893583298 1335.6287539601326 162.57814571261406 2600.925870269537 91.095654308795929 71.097354501485825 1170.6557290256023 702.2017834186554 4331.1971769332886 1461.8591631352901 1269.8758888244629 1182.7270770668983 1667.3746894001961 1375.1761401593685 431.41185086965561 977.07639867067337 290.84338590502739 1258.1379719376564 401.77590349316597 1605.3265026807785 118.81295585632324 550.84464976191521 160.82834801077843 1336.1734337508678 545.96920871734619 2166.4814010560513 2549.8421742320061 744.57815504074097 2385.1776104271412 129.33127599954605 812.4537296295166 1366.3591449558735 3310.1767316460609 413.85700988769531 499.52341341972351 419.37315943837166 1751.6500744521618 1312.3752551078796 772.99811089038849 1270.810304582119 1155.9414654672146 1491.4533123970032 1226.3684145212173 250.5925951898098 805.4540943801403 5807.6515088677406 2054.3073081970215 1049.3448393940926 1141.9038400948048 3685.0746678709984 692.59372448921204 3255.9857295751572 1162.5908159613609 191.91502383351326 346.03380990028381 760.6546633541584 439.69900631904602 5612.6268027424812 635.90351915359497 891.24277809262276 1860.1641528606415 2538.5461590886116 2270.2925617098808 628.22174069285393 41.429329037666321 799.30260771512985 890.32835242152214 883.80660820007324 3076.5581894516945 232.69247883558273 3340.9737277030945 1210.2358843386173 929.49309387803078 111.74221187829971 56.87276828289032 69.708594083786011 425.88509657979012 740.32024276256561 542.97388166189194 292.41918966174126 333.24477443099022 1536.5065223276615 717.58154711127281 166.57194828987122 862.26811090111732 106.41720348596573 495.54429167509079 1122.5866751670837 2626.9747271835804 337.44900923967361
leaf_count=2579 223 56 243 1613 459 2280 1421 422 550 1238 1378 793 1861 2100 1220 3715 3593 640 2172 2008 1423 593 1088 958 2676 1520 3274 3204 2967 2248 1130 229 2368 708 1498 1542 1445 1627 216 2942 106 55 1409 489 5689 1829 1776 1416 2403 1901 512 1121 340 1663 492 1461 86 755 138 1759 709 1918 3300 663 3227 175 848 1702 3056 578 668 473 1913 1693 660 1502 1616 2076 1634 271 1107 6885 2857 1471 1484 2521 940 4605 1617 281 400 1014 561 7673 660 1147 1961 2470 2769 944 32 718 1041 1180 4003 323 4336 1314 965 142 65 57 570 872 558 349 402 2168 943 150 938 134 665 1465 1691 450
internal_value=5.3355e-07 -2.94676 3.54151 -4.55289 -3.64977 0.435467 4.47693 -1.9969 -0.863447 2.69307 0.128251 1.54146 0.162777 -5.58348 -1.02702 5.84445 3.35628 0.17022 0.109511 -7.8955 3.94303 -4.29861 -3.04081 1.26566 -1.9397 2.1912 4.95927 5.39675 5.90378 -1.04982 0.485639 -3.35144 -8.39799 0.159881 2.29228 -7.95196 4.09402 5.35004 -4.20807 -7.35064 -5.1168 1.826 2.16724 -6.75939 2.99636 2.67185 3.60492 -5.46834 -1.15179 1.37179 -6.44701 -3.38285 -2.42694 -1.77946 -0.191839 -5.63679 -7.21391 3.58377 1.59909 3.84227 -3.17388 7.85592 8.91399 -3.42633 3.11137 1.73262 -0.824666 3.32696 -7.54053 5.30336 1.65285 -1.29318 7.27648 -0.605141 -5.06628 -1.8763 6.58753 5.77657 6.49335 -1.45741 2.95178 7.16642 -0.242832 5.66873 -0.186459 -8.98995 3.09363 3.80147 4.84891 1.51167 0.00483346 5.862 0.322408 5.59779 -2.09951 0.152246 -1.21494 -7.61937 8.17237 4.97198 -0.00665811 -7.22727 3.7761 -2.57528 -2.31226 -8.34064 4.03266 8.24216 -4.97417 1.14523 -2.92716 -0.283492 2.03473 -2.99739 -1.46771 3.27209 4.55351 -2.65617 -1.54167 5.13324 -6.71235 -0.875882 7.251 6.98325 -8.84849 3.4819
internal_weight=155977 85137.3 70839.6 57725.2 45446.4 27412.1 55479.7 24502.4 19528.5 24075 16169.2 22139.1 15359.9 20944 12477.3 31404.7 21383.1 14092.6 9763.97 12278.8 8046.51 13578.1 8985.31 7849.43 7729.01 14069.9 21807.8 19579.4 17199.4 10164.2 6096.86 4067.36 11544.5 6327.24 7630.91 7365.91 4460.66 3620.23 5273.05 8519.43 2713.35 4218.8 4147.71 4592.74 11338.9 6210.24 5153.3 4288.14 2730.99 3195.9 4973.93 5490.11 4513.03 4222.19 2964.05 3359.27 2464.46 1926.02 2238.9 1497 2108.43 9596.91 6467.97 2470.28 3321.2 2379.99 4697.17 3928.36 3974.28 2279.74 913.38 894.815 4301.49 2190.06 3373.92 1361.91 14635.4 9681.41 8189.96 2562.27 2284.6 7034.02 3170.25 3128.93 2312.56 5979.36 877.687 8941.69 5685.7 1354.51 734.273 1522.19 985.668 7313.19 999.649 3884.72 2701.06 4103.02 4953.99 6240.85 2397.25 2033.92 1939.67 2691.85 3239.14 3542.87 3691.89 1836.27 1234.61 305.12 741.903 552.466 482.758 859.133 1725.7 1183.66 388.239 2775.66 2254.09 1835.15 3400.81 1808.04 1957.4 1289.16 5145.51 588.042
internal_count=187200 94093 93107 58924 48397 35169 72867 28101 23128 33488 19686 28902 20240 20296 14891 39379 29595 18446 11905 10527 10456 14133 9643 9733 9845 19740 28315 25041 21662 13218 8108 5110 9669 7761 10395 6163 6040 4595 6267 7661 2986 5271 5216 4490 15817 8349 6926 4250 3923 4432 4973 7013 5892 5552 3889 3442 2419 2656 2832 1897 2490 11064 7131 2637 4357 3379 5393 5228 3891 2948 1246 1023 5213 2862 3602 1608 17947 12211 10135 3397 2968 8519 4355 3933 2893 4621 1169 12192 7587 1898 858 1972 1270 9855 1082 4545 3049 3897 5736 8617 3625 2048 2512 3893 4219 3379 4795 2107 1330 365 935 692 635 958 1974 1496 458 3751 3111 2323 3408 2713 2494 1615 4059 721
is_linear=0
shrinkage=0.05


Tree=21
num_leaves=127
num_cat=0
split_feature=29 38 38 34 25 29 29 34 25 2 25 0 46 15 38 25 14 11 5 30 29 11 11 0 42 14 0 0 14 28 31 11 44 44 21 42 39 0 39 44 11 33 11 42 0 21 43 46 21 11 11 24 15 0 0 14 15 28 28 30 15 8 38 33 14 39 28 0 0 28 11 5 25 14 30 15 0 37 14 14 33 30 38 14 38 14 0 22 11 39 14 38 42 14 11 11 24 30 42 15 31 11 24 2 38 33 15 11 21 33 30 42 28 30 14 16 30 29 25 38 38 34 28 38 14 28
split_gain=5.93705e+08 1.55856e+08 9.40746e+07 7.09255e+07 6.08741e+07 5.45144e+07 5.14696e+07 3.99353e+07 3.42864e+07 2.38632e+07 2.38404e+07 2.37675e+07 2.27703e+07 2.2768e+07 2.14993e+07 2.06932e+07 1.86496e+07 1.85665e+07 1.77336e+07 1.7608e+07 1.74837e+07 1.65952e+07 1.62848e+07 1.55946e+07 1.50777e+07 1.33696e+07 1.30212e+07 1.24768e+07 1.30739e+07 1.23282e+07 1.30199e+07 1.23214e+07 1.18179e+07 1.16828e+07 1.12881e+07 1.11056e+07 1.10597e+07 1.10592e+07 9.99521e+06 9.97361e+06 1.2808e+07 9.84508e+06 9.75741e+06 9.71923e+06 9.68094e+06 9.67954e+06 9.69162e+06 9.88142e+06 9.0711e+06 9.06442e+06 9.00857e+06 8.9347e+06 8.59843e+06 8.58207e+06 8.57676e+06 8.95115e+06 8.38017e+06 8.28779e+06 7.9534e+06 7.81258e+06 9.14998e+06 7.6297e+06 9.47256e+06 7.44902e+06 7.41917e+06 7.38181e+06 1.15498e+07 7.24643e+06 7.22487e+06 7.18058e+06 1.28874e+07 7.46875e+06 7.11487e+06 7.28626e+06 1.0378e+07 7.0654e+06 7.04934e+06 8.18296e+06 7.11123e+06 7.00277e+06 6.99406e+06 6.76195e+06 6.70264e+06 6.66508e+06 8.32836e+06 6.56294e+06 6.54747e+06 6.53954e+06 6.45099e+06 6.33474e+06 8.19921e+06 6.41523e+06 6.31685e+06 6.24587e+06 7.81977e+06 6.2205e+06 6.21837e+06 6.01701e+06 5.90571e+06 5.86194e+06 9.8444e+06 8.68479e+06 7.64802e+06 5.85517e+06 5.8213e+06 5.79453e+06 5.77168e+06 7.46202e+06 5.99241e+06 5.70208e+06 6.9559e+06 5.66029e+06 6.44539e+06 6.02453e+06 5.60032e+06 5.57028e+06 5.51002e+06 5.46654e+06 5.86172e+06 5.4014e+06 5.39619e+06 5.51127e+06 5.39212e+06 5.34609e+06 5.30323e+06 5.27015e+06
threshold=0.015039682539682542 0.01404320987654321 0.010833333333333335 0.10277777777777779 0.23611111111111113 0.028364197530864197 0.0078571428571428594 0.075000000000000011 0.10277777777777779 1.0000000180025095e-35 0.10277777777777779 75.500000000000014 1.0000000180025095e-35 7.5000000000000009 0.0065740740740740751 0.13055555555555556 10.500000000000002 0.2259467040673212 0.085867895545314918 0.029537037037037039 0.018968253968253971 0.26161035226455792 0.20541829745596871 94.500000000000014 1.5000000000000002 8.5000000000000018 83.500000000000014 68.500000000000014 9.5000000000000018 0.091666666666666688 0.00074659639877031232 0.20816666666666669 1.0000000180025095e-35 1.0000000180025095e-35 41.500000000000007 1.0000000180025095e-35 0.0065740740740740751 40.500000000000007 0.028364197530864197 1.0000000180025095e-35 0.23265838011226947 0.011960726892123559 0.22926223241590218 1.5000000000000002 59.500000000000007 41.500000000000007 1.0000000180025095e-35 1.0000000180025095e-35 27.500000000000004 0.34228550829127619 0.26013698630136989 0.020361100152626235 17.500000000000004 16.500000000000004 78.500000000000014 20.500000000000004 18.500000000000004 0.091666666666666688 0.030555555555555558 0.017253086419753091 7.5000000000000009 11.500000000000002 0.0205952380952381 0.023325998167028777 4.5000000000000009 0.010524691358024694 0.063888888888888898 123.50000000000001 119.50000000000001 0.080555555555555561 0.27151675485008825 0.19586530264279628 0.097222222222222238 5.5000000000000009 0.02675925925925926 7.5000000000000009 56.500000000000007 0.041666666666666678 1.5000000000000002 6.5000000000000009 0.028124325601181551 0.018425925925925932 0.04342592592592593 3.5000000000000004 0.022808641975308644 11.500000000000002 165.50000000000003 20.500000000000004 0.22708174178762416 0.01404320987654321 7.5000000000000009 0.0205952380952381 1.5000000000000002 19.500000000000004 0.1861267040898156 0.2259467040673212 0.027246259143259923 0.0065740740740740751 1.5000000000000002 6.5000000000000009 0.00037586797490092751 0.21886405109489054 0.011345784231349696 1.0000000180025095e-35 0.016080246913580249 0.021888096533520283 8.5000000000000018 0.34454494064443192 23.500000000000004 0.024530885333059072 0.035092592592592599 1.5000000000000002 0.01388888888888889 0.016944444444444446 2.5000000000000004 3.5000000000000004 0.0052777777777777788 0.023395061728395065 0.28611111111111115 0.025625000000000002 0.027500000000000004 0.14722222222222223 0.10833333333333335 0.024523809523809528 8.5000000000000018 0.25833333333333336
decision_type=2 2 2 2 2 2 2 2 2 2 2 2 2 2 2 2 2 2 2 2 2 2 2 2 2 2 2 2 2 2 2 2 2 2 2 2 2 2 2 2 2 2 2 2 2 2 2 2 2 2 2 2 2 2 2 2 2 2 2 2 2 2 2 2 2 2 2 2 2 2 2 2 2 2 2 2 2 2 2 2 2 2 2 2 2 2 2 2 2 2 2 2 2 2 2 2 2 2 2 2 2 2 2 2 2 2 2 2 2 2 2 2 2 2 2 2 2 2 2 2 2 2 2 2 2 2
left_child=1 3 10 6 5 8 21 42 20 37 39 13 34 18 -5 17 75 38 29 69 49 45 86 -18 119 76 -27 35 50 44 79 97 99 72 41 -7 116 -6 87 40 -2 -8 53 52 -10 46 114 -48 -49 63 57 64 96 -3 58 -56 -28 -29 124 -43 -61 115 -63 103 -33 -53 -67 -54 -57 70 71 -12 73 -24 -75 -13 78 -78 104 -31 -79 85 89 84 -20 -66 -14 -9 -32 -65 91 -91 120 -55 -95 -39 -25 -16 -68 100 102 -101 -22 -4 -19 -41 107 108 -23 -85 123 112 -74 -114 -1 -37 -30 -21 122 -11 121 -89 -119 -111 -17 -121
right_child=2 7 4 14 9 27 12 15 11 24 19 16 22 -15 31 54 23 25 83 117 32 106 33 43 -26 26 56 28 36 30 88 51 -34 -35 -36 61 -38 95 -40 105 -42 59 -44 -45 -46 -47 47 48 -50 -51 -52 65 67 93 55 68 -58 -59 -60 60 -62 62 -64 82 81 66 98 -69 -70 -71 -72 -73 111 74 -76 -77 77 80 -80 -81 -82 -83 -84 109 -86 -87 -88 92 -90 90 -92 -93 -94 94 -96 -97 -98 -99 -100 101 -102 -103 -104 -105 -106 -107 -108 -109 -110 110 -112 -113 113 -115 -116 -117 -118 118 -120 125 -122 -123 -124 -125 -126 -127
leaf_value=5.8922097698495071 2.6639163113270685 -13.541016912088132 -6.8325267927095403 7.9531057533028502 -7.6992578533957943 -10.967352569110771 -4.683718130582144 -8.8634197297464734 -8.8988470604131376 11.975202545171133 5.2546593831441948 8.3278702066836274 4.2071219973513889 -9.5204212637742156 10.326607877830291 -2.223873917572698 -7.7064818726578155 12.340664146357202 1.7693602518308826 0.62870030010357114 18.661118358542325 -8.55460863298112 2.1629813961006845 5.7338642955170949 0.34089094500092315 -9.0915603090170674 -0.58306370549202091 -1.1986614764346857 7.7788886048639245 5.9529081590147364 1.2680129627650853 5.1701778124547255 -9.6805470943475491 -3.7235676861175619 4.434391395567622 -7.2016075004851992 -9.3050849768074215 2.9051267260667082 -1.447421636242578 -8.3696188833768055 -3.8529711668573854 1.4292661565573537 -5.946679562647585 -2.495736538051323 -1.211355934059593 8.9573017453744246 1.8072387815465292 9.5063440951364058 5.2297388497232431 -10.169013032569694 -6.8374289799252637 7.9958073455902055 -5.8964893258650841 0.17780211848788374 6.8279099585303316 -14.846625550120345 -9.9135283153196223 10.931258645254186 2.3142729658180157 -1.0777540772618108 -8.7734389531072008 17.03140626424495 -5.0794993814220097 3.6994440686871743 4.6361287491491607 -0.20407552024366141 6.4875244344610126 8.3803329069763173 2.4591963818248885 7.0032518186877502 -6.885550385980709 -6.5320583715643412 -0.33784513853353748 -0.42626057226707126 -10.851672708495451 1.9205624651845374 -2.4789116942220533 0.4773883163388794 -3.4576841518049499 -2.9451865221281577 6.5357610961018286 -2.4961413728806061 -7.9546189741651254 -10.951721508861176 -7.7283752396833156 -0.54962877566322266 17.606628306725682 4.1449814538921999 -3.5638643018092888 2.6530258353430276 -8.7074153375954761 -3.3885564675974567 -1.9106397844891161 6.6525725246365033 -11.767161723840369 -2.5463442140279771 19.674985578772954 6.0081782369833343 2.359808653793642 -2.8130747548061668 -6.8134383368980487 -9.8015900128618281 -2.072718631457414 -2.9924845561921543 0.12122467781810004 2.0840064274588186 -1.9187622030559663 -3.4231595596415172 3.545484684263732 2.8836345880247198 -9.4149026750379914 -2.8886728978326364 8.1409665426480124 3.15825238741659 0.69601399855444601 -12.11573641895567 -6.2498835810394242 -12.717191176939835 8.7659293326422159 0.61010292301912239 0.54162869214656317 10.448344599687351 -2.6638083592755337 -6.6004163734757642 -16.126503474409471 13.916929979081637
leaf_weight=686.82014790177345 1374.6614211797714 145.25564253330231 2173.5253936648369 7815.4110068380833 743.28111574053764 4473.0548710823059 2365.1919950544834 114.80189526081085 829.40394395589828 606.56522661447525 1617.3594039082527 667.19667410850525 4273.9476734995842 1557.427529335022 998.45838701725006 379.34547421336174 890.70588365197182 113.56628370285034 496.320899695158 1086.5555928945541 46.02990734577179 105.12638214230537 2960.4707450866699 247.37644329667091 1002.1450963914394 1132.1190989017487 1412.6294296085835 443.58435362577438 152.85685342550278 1057.3744002282619 1074.6384525001049 1568.3120403289795 3434.9615478515625 1223.5765914916992 737.8587794303894 3781.9331894218922 1774.2485508024693 792.12122467160225 1958.8009553551674 828.18524220585823 1669.7362293303013 2199.0782864093781 3777.6316256523132 1204.3243838846684 808.98098945617676 1406.7964551746845 1795.5220145881176 1440.7001206874847 8898.2672026157379 575.59943151473999 406.54457288980484 1651.5583262443542 235.61441025137901 1784.0204879045486 1729.9971342980862 85.785217702388763 290.06474038958549 206.31641137599945 2926.6235930621624 1773.9134351313114 493.75714594125748 67.895585954189301 169.03109461069107 576.99779710173607 1421.1098550260067 1179.085141479969 3200.2189808189869 142.71474131941795 203.08233886957169 1731.9131735563278 303.09749376773834 146.58160391449928 729.79795300960541 2775.0953050851822 261.17385309934616 1211.5371690094471 1154.7993649840355 1242.6260020434856 2954.8719288110733 279.57780337333679 772.56024312973022 978.33082088828087 390.98827210068703 828.19430837035179 431.46303570270538 1069.1186461746693 93.1536985039711 2178.6968647241592 1933.8260627090931 780.15636646747589 395.33479270339012 1005.9491584002972 516.92653048038483 75.444372713565826 243.87139761447906 1541.8453912138939 118.20941951870918 4198.2000724375248 1188.3179956972599 605.00149962306023 2130.1078456640244 1676.3586505353451 1317.8498905897141 1827.1644044816494 687.54373475909233 157.82607981562614 882.8627957701683 473.1173769235611 3834.142594486475 305.2889749109745 583.87852600216866 347.29825532436371 954.96976214647293 1663.1449927091599 2116.3705715537071 680.41464531421661 129.11386513710022 234.32831734418869 66.16988617181778 267.39395412802696 842.38454934954643 412.41703987121582 309.58454969525337 289.48889848589897 83.735346883535385 103.09492063522339
leaf_count=913 1892 117 2203 8644 649 2755 3100 143 735 742 2243 859 5865 1352 958 542 893 124 627 1447 35 108 4250 338 1243 1214 1926 526 142 1288 1271 2052 2415 1624 987 3332 1528 1062 2525 794 2046 2924 4404 1485 1026 1661 2617 1542 11982 472 402 1907 252 2379 2164 81 349 236 3871 2517 603 55 141 699 1853 1678 3965 147 263 2267 350 165 1104 4109 321 1451 1586 1621 3642 296 1106 1440 390 637 400 1529 83 2723 2065 960 396 1056 709 90 278 1804 105 5496 1801 702 2083 1537 1439 2097 881 164 1280 644 5400 398 522 522 1176 2289 3086 409 139 223 93 362 1301 460 349 290 70 120
internal_value=5.16237e-07 2.40602 -3.95504 3.65809 -4.83118 -5.42297 2.45662 -0.802857 -4.3398 0.366996 0.594957 -2.61533 0.801752 -3.94243 5.77363 0.218388 0.331554 -0.696157 -2.96834 2.73705 -5.88684 4.20423 1.91254 -2.22582 4.64999 -2.04331 -4.93576 -8.25585 -5.52053 -1.40695 -0.0133921 4.79765 -7.35818 0.880169 -1.44081 -9.18409 -7.84324 -2.38771 1.48664 -2.32585 -0.910348 -2.07534 -4.39443 0.27985 -5.10301 4.99235 4.61894 5.23107 5.82567 -4.13277 -0.999701 3.93258 4.77325 -1.78667 2.88747 5.46746 -2.17257 2.65208 1.35086 -0.694179 -2.75339 -7.48668 1.25678 -3.64684 2.31636 5.06022 4.18941 -0.510933 -2.68013 4.62844 2.63865 4.2752 1.46138 0.397942 -1.32303 4.196 -0.859424 0.876925 -2.32487 4.09218 2.79998 1.02601 -1.82791 -6.15206 -2.64753 2.40975 4.49294 2.9004 -1.83789 -0.959497 -2.1918 -0.749642 3.24227 -0.974914 -7.41515 -0.696178 10.2416 6.8379 5.36983 -5.97692 -4.68975 -7.94828 -1.37297 -5.07873 1.85347 -6.69636 1.77159 2.50998 3.22257 -7.77224 -5.53814 3.18716 3.81744 4.97572 1.96915 -7.95091 1.35514 -1.49797 -5.28556 9.06976 4.01806 5.14826 -6.995 -1.73242 -4.73778 4.31296
internal_weight=155977 96979.9 58997 69760.3 49471 44414.6 44492.2 27219.6 32129.6 5056.45 9526 15193.5 22852.4 10475.9 25268.1 21193.4 4717.68 15784.8 8918.44 5495.59 16936 21639.7 15282.6 2838.95 1979.2 9760.78 2834.81 12285 3112.66 5983.8 4345.42 17452.7 9210.31 10915.5 7569.8 9172.33 2056.22 3077.25 6024.03 4030.41 3044.4 6831.94 6026.22 1948.24 1638.38 16344.5 14937.7 12134.5 10339 7725.72 1056.45 12256.1 743.915 2248.59 5408.57 2018.86 1702.69 649.901 3389.7 4466.75 2267.67 4699.27 236.927 7150.12 5036.87 7219.18 5567.62 378.329 288.868 3798.95 2067.04 1763.94 9691.95 5996.74 3036.27 1878.73 6925.97 3169.99 3755.98 1336.95 2015.19 3468.56 3149.43 2934.63 927.784 2490.23 4367.1 4065.23 3008.46 2758.44 2181.44 1786.11 3950.42 2103.34 319.316 2333.97 365.586 5196.66 4388.54 5775.35 3493.99 2281.36 1363.88 4000.69 801.11 986.011 5295.25 4412.39 3939.27 2006.85 1178.66 3695.21 3347.91 2618.11 2803.19 4462.35 281.971 1696.64 610.083 977.054 3433.5 2591.11 543.913 594.778 463.081 370.489
internal_count=187200 126599 60601 92030 48568 42586 60707 34569 32921 5982 12033 16437 31474 10907 31323 27301 5530 20310 9555 7137 16484 29233 21343 3220 2467 12449 3489 9665 2973 6681 4920 22679 8211 15395 10131 6692 1809 3515 7861 4896 3938 9144 7268 2327 1761 21801 20140 16141 13524 8273 1164 16225 842 2864 6991 2508 2275 762 4483 6044 3120 3937 196 7801 6874 9351 7444 399 344 5025 2758 2408 13771 8680 4430 2310 8960 4313 4647 1584 2727 4822 3501 2874 1027 3382 5948 5336 3336 3111 2412 2016 5193 2747 368 2866 443 6454 5766 5796 3557 2239 1474 4300 1005 958 7432 6152 5508 1847 1210 5091 4569 3465 3999 3741 281 2112 665 1224 4484 3183 572 688 612 482
is_linear=0
shrinkage=0.05


Tree=22
num_leaves=127
num_cat=0
split_feature=27 38 1 38 1 34 31 25 28 32 26 23 1 23 30 29 21 11 1 30 24 24 1 25 1 6 2 25 0 25 14 0 2 31 14 1 6 11 11 6 1 28 0 28 0 23 24 11 37 1 1 0 14 14 30 5 27 11 23 24 24 1 1 32 23 1 5 23 28 24 30 2 24 1 11 11 0 14 0 14 42 11 6 33 23 14 32 33 24 33 28 0 25 1 33 33 32 1 23 2 37 34 24 23 14 30 31 5 14 24 24 38 0 14 42 30 37 33 25 1 32 21 37 24 6 24
split_gain=5.37308e+08 1.65929e+08 9.42655e+07 6.93705e+07 4.62421e+07 4.59813e+07 4.46322e+07 4.03138e+07 3.77204e+07 3.26249e+07 2.71821e+07 2.41633e+07 2.16018e+07 2.09402e+07 2.02203e+07 2.01715e+07 1.95109e+07 1.90537e+07 1.89629e+07 1.87399e+07 1.83435e+07 1.80896e+07 1.70754e+07 1.69162e+07 1.66452e+07 1.66393e+07 1.65467e+07 1.57949e+07 1.36032e+07 1.33322e+07 1.48961e+07 1.31347e+07 1.30542e+07 1.28738e+07 1.28036e+07 1.27501e+07 1.26692e+07 1.26561e+07 1.25959e+07 1.25516e+07 1.20249e+07 1.1507e+07 1.12544e+07 1.12343e+07 1.21366e+07 1.10079e+07 1.09587e+07 1.0716e+07 1.06716e+07 1.02555e+07 1.13024e+07 1.02087e+07 1.08217e+07 9.9458e+06 1.1086e+07 9.87422e+06 9.66312e+06 9.55081e+06 9.37574e+06 1.95184e+07 9.52918e+06 9.07276e+06 8.93865e+06 8.7667e+06 8.64151e+06 8.56918e+06 8.41095e+06 8.3125e+06 8.23426e+06 8.20817e+06 8.1946e+06 7.94282e+06 7.74288e+06 7.59119e+06 7.5863e+06 7.55002e+06 7.50719e+06 7.55406e+06 7.55161e+06 7.30574e+06 7.27006e+06 7.24606e+06 7.19302e+06 7.18393e+06 9.22897e+06 7.17074e+06 7.12894e+06 7.39806e+06 7.12128e+06 7.08402e+06 7.05916e+06 7.0465e+06 7.01543e+06 6.98009e+06 6.97282e+06 6.94732e+06 6.91439e+06 6.83965e+06 6.79806e+06 6.5304e+06 6.49125e+06 6.48027e+06 6.24345e+06 8.35528e+06 6.23925e+06 7.48057e+06 6.86778e+06 6.18207e+06 6.17843e+06 6.26511e+06 6.13666e+06 6.11067e+06 6.10631e+06 5.98859e+06 5.9741e+06 6.60164e+06 7.29768e+06 8.14534e+06 5.94453e+06 5.94255e+06 5.93252e+06 5.91985e+06 5.85883e+06 6.38881e+06 5.79154e+06 5.77334e+06
threshold=0.010833333333333335 0.019598765432098767 -5.4999999999999991 0.0073148148148148157 7.5000000000000009 0.13055555555555556 0.00047892720306513429 0.069444444444444461 0.025000000000000005 0.030582788671023969 7.5000000000000009 0.016961675020885549 -10.499999999999998 0.019431702344546383 0.0058333333333333345 0.018968253968253971 39.500000000000007 0.26425937974409025 -11.499999999999998 0.0088095238095238105 0.021794878998718962 0.036252114730583401 6.5000000000000009 0.13055555555555556 -8.4999999999999982 0.03468323977546111 1.0000000180025095e-35 0.14166666666666669 44.500000000000007 0.052777777777777785 5.5000000000000009 55.500000000000007 1.0000000180025095e-35 0.0016333390456197479 8.5000000000000018 13.500000000000002 0.13900966183574884 0.2169243009774949 0.20816666666666669 0.17262664963814392 -3.4999999999999996 0.8305555555555556 38.500000000000007 0.030555555555555558 27.500000000000004 0.025165874430580316 0.031051024032894083 0.26161035226455792 0.019444444444444448 -5.4999999999999991 13.500000000000002 82.500000000000014 21.500000000000004 10.500000000000002 0.020069444444444449 0.087228260869565227 0.028055555555555559 0.22926223241590218 0.01906441869677164 0.019682126673933851 0.017556076409648264 8.5000000000000018 4.5000000000000009 0.024696106362773033 0.0375169376693767 -1.0000000180025095e-35 0.03555625790139065 0.036329059829059838 0.030555555555555558 0.040419871395766034 0.003402777777777778 -1.0000000180025095e-35 0.022556894843440232 16.500000000000004 0.22099143206854346 0.23046398046398051 56.500000000000007 8.5000000000000018 84.500000000000014 8.5000000000000018 4.5000000000000009 0.32772752967778412 0.12294197031039138 0.020340059483250038 0.021686311000827133 9.5000000000000018 0.031175988914084154 0.023552388433461819 0.025757265672650697 0.034174273480653918 0.47500000000000003 34.500000000000007 0.091666666666666688 -3.4999999999999996 0.025038592730902118 0.040971876455766762 0.041384099616858246 -3.4999999999999996 0.026308731039585646 -1.0000000180025095e-35 0.19722222222222227 0.2416666666666667 0.026037722420061367 0.027184650455927054 2.5000000000000004 0.025625000000000002 0.00012154606595899879 0.093178294573643419 7.5000000000000009 0.019015871070708092 0.01911332195975329 0.0049691358024691367 28.500000000000004 13.500000000000002 1.5000000000000002 0.027500000000000004 0.036111111111111115 0.022430985451475573 0.17500000000000002 -20.499999999999996 0.020804941361887548 29.500000000000004 0.62500000000000011 0.015110805556046998 0.028778467908902695 0.02277674836306285
decision_type=2 2 2 2 2 2 2 2 2 2 2 2 2 2 2 2 2 2 2 2 2 2 2 2 2 2 2 2 2 2 2 2 2 2 2 2 2 2 2 2 2 2 2 2 2 2 2 2 2 2 2 2 2 2 2 2 2 2 2 2 2 2 2 2 2 2 2 2 2 2 2 2 2 2 2 2 2 2 2 2 2 2 2 2 2 2 2 2 2 2 2 2 2 2 2 2 2 2 2 2 2 2 2 2 2 2 2 2 2 2 2 2 2 2 2 2 2 2 2 2 2 2 2 2 2 2
left_child=3 2 14 16 6 13 8 12 10 34 47 38 -5 20 92 29 23 39 118 71 82 64 26 24 -1 28 42 35 96 -8 33 -20 -21 81 93 40 43 91 122 41 63 58 -14 -15 -45 90 -27 -4 -28 -40 72 -36 100 54 110 97 -48 -33 59 85 -60 86 65 108 102 -30 -44 -23 -42 83 -54 -6 113 107 -12 -24 -70 -78 -79 -59 -67 124 -3 84 -34 -10 87 -46 -76 -32 -29 -26 -2 -7 -39 -64 -11 -50 -25 -77 -53 -98 -17 -104 106 -106 -95 -73 -13 -110 -19 -18 -57 -51 115 116 -62 -118 -16 -94 -22 -93 123 -9 -31 -126
right_child=1 5 4 7 19 9 15 11 17 25 74 27 22 36 18 21 111 53 31 32 120 67 75 98 37 46 48 45 62 30 89 57 69 -35 51 -37 -38 94 49 -41 68 -43 66 44 61 -47 56 -49 55 50 -52 52 70 -55 -56 112 -58 79 60 -61 114 -63 95 -65 -66 80 -68 -69 76 -71 -72 73 -74 -75 88 99 77 78 -80 -81 -82 -83 -84 -85 -86 -87 -88 -89 -90 -91 -92 121 119 104 -96 -97 101 -99 -100 -101 -102 -103 103 -105 105 -107 -108 -109 109 -111 -112 -113 -114 -115 -116 -117 117 -119 -120 -121 -122 -123 -124 -125 125 -127
leaf_value=-0.39135383882789915 -3.2515544830446945 -3.2279853306634574 -1.8136165957799619 -5.9507511760661229 -8.1641752595084522 -0.9620781713288844 -3.9064123410705953 4.277246406621078 9.2253487881465723 -0.98221417822806123 6.4869982691235002 2.8160440498615125 -4.7086053474010612 -10.005434220924071 -8.8140204673377802 -7.2075075388426333 10.829578620923286 2.0524037875603862 -6.2601063124791949 -11.546728525646285 10.367041022879766 7.3662322474085302 0.77104094762590847 8.7928586944323168 0.58848878134612481 -8.3580709746286157 -0.86420256033865128 7.647499141170603 -2.0776840682025752 6.6130011084099891 -4.3555447401565379 1.361592831501381 -3.7120821930047101 -0.46279134537614292 -8.090865971026691 -6.9096606658376931 -10.370230274826501 2.5032839391371575 -0.20668879648234531 -1.4453184205612908 -1.1658260627439765 -6.1622692151883278 3.1568154659883887 -10.13902687382943 -4.7887696591516793 2.4301533296232067 -1.3402842311413588 -8.3432870073382688 -8.6426706378970781 6.802279782819582 -4.4541110409867031 3.1852777133746248 11.570163565587528 -4.6914761775302125 -1.4938059942068858 -4.5068306334840651 -6.575658948270406 -1.730973461104484 -0.34060444325064909 15.98611241779262 3.6823111553542818 -8.7390917852982515 -8.2920658863624368 -5.0997808933491537 -13.285721827723386 3.5396781619907589 -1.8324536974555732 -1.4199416398286262 0.92843562055342499 3.0730622617559282 -7.9478775770601935 8.0851686994262018 12.190956583253298 -2.7541694987276095 -3.9058973508785346 -24.91009387145732 5.5383154949957838 -2.9315004537553464 4.0635954447789064 -7.0176363193137155 18.702680904682033 -3.8083576173231779 -8.6439379341067379 -2.2337358817699107 -9.7974701080729716 3.5069673786601179 -6.5181419545548271 -0.24487190432738315 4.1827373764837406 3.0379373048244056 0.20060979529608913 9.637096844097556 -11.333041301807187 25.542420852344961 5.8686111859332346 -0.13353583141840752 -9.8094790996550003 6.1922502458553232 3.6463614194656944 -4.100117657778739 -5.4441201809799722 -2.5357200751503468 6.6446939280005601 -4.4527931804833427 6.4185516400747762 -2.9302168504446091 6.8928575011558584 1.3161096908951624 -7.9613513546397989 0.26120308560616173 7.6368012274498502 7.0245266716978962 2.7355298633688383 1.5496450434567017 3.6668642397702942 0.3586555580858759 7.0350368087392923 13.655935857301225 -2.999565622795239 5.7074302037792473 -2.6446513323174261 5.9196956743258298 -2.6045178655308714 10.347207310972067 -0.11764197846393964 5.0141963796005937
leaf_weight=1818.9653149843216 481.08055835962296 2286.5459615886211 2367.2940022647381 1340.8199629485607 217.8017902970314 619.86317911744118 1580.4991116225719 553.04435130953789 1092.0976613759995 573.24807900190353 1137.6582118272781 1474.2729225158691 1259.8663969635963 2341.1950863003731 3413.1516384482384 1388.9841158390045 1690.4043264687061 1032.1215788424015 3048.3749901354313 579.64622530341148 292.84755107760429 358.89281749725342 1038.0447383821011 3172.8146467804909 503.27368503808975 3219.1295578479767 1267.8641353547573 2566.0172225832939 802.4586578309536 1726.5752120614052 1539.0451873540878 1434.3543892502785 1651.7761370837688 2848.3526084125042 535.75905227661133 442.91346621513367 3306.2968639135361 6106.1833004653454 1018.7292272746563 591.71555930376053 1201.1619077324867 187.46699148416519 1807.6234847903252 1608.7989565134048 2612.9867539703846 3043.5291604995728 1536.1999577879906 855.36613613367081 79.572972267866135 1885.7745215594769 262.35019987821579 1332.9297358393669 59.576799422502518 578.31004363298416 1131.9113702178001 367.57093960046768 2067.692736685276 1802.7112731039524 692.88780274987221 692.03386873006821 675.48927199840546 1639.095690369606 489.43235614895821 875.80459550023079 367.50937271118164 980.8273988366127 1585.7510066926479 1077.1330852508545 2363.3881289064884 418.5401494204998 552.39597445726395 542.10129091143608 480.31787297129631 618.1976133286953 480.57124102115631 38.462876379489899 3779.5495714843273 610.19593596458435 1049.2973374724388 1025.0952165424824 85.980833888053894 285.48084738850594 837.64215630292892 2404.5217535197735 1000.3779233396053 1100.8300894796848 2818.8228641450405 1363.0608648657799 627.31376078724861 410.36866524815559 363.28553703427315 1373.762373894453 55.177016288042068 74.080974698066711 2057.9465771019459 558.91589069366455 961.93316724896431 3295.4707263112068 804.31622439622879 1899.6483790576458 260.51802569627762 449.19758149981499 217.57575798034668 769.36217403411865 801.15430736541748 291.95268726348877 147.96114167571068 892.82409554719925 324.61981764435768 808.99316212534904 939.97576946020126 2807.6284022331238 1397.9246036410332 761.86786478757858 1787.7590328752995 303.23813250660896 1144.5916846394539 781.84086087346077 504.56508612632751 703.15391606092453 124.99082079529762 4858.6883873939514 112.88119927048683 2005.4627948403358 979.64438873529434 1243.9851229190826
leaf_count=2773 615 2519 3291 1788 266 723 1964 759 1326 624 1360 2166 1713 1778 3155 1361 1738 1354 3091 548 279 447 1554 3388 718 2796 1834 3090 995 2252 1962 1986 2137 3834 520 560 2193 8637 1398 761 1735 227 2614 1096 2570 4240 1849 871 102 2399 357 1702 77 711 1311 465 1838 2308 892 580 908 1388 472 1189 289 1249 2343 1282 3211 596 572 649 461 774 651 27 5061 867 1448 1191 91 372 718 3044 1027 1449 2555 1560 836 587 489 1371 53 55 2473 646 762 4278 1071 2628 303 522 278 907 1046 332 195 1160 460 1172 1232 3423 1950 1020 2590 368 1507 795 543 964 126 6142 176 2023 1437 1639
internal_value=4.95271e-07 -2.53178 -0.778705 3.40155 0.37109 -5.17798 1.21134 2.14173 2.86928 -3.23303 -0.604059 3.34262 0.112712 -6.83662 -4.58929 -0.828451 5.46987 4.361 -5.25829 -2.95868 -3.36419 -3.77073 0.691863 4.82119 4.12398 -4.64133 1.5964 2.40945 -2.41913 0.33013 1.07136 -3.75408 -4.41143 2.13646 0.298135 1.42713 -7.62052 4.67521 5.83398 5.5948 1.72283 6.08731 -0.673014 -6.88639 -6.15927 4.53599 -6.23787 -3.54674 3.24425 4.19244 5.5143 -1.90004 -0.396116 1.32872 2.45034 4.25756 -4.34402 -1.96172 6.36496 8.6651 5.13286 -5.40012 -0.246918 -0.771565 -6.15063 1.82565 0.82529 0.775906 2.68797 -3.65603 -6.04776 0.914712 6.35038 1.87783 3.61909 -2.67006 3.28125 4.3036 1.4915 -3.64742 4.76176 3.88437 -4.68008 -4.213 -6.00746 6.35477 -4.59468 -3.23104 0.674101 -2.79915 6.72395 6.27953 1.47136 3.41212 3.35159 -3.94243 -5.61292 5.84249 7.75206 -4.5131 1.77443 -7.49406 -5.04697 -2.00629 5.47379 3.92163 13.115 3.8734 0.681976 -2.0934 4.71414 8.4545 1.22769 5.29082 5.94099 7.34043 8.15412 9.72212 -8.06517 4.46755 6.47477 6.73909 8.54329 9.03513 4.44032 2.75331
internal_weight=155977 89420.8 53787.3 66556.1 41319.7 35633.5 32993.9 41362.1 18200.5 16401.2 5468.2 25983.5 15378.6 19232.3 12467.7 14793.4 25194 12732.3 11228.3 8325.79 3542.03 4179.46 14037.8 20696 16718.8 11725 11061.6 18903 4901.99 10614 9033.45 7310.54 6054.86 7084.04 4676.19 12930.2 15690.3 14899.9 7080.43 9049.95 12487.3 8458.24 4653.24 12384 10042.8 5972.83 6823.02 3222.66 6408.4 4409.04 3390.31 2741.18 2205.42 3682.32 3104.01 5140.54 3603.89 4262.16 8270.77 2884.96 5385.81 8433.97 2917.62 3483.69 2743.43 1869.27 3393.37 1436.03 9003.59 5475.22 611.973 2270.92 3127.96 2053.12 2245.54 2976.16 7802.43 5439.04 1659.49 2827.81 1066.81 4235.69 3124.19 5056.68 2652.15 2192.93 6794.87 3976.05 1107.89 1949.41 2929.3 6735.72 1239.41 1935.01 8164.13 1048.35 1984.38 3375.04 3977.13 1938.11 1593.45 1411.13 2375.92 986.938 1315.15 1093.11 222.042 1434.93 2607.89 1133.61 1972.1 4498.03 1765.5 2647.64 4692.92 2905.16 2601.92 1926.43 3917.72 758.331 417.838 6232.45 2671.39 2558.51 3950.2 2223.63
internal_count=187200 99889 65738 87311 51832 34151 41631 55577 23020 17369 7009 34281 21296 16782 13906 18611 31734 16011 12274 10201 3642 4564 19508 26573 22114 11844 15299 25688 5361 14047 12083 8576 7352 9534 5525 17869 13140 19341 8593 11403 17309 10642 6670 10947 9169 7819 6483 4162 8629 5635 4237 3174 2654 4608 3897 6795 3687 5485 10415 3355 7060 8073 3453 4987 2835 2335 4957 1729 12322 6804 649 2849 3880 2583 2847 4209 10587 7376 2315 3499 1340 5700 3237 6208 3164 2775 6685 4130 1487 2549 3579 8231 1632 2351 11110 1118 1908 4380 4459 2655 2005 1284 2546 1185 1628 1378 250 1809 3798 1632 2586 5161 2415 3419 6168 3578 3210 2302 3698 1017 405 7513 2958 2782 5328 3076
is_linear=0
shrinkage=0.05


Tree=23
num_leaves=127
num_cat=0
split_feature=29 36 25 27 25 6 13 29 33 23 11 23 23 25 6 46 25 11 6 13 23 42 23 42 36 33 2 23 25 23 30 5 25 23 36 23 15 14 33 36 23 6 23 11 25 25 27 11 5 5 33 8 23 17 14 42 33 23 14 11 11 18 23 14 9 14 6 9 6 9 11 11 37 15 42 5 5 6 14 36 25 14 6 23 8 25 2 25 14 23 23 25 14 23 6 39 14 11 15 23 39 6 11 14 42 33 9 25 7 11 25 23 15 23 25 23 36 14 6 23 33 33 42 40 33 23
split_gain=4.89517e+08 1.30227e+08 8.04318e+07 6.84299e+07 4.74934e+07 4.53466e+07 3.44921e+07 3.42506e+07 3.28297e+07 3.11837e+07 3.07309e+07 2.79605e+07 2.72063e+07 2.07569e+07 1.90148e+07 1.89444e+07 1.83614e+07 1.63866e+07 1.57483e+07 1.53652e+07 1.51097e+07 1.52122e+07 1.44944e+07 1.29332e+07 1.25073e+07 1.50411e+07 1.24273e+07 1.24041e+07 1.21065e+07 1.6496e+07 1.203e+07 1.11644e+07 1.02732e+07 1.79651e+07 1.31245e+07 1.02109e+07 1.1321e+07 9.79598e+06 9.6789e+06 1.10919e+07 9.59838e+06 9.50462e+06 9.7104e+06 8.92896e+06 8.70349e+06 8.59069e+06 8.49314e+06 8.36053e+06 8.2197e+06 8.16833e+06 7.99893e+06 7.86808e+06 7.85917e+06 7.58521e+06 7.476e+06 7.33324e+06 7.21587e+06 7.21169e+06 7.04638e+06 7.06318e+06 7.04404e+06 7.93016e+06 6.95002e+06 7.77938e+06 6.81817e+06 6.72165e+06 6.7026e+06 6.6084e+06 6.86995e+06 6.56634e+06 6.56076e+06 6.51229e+06 6.47869e+06 6.4447e+06 7.53163e+06 6.43515e+06 6.34261e+06 6.8492e+06 6.29276e+06 7.0629e+06 6.26208e+06 9.48657e+06 6.25744e+06 7.71568e+06 8.4031e+06 8.63845e+06 6.2274e+06 6.95139e+06 6.20318e+06 5.9468e+06 5.88768e+06 6.05442e+06 5.80108e+06 8.75422e+06 5.74364e+06 5.69266e+06 5.64703e+06 5.64075e+06 5.63153e+06 1.21784e+07 6.26649e+06 5.92304e+06 5.63005e+06 6.38838e+06 5.59706e+06 6.16845e+06 5.58591e+06 5.46938e+06 5.45505e+06 5.52349e+06 5.42944e+06 5.26448e+06 6.87787e+06 5.86566e+06 5.25252e+06 5.24934e+06 5.22706e+06 5.20614e+06 5.20292e+06 5.20938e+06 5.17744e+06 5.17725e+06 5.17647e+06 5.14577e+06 5.07014e+06 5.38539e+06
threshold=0.015039682539682542 0.0094841269841269855 0.23611111111111113 0.028364197530864197 0.10833333333333335 0.11733416770963706 1.0000000180025095e-35 0.0089583333333333338 0.022112045217897416 0.021740621458817919 0.21132485972747053 0.033734998064266365 0.018764267412066157 0.086111111111111124 0.10733486943164364 1.0000000180025095e-35 0.10277777777777779 0.22511261261261264 0.13667496886674971 5.5000000000000009 0.030828853046594985 1.0000000180025095e-35 0.020326743040157677 1.0000000180025095e-35 0.019598765432098767 0.019265926953251876 -1.0000000180025095e-35 0.023235879926020775 0.15277777777777782 0.028032245532245537 0.0061419753086419766 0.080229885057471279 0.10833333333333335 0.027028470778470783 0.023395061728395065 0.026700019912385509 12.500000000000002 7.5000000000000009 0.012424437401800541 0.017685185185185189 0.020969982078853051 0.053908747457134566 0.02691464452958706 0.26161035226455792 0.069444444444444461 0.10277777777777779 0.0049691358024691367 0.3019850628930818 0.18537609774723179 0.14650406504065042 0.018425312064816145 4.5000000000000009 0.015016188063063065 1.0000000180025095e-35 16.500000000000004 1.5000000000000002 0.02053580568001202 0.020271587376850538 10.500000000000002 0.2169243009774949 0.28856066613798576 3.5000000000000004 0.018985690235690238 7.5000000000000009 1.5000000000000002 10.500000000000002 0.052357456140350887 3.5000000000000004 0.022347066167290892 3.5000000000000004 0.29442724458204339 0.31057781919850891 0.43611111111111117 13.500000000000002 1.0000000180025095e-35 0.10741758241758244 0.15643825301204822 0.0613139992839241 6.5000000000000009 0.018425925925925932 0.063888888888888898 15.500000000000002 0.15424266455194294 0.042610398860398864 13.500000000000002 0.14166666666666669 -1.0000000180025095e-35 0.14722222222222223 11.500000000000002 0.018423489278752442 0.016891156462585041 0.080555555555555561 21.500000000000004 0.020969982078853051 0.06472559698366151 0.0052777777777777788 17.500000000000004 0.24568837347606307 16.500000000000004 0.015016188063063065 0.01404320987654321 0.043797953964194385 0.36127844712182067 7.5000000000000009 1.5000000000000002 0.020841362349927308 3.5000000000000004 0.069444444444444461 12.500000000000002 0.19063283208020051 0.041666666666666678 0.013908450704225354 19.500000000000004 0.018985690235690238 0.16388888888888892 0.022254901960784317 0.025625000000000002 4.5000000000000009 0.17883795309168446 0.017176393565282458 0.031408180546042698 0.020841362349927308 1.0000000180025095e-35 -0.00011904761904761914 0.028124325601181551 0.016961675020885549
decision_type=2 2 2 2 2 2 2 2 2 2 2 2 2 2 2 2 2 2 2 2 2 2 2 2 2 2 2 2 2 2 2 2 2 2 2 2 2 2 2 2 2 2 2 2 2 2 2 2 2 2 2 2 2 2 2 2 2 2 2 2 2 2 2 2 2 2 2 2 2 2 2 2 2 2 2 2 2 2 2 2 2 2 2 2 2 2 2 2 2 2 2 2 2 2 2 2 2 2 2 2 2 2 2 2 2 2 2 2 2 2 2 2 2 2 2 2 2 2 2 2 2 2 2 2 2 2
left_child=1 8 3 5 7 6 28 18 10 13 30 37 98 58 31 50 41 64 38 -18 73 117 96 35 25 76 106 44 49 -30 107 47 57 34 124 36 43 94 -3 62 -39 42 102 -24 118 -29 -33 86 104 60 115 -52 -46 -32 69 -25 -41 80 72 -60 67 -62 -40 -64 -17 70 75 -2 -69 -55 90 -20 89 97 -75 -26 77 -14 79 -51 -7 -82 83 84 85 -57 -12 -88 -87 -8 110 -92 93 -66 -4 -53 -5 -21 100 -100 -6 -102 103 -11 105 111 -13 -1 109 -27 -19 -15 113 -113 -54 -9 -28 -22 119 -10 -31 -101 -44 -115 125 -34
right_child=2 4 11 22 12 32 9 15 27 16 14 26 24 48 -16 17 19 65 71 20 21 -23 23 55 66 108 116 45 29 120 53 46 33 -35 -36 -37 -38 40 39 56 -42 -43 122 -45 52 -47 -48 -49 -50 78 51 95 114 54 -56 82 -58 -59 59 -61 61 -63 63 -65 92 -67 -68 68 -70 -71 -72 -73 -74 74 -76 -77 -78 -79 -80 -81 81 -83 -84 -85 -86 88 87 -89 -90 -91 91 -93 -94 -95 -96 -97 -98 -99 99 121 101 -103 -104 -105 -106 -107 -108 -109 -110 -111 -112 112 -114 123 -116 -117 -118 -119 -120 -121 -122 -123 -124 -125 -126 -127
leaf_value=4.1915420270496782 -5.754297775640814 -1.8010369185346613 9.9854672542768519 8.0936747233363775 10.635218504650942 -8.5103985082521714 8.9842216421127556 -4.8825587142063753 6.1466475984725717 0.87820250853447779 2.9638610024613699 -8.1621702342920255 2.9057006973469832 16.062093785698085 -1.4499454208695473 -7.8033983687295025 5.571735956087263 -2.7300508336318052 -1.8387535370124579 3.546602746356935 -5.4686351799527211 -1.4830365720591074 4.0980848778493311 6.1404632375161405 3.1843179226256577 6.80106166281975 5.8248475857791213 -1.1068791621354135 9.2226471947450541 -7.2862895568056292 -8.4655305206493789 5.8505566202583399 13.487584400421534 -7.0792417022674314 -7.3003382275590845 -10.397075674142291 -14.67251008432755 6.5139998931307366 4.3486618474296508 -4.4312419331555537 -0.91313028583915212 -7.5130735440142491 -8.7882760865576 -7.0314694335900843 11.387342250101927 4.6367561784377314 -0.065168023966951621 -0.21064830232854798 -3.6898933126485667 -1.0394584422606499 0.025126196527356592 4.3936452323251602 6.4685204665785001 2.4079184721415618 0.51612565000117305 -6.89788279761044 1.307279505628278 -8.9338106195543521 1.4616970482597851 -7.145582508148137 -4.1000312780871706 -12.053768320605874 2.7971145771126853 -4.8049799946306466 4.3375494151299732 -5.3013039459034053 -2.9226421424558597 2.4956159632353723 -3.3185251646112492 5.8272900882032417 -4.1558769787604781 -10.912387475041273 -1.3942680907112479 -17.831251008196244 -1.8467885936236934 -3.2585652963394347 -7.5393432901852648 -2.6449393749235544 -9.6118119545260665 -7.7267886804293724 1.2773560571084743 -7.7283168803096807 -9.7385380882253259 -8.2478449233402582 11.730759348716738 0.12684378298561552 5.0700290547054276 13.057553221707991 -6.8153677989314279 0.99447497441764998 -3.625795894406401 0.79126063707561956 -3.1133102852512948 -0.74699049131253148 2.9909694414204151 -4.8304541987064695 -4.6558689483057956 -0.49796516236601934 10.406758234553266 -4.5061206628147783 8.9077836695544246 -0.92357682784228645 -13.639934123402865 -5.649717308811919 -1.6679169328997614 10.382729684704358 -2.3039217774293257 9.1153359866621297 7.8546476783641825 2.7102975607135829 5.0116290316965202 9.5332040832450566 -5.7330264143944056 -5.8306251244934817 10.519853919518683 -11.014971869517581 -0.9260681385884193 -11.568586725652114 -4.6142367411865477 1.6233994469670951 0.71768025280640524 5.2323731067394981 -2.7533198075554441 5.1578096536554057 9.9608845460117958 0.0005187721310252007
leaf_weight=755.72178283333778 1399.969540566206 1504.2991175055504 1032.9794497787952 200.80018332600594 1272.7797495722771 836.04323387145996 372.01848486065865 3339.1288568377495 2533.4621564149857 1682.6521925926208 4665.7541947364807 524.22046801447868 1139.7423795163631 96.008645713329315 3555.2586478888988 182.43687582015991 820.19307538866997 319.36189869046211 1775.5756697654724 1629.8687799572945 956.84616348147392 2834.6327173411846 347.39449933171272 117.69665437936783 1337.0351641774178 963.6512765288353 624.10330921411514 789.30562835931778 342.77858233451843 467.97511261701584 117.08015224337578 702.4900296330452 81.816804796457291 2212.4784505963326 436.61205533146858 4734.3465232849121 218.18752479553223 792.69201445579529 5750.4961641728878 724.76442342996597 964.04803419113159 1861.8510346412659 862.47851333022118 374.47195759415627 1159.7490096092224 3715.8789650797844 4450.6885621547699 1240.4926083981991 223.8359394967556 628.69401526451111 1926.9005686044693 179.70381942391396 6553.1979382932186 1901.8218598663807 1103.9677684605122 2011.0768516659737 2243.6730074882507 3619.8376071453094 373.77749270200729 657.81287676095963 772.59508943557739 527.25572681427002 1216.8445216119289 465.17248737812042 2635.8534848690033 1383.0672724843025 1846.9253790378571 759.15197017788887 1536.1465500295162 5363.8701718449593 1591.9836093187332 222.53093075752258 1282.7023252546787 88.423874944448471 442.39123952388763 545.75378686189651 300.57120823860168 1084.6923516690731 1603.4817847907543 1061.465608805418 637.74639102816582 540.06207302212715 1191.931963711977 1996.7530657947063 79.182062119245529 1088.0456817150116 3479.1518959105015 295.52480047941208 456.90587040781975 622.75400543212891 1611.4390110969543 1496.0235543549061 481.61575469374657 1247.0729207098484 409.99883058667183 2416.6450712382793 153.04570242762566 1829.8973448872566 425.41184362769127 353.67836779356003 341.98199614882469 277.52260366082191 85.734925359487534 482.18296125531197 198.30455845594406 852.82993066310883 1818.3398213684559 2223.1356495916843 728.19444409012794 5742.2529204785824 778.68693113327026 459.61787328124046 160.00023564696312 155.88882037997246 911.29361096024513 389.6903173327446 530.41734927892685 551.33238005638123 146.5033321082592 850.13990345597267 355.54669338464737 222.2280974984169 604.27494594454765 336.5655369758606 209.60728240013123 776.2287540435791
leaf_count=1026 1330 2155 1273 224 1347 771 413 4064 3038 2072 6694 487 1557 88 5270 244 1000 429 2470 2244 1005 3600 411 116 1824 1277 796 1137 363 431 160 887 91 2064 371 3023 140 1057 7770 959 1308 1840 787 300 991 4917 6470 1807 230 749 2421 204 7738 2629 1601 1829 3150 2966 494 756 735 366 1726 652 3563 1781 2224 896 1623 6958 2001 241 1549 56 588 670 388 1400 1419 886 724 492 830 1576 87 1274 4536 262 438 771 2102 2037 654 1701 623 2864 172 2217 428 444 375 357 54 570 289 962 2056 2234 951 7824 1078 546 199 174 861 377 631 425 217 1181 424 276 706 437 257 920
internal_value=4.51871e-07 2.18473 -3.59128 -4.2519 0.425684 -3.21331 -2.26516 -0.647374 4.09319 -1.11407 3.10092 1.56797 2.61827 1.99418 1.83424 -1.97348 -2.33607 -0.681984 1.25829 -0.958005 -1.60068 -3.64157 -7.40138 -7.68131 1.68712 2.61203 -1.52241 5.87141 -4.7639 0.00573831 5.1325 2.62136 -6.25334 -4.21291 0.00290641 -9.45195 -4.69207 4.94555 1.94768 2.48987 2.43821 -4.59702 -3.1365 -1.67543 6.70205 3.63047 0.741274 3.62213 5.44953 -5.43503 -3.80892 -2.39552 7.55807 4.17297 4.34976 -6.23389 -0.09382 -7.59949 -0.598637 -4.0269 -4.16048 -7.32629 3.52175 0.694707 1.66672 -2.16926 -0.782562 -3.04688 -1.39554 4.93226 -1.42208 -2.84929 0.954205 0.620351 -4.5095 1.31675 -0.722099 0.199064 -7.36801 -5.23928 -5.20108 -2.85203 -6.44732 -5.75078 -4.37919 -4.73791 4.18544 5.69538 -1.92625 3.98243 -0.387203 -1.4993 2.06257 2.70456 7.99809 -4.19202 2.57923 1.4074 7.02325 3.99096 8.62781 4.50358 -1.07346 -0.575789 6.35504 7.12702 -3.61489 7.86619 3.74447 3.29815 2.76 4.8287 3.85888 5.47085 6.96312 -5.52344 2.7233 -7.69854 4.61074 5.01017 -3.83066 -0.748276 -6.30199 1.67937 2.98954 1.28654
internal_weight=155977 96979.9 58997 52300.2 50465.4 39330.4 29979.9 33883 46514.5 20524.9 29855 6696.8 16582.4 5792.12 18389.4 19979.6 14732.8 11727.5 13903.4 9153.59 8333.39 4342.81 12969.8 12616 13688.8 9959.1 3497.08 16659.5 9455.06 1166.3 11465.6 14834.1 9350.43 3716.74 1504.26 5674.4 940.054 3199.72 11905.2 10401 1756.74 5579.17 3717.32 721.866 12154.3 4505.18 5153.18 9680.92 2483.05 8288.76 8252.07 4523.25 8624.24 8486.74 8369.66 6941.59 2968.44 5633.69 3309.07 1031.59 4995.12 1299.85 7432.51 1682.02 4546.98 7180.56 3729.71 3695.27 2295.3 7265.69 5797.5 1998.11 2277.47 3990.58 530.815 1882.79 2525.01 2224.43 3293.64 1690.16 2013.85 1177.81 6823.9 5631.96 3635.21 3556.03 8440.43 3774.68 1544.95 994.772 4205.51 3107.46 4364.54 3882.93 1442.98 2596.35 353.846 3459.77 2893.6 1001.32 1892.28 619.505 2250.57 2164.84 2259.22 2060.91 2342.56 2978.86 7434.1 6705.9 1098.05 1208.08 1112.07 952.072 7464.49 3728.82 1154.52 1508.18 3530.11 3383.6 823.522 575.906 1466.75 492.454 1067.65 858.046
internal_count=187200 126599 60601 52370 65985 41950 33294 44643 60614 24072 40534 8231 21342 6908 25926 25520 17164 15590 19123 11135 10135 5030 10420 10024 18115 13397 3970 20080 9222 1218 14608 20656 8656 3703 1639 3874 851 4261 16412 14257 2365 6029 4189 711 14026 6054 7357 13299 2925 8004 9930 5489 9590 11348 11188 6150 4109 4953 3983 1250 4950 1101 10148 2378 6162 9428 4718 3849 2519 9587 7647 2711 2733 5105 644 2494 3345 2957 3054 1635 1987 1216 6034 5204 3628 3541 11492 4798 1712 1184 5646 4139 5918 5264 1896 3068 396 4461 3227 1148 2079 732 2696 2642 2695 2406 2543 3260 10052 9101 1507 1444 1356 1157 8599 4441 1427 1430 4436 4219 855 720 1493 611 1268 1011
is_linear=0
shrinkage=0.05


Tree=24
num_leaves=127
num_cat=0
split_feature=38 29 29 1 1 1 1 25 6 1 0 1 37 11 25 39 26 21 0 15 39 25 11 14 30 30 0 0 1 30 14 0 27 39 5 0 15 14 11 0 30 15 6 30 6 0 37 26 15 14 0 24 32 1 29 30 24 26 0 36 37 25 25 14 14 11 6 5 37 24 26 5 10 13 30 1 14 1 6 30 14 16 5 0 25 32 39 13 0 25 29 37 36 32 37 15 25 27 14 5 30 24 38 1 26 0 30 11 14 9 24 15 0 43 38 39 24 0 25 5 25 0 17 32 5 30
split_gain=4.47421e+08 1.17601e+08 9.956e+07 5.37465e+07 4.09233e+07 3.69923e+07 3.19053e+07 3.14634e+07 3.05438e+07 2.97789e+07 2.64617e+07 2.45391e+07 2.19712e+07 2.19325e+07 1.81853e+07 1.72091e+07 1.71252e+07 1.62272e+07 1.56193e+07 2.78217e+07 1.53223e+07 1.57036e+07 1.51453e+07 1.48167e+07 1.44036e+07 1.42321e+07 1.41516e+07 1.39248e+07 1.36199e+07 1.35964e+07 1.25231e+07 1.49427e+07 1.24569e+07 1.23832e+07 1.21457e+07 1.2089e+07 1.76844e+07 1.18862e+07 1.18825e+07 1.18353e+07 1.16512e+07 1.11466e+07 1.05958e+07 1.26091e+07 1.01766e+07 9.94975e+06 9.65552e+06 1.01469e+07 9.47848e+06 9.08567e+06 1.00155e+07 9.02795e+06 9.36947e+06 8.88527e+06 8.67493e+06 8.67074e+06 8.64269e+06 8.59645e+06 8.52193e+06 8.47011e+06 8.45722e+06 8.53544e+06 8.41222e+06 8.38465e+06 8.35767e+06 8.28431e+06 8.04713e+06 7.94748e+06 7.79246e+06 7.11071e+06 7.15321e+06 6.99248e+06 8.80462e+06 8.23529e+06 6.96756e+06 6.93352e+06 8.22806e+06 6.5319e+06 8.36642e+06 6.51129e+06 6.48203e+06 6.4291e+06 6.35174e+06 6.26824e+06 6.2203e+06 7.07221e+06 6.19644e+06 6.1777e+06 6.15974e+06 6.26391e+06 6.11643e+06 6.1034e+06 6.09775e+06 6.05657e+06 5.98836e+06 5.97003e+06 5.91133e+06 5.86405e+06 5.85448e+06 5.85101e+06 5.83743e+06 5.82812e+06 5.79815e+06 5.7487e+06 5.69606e+06 5.68493e+06 5.68042e+06 5.64562e+06 5.61333e+06 5.53442e+06 6.23506e+06 5.49417e+06 5.47056e+06 5.45678e+06 5.44248e+06 5.43202e+06 5.40439e+06 5.35623e+06 5.30882e+06 6.45938e+06 5.26617e+06 5.24127e+06 5.23865e+06 5.21493e+06 6.80587e+06 5.18372e+06
threshold=0.01404320987654321 0.010092592592592594 0.016388888888888894 -3.4999999999999996 -4.4999999999999991 -5.4999999999999991 5.5000000000000009 0.15833333333333335 0.13811445341159209 9.5000000000000018 62.500000000000007 6.5000000000000009 0.67500000000000016 0.2103356216628528 0.12500000000000003 0.0052777777777777788 1.0000000180025095e-35 39.500000000000007 74.500000000000014 11.500000000000002 0.0039285714285714297 0.40833333333333338 0.22264957264957266 6.5000000000000009 0.019598765432098767 0.018968253968253971 49.500000000000007 36.500000000000007 16.500000000000004 0.0099382716049382733 10.500000000000002 92.500000000000014 0.045069444444444447 0.0045370370370370382 0.19378911892152145 26.500000000000004 4.5000000000000009 6.5000000000000009 0.23463088939279417 95.500000000000014 0.0029320987654320994 6.5000000000000009 0.02790758047767394 0.0073148148148148157 0.066300366300366315 83.500000000000014 0.047222222222222228 1.0000000180025095e-35 10.500000000000002 10.500000000000002 56.500000000000007 0.017189713678195839 0.024086586586586588 -12.499999999999998 0.03070987654320988 0.003402777777777778 0.016024140337008382 1.0000000180025095e-35 90.500000000000014 0.0065740740740740751 0.44722222222222224 0.086111111111111124 0.20833333333333334 9.5000000000000018 18.500000000000004 0.29379795396419445 0.24341649341649343 0.075093984962406032 0.54722222222222239 0.017018979302504934 1.0000000180025095e-35 0.083683473389355764 3.5000000000000004 7.5000000000000009 0.0052777777777777788 -3.4999999999999996 6.5000000000000009 5.5000000000000009 0.055867665418227221 0.0023015873015873019 18.500000000000004 3.5000000000000004 0.12556306306306309 99.500000000000014 0.10277777777777779 0.016130755445271577 0.0205952380952381 9.5000000000000018 71.500000000000014 0.11944444444444445 0.018293650793650796 0.036111111111111115 0.011697530864197532 0.015317590317590319 0.41944444444444451 5.5000000000000009 0.097222222222222238 0.022808641975308644 11.500000000000002 0.050316455696202543 0.014907407407407409 0.022220753615601437 0.0049691358024691367 -15.499999999999998 1.0000000180025095e-35 61.500000000000007 0.0099382716049382733 0.23223304473304476 10.500000000000002 8.5000000000000018 0.02741476850985184 20.500000000000004 137.50000000000003 1.0000000180025095e-35 0.0061419753086419766 0.0099382716049382733 0.01316776752615388 20.500000000000004 0.14166666666666669 0.21231060606060609 0.063888888888888898 18.500000000000004 2.5000000000000004 0.023382321274763137 0.15170694284618338 0.0058333333333333345
decision_type=2 2 2 2 2 2 2 2 2 2 2 2 2 2 2 2 2 2 2 2 2 2 2 2 2 2 2 2 2 2 2 2 2 2 2 2 2 2 2 2 2 2 2 2 2 2 2 2 2 2 2 2 2 2 2 2 2 2 2 2 2 2 2 2 2 2 2 2 2 2 2 2 2 2 2 2 2 2 2 2 2 2 2 2 2 2 2 2 2 2 2 2 2 2 2 2 2 2 2 2 2 2 2 2 2 2 2 2 2 2 2 2 2 2 2 2 2 2 2 2 2 2 2 2 2 2
left_child=1 5 8 14 39 40 12 18 9 10 35 17 16 84 38 -13 24 27 23 37 -8 34 83 26 63 41 54 87 56 -16 62 -32 67 -11 81 -2 75 -20 94 49 -1 104 57 120 71 -39 -28 65 -41 50 -4 -10 66 -40 77 -43 114 118 -21 96 61 -24 74 106 -33 100 -53 105 101 -45 -71 73 -73 -26 -15 -37 -77 78 117 -50 -60 107 -57 -18 123 -86 -67 -7 89 -46 -55 -76 121 -82 111 -52 -42 -36 -47 -58 -48 113 -19 -70 -9 -27 -5 -22 115 -63 -111 112 -3 -61 -17 -35 -65 -6 119 -29 -44 -14 -94 124 -12 -59
right_child=2 3 4 6 7 11 20 25 51 33 13 15 92 30 29 28 22 102 19 58 21 -23 60 -25 44 32 46 42 -30 -31 31 64 -34 108 97 36 -38 45 53 48 59 55 43 69 88 98 47 -49 79 -51 95 52 -54 90 -56 82 99 125 80 68 -62 109 -64 116 -66 86 -68 -69 103 70 -72 72 -74 -75 91 76 -78 -79 -80 -81 93 -83 -84 -85 85 -87 -88 -89 -90 -91 -92 -93 122 -95 -96 -97 -98 -99 -100 -101 -102 -103 -104 -105 -106 -107 -108 -109 -110 110 -112 -113 -114 -115 -116 -117 -118 -119 -120 -121 -122 -123 -124 -125 -126 -127
leaf_value=7.9498487517283998 -5.4785082621455503 0.69739093063357072 -8.6375503133742466 14.158888532853945 -7.6082929290589592 2.1264010865345009 6.689548531351484 9.6715618711647249 -6.8713246947289868 4.7419184696405452 6.9074508351836457 7.2256413914131974 -5.5852514143386527 12.974254791078085 5.9058467196472577 2.8801854654185886 1.5991469772589506 10.947358594962015 9.6716710828279275 -10.669143292255512 0.98861455558762268 6.7537631425116915 -7.3989861220561597 -8.8764151342646418 9.4395395805577813 -0.65056059210645434 -5.9854963653871138 6.8175219439253887 -5.6548380344266214 -1.3871453075738547 -6.9655562421776658 2.9806382995348475 -6.8469735848586941 4.7590102354663433 -5.3800231601807198 -2.3782761523133087 -4.092966492983364 -3.6877145713722239 -9.6071077625495871 9.4111667769650005 1.0033184245549598 10.658776136034092 1.9908894792377745 2.0837641621982561 -4.1581070098111139 7.8782557205775552 16.035362243064188 -6.230143029851372 7.1096390159933183 -12.070516176054586 -1.2045837194777764 2.7225228313779715 -5.1318849243926374 -3.0833982731997192 -8.9099012556280925 0.87277979375675674 6.4781766245699961 7.9187442582621959 -1.5854293070680423 -4.2027846205628601 -8.5398407289818561 -3.0344329530125398 9.20329201148758 -1.8069752676822401 -4.3409508384890678 6.4323986807625975 -7.4554822836121533 -3.9679894775200655 -14.607936739549992 5.3212574740959786 1.4523503893614749 -12.501696413497072 2.6830881515438962 3.7828524603729647 -1.1502046116858295 1.9203250244677446 -6.2809156892232787 -7.7070388372266923 -6.8702917649610544 -5.4428620943142318 2.5555306834866958 -8.7701096742701967 -5.4370154794071404 6.6344733948996568 17.595566411642018 6.8640358653852136 -6.7641743827667247 -5.1001445385937476 5.950466835940273 2.7744622078472863 -7.7282647266913322 2.7419537939742007 -0.47781731846208847 -9.3078619121389892 -4.7592036828514068 -6.3205703532866604 5.7419500616689305 -14.603834504482037 -0.60441893198165086 2.1255883556504993 2.3082089556910974 3.0034896860141611 6.9150677830067231 -2.8969633397318098 1.7914769656277412 5.289782514542483 7.7487924233328505 -2.3930525665009861 -9.0352198066365599 -0.61529715062663692 6.3061968276799316 -5.3139398531002193 15.379700589397524 0.54815067569556075 -1.8084094422013104 -4.9779349199233121 5.6013636094219983 -1.4171405284164298 10.344511380163217 -1.4349578728656611 8.3476828029980243 1.2361185779954844 -7.4678692889519098 -0.20608349182091079 -6.5898760553134172 0.70110215044869473
leaf_weight=580.29776853322983 1450.6748112142086 1527.9127715229988 5402.3074434101582 415.92532682418823 411.3456472158432 1945.9972371160984 569.77607309818268 534.15763041377068 2184.3665773868561 316.52495241165161 1018.5154372751713 1421.5566334724426 315.66876938939095 132.95373001694679 826.36436659097672 943.15657410025597 1328.5451593101025 1121.4785025417805 413.76108375191689 645.3511329293251 2064.1332370936871 496.07078540325165 361.53758907318115 2744.608048915863 1035.8721429109573 1820.6217118501663 1220.6153946816921 6790.1106103658676 658.48379644751549 2819.8080611228943 950.45122370123863 1281.5353865027428 1288.5631837844849 154.87423846125603 1054.8680548965931 1474.8577573597431 2644.0837836265564 824.9181781411171 1078.5228139162064 137.43581491708755 1629.8684100806713 162.34111487865448 381.28178784251213 4735.5385852456093 871.01317313313484 454.65406793355942 82.042851030826569 614.54018270969391 112.86859866976738 1153.4032602310181 755.93291294574738 979.41463285684586 1573.3053642511368 2478.8525025844574 1938.6457939147949 1093.2066986262798 1147.5651454329491 338.29211324453354 1128.6211641728878 841.91419157385826 367.54991883039474 589.26191660761833 406.85111320018768 306.32936301827431 560.14098179340363 111.39204004406929 242.23418909311295 1533.9946225881577 115.7449369430542 6043.3021890521049 1489.0979190468788 103.75954547524452 1193.831824362278 1698.3003653585911 1564.1378537416458 5468.656259894371 323.94516023993492 1689.4958998262882 1638.3497586846352 1220.0328119397163 127.64856061339378 283.34035086631775 627.93929651379585 1155.7151907980442 174.41725781559944 1281.5052371323109 441.5774173438549 348.7343590259552 339.1022047996521 520.57448369264603 992.52984416484833 2828.9561927914619 546.29316020011902 684.45329588651657 987.62805154919624 2321.3838747739792 1103.8939321637154 205.95538401603699 368.0787633061409 2359.8717508018017 1382.3200079500675 1529.7271257340908 4347.5817087292671 1107.2620552480221 401.84784603118896 517.161984115839 2044.4815826416016 3069.6720272004604 870.27105119824409 658.26210233569145 643.39771446585655 389.97861212491989 66.191291660070419 2142.2997827231884 1800.5550953149796 1906.3355913162231 1253.6341855823994 2317.8149164915085 1047.5848499834538 245.69637632369995 2239.2310222685337 2609.2466231286526 526.23861622810364 569.33696737885475 102.82481002807617 940.01130691170692
leaf_count=633 1594 2214 3655 396 354 2568 656 681 2437 404 1284 1579 382 143 1079 1345 1913 1077 503 512 2800 651 473 2265 1261 1995 1178 8192 967 3673 1156 1759 1136 205 1310 1925 3241 851 982 172 2506 205 542 6735 1128 570 93 579 134 720 862 1214 1795 3357 1313 1355 1453 355 1314 1236 420 816 498 444 758 136 253 1543 123 7606 2109 102 1600 2266 2201 7105 400 1429 1373 1205 146 342 693 1431 133 1647 420 539 461 691 971 3841 642 629 1236 2046 1473 166 415 3198 1657 2172 5352 1669 513 686 2478 4065 943 932 820 497 65 3231 2790 2283 1580 2486 1069 334 2364 3682 587 817 158 1396
internal_value=4.336e-07 2.37851 -3.01503 0.279286 -4.71096 3.98476 1.50033 -3.66743 -0.881367 -0.18148 0.471815 4.63285 2.60862 2.23524 -2.63217 2.2156 3.49238 5.2619 -4.76219 -2.23781 -1.20241 -1.8292 1.14464 -5.56615 4.71733 -1.02784 -4.79933 4.75094 1.18486 0.26573 0.801934 -1.8739 -2.58866 -4.65354 -2.46679 -1.21546 -0.591516 2.09522 -4.03695 -7.26919 1.0959 1.82884 5.10321 4.27445 3.11481 0.192604 -2.30988 -0.605193 -3.09084 -7.90696 -7.34063 -4.46306 -2.58091 -5.64304 -5.99881 -0.387382 1.90534 6.42125 -5.69175 0.626362 -1.50745 -0.359927 2.31651 7.01424 0.753796 1.10834 0.704381 -1.17146 -0.465065 3.60194 4.5564 4.49147 1.46886 5.92595 1.69746 0.682399 1.46168 -5.06707 -4.04584 -4.37993 -4.03661 -1.43806 -1.42927 3.94166 5.75405 8.14966 -4.10581 1.02817 -0.092238 -1.56472 -4.41145 1.35617 -0.682601 -7.44314 -1.57791 -5.06384 2.91678 -6.88673 4.08323 3.54967 3.07729 0.494122 7.74192 -4.00529 6.28847 0.663556 8.8324 -1.0334 -5.66801 0.985916 2.80593 0.00566099 1.30704 -0.792196 -0.196695 -4.24632 4.14659 -2.35029 7.02377 6.52934 7.42278 0.499929 -3.90749 3.69107 5.66977 2.61119
internal_weight=155977 87192.3 68784.6 37796.1 38323.4 49396.1 26628.4 27220.1 30461.2 25481.8 22233.8 40345.1 18884.5 10871.6 11167.8 8331.19 14887.1 32013.9 19240.2 4647.49 7743.82 7174.04 5104.27 14592.7 9782.82 7979.83 11848.1 26544.9 6909.63 3646.17 7725.03 2792.13 5160.34 3248.01 6677.97 11362.2 9911.54 2061.41 7521.62 11103.4 9051.01 2819.49 24250.1 14888.5 5762.45 1647.65 3852.49 2631.87 1470.34 9633.03 8479.62 4979.32 2794.95 4549.91 7995.65 1883.49 6251.15 9361.7 2586.07 8470.71 2620.01 2252.46 4932.9 4020.37 1841.68 2017.33 1221.65 3871.78 5736.95 12267.9 7532.4 4031.76 1297.59 2734.17 4526.05 7267.46 5792.6 6057.01 4367.51 1332.9 1940.72 5417.15 1721.15 2484.26 3146.6 1455.92 552.969 2294.73 1730.69 1391.59 3471.38 4393.09 3997.45 812.102 2971.71 3077.32 2733.76 1260.82 822.733 3507.44 1464.36 4513.94 5469.06 1223.01 936.005 2337.78 2460.41 5133.81 2931.48 1890.92 1301.66 1984.08 1594.1 2984.21 2743.71 2061.21 1559.96 2729.16 8083.39 7035.81 2620.51 2924.92 1072.53 1690.68 1121.34 1278.3
internal_count=187200 113182 74018 48569 35824 64613 34495 27030 38194 32495 28660 51570 24505 14395 14074 11332 19212 40238 18223 4940 9990 9334 6805 13283 12407 8807 11018 33809 9753 4752 10356 3673 5360 3835 8683 14265 12671 2339 9322 8794 13043 3447 30702 19356 7509 1836 4063 2885 1511 7283 6563 5699 3262 5310 6955 2253 8786 11346 2601 12410 3461 3041 6683 4898 2517 2306 1467 4224 8431 16450 9715 5229 1702 3527 6185 9430 7505 5642 4213 1339 2089 7207 2048 3344 4039 1780 556 3107 2280 1819 4328 6042 5293 775 4012 2908 3979 1476 985 4651 1750 6639 6429 1792 1194 2681 2874 6865 3431 2568 1752 2776 2279 4467 4135 2488 2024 2840 9595 8526 2906 4064 1229 2259 1442 1751
is_linear=0
shrinkage=0.05


Tree=25
num_leaves=127
num_cat=0
split_feature=36 29 27 1 34 32 33 25 1 34 23 25 23 1 23 23 25 32 25 33 1 6 24 6 24 28 23 24 23 23 32 24 33 15 23 24 32 15 24 2 30 6 34 33 33 32 15 1 34 38 6 1 28 15 34 36 23 33 31 1 1 6 43 34 30 15 31 1 24 33 7 7 24 23 1 24 47 34 28 33 1 9 6 1 31 38 25 0 25 31 33 32 15 1 0 32 38 30 30 1 35 31 1 6 6 24 23 24 37 23 38 15 1 26 31 29 0 37 6 1 35 16 6 34 6 1
split_gain=4.03798e+08 1.06135e+08 8.99956e+07 4.85062e+07 4.47003e+07 4.07029e+07 3.52918e+07 3.52448e+07 3.33856e+07 2.93751e+07 2.87529e+07 2.21992e+07 2.07594e+07 1.91951e+07 1.89245e+07 1.84095e+07 1.91053e+07 1.81284e+07 1.64122e+07 1.60095e+07 1.58803e+07 1.56935e+07 1.54866e+07 1.44946e+07 1.41455e+07 1.41274e+07 1.38105e+07 1.35958e+07 1.33576e+07 1.31036e+07 1.29066e+07 1.2472e+07 1.23924e+07 1.14948e+07 1.27836e+07 1.13503e+07 1.07866e+07 1.23678e+07 1.07192e+07 1.06836e+07 1.05152e+07 1.01052e+07 9.96046e+06 9.6469e+06 1.18529e+07 1.15524e+07 1.32263e+07 9.61666e+06 1.11681e+07 9.98731e+06 9.51788e+06 9.50221e+06 1.03717e+07 9.48798e+06 9.41963e+06 9.07498e+06 8.75574e+06 8.66419e+06 8.43077e+06 8.26111e+06 9.14009e+06 7.96861e+06 7.73315e+06 7.55816e+06 7.34805e+06 1.04845e+07 8.36151e+06 7.31236e+06 7.6217e+06 7.29813e+06 7.18018e+06 7.13977e+06 6.96264e+06 1.08085e+07 7.9827e+06 7.93116e+06 6.73782e+06 6.67555e+06 6.66462e+06 6.64187e+06 6.55135e+06 6.96684e+06 6.3917e+06 6.39061e+06 6.37903e+06 6.35872e+06 6.33474e+06 6.28261e+06 6.27797e+06 8.66258e+06 6.18833e+06 7.53398e+06 6.16018e+06 6.12237e+06 6.00022e+06 5.98289e+06 5.94416e+06 5.84862e+06 5.82945e+06 5.82773e+06 5.82382e+06 5.79592e+06 5.77956e+06 5.76323e+06 5.73312e+06 5.69881e+06 7.3108e+06 5.69383e+06 5.65485e+06 5.43302e+06 5.95577e+06 5.3984e+06 5.2494e+06 5.24777e+06 5.23733e+06 5.167e+06 5.06834e+06 5.05988e+06 5.04068e+06 7.82104e+06 5.02682e+06 5.02243e+06 4.98543e+06 4.95832e+06 4.93762e+06 4.92143e+06
threshold=0.01404320987654321 0.010092592592592594 0.018968253968253971 -3.4999999999999996 0.075000000000000011 0.024086586586586588 0.030960783467426589 0.16388888888888892 -5.4999999999999991 0.10277777777777779 0.033392434988179676 0.069444444444444461 0.017410968660968664 5.5000000000000009 0.020719156656656659 0.021608702198133097 0.069444444444444461 0.033734998064266365 0.12500000000000003 0.020739629613325799 6.5000000000000009 0.1472136222910217 0.051752531880171447 0.042705167173252283 0.021688070474514102 0.036111111111111115 0.025403330731199585 0.025342455407670432 0.026700019912385509 0.024255696782319942 0.028183050012318307 0.020553377021342197 0.022744336115103504 7.5000000000000009 0.023531681190994917 0.026944005083598042 0.016130755445271577 10.500000000000002 0.019400340857731801 -1.0000000180025095e-35 0.0029320987654320994 0.095491388044579545 0.47500000000000003 0.060253738337578903 0.029738064522252871 0.01841675612810879 14.500000000000002 8.5000000000000018 0.097222222222222238 0.024523809523809528 0.060120481927710849 -4.4999999999999991 0.1138888888888889 39.500000000000007 0.10833333333333335 0.023395061728395065 0.01960981179620443 0.042642683909942337 0.0038888888888888892 -8.4999999999999982 6.5000000000000009 0.25949975949975951 1.0000000180025095e-35 0.075000000000000011 0.0049691358024691367 14.500000000000002 0.0008641975308641979 7.5000000000000009 0.028795912132703751 0.041525156659991631 7.5000000000000009 10.500000000000002 0.023118594520397422 0.035281531531531539 -9.4999999999999982 0.031051024032894083 1.0000000180025095e-35 0.10277777777777779 0.058333333333333341 0.025855703771817725 -12.499999999999998 1.5000000000000002 0.043797953964194385 5.5000000000000009 0.0011953017957576164 0.0061419753086419766 0.19722222222222227 16.500000000000004 0.10277777777777779 0.0020903045074578265 0.013843627115401642 0.021041980084533281 14.500000000000002 18.500000000000004 40.500000000000007 0.029250033346672005 0.0065740740740740751 0.016944444444444446 0.050277777777777789 4.5000000000000009 20.500000000000004 0.0045827294685990344 13.500000000000002 0.098476102516739786 0.13667496886674971 0.024933922079967002 0.029126854126854129 0.039890697359804085 0.025000000000000005 0.018289859981933155 0.0084876543209876556 17.500000000000004 -15.499999999999998 9.5000000000000018 0.00051587301587301647 0.0058333333333333345 64.500000000000014 0.019444444444444448 0.052357456140350887 4.5000000000000009 5.5000000000000009 1.5000000000000002 0.052911534154535277 0.10833333333333335 0.065395580898075567 6.5000000000000009
decision_type=2 2 2 2 2 2 2 2 2 2 2 2 2 2 2 2 2 2 2 2 2 2 2 2 2 2 2 2 2 2 2 2 2 2 2 2 2 2 2 2 2 2 2 2 2 2 2 2 2 2 2 2 2 2 2 2 2 2 2 2 2 2 2 2 2 2 2 2 2 2 2 2 2 2 2 2 2 2 2 2 2 2 2 2 2 2 2 2 2 2 2 2 2 2 2 2 2 2 2 2 2 2 2 2 2 2 2 2 2 2 2 2 2 2 2 2 2 2 2 2 2 2 2 2 2 2
left_child=1 8 4 18 55 19 21 14 40 13 33 20 54 15 24 16 87 42 29 36 41 30 39 47 71 97 27 56 -20 38 32 -27 -7 86 53 57 92 -38 62 -15 -1 70 69 44 45 -21 80 48 -16 78 -17 -12 94 100 64 59 -11 -19 125 -2 88 63 -3 96 -13 66 -66 68 -28 95 115 123 -25 74 -74 -76 -41 -26 -50 -32 -47 -82 -37 124 99 -22 -9 -5 90 113 -61 -92 -6 -83 -53 104 -42 -14 -98 -33 -35 -70 -86 -30 -8 -52 -107 -96 -34 111 -111 -18 -40 -90 -80 -10 -51 -72 119 -59 -87 -36 -89 -4 -58 -54
right_child=2 3 7 9 5 6 17 10 11 26 51 12 25 22 23 50 109 35 28 43 85 -23 -24 72 77 31 67 -29 103 -31 79 84 108 34 121 82 37 -39 112 76 61 -43 -44 -45 -46 46 -48 -49 49 116 105 52 58 -55 -56 -57 83 118 -60 60 -62 -63 -64 -65 65 -67 -68 -69 101 -71 117 -73 73 -75 75 -77 -78 -79 114 -81 81 93 -84 -85 102 120 -88 122 89 -91 91 -93 -94 -95 107 -97 98 -99 -100 -101 -102 -103 -104 -105 -106 106 -108 -109 -110 110 -112 -113 -114 -115 -116 -117 -118 -119 -120 -121 -122 -123 -124 -125 -126 -127
leaf_value=7.5523595189044501 -7.4582674096714703 -6.5336201649261021 -6.7507259735132497 -7.7904521393821486 11.756725264980226 -5.0849174770263774 5.8628112116020414 1.0957331761066558 5.3019301758918562 5.865629904743753 -7.1712364152990311 9.1927286744531411 2.8098945920764287 -10.506557158075561 -6.7138121014134002 0.71929685999213144 9.9987234401209104 -6.8836674146811268 3.9397208003565503 8.2425351868129209 2.8046018213978088 -9.0083620539501439 6.6835334319624344 -9.4888091771618477 0.082656548496839233 1.9166108669887436 -1.352252375543185 9.2139823168628396 -0.45934899115680755 -7.2482655182210252 -7.7156191142127186 7.7175331086245826 -3.7669241495567451 5.0796205845148279 -1.0074148563006604 2.7863659856389242 1.134074177626079 -5.221356372131293 -7.2722708402012985 -1.0946283797157863 2.1382136740515136 0.31118332414618699 -3.2988052777277725 -1.8245624798051421 9.0276398428212214 -4.8818585528376452 -4.9023140030011234 -8.4590261276165162 -4.5271975049820261 -5.4291284241832667 -6.8411064919181985 -10.880430740373912 2.9753772092146602 -18.379090836562835 9.400210750613212 -9.2139064820004872 5.1092879056420495 3.6184121945806123 -5.870948072518849 -5.8790458331639925 -6.5207117026927541 -6.8627613082041554 -2.0315397655389007 2.3074383300922188 7.9382426164268409 1.0701849336498153 2.4486175538026651 -3.7773280510267471 4.2080866417098521 7.3546261024489912 -0.056214209303458607 7.2030556360252156 -9.1611685294193155 -9.3262228790504569 -5.5500458926070779 -0.067313896121184172 -5.4559528088286848 10.910997653672489 6.4040609665164148 -3.4193699697498441 -13.000525479315826 4.748210539565024 -2.1763122361489464 -2.8772035444856416 4.4306993372727765 -2.6423389797007881 8.5335473067785355 2.5435193662777236 2.6881982030784086 -6.1939158892916106 0.98467590053441933 -4.8952280524396778 2.0454918396549444 -11.496445057807698 -10.700523802428847 0.2126382195706874 -1.7432954945696946 -1.6018712296477178 -16.816844901388709 4.3049906206080832 23.680943774222033 -8.8258626956216482 -13.869970504502872 -5.9634693744299492 -1.9951919183249645 2.2391882132275716 -5.5327323658704906 -2.9170540437439287 2.1528779138757321 7.415099240818769 1.2949669291763026 3.2575306209798853 1.9187179266434411 18.28857196899008 -0.42681470151783679 2.0299646538384351 0.5006436663554904 6.416701439552674 -5.0504118575747619 -5.7231038212616889 6.2112349176341581 -7.2887795413913823 -1.8172040402968339 -1.1219150096205863 -0.98980035675770872 -3.7245105080067149
leaf_weight=580.29772847890854 1329.2951829731464 1676.0164776444435 1127.9517877995968 221.67195820808411 235.56014806032181 1270.2811874449253 1330.300743162632 485.63512781262398 1836.033770442009 2280.5497677624226 1946.4888924658298 1418.5441091060638 2237.6371423304081 466.37986806035042 2500.36833101511 3522.3496862351894 1053.6852703392506 1274.5846326649189 1467.5697656273842 941.83076000213623 1094.9737456738949 1325.6716324090958 421.27139759063721 3604.2588877081871 310.53701350092888 2679.3575198352337 1052.7840373516083 1503.4928140640259 1477.1966072618961 2046.7967147827148 1540.4838438034058 4465.6474699676037 504.11363464593887 577.40227660536766 766.29549962282181 1559.1015146672726 1786.329315841198 1339.5263522267342 174.58184838294983 2722.0600810647011 1201.2625370025635 1831.127383440733 632.56089740991592 682.64104461669922 1138.1617946624756 223.27739164233208 578.65599450469017 1544.4138062894344 446.15945875644684 2109.4870909750462 807.16519799828529 400.98396083712578 1193.5257867872715 41.061975330114365 3140.386706918478 894.92788615822792 1034.4711554050446 718.7724837064743 529.58998918533325 1256.1044333577156 1487.2879203557968 343.64831531047821 2213.5894483625889 4418.185544103384 2585.9592883884907 1208.1933234930038 947.91289553046227 598.27349352836609 2356.1948340237141 924.36947357654572 327.41505977511406 133.50600293278694 1064.8771715760231 2702.7554485797882 2753.014123827219 867.43365058302879 1312.5982716977596 262.7716024518013 515.9589030444622 2162.3812026977539 58.828039318323135 2646.2534716725349 1111.2766191065311 617.54185461997986 4176.6440835893154 1912.2991448938847 697.33717209100723 1794.5705665051937 795.05969893932343 295.0114381313324 1293.0253179073334 941.43286153674126 532.3332681953907 59.301202028989792 277.80902543663979 1656.6114149093628 2441.7425552308559 1130.8839133381844 65.87146183848381 1737.9797361791134 45.386046200990677 88.49593660235405 43.592358469963074 701.40605673193932 281.17791125178337 642.57029744982719 571.88529828190804 1523.4471775591373 2019.4339222311974 692.51470622420311 933.18560543656349 413.54039597511292 1410.6311027109623 57.827808380126953 615.16794583201408 3519.5449328422546 434.59368908405304 3876.0014409422874 597.98129853606224 325.54473307728767 174.99425074458122 544.25669807195663 1032.5444612503052 599.00788900256157 488.56047105789185 355.8017512857914
leaf_count=633 1345 1797 1059 244 251 1500 1659 527 2334 2725 1530 1400 3051 511 2109 4674 1214 1420 1988 1079 1550 1258 548 2562 331 3788 1439 1689 1944 2237 1666 5057 664 731 904 2119 2281 1577 192 3711 1897 2689 1001 1148 1334 240 656 1219 438 1843 964 257 1442 22 2967 781 1386 989 479 1524 1707 451 3195 6256 3015 1704 1294 784 3280 1212 496 143 687 1822 2495 920 1613 295 618 2616 63 3368 1477 859 5415 2902 929 2427 974 321 1707 1122 692 52 249 2107 3747 1690 59 2272 32 95 51 820 317 887 669 1691 2605 879 1266 496 1901 49 686 4956 536 4713 681 393 226 527 1476 610 659 370
internal_value=3.55418e-07 2.25958 -2.86428 0.265321 -1.2272 -0.311861 -1.66682 -4.8623 3.78552 1.42532 -2.30415 4.4012 5.28312 0.135373 -5.9742 1.2386 3.12411 0.304623 -2.50056 2.23758 2.84144 -3.99355 -2.48371 -6.50179 -1.82109 4.21679 3.5633 5.10667 0.252444 -3.8351 -3.10676 4.95923 -1.05715 1.58265 -0.752561 -1.63415 -0.285076 -1.58943 -2.55907 -3.34171 1.04111 3.71389 2.54968 3.78959 4.46834 3.31727 2.01655 -4.90617 -4.07752 -2.47813 -0.85021 -4.27473 -2.95779 4.90033 7.17156 -4.45638 3.70989 -3.79041 -0.424833 -3.88527 -3.10992 0.595044 -3.97147 0.910393 6.0355 5.09104 6.46573 1.33077 2.20456 3.4321 4.36571 -3.93712 -7.68716 -6.80823 -5.35571 -4.23642 -2.5135 5.04574 0.647833 -5.20672 3.35661 4.02203 0.72115 1.41319 5.74131 -0.281261 5.48017 0.315291 -2.01628 1.19139 -3.07114 -1.49267 5.02452 4.39216 -5.3489 2.32263 -0.753833 1.32877 -2.13926 6.76149 6.4352 3.73627 4.24167 -2.23141 4.49171 -3.58482 -1.4206 -4.1175 0.970315 5.89285 3.90202 8.09871 0.906501 3.74594 2.68906 3.15168 -4.41617 5.91251 -1.38974 0.706384 -1.90007 -3.61599 0.950857 -4.79833 3.15281 1.43675
internal_weight=155977 87192.3 68784.6 37796.1 37807.3 29457.3 19234.6 30977.3 49396.1 26628.4 9385.02 40345.1 25772.7 16608 21592.3 11685.7 6141.71 10412.3 11167.8 10222.7 14572.4 8822.37 4922.31 19158.5 2433.77 16471.7 10020.4 5924.62 3646.17 7521.62 7496.69 13103.2 3793.83 3157.37 1974.4 5587.26 3893.75 3125.86 5474.82 4501.04 9051.01 11390.1 4825.02 6328.95 5646.31 4508.15 3566.32 8166.15 6621.74 4121.37 5543.97 6227.65 4281.16 663.85 9301 8349.97 4421.12 2916.88 2078.92 7455.04 6125.75 8470.71 3889.61 8127.06 6160.61 4742.07 3533.87 4095.75 3497.47 4192.46 9559 1860.47 10992.3 7388.08 4685.32 3620.45 4034.66 573.309 1577.29 3702.87 2987.66 2764.38 2670.38 2140.57 10423.9 3182.27 1182.97 3048.79 4638.46 1147.9 3490.56 2234.46 767.893 2705.55 2202.24 3268.09 3708.88 3368.52 2507.61 6203.63 622.788 2444.69 4220.24 2178.6 1611.48 2021.62 1214.46 1801.26 2523.55 3092.93 1625.7 1467.23 1585.21 852.888 1131.13 5355.58 2544.08 4203.42 1642.3 1044.32 2087.29 1310.55 2827.12 1726.96 1523.03 1549.33
internal_count=187200 113182 74018 48569 45955 36425 23684 28063 64613 34495 9690 51570 31704 21579 18373 15196 8002 13375 14074 12741 19866 10309 6383 15935 2438 21324 12916 7318 4752 9322 9051 16583 4769 3672 2216 7079 4801 3858 7085 5835 13043 15188 6296 7940 6792 5458 4379 7449 6230 4121 7194 6018 4488 785 10380 9530 5629 3483 2291 8749 7404 12410 4992 11959 7413 6013 4309 5598 4814 5295 12499 1812 8486 5924 4102 3415 5324 626 1742 4282 3723 3483 3596 2904 12795 4678 1456 4147 5697 1344 4353 2829 943 3420 2197 4083 5703 4741 3806 7329 763 3375 5466 2764 1976 2520 1556 1940 3269 3855 2145 1710 2093 1023 1304 7290 2379 5209 2063 1382 3128 1431 3903 1669 2045 1812
is_linear=0
shrinkage=0.05


Tree=26
num_leaves=127
num_cat=0
split_feature=27 38 25 23 24 46 1 42 1 23 21 23 14 23 1 6 34 32 0 21 5 24 23 24 25 11 5 14 14 27 14 32 1 14 23 30 0 34 32 16 1 1 33 14 0 1 0 26 6 25 23 0 24 1 0 14 30 38 33 23 1 14 11 32 23 24 23 14 23 11 14 23 27 24 5 38 24 37 25 11 0 14 1 24 33 32 14 24 1 25 0 36 32 33 33 18 14 12 14 23 23 24 29 24 12 24 4 38 42 6 10 37 14 34 34 37 24 6 12 27 23 6 31 26 36 12
split_gain=3.65552e+08 9.88797e+07 6.36285e+07 5.58428e+07 5.197e+07 5.06437e+07 4.25736e+07 3.30899e+07 2.98089e+07 2.62364e+07 2.29689e+07 2.21606e+07 2.11706e+07 2.05767e+07 2.01208e+07 1.94607e+07 1.94449e+07 1.98068e+07 1.91249e+07 1.88858e+07 1.74834e+07 1.65246e+07 3.26374e+07 1.63438e+07 1.58536e+07 1.59148e+07 1.56326e+07 1.50598e+07 1.49825e+07 1.42557e+07 1.41001e+07 1.35682e+07 1.29615e+07 1.26553e+07 1.24109e+07 1.19337e+07 1.18145e+07 1.17579e+07 1.25571e+07 1.0501e+07 1.019e+07 1.29413e+07 1.15338e+07 1.01836e+07 9.99643e+06 9.93487e+06 9.87123e+06 1.08951e+07 1.11156e+07 9.7706e+06 1.36351e+07 9.48268e+06 9.3482e+06 8.85147e+06 8.58067e+06 8.50106e+06 8.35133e+06 8.00556e+06 7.79918e+06 8.62892e+06 8.31836e+06 7.7975e+06 7.70204e+06 7.65012e+06 7.58637e+06 9.17882e+06 7.43266e+06 7.38167e+06 6.96978e+06 6.95691e+06 7.7542e+06 6.84697e+06 6.78906e+06 6.71535e+06 6.54467e+06 6.5304e+06 6.52725e+06 6.45671e+06 6.44923e+06 6.44109e+06 9.28605e+06 7.95398e+06 6.37829e+06 6.23986e+06 6.20233e+06 8.83795e+06 6.14509e+06 6.13035e+06 6.10802e+06 6.10081e+06 6.04896e+06 6.03024e+06 5.7478e+06 7.05696e+06 5.95057e+06 5.81028e+06 5.69408e+06 5.69046e+06 5.59749e+06 5.71358e+06 5.57938e+06 5.5709e+06 5.54502e+06 7.59288e+06 5.54036e+06 5.46995e+06 5.45463e+06 5.43685e+06 5.39521e+06 5.39132e+06 5.30156e+06 5.25044e+06 5.22506e+06 5.22268e+06 5.21059e+06 5.50345e+06 5.20784e+06 5.1911e+06 5.18603e+06 5.16528e+06 5.07635e+06 5.03549e+06 5.66511e+06 5.1656e+06 5.02655e+06 5.66368e+06
threshold=0.015039682539682542 0.0073148148148148157 0.23611111111111113 0.02691464452958706 0.021898518988499 1.0000000180025095e-35 -3.4999999999999996 1.0000000180025095e-35 4.5000000000000009 0.019457424714434065 41.500000000000007 0.019846109175377474 10.500000000000002 0.033734998064266365 -4.4999999999999991 0.07185886402753873 0.097222222222222238 0.022494335599093699 72.500000000000014 39.500000000000007 0.089815615096513993 0.026037722420061367 0.031036565050807933 0.01473401434772565 0.13055555555555556 0.20486865494765952 0.1472136222910217 8.5000000000000018 15.500000000000002 0.0073148148148148157 7.5000000000000009 0.022595731324544888 -3.4999999999999996 6.5000000000000009 0.015859400456174653 0.0081790123456790143 46.500000000000007 0.12500000000000003 0.03921101774042951 2.5000000000000004 13.500000000000002 -6.4999999999999991 0.013843627115401642 5.5000000000000009 90.500000000000014 10.500000000000002 40.500000000000007 1.0000000180025095e-35 0.032086479066575156 0.075000000000000011 0.017410968660968664 26.500000000000004 0.020754009811054453 11.500000000000002 77.500000000000014 7.5000000000000009 0.064043209876543231 0.031180555555555559 0.016212929009614869 0.022595731324544888 -11.499999999999998 1.5000000000000002 0.24536878216123501 0.018911392980541921 0.039468642871546694 0.037344692384689973 0.020969982078853051 9.5000000000000018 0.020488957194899821 0.1924501424501425 19.500000000000004 0.026308731039585646 0.024523809523809528 0.031492913790072914 0.16575091575091577 0.045617283950617288 0.0076829673164301622 0.030555555555555558 0.086111111111111124 0.25500200080032015 43.500000000000007 7.5000000000000009 7.5000000000000009 0.039890697359804085 0.021349322596452513 0.02657804863687217 3.5000000000000004 0.034034855997475626 15.500000000000002 0.12500000000000003 36.500000000000007 0.0045370370370370382 0.036815476190476197 0.056115123459264123 0.030960783467426589 2.5000000000000004 11.500000000000002 11.500000000000002 21.500000000000004 0.018081798375916027 0.017783119658119659 0.022220753615601437 0.045069444444444447 0.038117964956138298 1.0000000180025095e-35 0.050432103558745549 12.500000000000002 0.0205952380952381 1.5000000000000002 0.11443452380952382 1.0000000180025095e-35 0.34722222222222227 6.5000000000000009 0.23611111111111113 0.18055555555555558 0.019444444444444448 0.036608995819876249 0.093178294573643419 1.0000000180025095e-35 0.026150793650793657 0.015711548987411058 0.087167581257914753 0.00095745900699461086 1.0000000180025095e-35 0.024523809523809528 4.5000000000000009
decision_type=2 2 2 2 2 2 2 2 2 2 2 2 2 2 2 2 2 2 2 2 2 2 2 2 2 2 2 2 2 2 2 2 2 2 2 2 2 2 2 2 2 2 2 2 2 2 2 2 2 2 2 2 2 2 2 2 2 2 2 2 2 2 2 2 2 2 2 2 2 2 2 2 2 2 2 2 2 2 2 2 2 2 2 2 2 2 2 2 2 2 2 2 2 2 2 2 2 2 2 2 2 2 2 2 2 2 2 2 2 2 2 2 2 2 2 2 2 2 2 2 2 2 2 2 2 2
left_child=1 19 3 4 11 10 29 21 18 106 16 23 36 55 -9 26 31 69 30 24 37 -5 43 76 25 90 79 92 51 78 46 40 -27 -20 -30 88 73 119 82 111 41 -3 68 83 -14 74 124 48 77 -35 -51 -25 118 84 67 -4 75 -40 -38 -60 -61 102 100 -44 65 -63 -57 -54 -43 -18 -71 -26 -46 -11 121 97 -2 -48 104 80 -13 -82 -39 117 109 -86 -50 107 -10 -29 -1 -21 94 -94 95 -19 -17 -15 99 -36 -53 -52 103 -24 -7 -67 -6 -62 -22 -37 -33 -12 -112 -87 120 -116 -74 -23 -31 -16 -78 122 123 -34 125 -8
right_child=2 5 13 7 9 6 8 14 35 12 39 15 44 56 20 96 17 27 33 91 108 22 61 28 71 32 -28 89 34 52 -32 110 45 49 98 53 58 38 57 -41 -42 42 63 -45 72 -47 47 -49 86 50 101 62 54 -55 -56 66 -58 -59 59 60 87 64 -64 -65 -66 105 -68 -69 -70 70 -72 -73 116 -75 -76 -77 114 -79 -80 -81 81 -83 -84 -85 85 113 -88 -89 -90 -91 -92 -93 93 -95 -96 -97 -98 -99 -100 -101 -102 -103 -104 -105 -106 -107 -108 -109 -110 -111 112 -113 -114 -115 115 -117 -118 -119 -120 -121 -122 -123 -124 -125 -126 -127
leaf_value=0.64942322517363937 13.169566035262902 -5.5210049562273698 7.2265046832663957 -10.056724312723668 8.1562016981528664 -6.5966006608908634 -2.7592622053156113 -6.6364634576979187 5.2294415463436472 -3.1536339573546353 8.4492020730851056 -4.2205900412467932 -8.0068040930011701 2.8786480012847901 -1.1598738952905536 -7.1117798724799615 9.4580195406023648 3.0700248231407614 8.7599511913305488 9.2523781557756468 10.333767834849432 1.5591866795211466 -6.5774554638291107 -4.2182289189853366 7.3683673543295161 -0.56664155609648237 -7.896710193869807 -9.386760023282033 2.1156868847375594 -6.732130564494665 -4.126540402749856 -19.097998255146688 6.0987769091141146 1.6660878740127048 0.029004041834152724 -0.62045544340165648 -1.1987980496579949 4.7933856001740489 1.7048215204263313 -1.9120329403754539 -8.1055867601995431 -2.0711080579982459 3.157613359395147 -5.6118224125413878 1.4019116575811967 -1.447748033823981 0.77090452297318945 -2.7398397246997934 4.2915237909683439 8.985699548847581 0.95510833417850172 10.892074001932734 -1.2138898476946449 -3.5335165263050308 2.8322216564607157 5.6337347743122805 -4.9364003423704963 -4.6036972721303266 9.2510925347069044 -6.7655345791175394 4.8703067298245113 -9.3530562795096479 0.98826998052326509 -1.4246421095963513 -12.117298631548371 -4.6516231632349987 -0.9019980451392664 -13.580717533067322 -8.9644659610000073 3.8071874318576748 -4.6428540806426035 2.8972367264625123 -6.3678824945627657 5.2863163000938131 -0.86096114531203016 -6.3483286086549917 -1.9946069897818077 6.8353124333358499 4.0268081904209687 -4.0784516802466255 5.656317533382091 -2.2430679149166832 -4.5917762058333258 9.2181295686930724 4.2679397246986577 -1.6875286626483978 0.53386585579995305 11.755739673755457 -1.4730008309145248 -1.6431015161792755 5.5984713978875762 5.7378028613304126 -6.8101957724348097 2.7555642297961218 2.7583726120795031 -3.6049218423694782 -11.824982229955335 -3.0666701469608264 -12.490577706492855 -10.338440489101348 3.7323537275788961 5.1418927053089272 -12.150700616785322 3.3100272010487068 1.0077886227576434 11.54734133115803 -8.8921400469961416 -0.50130370383509681 -5.4140137345676171 -8.1899419822976594 -4.4005487142457609 2.6251591872633937 -9.8268150041698785 5.0796200244236687 -9.4154712310531359 7.5551762431702816 10.395364190826424 -4.7077813903042625 -2.5032262641545233 -5.6687548332437085 -6.8596515194853431 1.4947170103481706 1.9276750441086294 1.0708064723792796 -5.0439669759659109 2.5084992214621291
leaf_weight=689.59881210327148 51.109485507011414 1810.374588996172 1442.9781020283699 3591.6996858119965 1244.4269203543663 283.18189382553101 684.94484415650368 4080.8596417605877 1669.5755633711815 1509.0638010501862 867.83287078142166 793.95537233352661 949.54592055082321 1615.3404424786568 1198.3070669174194 2995.05462500453 440.93772259354591 474.04701706767082 2156.6430050134659 1888.4545553028584 55.193431258201599 1110.5197250843048 440.80129987001419 441.60225558280945 3591.6181431114674 3442.19242015481 1421.1455170810223 738.24809786677361 546.41904926300049 895.2809564769268 767.10766059160233 82.785514146089554 4188.7077396214008 2264.1831855773926 316.51588478684425 2477.4066353440285 844.28422227501869 1667.4673309028149 882.56006169319153 603.20650973916054 685.05534511804581 2622.5540134012699 2049.6032037734985 983.96099996566772 882.20177593827248 1108.9399799108505 501.82467967271805 611.66571250557899 2189.5083811879158 1906.5595660805702 1189.4834263324738 472.50107875466347 2609.3471142947674 1734.8743948042393 1590.7897734642029 792.69197344779968 1034.18562489748 1169.0156304836273 668.92276754975319 206.3029317855835 1266.7760404348373 2536.779843300581 1193.5509048402309 1639.4255522191525 1349.5856409072876 1003.8619109690189 964.04803991317749 126.5145355463028 426.29380810260773 1853.395502448082 318.08837527036667 1124.292198985815 654.46445113420486 279.30470806360245 755.91153579950333 311.52605581283569 748.12239435315132 3500.782679349184 1834.2542287707329 1669.4031085073948 823.63520270586014 519.76766759157181 203.08254313468933 192.98646268248558 1847.8841177225113 1660.5397514402866 2162.7044697403908 214.9288686811924 426.8158837556839 388.04781675338745 5898.388885974884 3450.4245958328247 605.81182193756104 282.81316471099854 1748.149222433567 1044.0395822525024 815.23993471264839 536.02881705760956 340.93166995048523 229.07385286688805 641.57098960876465 2392.7900550365448 171.18470931053162 347.02760827541351 1553.654596477747 54.966857373714447 48.756379455327988 749.93102619051933 3730.7873583734035 259.91439455747604 1347.6147114634514 698.40866953134537 661.36022308468819 344.21864739060402 68.488873720169067 157.93744876980782 49.861954897642136 470.40136685967445 3810.9460389018059 1351.6268351972103 1892.7354370951653 1584.844541400671 1461.5893813967705 581.77872997522354 370.99619168043137 2000.6497006714344
leaf_count=962 42 2232 1896 2568 1386 395 891 3521 2077 1516 1087 835 836 2011 1515 2690 462 615 2596 1996 67 1285 367 444 3894 5185 1264 836 637 1075 986 53 5141 3172 372 3595 987 2233 1132 728 796 3499 2747 1006 1145 1584 737 933 2925 1985 1746 529 3573 2383 2208 1057 1016 1147 802 183 1714 1880 1413 2146 692 946 1308 120 491 2380 384 1510 681 358 1071 321 880 4398 2511 1756 1085 678 256 229 2475 2307 2989 254 586 482 7233 4298 674 370 2253 1367 610 622 270 236 826 3228 86 369 2408 60 43 848 3754 332 1641 988 731 517 76 176 49 449 5371 1246 1941 2244 1975 839 441 2745
internal_value=3.31208e-07 1.88794 -3.10342 -3.69099 -2.02929 0.825462 1.76311 -5.29738 2.70697 0.890303 -1.1835 -3.76034 -0.144659 1.48538 -3.66691 -5.40256 -1.73401 0.170992 3.72331 4.28702 -2.48556 -7.2053 -6.02297 -1.66999 3.69824 3.07521 -3.42184 -1.59057 0.333892 -0.69766 2.44584 -3.0618 2.06863 5.37211 -3.81137 0.493146 1.53639 -0.906792 0.81158 3.69337 -2.23806 -1.76784 -0.759413 -1.5323 -3.94913 3.00555 2.86518 3.70166 4.17325 4.42972 5.56973 2.49447 -1.76543 -0.35593 -0.0878621 4.38287 -1.16573 -1.88986 3.06258 4.2206 2.84033 -8.12057 3.77906 1.12123 -8.92075 -7.72095 2.04711 -1.78577 -3.03495 3.73209 2.56939 6.30243 -1.52058 -1.8355 3.58161 0.417599 -4.54162 6.07499 1.92965 -1.75127 0.0663941 2.60002 3.77445 0.730554 0.480601 1.77357 2.42427 3.72834 3.86485 -6.7188 5.08043 6.98097 -0.200412 -3.7658 0.769602 -1.52056 -8.1202 1.39733 -7.46459 -4.32392 6.76894 3.75168 -3.99441 -2.22216 -0.164567 -3.81069 7.51343 2.87282 -5.18444 -1.33919 -6.69787 5.85218 -6.18689 -0.525604 -4.85732 2.42194 -5.18115 -0.305543 -3.3077 -3.54987 -5.48144 4.01121 4.65117 5.4856 0.411371 1.16499
internal_weight=155977 96979.9 58997 52300.2 25707.5 67213.1 45825 26592.7 33121.1 9568.77 21388.1 16138.8 8275.59 6696.8 14338.9 9038.2 19218.6 7893.58 22699.8 29766.7 10258 12253.8 8662.08 7100.56 24427.9 19712 5227.91 5281.16 4182.17 12704 12790.2 11325.1 13124 9909.66 1432.94 10421.2 5739.51 6472.06 3922.13 2169.45 9233.31 8548.25 6737.88 2757.87 2536.07 9681.77 12023.1 8966.49 8354.82 7753.02 5488.83 2749.23 9032.88 8324.84 4326.65 3199.72 3497.08 2051.58 3951.15 3106.86 2437.94 5904.21 2307.62 3689.03 4945.19 3595.61 1756.74 2735.86 3048.85 2612.42 2171.48 4715.91 1586.53 1788.37 8572.83 2462.9 2918.39 4002.61 3671.09 3806.76 2137.36 1343.4 1870.55 1773.91 6589.96 3852.64 4352.21 2231.64 2096.39 1126.3 6587.99 5338.88 4154.86 888.625 3266.24 1518.09 3810.29 2151.37 886.521 545.59 1114.07 3582.27 959.014 787.829 1836.84 1058.83 1293.18 2016.71 3785.98 2737.32 2091.76 1566.24 2008.97 2004.76 2867.28 226.426 704.326 1580.92 4706.23 2549.93 2640.86 7816.92 6232.08 4770.49 3056.59 2685.59
internal_count=187200 126599 60601 52370 27562 88667 61705 24808 44044 10802 26962 16760 9373 8231 14871 8918 24159 9823 29772 37932 11350 9937 7369 7842 31638 26234 5618 6597 4727 17661 17045 14336 18039 12727 1515 14272 6662 7529 4768 2803 11911 11115 8883 2969 2711 12854 16059 11982 11049 10131 6959 3212 12347 11609 5901 4261 3970 2279 4788 3801 2999 4400 2768 4893 3578 2886 2365 3693 3990 3226 2764 5404 1875 1874 11270 2954 3115 5135 5314 4354 2598 1763 2489 1963 9226 5299 5914 2816 2663 1318 8195 6294 5279 1044 4235 1982 3300 2633 878 608 1355 4974 822 736 2803 1006 1429 2562 3821 3927 2425 2075 2372 2824 3073 252 730 1734 6446 2761 2821 10199 7955 5980 4077 3636
is_linear=0
shrinkage=0.05


end of trees

feature_importances:
Column_1=356
Column_23=254
Column_11=228
Column_24=218
Column_25=202
Column_33=169
Column_30=161
Column_0=155
Column_6=147
Column_14=142
Column_38=125
Column_29=114
Column_34=108
Column_28=97
Column_5=88
Column_27=82
Column_36=81
Column_32=75
Column_15=65
Column_31=61
Column_39=61
Column_37=52
Column_42=49
Column_2=45
Column_12=31
Column_21=31
Column_44=29
Column_46=26
Column_9=18
Column_43=18
Column_26=17
Column_16=15
Column_7=10
Column_40=10
Column_4=9
Column_13=9
Column_35=7
Column_17=6
Column_8=5
Column_10=5
Column_18=5
Column_19=5
Column_22=5
Column_3=3
Column_47=3

parameters:
[boosting: gbdt]
[objective: regression]
[metric: l2]
[tree_learner: serial]
[device_type: gpu]
[data_sample_strategy: bagging]
[data: ]
[valid: ]
[num_iterations: 800]
[learning_rate: 0.05]
[num_leaves: 127]
[num_threads: 4]
[seed: 42]
[deterministic: 0]
[force_col_wise: 1]
[force_row_wise: 0]
[histogram_pool_size: -1]
[max_depth: -1]
[min_data_in_leaf: 50]
[min_sum_hessian_in_leaf: 0.001]
[bagging_fraction: 0.8]
[pos_bagging_fraction: 1]
[neg_bagging_fraction: 1]
[bagging_freq: 0]
[bagging_seed: 400]
[bagging_by_query: 0]
[feature_fraction: 0.8]
[feature_fraction_bynode: 1]
[feature_fraction_seed: 30056]
[extra_trees: 0]
[extra_seed: 12879]
[early_stopping_round: 0]
[early_stopping_min_delta: 0]
[first_metric_only: 0]
[max_delta_step: 0]
[lambda_l1: 0]
[lambda_l2: 0]
[linear_lambda: 0]
[min_gain_to_split: 0]
[drop_rate: 0.1]
[max_drop: 50]
[skip_drop: 0.5]
[xgboost_dart_mode: 0]
[uniform_drop: 0]
[drop_seed: 17869]
[top_rate: 0.2]
[other_rate: 0.1]
[min_data_per_group: 100]
[max_cat_threshold: 32]
[cat_l2: 10]
[cat_smooth: 10]
[max_cat_to_onehot: 4]
[top_k: 20]
[monotone_constraints: ]
[monotone_constraints_method: basic]
[monotone_penalty: 0]
[feature_contri: ]
[forcedsplits_filename: ]
[refit_decay_rate: 0.9]
[cegb_tradeoff: 1]
[cegb_penalty_split: 0]
[cegb_penalty_feature_lazy: ]
[cegb_penalty_feature_coupled: ]
[path_smooth: 0]
[interaction_constraints: ]
[verbosity: -1]
[saved_feature_importance_type: 0]
[use_quantized_grad: 0]
[num_grad_quant_bins: 4]
[quant_train_renew_leaf: 0]
[stochastic_rounding: 1]
[linear_tree: 0]
[max_bin: 255]
[max_bin_by_feature: ]
[min_data_in_bin: 3]
[bin_construct_sample_cnt: 200000]
[data_random_seed: 175]
[is_enable_sparse: 1]
[enable_bundle: 1]
[use_missing: 1]
[zero_as_missing: 0]
[feature_pre_filter: 1]
[pre_partition: 0]
[two_round: 0]
[header: 0]
[label_column: ]
[weight_column: ]
[group_column: ]
[ignore_column: ]
[categorical_feature: ]
[forcedbins_filename: ]
[precise_float_parser: 0]
[parser_config_file: ]
[objective_seed: 16083]
[num_class: 1]
[is_unbalance: 0]
[scale_pos_weight: 1]
[sigmoid: 1]
[boost_from_average: 1]
[reg_sqrt: 0]
[alpha: 0.9]
[fair_c: 1]
[poisson_max_delta_step: 0.7]
[tweedie_variance_power: 1.5]
[lambdarank_truncation_level: 30]
[lambdarank_norm: 1]
[label_gain: ]
[lambdarank_position_bias_regularization: 0]
[eval_at: ]
[multi_error_top_k: 1]
[auc_mu_weights: ]
[num_machines: 1]
[local_listen_port: 12400]
[time_out: 120]
[machine_list_filename: ]
[machines: ]
[gpu_platform_id: -1]
[gpu_device_id: 0]
[gpu_use_dp: 0]
[num_gpu: 1]

end of parameters

pandas_categorical:null
