tree
version=v4
num_class=1
num_tree_per_iteration=1
label_index=0
max_feature_idx=74
objective=regression
feature_names=Column_0 Column_1 Column_2 Column_3 Column_4 Column_5 Column_6 Column_7 Column_8 Column_9 Column_10 Column_11 Column_12 Column_13 Column_14 Column_15 Column_16 Column_17 Column_18 Column_19 Column_20 Column_21 Column_22 Column_23 Column_24 Column_25 Column_26 Column_27 Column_28 Column_29 Column_30 Column_31 Column_32 Column_33 Column_34 Column_35 Column_36 Column_37 Column_38 Column_39 Column_40 Column_41 Column_42 Column_43 Column_44 Column_45 Column_46 Column_47 Column_48 Column_49 Column_50 Column_51 Column_52 Column_53 Column_54 Column_55 Column_56 Column_57 Column_58 Column_59 Column_60 Column_61 Column_62 Column_63 Column_64 Column_65 Column_66 Column_67 Column_68 Column_69 Column_70 Column_71 Column_72 Column_73 Column_74
feature_infos=[12:294] [-52:74] [-1:1] [0:56] [0:51] [0:0.82758620689655171] [0:0.72727272727272729] [0:28] [0:28] [0:16] [0:18] [0:0.54545454545454541] [0:47] [0:41] [0:86] [0:91] [0:12] [0:4] [0:4] [0:7] [0:2] [1:53] [1:52] [0.00062500000000000001:0.119375] [0.00080687153045987852:0.2135975448821878] [0.0016666666666666668:0.98499999999999999] [0:35] [0.00016666666666666669:0.119375] [0:19.698333333333334] [0.00016666666666666669:0.119375] [0:0.119375] [-0.068952380952380946:0.028380952380952375] [0:0.11687500000000001] [0:0.17399989574370686] [0:0.91166666666666663] [0:36] [0:0.11687500000000001] [0:19.336666666666666] [0:0.11687500000000001] [0:0.11687500000000001] [-0.055357142857142869:0.025333333333333333] none [0:180] [0:1] [0:1] [0:1] [0:1] [0:1] [0:1] [0:1] [0:1] [0:1] none none none [0:1] none none [0:1] [0:1] none [0:1] [0:1] [0:1] [0:1] [0:1] [0:1] [0:1] [0:1] none [0:1] [0:1] [0:1] [0:1] [0:1]
tree_sizes=6867 6917 6889 6924 6911 6905 6921 6925 6879 6917 6905 6911 6921 6948 6905 6916 6897 6894 6892 6895 6906 6911 6929 6898 6913 6897

Tree=0
num_leaves=63
num_cat=0
split_feature=40 33 14 47 1 16 1 27 36 1 16 36 25 1 72 24 25 5 12 33 11 0 33 36 1 36 33 36 33 16 32 12 5 27 36 36 27 24 36 6 33 7 10 11 25 8 5 33 27 36 36 11 74 12 74 11 33 36 27 23 6 25
split_gain=5.6342e+09 1.51955e+09 4.4346e+08 3.35948e+08 1.28389e+08 8.5982e+07 7.1562e+07 5.8291e+07 4.62529e+07 4.41074e+07 4.34671e+07 3.67898e+07 3.20835e+07 2.42795e+07 2.19209e+07 2.08493e+07 1.91725e+07 1.9898e+07 1.81629e+07 1.7648e+07 1.61167e+07 1.55635e+07 1.55058e+07 1.44547e+07 1.33134e+07 1.28242e+07 1.2673e+07 1.18733e+07 1.13549e+07 1.09918e+07 1.05653e+07 1.04701e+07 9.199e+06 9.16424e+06 9.03495e+06 1.14853e+07 8.92898e+06 1.0568e+07 8.84518e+06 8.67773e+06 8.46899e+06 8.33571e+06 8.09463e+06 7.95383e+06 7.5052e+06 7.3799e+06 7.31112e+06 7.21609e+06 7.18425e+06 7.1511e+06 7.07307e+06 6.8979e+06 6.88791e+06 7.08542e+06 6.77561e+06 7.51801e+06 6.76396e+06 7.28733e+06 6.6682e+06 6.39663e+06 6.33997e+06 6.11182e+06
threshold=0.0015326077431340589 0.015989907505347924 3.5000000000000004 1.0000000180025095e-35 5.5000000000000009 2.5000000000000004 9.5000000000000018 0.0060208333333333338 0.01052777777777778 -11.499999999999998 2.5000000000000004 0.0071944444444444451 0.087500000000000008 -7.4999999999999991 1.0000000180025095e-35 0.012269223936172727 0.055833333333333339 0.15170694284618338 1.0000000180025095e-35 0.021827416182745071 0.27042925278219404 60.500000000000007 0.029157143301577905 0.0065833333333333343 -10.499999999999998 0.010351851851851853 0.026965684071344077 0.0076875000000000008 0.01885270552185558 4.5000000000000009 0.02135168650793651 1.0000000180025095e-35 0.036811201445347795 0.00617857142857143 0.030583333333333337 0.010690476190476193 0.013250000000000003 0.027575898314542848 0.0073571428571428581 0.20568090249798551 0.039892771188641353 2.5000000000000004 13.500000000000002 0.26902398676592226 0.060833333333333343 4.5000000000000009 0.039344685242518065 0.022171008981187876 0.0092129629629629645 0.0076875000000000008 0.0046944444444444447 0.25652371227592469 1.0000000180025095e-35 1.0000000180025095e-35 1.0000000180025095e-35 0.2440442427680091 0.066232813873690538 0.0080277777777777795 0.011583333333333336 0.021532432432432438 0.12778327560613559 0.10583333333333335
decision_type=2 2 2 2 2 2 2 2 2 2 2 2 2 2 2 2 2 2 2 2 2 2 2 2 2 2 2 2 2 2 2 2 2 2 2 2 2 2 2 2 2 2 2 2 2 2 2 2 2 2 2 2 2 2 2 2 2 2 2 2 2 2
left_child=3 2 27 4 5 7 10 15 48 39 13 51 14 19 25 43 33 36 -13 38 28 23 -10 -14 -7 32 50 -2 -20 34 -21 -16 -11 -15 35 44 -18 -38 -5 54 41 -27 -8 -1 -26 -30 61 -44 -3 -35 -23 -6 53 -24 55 -9 57 -12 59 -33 -52 -25
right_child=1 8 -4 6 11 24 42 9 22 12 56 18 21 16 31 -17 17 -19 20 30 -22 26 52 46 29 40 -28 -29 45 -31 -32 58 -34 49 -36 -37 37 -39 -40 -41 -42 -43 47 -45 -46 -47 -48 -49 -50 -51 60 -53 -54 -55 -56 -57 -58 -59 -60 -61 -62 -63
leaf_value=1463.8211846083218 1457.1994445013618 1464.2757302729185 1409.6183102506054 1449.7273033246222 1459.5660211362638 1444.3166675228297 1437.2616390534868 1456.4298267761503 1443.460427660583 1465.6057701501682 1447.7366444070576 1439.5732242071927 1467.5084178928587 1454.4384681378433 1445.34715845292 1468.1061879441522 1462.487884898595 1449.655140182324 1448.9345832521778 1467.741426019639 1443.9431900906015 1470.2803639341216 1444.8603238007381 1451.9256519610992 1452.702351325247 1469.8299398637907 1471.3711282649936 1443.5731025654673 1463.0318691264993 1444.4557465259741 1445.4768655076487 1456.6549861281069 1459.3655097246801 1452.7820729647083 1466.975952429304 1448.9594870594376 1450.0338542752559 1462.8660633186478 1438.5291974598192 1442.9672374264501 1466.9648541509964 1454.1931146679949 1442.9364518445179 1457.623143728433 1461.2044250171057 1453.0833916668935 1451.6924966757829 1470.2268820032532 1455.9428304176831 1444.950299156754 1464.1118718708005 1452.7184788504553 1477.1803266081483 1456.2491962891652 1473.2332040856747 1446.983157054068 1462.8598218922209 1440.8891373043405 1450.5859559984806 1473.6564839872519 1456.201064463947 1462.9110555810939
leaf_weight=2184.9542872905731 213.4234853386879 751.23161435127258 11887.368295371532 250.24636942148209 1117.5214422345161 465.69196003675461 1566.310799062252 441.29090368747711 824.19955772161484 1270.1948472857475 539.23255425691605 519.79318845272064 442.25483882427216 734.60478740930557 296.95165544748306 3499.0220901370049 1009.0984378457069 735.91334974765778 997.65492922067642 119.95612293481827 804.44149589538574 356.16530978679657 200.14313751459122 170.54499554634094 479.17459589242935 91.835211336612701 822.26232099533081 637.0445944070816 306.4728370308876 282.99376434087753 95.867211759090424 1195.4937219023705 1103.7725132107735 430.73899120092392 145.90632855892181 679.86155420541763 410.09548634290695 263.56447470188141 597.11770838499069 295.73070120811462 177.82544422149658 1184.7263984084129 83.324507057666779 678.30605071783066 566.37223196029663 475.85400062799454 427.41289764642715 34.150152742862701 394.487419962883 901.46779948472977 1211.2561522722244 548.19083923101425 29.930930972099304 429.92058128118515 39.017980873584747 402.90713334083557 42.970100343227386 1390.4232395291328 494.62847769260406 58.008896172046661 320.23042994737625 491.51637762784958
leaf_count=2359 277 750 97 387 1526 745 2352 596 1239 1221 820 795 383 978 470 2864 1014 1049 1563 82 1295 254 272 257 746 63 519 925 294 452 130 1683 1356 591 124 1013 546 264 875 472 144 1587 124 919 642 691 621 18 495 1274 1225 864 12 517 17 616 49 2072 734 35 439 503
internal_value=1444.41 1419.26 1412.11 1455.7 1458.7 1460.44 1447.53 1461.69 1453.86 1459.53 1449.61 1451.32 1460.6 1451.88 1458.21 1465.52 1453.49 1456.51 1448.1 1445.09 1449.82 1463.91 1448.03 1459.88 1451.98 1460.44 1466.19 1446.99 1452.47 1453.64 1457.85 1454.03 1462.7 1449.95 1455.03 1454.02 1459.51 1455.05 1441.84 1450.38 1456.74 1455.32 1438.21 1462.35 1457.31 1456.98 1456.79 1450.87 1461.41 1447.48 1463.93 1457.31 1453.74 1452.63 1452.86 1451.92 1443.24 1442.8 1455.5 1457.44 1462.46 1460.08
internal_weight=49619.1 15367.7 12737.8 34251.3 25046.2 20276.3 9205.08 17656.3 2629.91 11294 7521.3 4769.93 10115.1 5548.67 5873.44 6362.28 4485.48 2418.67 3104.22 1063.19 2584.42 4241.64 1484.19 1531.73 2620 3828.35 2709.91 850.468 1779.98 2154.31 215.823 2045.08 2373.97 2066.81 1871.31 1725.41 1682.76 673.66 847.364 1178.95 1454.39 1276.56 1683.79 2863.26 1045.55 782.327 1089.47 117.475 1145.72 1332.21 1887.65 1665.71 659.995 630.064 883.216 844.198 1972.63 1929.66 1748.13 1253.5 1531.49 662.061
internal_count=47296 4584 1299 42712 30087 23059 12625 19337 3285 13195 10131 7028 11494 7190 7293 6142 5716 2873 4638 1474 3843 4201 2040 1764 3722 4371 2437 1202 2548 2977 212 2922 2577 2843 2525 2401 1824 810 1262 1701 1794 1650 2494 3278 1388 985 1381 142 1245 1865 1918 2390 801 789 1229 1212 2941 2892 2452 1718 1664 760
is_linear=0
shrinkage=1


Tree=1
num_leaves=63
num_cat=0
split_feature=40 33 14 46 1 1 16 27 44 36 1 36 34 34 36 11 1 24 36 33 33 0 1 34 72 44 36 36 36 32 1 27 27 25 30 36 36 42 36 11 11 24 36 4 34 16 27 33 51 39 36 25 11 36 27 28 30 72 1 34 18 27
split_gain=5.08486e+09 1.37139e+09 4.00222e+08 3.49537e+08 8.85807e+07 8.83398e+07 7.10466e+07 4.61718e+07 4.51434e+07 4.17433e+07 3.33503e+07 2.84906e+07 2.99075e+07 2.70423e+07 2.22682e+07 2.13932e+07 2.05659e+07 1.75323e+07 1.58014e+07 1.43235e+07 1.3994e+07 1.36028e+07 1.35668e+07 1.33866e+07 1.29963e+07 1.18103e+07 1.17155e+07 1.07157e+07 1.04683e+07 1.08955e+07 1.04616e+07 1.00383e+07 9.98198e+06 1.03882e+07 9.69867e+06 9.40949e+06 8.97883e+06 8.92634e+06 8.85491e+06 8.11784e+06 8.01523e+06 7.77874e+06 7.65549e+06 7.00444e+06 6.83904e+06 6.62542e+06 6.48378e+06 6.21152e+06 6.11071e+06 6.67182e+06 6.08067e+06 6.12536e+06 6.03714e+06 6.03024e+06 6.02184e+06 6.04169e+06 5.94813e+06 5.64484e+06 5.5768e+06 5.55894e+06 5.46149e+06 5.41102e+06
threshold=0.0015326077431340589 0.015989907505347924 3.5000000000000004 1.0000000180025095e-35 7.5000000000000009 6.5000000000000009 2.5000000000000004 0.0060208333333333338 1.0000000180025095e-35 0.01052777777777778 -12.499999999999998 0.0082500000000000021 0.14583333333333334 0.079166666666666677 0.010351851851851853 0.24896694214876036 -6.4999999999999991 0.012269223936172727 0.0070185185185185194 0.015367650918989791 0.029157143301577905 61.500000000000007 -7.4999999999999991 0.14583333333333334 1.0000000180025095e-35 1.0000000180025095e-35 0.038249999999999999 0.0076875000000000008 0.011361111111111112 0.012880071905495635 11.500000000000002 0.0051759259259259267 0.0071944444444444451 0.060833333333333343 0.0023571428571428576 0.008861111111111113 0.0020185185185185189 1.5000000000000002 0.010175925925925927 0.24085229808121375 0.26902398676592226 0.021298493477197724 0.0030277777777777781 1.5000000000000002 0.055833333333333339 1.5000000000000002 0.0092129629629629645 0.0055961061051350439 1.0000000180025095e-35 0.016361111111111114 0.0051759259259259267 0.13083333333333336 0.23348909657320874 0.033861111111111113 0.013416666666666669 0.51583333333333348 0.058250000000000003 1.0000000180025095e-35 -8.4999999999999982 0.07583333333333335 3.5000000000000004 0.016583333333333335
decision_type=2 2 2 2 2 2 2 2 2 2 2 2 2 2 2 2 2 2 2 2 2 2 2 2 2 2 2 2 2 2 2 2 2 2 2 2 2 2 2 2 2 2 2 2 2 2 2 2 2 2 2 2 2 2 2 2 2 2 2 2 2 2
left_child=3 2 27 5 6 8 7 17 11 46 54 19 22 14 24 25 26 40 36 -1 -11 35 -13 28 42 45 -10 -2 29 43 34 -24 33 -8 -20 -15 -7 47 -17 61 -5 -23 -12 -18 -30 -6 -3 -33 49 -37 -34 -52 -44 -22 55 -9 -54 -25 -19 -36 -45 -16
right_child=1 9 -4 4 15 18 32 10 16 20 13 12 -14 21 39 38 23 58 30 -21 53 41 31 57 -26 -27 -28 -29 44 -31 -32 37 50 -35 59 48 -38 -39 -40 -41 -42 -43 52 60 -46 -47 -48 -49 -50 -51 51 -53 56 -55 -56 -57 -58 -59 -60 -61 -62 -63
leaf_value=11.001164083029057 12.148970087280304 18.871441346930418 -33.053105782230574 18.945318076709043 13.54612048855806 29.473782421638607 6.645108193386104 11.845327273927323 -4.6748387242274374 -0.90309605518056113 26.450274913926787 -1.0580072181563345 18.242703473702637 21.927482624382542 14.120457922066564 5.575591996949032 -0.23902093590173901 17.142783093193589 25.727907608213812 19.565260505276534 10.415934318778049 18.343512870088539 14.695783717845979 22.475049607633409 11.474799506040616 -1.9137806627669276 22.734399492360623 -0.79605482474336942 -6.2567347943203142 14.534846450384874 -7.8285964196726132 23.001941897723839 14.244104762173052 19.743410356992101 -4.7612630876794961 17.988617995000023 2.6663030047920087 14.293636470843502 -3.0007223364604534 5.1743245270983964 12.496592822119982 23.697653603307828 19.400225263284547 14.291747474154903 2.8695992607285632 5.5115482966948477 10.955186683711098 3.8101090878513064 29.111056833882728 8.8350797213728924 2.0121448686513053 12.470710324625866 13.646878559860591 -5.8800508842517294 -0.82684349690560888 0.55375441594098207 34.153971135774476 0.17346643593532937 23.57409584349422 2.0851627501952703 2.9541810152603452 3.4031917022250675
leaf_weight=1862.4494669437408 213.4234853386879 751.23161435127258 11887.368295371532 2103.1408680677414 1106.3922890424728 32.858688294887543 354.97185850143433 376.71414399147034 1055.2196286916733 824.19955772161484 225.92808836698532 772.1988650560379 468.54540979862213 346.34959638118744 661.19736844301224 614.69955068826675 499.5956352353096 379.61243265867233 31.977478206157684 661.68840551376343 597.2628065943718 1406.1565282940865 325.97562944889069 139.7246505022049 1273.4390869736671 179.62986785173416 40.48142421245575 637.0445944070816 334.13897806406021 315.57454526424408 1293.4916353225708 43.077213406562805 144.96865481138229 263.91796749830246 779.18319231271744 280.41475015878677 632.29036509990692 246.63368731737137 589.69806343317032 835.34493720531464 625.05020248889923 1310.6967798471451 1137.8517223000526 207.66953635215759 532.28964000940323 334.05309343338013 394.487419962883 1980.967923283577 51.841191709041595 686.24484640359879 1048.9252717494965 161.56371295452118 1134.4026441574097 62.731843173503876 269.7825676202774 172.80730670690536 36.497668325901031 35.604172110557556 3008.0556987524033 478.59625500440598 217.44027572870255 143.29943549633026
leaf_count=2568 277 750 97 2216 1444 16 575 497 1516 1239 156 1153 473 292 755 962 754 430 21 653 718 1433 376 99 1784 282 33 925 471 336 1918 26 181 254 1252 281 1040 306 930 1230 874 976 1151 244 668 518 495 2925 35 939 1660 205 1446 83 427 291 8 61 2300 729 332 210
internal_value=2.44983e-07 -23.8956 -30.6825 10.7214 14.6689 4.25845 15.932 17.0067 6.63997 8.9761 14.9713 9.12045 6.40665 15.8035 13.4981 6.42332 1.9683 20.451 -2.88176 13.2462 3.4415 18.8807 4.76047 4.67173 15.5958 10.1753 -3.66219 2.45248 3.56697 6.51283 -4.6513 6.49078 6.9693 12.2307 -1.4648 14.8082 3.99061 5.31289 1.37645 8.6267 17.4679 20.9265 17.6661 3.77515 -0.64998 11.6828 16.1458 4.21856 12.3873 11.4904 4.56698 3.40805 16.8066 8.86702 5.29099 8.29448 14.2861 17.9462 22.8534 -2.15614 8.49267 12.2115
internal_weight=49619.1 15367.7 12737.8 34251.3 21263.6 12987.7 18439.2 16464.8 9739.28 2629.91 10349 6361.54 3837.4 9529.66 5447.96 2824.47 3377.74 6115.86 3248.4 2524.14 1484.19 4081.7 3368.85 2282.04 3808.12 1620.08 1095.7 850.468 2106.71 1240.28 2583.25 2596.65 1974.35 618.89 1289.76 1364.85 665.149 2270.68 1204.4 1639.84 2728.19 2716.85 2534.68 924.705 866.429 1440.45 1145.72 2024.05 1018.5 966.66 1355.46 1210.49 2308.75 659.995 819.304 549.521 1170.9 175.329 3387.67 1257.78 425.11 804.497
internal_count=47296 4584 1299 42712 24742 17970 20606 17731 12994 3285 11911 8480 5259 10696 6740 4136 4514 5820 4976 3221 2040 3956 4786 2965 4545 2244 1549 1202 2805 1666 3920 3633 2875 829 2002 1547 1056 3257 1892 2195 3090 2409 2761 1330 1139 1962 1245 2951 1255 1220 2046 1865 2605 801 1215 788 1454 160 2730 1981 576 965
is_linear=0
shrinkage=0.05


Tree=2
num_leaves=63
num_cat=0
split_feature=18 12 14 46 16 1 1 12 1 36 33 46 11 1 33 39 36 11 33 36 36 74 5 36 36 36 5 33 1 36 25 25 12 0 16 33 1 30 71 5 36 24 33 5 1 16 33 0 14 42 11 28 0 7 33 39 42 36 22 33 8 72
split_gain=4.37131e+09 1.4075e+09 4.23892e+08 2.85268e+08 7.78667e+07 7.31982e+07 5.99032e+07 4.39633e+07 4.1747e+07 3.44245e+07 3.46962e+07 3.24979e+07 3.22321e+07 2.23793e+07 1.85406e+07 1.79831e+07 1.75408e+07 1.50593e+07 1.47592e+07 1.24605e+07 1.24045e+07 1.71907e+07 1.20529e+07 1.21509e+07 1.1527e+07 1.07958e+07 9.50278e+06 9.36213e+06 9.05217e+06 8.43007e+06 8.42153e+06 8.13789e+06 8.05846e+06 8.05236e+06 7.85473e+06 7.79034e+06 7.50357e+06 8.53466e+06 7.32699e+06 7.17637e+06 7.15869e+06 7.02626e+06 6.83965e+06 6.77006e+06 6.4307e+06 8.57992e+06 6.65821e+06 7.15924e+06 7.82126e+06 6.40613e+06 6.32792e+06 6.2779e+06 6.25084e+06 6.22979e+06 5.90331e+06 5.88995e+06 5.81504e+06 7.0365e+06 5.7707e+06 5.74021e+06 6.20949e+06 5.72952e+06
threshold=1.5000000000000002 1.0000000180025095e-35 3.5000000000000004 1.0000000180025095e-35 2.5000000000000004 7.5000000000000009 7.5000000000000009 1.0000000180025095e-35 -13.499999999999998 0.0082500000000000021 0.024196690609260624 1.0000000180025095e-35 0.29379795396419445 -8.4999999999999982 0.015298266345816236 0.018062500000000006 0.0056904761904761911 0.25728429985855733 0.027267884201524966 0.0070185185185185194 0.0076875000000000008 1.0000000180025095e-35 0.1202409638554217 0.01435416666666667 0.0067500000000000008 0.010690476190476193 0.042705167173252283 0.047411249303975521 8.5000000000000018 0.009023809523809526 0.052500000000000012 0.11083333333333335 8.5000000000000018 59.500000000000007 1.5000000000000002 0.022865329757132357 10.500000000000002 0.0023571428571428576 1.0000000180025095e-35 0.082272360999194202 0.052194444444444453 0.013022767497160994 0.024643627902248066 0.13811445341159209 -5.4999999999999991 1.5000000000000002 0.0060785155814359719 40.500000000000007 4.5000000000000009 2.5000000000000004 0.28800719054956353 0.21250000000000005 41.500000000000007 2.5000000000000004 0.025564754123440853 0.02158333333333334 4.5000000000000009 0.01701851851851852 1.5000000000000002 0.014104677826345164 8.5000000000000018 1.0000000180025095e-35
decision_type=2 2 2 2 2 2 2 2 2 2 2 2 2 2 2 2 2 2 2 2 2 2 2 2 2 2 2 2 2 2 2 2 2 2 2 2 2 2 2 2 2 2 2 2 2 2 2 2 2 2 2 2 2 2 2 2 2 2 2 2 2 2
left_child=1 2 34 5 6 8 7 20 40 14 22 28 13 54 30 -12 41 43 26 -7 59 27 23 44 -6 61 -18 31 -3 -19 -10 -22 -14 -20 49 39 37 -21 -16 50 -2 -15 -34 51 58 46 -46 -48 55 -1 -26 -8 -25 -54 -9 -49 57 -17 -11 60 -5 -13
right_child=3 11 -4 4 24 19 17 12 9 10 15 25 32 16 38 56 18 29 33 36 21 -23 -24 52 35 -27 -28 -29 -30 -31 -32 -33 42 -35 -36 -37 -38 -39 -40 -41 -42 -43 -44 -45 45 -47 47 48 -50 -51 -52 -53 53 -55 -56 -57 -58 -59 -60 -61 -62 -63
leaf_value=2.3260889481437306 -5.0954818468720511 6.5303566058221776 -30.971369803776714 7.7216437109143108 11.633254060195203 3.8417057955519107 18.142236965397469 11.429596488335271 6.102588872439406 34.019672055942564 18.802195358272201 20.148511738352639 14.449409892053044 18.643841167569487 13.496793288328101 11.109467727788529 18.027398055039551 7.2671953720490796 16.523970890948206 26.399533092167747 1.4579396994625315 26.907637958883353 -0.89493952384590492 -4.8631542625535626 6.1551609674965606 8.9695508366817283 13.822020686732509 18.843574632552752 -4.1994272603740255 -2.8835793890886285 12.19681232988167 11.697198021960865 5.6013633782949999 23.827545653958246 -3.7274806959727571 9.3476383578716007 -7.0777349464959372 -1.8781002374285707 22.613141365539356 -3.6089350486349483 18.988400942558364 23.302665985902919 15.761759939241401 5.2030190358337576 28.112117662582335 4.2502241919773462 3.4897403070355715 23.817589609158048 8.0120869654200213 18.92987434995943 -4.0910853119861983 9.8560513363351419 22.581150377177849 1.9798132003807547 18.92951881331588 3.7467199490283374 15.603862326113873 0.69624776819254197 1.5845723430273262 20.701007943883162 20.414530629466569 12.426752960876492
leaf_weight=483.78220862150192 830.63050407171249 975.87629801034927 12116.054938673973 339.07384151220322 552.65725880861282 515.43271636962891 344.24800604581833 1477.3057464957237 1145.8319967389107 14.069282948970793 563.13664990663528 797.00360715389252 822.572101354599 1248.1243126988411 485.37413281202316 282.59420710802078 2902.2461127638817 390.63912659883499 563.50996851921082 27.706158816814423 919.99984860420227 95.699511885643005 1443.1738804578781 380.15418434143066 742.19712781906128 493.47807639837265 2500.8666452169418 110.53060883283615 246.14760172367096 429.33709388971329 1121.956007361412 245.92131924629211 781.30470418930054 1142.6256602406502 676.10949289798737 419.39209336042404 1341.2055453062057 722.78416216373444 403.74475562572479 451.04473739862442 32.044979453086853 2301.8814150094986 210.19632524251938 436.3101059794426 60.33740496635437 603.39825427532196 229.1269679069519 210.74229496717453 260.02196282148361 66.020459830760956 189.07208693027496 680.32484120130539 39.195958852767944 575.43042188882828 319.03703016042709 44.223075270652771 165.65648519992828 380.87899726629257 541.76925194263458 249.37372249364853 134.60648798942566 343.87974977493286
leaf_count=718 1194 1345 420 502 770 812 354 1981 1731 5 525 733 951 1332 620 338 2926 606 590 15 1354 47 2177 564 1098 690 3039 105 412 676 1470 291 1177 764 974 573 2011 1137 293 736 30 1681 220 676 32 865 301 150 363 61 317 968 32 822 306 73 186 536 813 225 119 464
internal_value=3.6279e-07 -21.3169 -28.1365 10.3319 13.8845 4.32529 14.9664 16.0244 6.30371 7.31614 5.02729 10.5368 17.0175 17.9243 11.5169 11.907 18.7944 7.37516 17.3611 -3.12167 9.26122 6.46848 2.85119 4.67859 5.31633 15.1484 16.0809 4.93609 4.3691 1.95228 9.11762 3.61765 10.7907 21.4153 -0.118365 3.37867 -4.83757 -0.834163 17.6365 1.56769 -4.20086 21.6647 7.75535 10.419 6.95929 8.75716 12.1377 10.8424 14.1137 4.31988 4.0749 12.6401 0.176507 3.2936 12.7616 20.3363 7.22389 5.13157 2.40556 14.561 11.3286 17.8211
internal_weight=49619.1 16198.4 13342 33420.7 21000.1 12420.6 18645.7 16364.9 9813.49 8950.82 5793.91 2856.39 14269.7 12455.6 3156.91 1392.27 10659.3 2280.86 7109.25 2607.13 2095.21 1372.15 4401.64 2958.47 2354.36 1634.36 5403.11 1276.45 1222.02 819.976 2267.79 1165.92 1814.07 1706.14 1225.91 1801.71 2091.7 750.49 889.119 1382.31 862.675 3550.01 991.501 1460.88 1963.69 1407.85 804.452 744.114 514.987 549.803 931.269 1024.57 994.781 614.626 1796.34 254.965 829.13 663.473 555.839 723.054 473.68 1140.88
internal_count=47296 5817 2173 41479 24384 17095 20890 17610 13120 11896 7782 3644 14967 12619 4114 1585 10332 3280 7319 3975 2643 1797 6197 4020 3494 1887 5965 1750 1757 1282 3201 1645 2348 1354 1753 2724 3163 1152 913 2151 1224 3013 1397 1998 2602 1784 919 887 586 779 1415 1322 1418 854 2287 223 1060 874 818 846 621 1197
is_linear=0
shrinkage=0.05


Tree=3
num_leaves=63
num_cat=0
split_feature=40 33 14 13 1 12 1 16 16 36 36 34 1 34 36 27 36 36 34 13 36 74 33 25 33 27 36 11 6 36 27 36 36 39 31 5 74 8 25 27 72 24 11 11 10 34 1 32 12 25 5 5 1 34 27 33 25 0 11 14 39 27
split_gain=4.15347e+09 1.11677e+09 3.25083e+08 2.5064e+08 9.70546e+07 6.70501e+07 5.32832e+07 4.29761e+07 3.59949e+07 3.47307e+07 2.88816e+07 2.54252e+07 2.58164e+07 2.3662e+07 2.04414e+07 1.84067e+07 1.75009e+07 1.5771e+07 1.5609e+07 1.51855e+07 1.47237e+07 1.42368e+07 1.34081e+07 1.23131e+07 1.22739e+07 1.14052e+07 1.11048e+07 1.08062e+07 9.91878e+06 9.21664e+06 8.44742e+06 8.28012e+06 8.2325e+06 8.14884e+06 8.11683e+06 8.01005e+06 7.98435e+06 7.94981e+06 7.93727e+06 9.07261e+06 7.86375e+06 7.54071e+06 7.08082e+06 6.89117e+06 6.63892e+06 6.62598e+06 6.37519e+06 6.36812e+06 6.12555e+06 5.99944e+06 5.90022e+06 5.87743e+06 5.87378e+06 5.82852e+06 6.5053e+06 5.7944e+06 5.65369e+06 5.6516e+06 5.65145e+06 5.47299e+06 6.1974e+06 5.44377e+06
threshold=0.0015326077431340589 0.015989907505347924 3.5000000000000004 1.0000000180025095e-35 5.5000000000000009 1.0000000180025095e-35 9.5000000000000018 1.5000000000000002 2.5000000000000004 0.0096944444444444465 0.0071944444444444451 0.12416666666666669 -8.4999999999999982 0.067500000000000018 0.0082500000000000021 0.0070185185185185194 0.0056904761904761911 0.0068425925925925928 0.070833333333333345 10.500000000000002 0.009023809523809526 1.0000000180025095e-35 0.029157143301577905 0.090833333333333335 0.022865329757132357 0.0078452380952380978 0.012687500000000003 0.17939876215738287 0.07854152897113903 0.0076875000000000008 0.013416666666666669 0.0084166666666666678 0.031869047619047623 0.016583333333333335 0.00097359821121431004 0.07185886402753873 1.0000000180025095e-35 3.5000000000000004 0.080833333333333354 0.010879629629629631 1.0000000180025095e-35 0.013022767497160994 0.25410277105192364 0.17939876215738287 13.500000000000002 0.17416666666666669 -11.499999999999998 0.016779040404040407 1.0000000180025095e-35 0.11416666666666668 0.10923295454545455 0.1623310810810811 8.5000000000000018 0.30750000000000005 0.011361111111111112 0.022171008981187876 0.04083333333333334 63.500000000000007 0.2440442427680091 1.5000000000000002 0.041380952380952386 0.0092129629629629645
decision_type=2 2 2 2 2 2 2 2 2 2 2 2 2 2 2 2 2 2 2 2 2 2 2 2 2 2 2 2 2 2 2 2 2 2 2 2 2 2 2 2 2 2 2 2 2 2 2 2 2 2 2 2 2 2 2 2 2 2 2 2 2 2
left_child=3 2 29 6 5 15 8 11 13 61 58 12 25 14 42 34 41 43 48 40 50 23 -11 31 26 -7 46 -20 33 -2 -29 -17 -30 35 -5 -22 37 -16 39 -21 51 -14 -1 -9 -8 -33 -19 -35 -12 -32 -15 -18 -24 54 56 -46 -10 -40 -6 -25 -61 -3
right_child=1 9 -4 4 10 7 44 17 53 22 18 -13 16 20 36 21 19 24 27 38 28 -23 52 59 -26 -27 -28 30 32 -31 49 45 -34 47 -36 -37 -38 -39 57 -41 -42 -43 -44 -45 55 -47 -48 -49 -50 -51 -52 -53 -54 -55 -56 -57 -58 -59 -60 60 -62 -63
leaf_value=10.948402151462515 11.134634267896793 17.753077288771841 -29.857573787465938 10.595366535725601 13.650071598463828 13.649309361235494 -6.2651972800602804 23.616171896799301 -2.936901159882368 -0.69205837914529311 -7.4063561757133272 21.209900502018456 16.331039864157926 21.557834404772247 6.198344177127673 6.6974349992150355 18.967919456343637 -0.64824701478043023 19.225142906032179 11.056295129831689 25.660511080350933 24.550571155566701 9.9786509706240452 21.430351616199758 14.043453693183006 5.298916189011039 1.491654105423547 7.5720327537349306 -0.083284717713806397 -0.87084290427253142 -4.7532190343605683 -2.4396393513546855 15.437614052937704 20.40627970818144 21.880880288603656 11.249861198180072 25.134484864243234 -1.8658958381148882 10.16604317404054 0.50048595063758405 13.592384036915341 21.293527258403468 4.2082055016278579 13.55991616725519 -1.0502717597310101 13.077144756426197 10.386650684694288 4.888399126172831 0.79043625702732967 6.4439069556249393 11.451322449656187 6.0323923516018292 -5.5329705293730047 15.590304602829017 -4.8395147721752183 23.404501757935577 4.5764522607955636 18.272036890109565 7.7472644797011014 6.4724428424867373 27.412515769409147 10.033809831045209
leaf_weight=911.80155444145203 213.4234853386879 692.78784471750259 11887.368295371532 750.93672496080399 967.82233911752701 853.65639358758926 1566.310799062252 200.86348026990891 480.04634886980057 879.72391933202744 285.9501867890358 2309.2675020694733 1235.1113872528076 345.03575730323792 390.23379498720169 483.57520723342896 2282.6150675415993 146.95954751968384 146.55934858322144 958.65417128801346 149.17480766773224 86.879421949386597 649.31614404916763 83.303190350532532 727.75291156768799 784.87300843000412 722.08187001943588 1048.052714407444 460.91689133644104 637.0445944070816 302.46380543708801 919.92344170808792 104.87497013807297 77.018150985240936 202.23231363296509 272.71962344646454 31.858192384243011 1409.3208457231522 359.2470777630806 258.43368703126907 1267.3182916045189 2013.4203453660011 680.43174296617508 1121.6854393482208 83.324507057666779 74.361090362071991 1196.7678208351135 466.92045122385025 1123.2872653007507 197.90313071012497 248.36395663022995 91.326497972011566 67.361374020576477 49.406561076641083 919.81869673728943 34.150152742862701 523.3542874455452 535.64150059223175 697.88994234800339 571.76120644807816 37.661473870277405 340.72395968437195
leaf_count=1159 277 674 97 1001 1304 1061 2352 142 751 1324 421 1773 1408 265 500 682 2094 251 134 1319 89 50 756 57 809 1160 1128 1483 658 925 475 1399 106 62 156 320 11 2062 453 417 1503 1592 1011 1416 124 79 1648 636 1833 292 311 136 103 57 1379 18 754 519 1086 792 14 428
internal_value=2.40703e-07 -21.5966 -27.7211 9.68987 12.2828 13.7925 2.6346 15.0396 4.4345 8.06705 5.86565 16.4542 15.4221 6.49689 3.92449 7.16356 16.4728 10.5891 3.01562 14.8162 10.6413 4.70355 3.44385 3.90916 8.45959 9.64938 6.49249 6.24852 8.05076 2.14191 5.02027 1.33089 2.79366 11.1304 12.9898 16.3452 0.322099 -0.117164 11.4433 8.8149 16.7726 19.4068 8.06802 15.0872 -5.40538 -1.27916 9.1798 7.08563 -0.872785 -0.324577 17.3278 18.4703 8.5207 -1.36668 -1.8023 6.05879 0.981918 15.0179 11.1769 9.40964 7.76651 15.2082
internal_weight=49619.1 15367.7 12737.8 34251.3 25046.2 20276.3 9205.08 17065.7 7521.3 2629.91 4769.93 12949.6 10640.3 5548.67 3423.65 3210.63 9001.77 4116.11 3104.22 5753.24 2125.02 2257.47 1596.4 2170.59 2793.56 1638.53 2065.81 1694.98 1531.62 850.468 1548.42 1477.86 565.792 965.833 953.169 421.894 1831.41 1799.55 2111.98 1217.09 3641.26 3248.53 1592.23 1322.55 1683.79 994.285 1343.73 543.939 1409.24 500.367 593.4 2373.94 716.678 1972.63 1923.22 117.475 1003.4 894.889 1665.71 692.726 609.423 1033.51
internal_count=47296 4584 1299 42712 30087 23059 12625 18829 10131 3285 7028 13435 11662 7190 4743 4230 9441 5394 4638 6441 2447 3073 2183 3023 3836 2221 3027 2384 1871 1202 2250 2160 764 1107 1157 409 2573 2562 2708 1736 3733 3000 2170 1558 2494 1478 1899 698 2254 767 576 2230 859 2941 2884 142 1505 972 2390 863 806 1102
is_linear=0
shrinkage=0.05


Tree=4
num_leaves=63
num_cat=0
split_feature=40 33 14 46 29 1 24 24 12 38 13 38 33 1 1 1 11 38 11 33 11 38 16 33 39 1 1 33 43 38 29 33 38 1 1 38 29 1 37 38 25 72 32 11 2 1 38 30 29 29 33 29 13 38 29 33 40 12 14 13 31 22
split_gain=3.74851e+09 1.00789e+09 2.93387e+08 2.59462e+08 6.9268e+07 6.62474e+07 4.31617e+07 3.82062e+07 3.56297e+07 3.15941e+07 2.30653e+07 2.19409e+07 1.93073e+07 1.79465e+07 1.73751e+07 1.72375e+07 1.70238e+07 1.44187e+07 1.37747e+07 1.27056e+07 1.21699e+07 1.21312e+07 1.15777e+07 1.13464e+07 1.1311e+07 1.0828e+07 1.03815e+07 1.00548e+07 9.74214e+06 9.62921e+06 9.15865e+06 9.35874e+06 9.76808e+06 8.79096e+06 8.73428e+06 8.3249e+06 8.16891e+06 7.88282e+06 8.28376e+06 7.67022e+06 7.557e+06 7.47052e+06 7.24506e+06 6.63892e+06 6.53334e+06 6.65228e+06 6.37451e+06 6.37765e+06 6.18808e+06 5.85084e+06 5.82197e+06 5.67775e+06 5.63684e+06 5.61706e+06 5.51583e+06 5.49214e+06 6.2944e+06 5.46049e+06 5.45812e+06 5.48831e+06 5.4156e+06 5.27384e+06
threshold=0.0015326077431340589 0.015989907505347924 3.5000000000000004 1.0000000180025095e-35 0.0092129629629629645 6.5000000000000009 0.021165614703210951 0.013022767497160994 1.0000000180025095e-35 0.01052777777777778 12.500000000000002 0.0085092592592592598 0.023788320144543358 8.5000000000000018 7.5000000000000009 -6.4999999999999991 0.29745817245817252 0.0051759259259259267 0.23697775366250681 0.015619367816684236 0.29805897723030988 0.0070185185185185194 1.5000000000000002 0.037116650892050622 0.016750000000000004 -7.4999999999999991 5.5000000000000009 0.020202265169162213 1.0000000180025095e-35 0.038249999999999999 0.011020833333333336 0.024429098389484309 0.0067500000000000008 1.5000000000000002 2.5000000000000004 0.0073571428571428581 0.0051759259259259267 11.500000000000002 0.0075000000000000006 0.0020185185185185189 0.055833333333333339 1.0000000180025095e-35 0.01894085081585082 0.26106541323932636 1.0000000180025095e-35 -13.499999999999998 0.0080277777777777795 0.018416666666666668 0.0060208333333333338 0.012546296296296298 0.0055961061051350439 0.0035092592592592597 11.500000000000002 0.0042129629629629635 0.0092129629629629645 0.028402819198656729 0.00025314994018142434 8.5000000000000018 1.5000000000000002 5.5000000000000009 0.00055393290919606732 2.5000000000000004
decision_type=2 2 2 2 2 2 2 2 2 2 2 2 2 2 2 2 2 2 2 2 2 2 2 2 2 2 2 2 2 2 2 2 2 2 2 2 2 2 2 2 2 2 2 2 2 2 2 2 2 2 2 2 2 2 2 2 2 2 2 2 2 2
left_child=3 2 35 5 7 8 10 13 15 53 14 19 25 18 20 29 22 -9 41 -10 30 39 44 -11 -14 -13 48 33 -20 61 -6 32 -32 40 36 -2 60 38 -23 -7 49 -5 -29 -12 45 -8 -42 -48 -19 -17 -38 -28 -47 -3 -55 56 -30 -58 59 -34 -27 -1
right_child=1 9 -4 4 6 21 16 17 11 23 43 12 24 -15 -16 27 -18 26 28 -21 -22 37 -24 -25 -26 34 51 42 55 -31 31 -33 58 -35 -36 -37 50 -39 -40 -41 46 -43 -44 -45 -46 52 47 -49 -50 -51 -52 -53 -54 54 -56 -57 57 -59 -60 -61 -62 -63
leaf_value=18.668139758849286 11.10848905525372 21.041002799281959 -28.364695759794412 17.205938645350709 14.823725059835894 27.028474319705857 3.8824455066042933 20.877384317758949 9.3213675843521688 0.27184956024066659 3.269244713479099 -2.1703749787851483 17.47240200211807 4.5767171257267121 0.30435882728657154 3.2807369961218344 3.9957712063507835 19.010515800973419 5.3804066514828781 17.202249476812668 1.6586845665138559 26.993650283463168 9.0557364357319639 10.265509665781536 6.0784312323706926 7.1316112689457443 22.032283632542171 20.421889319439952 8.0644170053426194 20.325448241637822 14.068810482260728 16.377694586254659 25.254634066161703 -3.1604494115289512 -0.12060307042110636 -0.66216519132078122 25.144806984506982 -6.8546764234672866 -1.897513424211567 2.2514047302500262 16.180711122531509 11.581987416818738 6.6514771095281322 -3.8996935466227889 12.654306862257792 20.508540419858779 11.944003678988667 -1.5809099038755914 14.911771357650673 -8.474330279739215 5.0983464803747189 8.216230816700298 13.237041701997351 15.154575030999457 7.1578377643074482 19.832429761907527 17.61846053150057 10.017658784898623 2.6857002597079784 4.7563027283592367 23.462482326514888 -5.0624788071107423
leaf_weight=23.956433296203613 194.86561214923859 222.07497334480286 11887.368295371532 1970.8573303818703 983.85016906261444 32.858688294887543 78.033636748790741 2224.4334480166435 1994.7981283068657 1101.4963669776917 886.5900331735611 669.72284466028214 445.05855733156204 698.96239566802979 578.30378276109695 613.69113874435425 431.60699498653412 1829.1698073148727 688.62293463945389 687.75684762001038 400.57957166433334 25.307173371315002 728.50704634189606 382.69784051179886 426.59818887710571 90.11378139257431 85.818920910358429 132.68992322683334 789.50209814310074 40.48142421245575 341.37534320354462 318.67086726427078 57.44174462556839 520.18281698226929 580.25199007987976 655.60246759653091 37.245658934116364 1293.4916353225708 1264.4497521519661 632.29036509990692 197.4880086183548 843.07447147369385 340.97131592035294 507.97706812620163 832.76303082704544 1170.1398938298225 168.32286888360977 180.77271372079849 1854.4499686956406 127.91864717006683 1313.7301679849625 556.98663234710693 345.12736356258392 580.59421610832214 343.04984486103058 215.13879883289337 511.14673686027527 439.43846714496613 819.40693706274033 75.672700643539429 116.26043558120728 1031.2631953954697
leaf_count=18 247 174 97 1953 1091 16 120 1715 2766 1624 1367 1014 420 1113 863 852 638 1569 1034 671 617 11 958 416 579 128 70 114 1194 33 401 296 25 779 931 955 17 1918 1991 1040 206 1131 390 803 1006 885 178 258 2058 188 1876 798 390 615 456 163 521 633 1227 103 78 1498
internal_value=6.6207e-08 -20.5167 -26.335 9.20537 12.6064 3.63709 9.12857 14.9481 5.69943 7.6637 6.11191 7.90309 5.39567 12.1201 8.23927 1.54911 13.3092 17.6059 13.0862 11.3419 9.7704 -2.54617 14.5834 2.8487 11.8961 3.37733 15.9239 4.02413 10.4947 -3.60566 11.0219 8.70234 6.812 2.32556 5.11546 2.03482 7.06636 -4.09664 -1.33062 3.4754 4.54085 15.521 10.5091 0.657928 16.2433 18.1192 9.00166 4.94038 16.9471 1.25313 5.65102 10.0608 18.8523 13.9012 12.1845 12.296 11.3642 14.1047 4.21122 13.6018 16.3316 -4.52373
internal_weight=49619.1 15367.7 12737.8 34251.3 21263.6 12987.7 8556.05 12707.6 9739.28 2629.91 4969.87 6361.54 3678.98 6156.74 3575.3 3377.74 3586.18 6550.86 5457.78 2682.55 2997 3248.4 3154.57 1484.19 871.657 2807.32 4326.43 2282.04 2643.85 1095.7 2596.42 1612.57 1293.9 1808.38 2137.6 850.468 1557.35 2583.25 1289.76 665.149 1288.19 2813.93 473.661 1394.57 2426.06 1593.3 546.584 349.096 3683.62 741.61 1350.98 642.806 1515.27 1145.72 923.644 1955.23 1740.09 950.585 952.521 133.114 206.374 1055.22
internal_count=47296 4584 1299 42712 24742 17970 10790 13952 12994 3285 6793 8480 5043 7742 4623 4514 3997 6210 6629 3437 3760 4976 3359 2040 999 4044 4495 2965 3545 1549 3143 2052 1756 2461 3030 1202 2099 3920 2002 1056 1682 3084 504 2170 2401 1395 642 436 3627 1040 1893 868 1275 1245 1071 2511 2348 1154 1355 128 206 1516
is_linear=0
shrinkage=0.05


Tree=5
num_leaves=63
num_cat=0
split_feature=40 33 10 13 16 13 16 38 38 34 5 12 27 34 38 34 11 25 27 25 5 38 24 72 5 6 34 31 11 38 6 33 27 39 8 24 6 38 24 0 6 5 34 24 27 28 11 25 38 0 21 25 5 71 38 37 11 32 27 33 12 38
split_gain=3.38303e+09 9.09618e+08 2.45115e+08 2.06185e+08 7.85645e+07 4.06108e+07 3.62825e+07 2.85137e+07 2.52478e+07 2.55505e+07 2.47633e+07 2.35278e+07 1.93786e+07 1.80501e+07 1.98946e+07 1.78821e+07 1.62968e+07 1.57457e+07 1.3673e+07 1.33843e+07 1.30841e+07 1.29128e+07 1.22167e+07 1.1888e+07 1.10646e+07 1.10343e+07 1.0521e+07 9.4671e+06 9.31207e+06 8.9396e+06 8.45519e+06 8.42309e+06 8.19863e+06 7.91634e+06 7.84785e+06 7.73137e+06 7.61019e+06 7.54011e+06 7.39014e+06 7.26409e+06 7.0348e+06 7.00144e+06 6.75148e+06 6.58534e+06 6.31571e+06 6.50495e+06 5.68302e+06 5.6501e+06 5.49934e+06 5.42634e+06 5.38809e+06 5.21312e+06 5.25916e+06 5.13387e+06 5.0694e+06 5.01547e+06 7.70471e+06 4.98345e+06 4.97804e+06 4.86494e+06 4.77562e+06 4.7558e+06
threshold=0.0015326077431340589 0.015989907505347924 4.5000000000000009 1.0000000180025095e-35 1.5000000000000002 11.500000000000002 2.5000000000000004 0.01052777777777778 0.0076875000000000008 0.13916666666666669 0.13367697594501721 1.0000000180025095e-35 0.008861111111111113 0.13750000000000004 0.0056904761904761911 0.069166666666666682 0.25824574121058358 0.067500000000000018 0.010175925925925927 0.090833333333333335 0.13667496886674971 0.009023809523809526 0.011456304478980267 1.0000000180025095e-35 0.039344685242518065 0.07854152897113903 0.13750000000000004 0.0010069580569580573 0.28642149929278643 0.0068425925925925928 0.08842144452717797 0.020993671136915876 0.014511904761904762 0.028861111111111115 4.5000000000000009 0.013022767497160994 0.053908747457134566 0.0073571428571428581 0.018992134818224472 27.500000000000004 0.13906469760900145 0.059072781655034899 0.070833333333333345 0.0061566721055151289 0.012546296296296298 0.24250000000000002 0.18210405946255007 0.057500000000000002 0.013861111111111114 63.500000000000007 39.500000000000007 0.069166666666666682 0.038278388278388288 1.0000000180025095e-35 0.0042129629629629635 0.95916666666666683 0.072299651567944254 0.018745370370370374 0.0092129629629629645 0.0037573296284321078 14.500000000000002 0.031869047619047623
decision_type=2 2 2 2 2 2 2 2 2 2 2 2 2 2 2 2 2 2 2 2 2 2 2 2 2 2 2 2 2 2 2 2 2 2 2 2 2 2 2 2 2 2 2 2 2 2 2 2 2 2 2 2 2 2 2 2 2 2 2 2 2 2
left_child=3 2 39 6 5 11 10 54 23 20 15 27 17 14 35 18 24 -7 22 37 25 -17 59 40 36 28 -9 49 48 53 33 -31 42 51 -8 -13 -16 -14 43 55 46 -21 -18 -20 45 -26 -6 -48 -10 -5 -43 52 -23 -12 -3 -2 -57 -40 -56 -1 -53 -32
right_child=1 7 -4 4 8 12 34 26 9 -11 29 13 19 -15 16 21 32 -19 38 41 -22 30 -24 -25 44 -27 -28 -29 -30 31 61 -33 -34 -35 -36 -37 -38 -39 57 -41 -42 50 -44 -45 -46 -47 47 -49 -50 -51 -52 60 -54 -55 58 56 -58 -59 -60 -61 -62 -63
leaf_value=13.005201847350499 -1.9734340143133193 19.988952624656807 -26.833491942169633 2.2245324380627474 22.290729853862725 8.7026853569271232 -0.044618539165280385 0.13872012511344914 11.238945633038071 13.718259616496823 2.5868385575863098 14.323632557582309 8.5298767737819627 19.768637578784301 19.494173873321031 18.76294268186841 7.554722896088105 16.220024895560361 32.954441686307057 13.56703064935911 -3.3864711518476209 18.965510041913891 12.886450285091243 6.2393332097231973 17.95447241539172 1.2204165270178815 9.6084817759346262 15.580629951816116 -0.29168005157257165 -2.8449201052305146 -0.62884047675135335 4.6618846802196225 1.5114600457563123 0.013368095253397997 -5.5686784162684084 19.105561802372815 13.5201242965435 0.17847948180218298 6.9282721275992802 11.276879304672185 5.0793673623820492 2.474876207499999 13.964378341970374 -4.5428486795226011 5.8189345934016252 11.035576446720317 9.1673973809595193 16.673897084154724 4.4905446542468832 9.3586250110971587 16.984605853409295 20.846187392275862 3.222101508471539 12.399105064320418 14.396846252639703 36.75024475095735 -4.279472689863872 -9.9978424651563849 6.7999459245368348 2.4022434205198904 -0.54372349300662637 13.382092296199639
leaf_weight=124.1250656247139 616.92424952983856 222.07497334480286 11921.303175926208 514.7867317199707 220.26615464687347 1646.6312117576599 1343.0764276385307 1081.7827545404434 880.36261653900146 634.46591222286224 389.32466101646423 1390.65709400177 374.02431035041809 1740.5550720691681 1186.2674295306206 409.88188338279724 985.58357489109039 1207.3263764381409 11.947804450988768 597.90345650911331 682.77900457382202 81.667509913444519 591.66574460268021 889.85877072811127 473.68887627124786 1577.7521923184395 402.41145294904709 332.46799445152283 344.5447296500206 1547.5231360793114 295.46513772010803 492.63908410072327 321.13395941257477 118.21218979358673 1233.3758900761604 2155.2450588941574 968.15950095653534 974.31011837720871 363.62559449672699 153.71501070261002 208.41607928276062 345.08884108066559 704.50988298654556 585.74523741006851 375.64519798755646 1201.0803880691528 440.81532245874405 581.18831723928452 459.43914341926575 552.74103504419327 78.544449388980865 265.83174520730972 151.36519831418991 202.71419829130173 580.59421610832214 21.743433654308319 24.150505304336548 49.393708169460297 343.04984486103058 842.38445538282394 28.935029983520508 76.182390570640564
leaf_count=157 906 174 148 769 146 2353 1973 1586 1092 683 618 1651 523 1307 941 330 1367 1244 5 665 1064 61 674 1411 440 2438 454 306 553 2328 407 690 502 165 1831 1753 1050 1486 465 196 318 526 789 887 533 1527 616 578 668 709 79 190 208 233 615 4 45 76 456 1195 50 82
internal_value=-2.06149e-07 -19.4909 -25.0183 8.7451 11.0969 12.8272 2.34602 7.28051 6.56463 4.40545 4.30308 14.333 9.10771 15.0779 14.2416 6.78328 12.5368 11.8828 4.29003 5.76578 2.90764 11.2699 7.22791 10.7891 14.3074 4.22504 2.70627 8.21297 7.03952 0.537437 8.25196 -1.03225 8.83502 11.7088 -2.68905 17.2302 16.8095 2.49513 -0.23919 1.48395 13.58 10.0827 10.2266 -3.79328 11.6783 12.9925 15.0062 13.4362 8.92481 5.9184 5.16508 14.3282 8.73946 5.94656 13.2061 -0.787145 15.1594 4.90405 11.5753 3.76394 18.7465 2.2432
internal_weight=49619.1 15367.7 12737.8 34251.3 25046.2 18126.4 9205.08 2629.91 6919.89 4579.34 6628.63 12902.5 5223.83 11502.5 9761.97 3996.43 6216.07 2853.96 2568.89 2369.87 3944.88 1427.54 1558.18 2340.54 4204.84 3262.1 1484.19 1400 1684.35 2632.2 1017.66 2040.16 2011.23 646.012 2576.45 3545.9 2154.43 1348.33 1010.71 816.533 1450.69 1021.54 1690.09 597.693 2050.41 1674.77 1242.27 1022 1339.8 1067.53 423.633 527.799 233.033 592.039 1145.72 662.818 45.8939 413.019 923.644 966.51 294.767 371.648
internal_count=47296 4584 1299 42712 30087 20520 12625 3285 9567 6498 8821 13644 6876 11860 10553 4952 7149 3597 3459 3279 5815 1493 2026 3069 4491 4751 2040 1784 2313 3869 1163 3018 2658 674 3804 3404 1991 2009 1433 1151 1658 1270 2156 892 2500 1967 1340 1194 1760 1478 605 509 269 851 1245 955 49 541 1071 1352 240 489
is_linear=0
shrinkage=0.05


Tree=6
num_leaves=63
num_cat=0
split_feature=40 22 46 14 27 1 1 1 6 12 34 0 24 38 13 38 0 25 16 38 34 1 38 38 34 38 38 34 1 34 0 38 32 3 25 40 34 34 42 74 27 72 64 34 21 30 16 27 34 38 74 64 38 38 71 30 20 3 1 72 38 34
split_gain=3.05318e+09 8.1058e+08 2.13025e+08 2.11331e+08 6.01763e+07 5.78197e+07 4.11345e+07 3.4516e+07 3.25939e+07 2.80984e+07 2.46619e+07 2.36418e+07 2.17594e+07 2.02732e+07 1.67291e+07 1.43509e+07 1.4277e+07 1.32044e+07 1.2914e+07 1.26653e+07 1.3415e+07 1.26208e+07 1.23827e+07 1.15379e+07 1.00126e+07 1.14156e+07 9.81786e+06 9.33622e+06 9.06685e+06 8.63952e+06 8.50064e+06 8.38839e+06 7.45433e+06 1.23332e+07 7.43266e+06 7.04593e+06 6.95976e+06 6.94109e+06 6.8667e+06 6.40506e+06 6.45765e+06 6.28768e+06 6.26887e+06 6.21131e+06 6.15133e+06 5.86163e+06 5.75635e+06 5.61816e+06 5.51766e+06 5.44886e+06 5.41952e+06 5.31161e+06 6.50645e+06 5.28457e+06 5.24388e+06 5.22772e+06 5.12653e+06 5.05809e+06 4.94306e+06 4.88439e+06 4.82292e+06 4.79578e+06
threshold=0.0015326077431340589 28.500000000000004 1.0000000180025095e-35 3.5000000000000004 0.0060208333333333338 5.5000000000000009 7.5000000000000009 -11.499999999999998 0.13527590090090094 1.0000000180025095e-35 0.069166666666666682 53.500000000000007 0.012269223936172727 0.0082500000000000021 12.500000000000002 0.0070185185185185194 26.500000000000004 0.1125 2.5000000000000004 0.0096944444444444465 0.14583333333333334 -10.499999999999998 0.0096944444444444465 0.031869047619047623 0.18083333333333337 0.0073571428571428581 0.0073571428571428581 0.09416666666666669 8.5000000000000018 0.10750000000000003 29.500000000000004 0.013416666666666669 0.01894085081585082 3.5000000000000004 0.052500000000000012 -0.00020978181764472049 0.074166666666666672 0.13750000000000004 1.5000000000000002 1.0000000180025095e-35 0.0073571428571428581 1.0000000180025095e-35 1.0000000180025095e-35 0.054166666666666675 41.500000000000007 0.0023571428571428576 2.5000000000000004 0.0078452380952380978 0.4991666666666667 0.010351851851851853 1.0000000180025095e-35 1.0000000180025095e-35 0.0082500000000000021 0.0030277777777777781 1.0000000180025095e-35 0.014694444444444447 1.0000000180025095e-35 1.0000000180025095e-35 11.500000000000002 1.0000000180025095e-35 0.040750000000000001 0.13416666666666668
decision_type=2 2 2 2 2 2 2 2 2 2 2 2 2 2 2 2 2 2 2 2 2 2 2 2 2 2 2 2 2 2 2 2 2 2 2 2 2 2 2 2 2 2 2 2 2 2 2 2 2 2 2 2 2 2 2 2 2 2 2 2 2 2
left_child=2 3 5 16 12 7 8 23 11 42 13 18 28 34 27 43 -2 26 31 54 32 -10 -11 51 25 -23 -8 35 46 58 -15 41 33 -21 47 -13 -16 -24 -34 40 -32 44 49 -7 57 -31 60 -9 -28 56 -27 52 -1 -37 61 -19 -3 -6 -17 -18 -4 -12
right_child=1 9 4 -5 6 15 17 10 21 22 19 14 -14 30 36 29 59 55 -20 20 -22 24 37 -25 -26 50 48 -29 -30 45 39 -33 38 -35 -36 53 -38 -39 -40 -41 -42 -43 -44 -45 -46 -47 -48 -49 -50 -51 -52 -53 -54 -55 -56 -57 -58 -59 -60 -61 -62 -63
leaf_value=0.97085461961835218 -4.1967446269261934 2.3926446045514864 13.146292379951161 -25.338113320899144 14.641273486662804 0.40965957416745974 6.8691728212225414 7.6852741542626166 -0.14290517487897542 13.869185186651899 9.0416214356678832 3.8391448120842968 17.613299501507022 -3.7551710415936244 5.7580193915352815 -2.9077479634431738 15.394049227252797 12.904171072900542 -0.73935488319877829 15.04216134134051 14.69786370049574 12.622363192558923 2.6593687397379364 14.245271744799169 19.480904421560648 2.82570042227694 -2.5568565184360841 17.767956643193425 4.7668743251074268 24.232560658220088 7.1543178383058681 5.0066020879681625 0.51332647737293147 1.1734064233777821 10.752819479965934 21.971632383588222 12.436901410283452 12.386334912799001 12.291734789435829 24.062704766165396 0.90319907369669883 7.2866400240459299 18.087735557177297 9.5967550612592394 21.421028841380505 0.85411433412501203 5.9627653174367676 0.76907732237130433 17.61663703376065 -4.0576556171711848 22.183720445121228 17.063612923096436 -7.2859756818679449 13.327118130102889 19.254974826217648 -0.01169769336906629 30.323223248883927 7.6929937434149727 -7.5110726601762785 1.5261513736815242 21.331755514712757 20.166905843113774
leaf_weight=356.28372496366501 217.75378423929214 289.13994956016541 2611.0387476682663 12006.713906764984 636.70561325550079 476.03504538536072 447.66233682632446 801.80025005340576 717.74451512098312 880.86939346790314 407.03993582725525 184.69559621810913 3896.691702067852 607.06327050924301 772.38496065139771 1288.2658103704453 267.51610887050629 372.18547409772873 350.48227250576019 403.22645390033722 542.13174271583557 512.89560306072235 627.99882918596268 94.124253749847412 164.46930724382401 1010.2755355238914 1064.4557414650917 1941.3497177958488 370.45922005176544 28.357695162296295 566.59773147106171 760.72383713722229 726.45872300863266 266.08372443914413 1114.2833441495895 190.07369995117188 787.99400699138641 259.06519138813019 149.14630645513535 35.335908889770508 1525.4176363945007 673.20852291584015 42.397635877132416 299.87372672557831 195.46561163663864 491.85510319471359 262.15400224924088 463.29340386390686 35.009584605693817 675.62329059839249 37.497875988483429 29.171552777290344 722.28808659315109 2530.5475935935974 400.93253248929977 99.23192822933197 17.418432116508484 444.96966755390167 1065.4876983761787 83.253094851970673 193.27551990747452 127.1190397143364
leaf_count=517 334 422 3067 248 620 786 677 1178 1108 949 559 280 3325 877 1142 2029 244 440 549 410 534 597 955 85 121 1509 1665 1588 607 15 767 1017 1029 405 1416 126 942 278 188 15 2204 962 44 418 149 772 410 704 36 976 26 29 1068 2861 306 166 6 633 1567 128 119 92
internal_value=-1.43439e-07 -18.5164 8.30785 -23.9277 11.3896 3.2624 9.45961 5.34814 10.5781 5.85183 6.51651 11.9066 15.0555 4.40027 13.6337 -2.07372 5.85967 2.85936 8.2923 10.0974 7.93081 5.42882 9.66998 -2.56108 7.74694 6.51037 0.627072 15.0834 12.1555 -3.70277 1.46358 9.4599 5.55616 9.52865 7.77517 13.2895 9.13087 5.50011 2.5196 2.95281 2.59624 11.1969 -0.736475 3.96029 13.2581 2.12851 13.0481 5.15247 -1.91448 -1.54906 3.51849 -3.9891 -4.5585 13.9311 14.9331 10.1854 3.97964 11.783 -4.99156 12.1026 13.7104 11.6892
internal_weight=49619.1 15367.7 34251.3 12575.2 21263.6 12987.7 13930 9337.8 11911.5 2792.51 8135.93 9468.6 7333.62 5113.79 6407.05 3649.88 568.523 2018.55 3061.56 3022.14 2087.05 2442.88 1767.93 1201.87 1725.14 1560.67 1547.13 4846.67 3436.93 2873.97 2734.41 2711.07 1544.92 669.31 2379.38 2905.32 1560.38 887.064 875.605 2127.35 2092.02 1950.35 1024.58 775.909 1277.14 520.213 3066.47 1265.09 1099.47 982.182 1047.77 1107.74 1078.57 2720.62 935.092 471.417 306.558 1081.68 2353.75 350.769 2804.31 534.159
internal_count=47296 4584 42712 954 24742 17970 17214 12383 14230 3630 10684 10869 7528 7161 6939 5587 706 2984 3930 3523 2566 3361 2182 1699 2253 2132 2378 4855 4203 4383 3863 3381 2032 815 3298 3267 2084 1233 1217 2986 2971 2364 1448 1204 1402 787 3596 1882 1701 1404 1535 1614 1585 2987 957 606 428 1253 3596 372 3186 651
is_linear=0
shrinkage=0.05


Tree=7
num_leaves=63
num_cat=0
split_feature=40 33 14 46 16 1 1 1 1 29 36 34 36 34 24 11 36 36 36 34 11 29 33 36 0 25 34 25 0 33 36 8 24 34 29 16 37 44 74 36 36 34 29 29 24 28 6 74 34 16 1 28 29 29 42 1 71 44 33 64 33 36
split_gain=2.7555e+09 7.4717e+08 2.18035e+08 1.92255e+08 5.56105e+07 5.21823e+07 4.43485e+07 3.18698e+07 3.14005e+07 2.43095e+07 2.36054e+07 2.32428e+07 1.96728e+07 1.92289e+07 1.68007e+07 1.55595e+07 1.30011e+07 1.29517e+07 1.16136e+07 1.35181e+07 1.12845e+07 8.97002e+06 8.81156e+06 8.32537e+06 8.15648e+06 7.94885e+06 7.79717e+06 7.77423e+06 7.52113e+06 8.07251e+06 6.95131e+06 6.56535e+06 6.43153e+06 6.42838e+06 6.40554e+06 6.40099e+06 6.8061e+06 6.32404e+06 6.26538e+06 6.2554e+06 6.14046e+06 5.89929e+06 5.97245e+06 5.89647e+06 5.78991e+06 5.73902e+06 5.5533e+06 5.50092e+06 5.16512e+06 5.1196e+06 5.74947e+06 5.11416e+06 5.22437e+06 5.11274e+06 5.09702e+06 5.05537e+06 5.04933e+06 4.99964e+06 4.92945e+06 4.77073e+06 4.66563e+06 4.64689e+06
threshold=0.0015326077431340589 0.015989907505347924 3.5000000000000004 1.0000000180025095e-35 2.5000000000000004 5.5000000000000009 7.5000000000000009 -13.499999999999998 -13.499999999999998 0.01052777777777778 0.01052777777777778 0.069166666666666682 0.0082500000000000021 0.080833333333333354 0.0131723300831746 0.24896694214876036 0.013416666666666669 0.0070185185185185194 0.009023809523809526 0.14583333333333334 0.23697775366250681 0.0071944444444444451 0.029157143301577905 0.0030277777777777781 64.500000000000014 0.050833333333333341 0.10750000000000003 0.052500000000000012 29.500000000000004 0.0055961061051350439 0.0076875000000000008 4.5000000000000009 0.020426398436309501 0.22083333333333335 0.014023809523809527 3.5000000000000004 0.80583333333333351 1.0000000180025095e-35 1.0000000180025095e-35 0.010690476190476193 0.0018888888888888894 0.12916666666666668 0.0051759259259259267 0.0073571428571428581 0.027575898314542848 0.31083333333333335 0.071067821067821071 1.0000000180025095e-35 0.054166666666666675 3.5000000000000004 3.5000000000000004 0.16583333333333336 0.013685185185185186 0.0078452380952380978 1.0000000180025095e-35 -5.4999999999999991 1.0000000180025095e-35 1.0000000180025095e-35 0.032045670986845555 1.0000000180025095e-35 0.026965684071344077 0.0075462962962962966
decision_type=2 2 2 2 2 2 2 2 2 2 2 2 2 2 2 2 2 2 2 2 2 2 2 2 2 2 2 2 2 2 2 2 2 2 2 2 2 2 2 2 2 2 2 2 2 2 2 2 2 2 2 2 2 2 2 2 2 2 2 2 2 2
left_child=3 2 30 5 6 8 7 34 33 14 58 12 27 16 20 31 44 40 56 35 -9 25 -12 -16 61 -6 -19 53 -14 -30 -2 -8 -26 59 45 36 46 -22 43 -17 -7 42 -25 -31 -11 -5 -20 57 -42 50 55 52 -28 -10 -45 -23 60 -24 -3 -1 -13 -15
right_child=1 10 -4 4 21 17 15 9 11 13 22 18 28 24 23 39 -18 26 19 -21 37 49 47 41 32 -27 51 -29 29 38 -32 -33 -34 -35 -36 -37 -38 -39 -40 -41 48 -43 -44 54 -46 -47 -48 -49 -50 -51 -52 -53 -54 -55 -56 -57 -58 -59 -60 -61 -62 -63
leaf_value=-5.7349797253974444 9.6664366340836789 9.5739133087475494 -24.349807591442289 11.785881994405985 3.0170790801037115 26.296830873612919 13.773005531075796 14.564361772933015 6.9993106475412645 7.3287387483793243 -0.93661848930230363 8.5270374235077711 -3.71447695523571 18.469339809390103 21.649611107556535 4.0396121803777225 0.0025049034996683641 -4.741984463553778 8.4471815964979395 14.045481698655948 10.811134809377576 1.5429380557983616 8.8601609799257091 17.304032589781528 11.073447124758939 13.447215264240805 22.053350738623173 10.23939790649364 19.549774952588539 5.9728998532486139 -0.7597688064491056 6.4383397645341098 18.778470152379668 13.549880770601778 -4.0960724623835976 -2.9747309374067967 18.885760925070763 3.1217636176135048 22.859569076064361 -3.9952474269283709 -0.38961670136253335 19.107919324514885 13.454220934990179 -0.83260063324144518 13.626131338985605 2.5012714433244732 2.1413021532106487 27.759636210214076 8.1656089747957363 -1.4243562376743659 -2.3553870971320889 -0.51939453796430379 0.048701921461078601 0.50354376933308009 9.4809573822824973 10.360025723849471 18.676364266613987 -0.70665324123367457 16.383346882859993 17.628835936369921 20.793369884019157 8.3395432666616713
leaf_weight=788.28173488378525 213.4234853386879 726.68612629175186 11887.368295371532 261.66278827190399 363.0542625784874 29.096713662147522 445.1411834359169 2646.858770430088 822.7515629529953 1403.4230063557625 824.19955772161484 389.37232953310013 620.47527486085892 133.82729375362396 635.86378169059753 560.41799479722977 514.13990324735641 2353.753508746624 749.84904140233994 593.04857194423676 2061.4787245988846 285.09138864278793 429.92058128118515 1560.6247107982635 404.37536269426346 367.64971601963043 57.288224697113037 1157.4921745657921 67.400266766548157 571.80152428150177 637.0445944070816 969.77108114957809 820.1292696595192 49.067785561084747 207.29028487205505 206.2524990439415 102.03678965568542 307.24807250499725 35.335908889770508 426.65350520610809 461.0212630033493 980.20234990119934 2842.052107334137 1424.2332268357277 493.29117387533188 457.33858013153076 653.34859526157379 29.930930972099304 285.7907954454422 754.97563868761063 247.78229051828384 411.94873070716858 50.975842952728271 479.44838577508926 130.79672265052795 378.28326892852783 377.54126423597336 200.14313751459122 419.03290802240372 22.472184658050537 96.791778206825256 735.02168422937393
leaf_count=1150 277 888 97 317 596 13 480 2752 1217 1867 1239 527 896 100 331 878 752 3596 945 576 2604 458 517 1258 462 406 35 1474 47 792 925 1424 588 48 327 305 81 463 15 679 778 676 3092 2119 531 701 927 12 413 1207 404 673 79 730 174 479 278 272 357 20 62 910
internal_value=1.2862e-07 -17.5905 -22.6001 7.89246 10.8201 3.09928 11.7315 12.6574 5.08073 13.1945 6.67286 6.0041 3.98182 10.0991 14.458 5.38469 7.05487 -1.97003 9.39329 7.54003 12.3208 3.64612 2.51089 16.239 13.605 8.26495 -3.51763 7.25788 1.15446 2.50945 1.85667 8.74588 16.234 -4.02381 3.64764 5.28583 6.41772 9.81374 1.97826 0.56661 3.76228 15.5999 14.8189 1.63133 8.96654 5.88018 5.51108 6.81612 2.88431 1.62047 4.14339 2.02209 11.6925 4.60768 0.0348936 6.5708 14.3381 5.82121 12.0644 -5.08739 10.9692 9.89982
internal_weight=49619.1 15367.7 12737.8 34251.3 21263.6 12987.7 18866.8 16464.8 9337.8 15538.5 2629.91 8477.98 5309.74 4504.21 11034.3 2401.98 2410.85 3649.88 3168.24 2304.54 5015.59 2396.84 1484.19 6018.74 2093.35 730.704 2873.97 2459.69 2850.04 2229.57 850.468 1414.91 1224.5 859.822 926.292 1711.49 1505.23 2368.73 2162.17 987.072 775.909 5382.88 4402.68 2126.83 1896.71 719.001 1403.2 659.995 746.812 1666.13 911.157 520.213 108.264 1302.2 1555.03 663.375 863.705 630.064 1145.72 810.754 486.164 868.849
internal_count=47296 4584 1299 42712 24742 17970 21192 17731 12383 16386 3285 11165 7464 5210 11176 3461 3150 5587 3701 2834 5819 3550 2040 5357 2060 1002 4383 3421 4043 3147 1202 1904 1050 1218 1345 2258 1953 3067 3100 1557 1204 5026 4350 3085 2398 1018 1872 801 1191 2548 1341 787 114 1947 2293 937 867 789 1245 1170 589 1010
is_linear=0
shrinkage=0.05


Tree=8
num_leaves=63
num_cat=0
split_feature=18 12 10 46 27 1 25 25 1 34 38 46 11 11 6 1 43 16 71 1 1 74 1 33 27 25 11 38 42 38 2 33 38 34 38 12 37 33 42 0 8 25 0 1 33 34 38 22 15 28 23 34 12 74 38 6 3 42 72 3 25 12
split_gain=2.37585e+09 7.79285e+08 1.9861e+08 1.584e+08 5.06782e+07 4.47106e+07 3.3173e+07 2.86829e+07 2.83324e+07 2.16703e+07 2.75328e+07 1.89242e+07 1.71663e+07 1.60007e+07 1.5244e+07 1.53302e+07 1.25902e+07 1.18784e+07 1.17097e+07 1.15803e+07 9.47127e+06 9.06895e+06 9.03631e+06 7.9329e+06 7.88483e+06 8.65387e+06 7.86181e+06 7.23448e+06 7.06264e+06 6.8651e+06 6.67687e+06 6.63792e+06 6.61282e+06 6.50521e+06 1.11436e+07 6.46287e+06 6.28548e+06 6.0318e+06 6.26132e+06 6.41767e+06 8.69525e+06 5.83551e+06 5.7763e+06 5.7361e+06 5.34948e+06 5.31136e+06 5.16598e+06 5.03896e+06 5.18258e+06 6.84212e+06 4.62606e+06 4.56055e+06 4.43388e+06 4.54045e+06 4.33101e+06 5.606e+06 4.78394e+06 4.29115e+06 4.25556e+06 4.20077e+06 4.15778e+06 4.84945e+06
threshold=1.5000000000000002 1.0000000180025095e-35 4.5000000000000009 1.0000000180025095e-35 0.0096944444444444465 7.5000000000000009 0.1125 0.059166666666666673 -13.499999999999998 0.14583333333333334 0.0084166666666666678 1.0000000180025095e-35 0.19535739942528738 0.29649979649979658 0.10923295454545455 10.500000000000002 1.0000000180025095e-35 2.5000000000000004 1.0000000180025095e-35 5.5000000000000009 8.5000000000000018 1.0000000180025095e-35 -8.4999999999999982 0.015221580391460163 0.0060208333333333338 0.055833333333333339 0.22661458333333337 0.0070185185185185194 2.5000000000000004 0.010690476190476193 1.0000000180025095e-35 0.052138382870105852 0.0075462962962962966 0.07583333333333335 0.010175925925925927 8.5000000000000018 0.0075000000000000006 0.0060785155814359719 1.0000000180025095e-35 71.500000000000014 4.5000000000000009 0.097500000000000017 70.500000000000014 9.5000000000000018 0.025099448710387936 0.10583333333333335 0.0049166666666666673 1.5000000000000002 1.0000000180025095e-35 0.86750000000000005 0.015965789473684214 0.10750000000000003 1.0000000180025095e-35 1.0000000180025095e-35 0.032194444444444449 0.094044811320754734 3.5000000000000004 5.5000000000000009 1.0000000180025095e-35 1.5000000000000002 0.084166666666666681 6.5000000000000009
decision_type=2 2 2 2 2 2 2 2 2 2 2 2 2 2 2 2 2 2 2 2 2 2 2 2 2 2 2 2 2 2 2 2 2 2 2 2 2 2 2 2 2 2 2 2 2 2 2 2 2 2 2 2 2 2 2 2 2 2 2 2 2 2
left_child=1 2 28 5 7 8 13 12 45 10 18 43 -5 14 15 33 31 24 41 22 35 32 -9 50 -12 -26 -8 -7 -1 58 -24 46 -16 34 -6 -18 -29 -27 39 40 59 52 -11 -3 -37 -2 -14 -19 49 -49 -20 -38 53 -10 55 56 -41 -30 -13 -39 -31 -62
right_child=3 11 -4 4 6 27 26 19 9 42 17 29 16 -15 21 -17 20 47 23 -21 -22 -23 30 -25 25 37 -28 36 57 60 -32 -33 -34 -35 -36 44 51 38 -40 54 -42 -43 -44 -45 -46 -47 -48 48 -50 -51 -52 -53 -54 -55 -56 -57 -58 -59 -60 -61 61 -63
leaf_value=-3.1241860972226494 -5.6549225230226332 4.8202038126537676 -22.76463039709526 15.036748706768783 10.170038593640051 2.6267931409366461 15.072534865581524 10.630561112816721 0.21116113176596996 9.4331033996191263 9.3140630693276023 15.642739636972365 9.564592952604869 -1.3452961307775155 6.9380993853011752 -2.0164054176558723 13.051344099214319 24.839493019514229 6.6758314135177601 9.2557342314159925 2.8305747754572717 22.907942357961819 17.224657814797038 18.31688740688163 -0.78250395661633654 20.596181953305582 9.4190344125141223 18.172146987147304 17.362467530102958 3.4164735875870544 13.302342840008857 18.460426794914905 -1.330245873269948 11.613696221657797 1.0095485262078487 7.3946062411335394 -5.5038152280560375 12.798883889121447 11.64507328111697 19.000798127895507 -2.3959457522669072 11.71956379147392 17.636774048634191 -4.3387190642415829 15.19024575930875 5.1497945607896254 1.5075076117069866 -8.4252941924734834 -2.3852929598263208 29.924539049121705 15.593552664082054 0.37136699913417248 6.617700161452408 27.165452778619233 27.795951352770388 0.062444415563420133 6.079799419987963 -2.6188518698871359 8.9879279194916926 2.4393782945795675 24.601640636353295 6.5219280792172318
leaf_weight=1150.7712800502777 727.8679883480072 1016.512953877449 12076.457859635353 1206.5465402603149 904.06395870447159 515.43271636962891 1071.3800916075706 922.54454451799393 502.33041381835938 492.69213807582855 572.56909763813019 797.00360715389252 251.79513520002365 868.72006970643997 323.98751747608185 343.39655840396881 1598.0322991609573 17.96368795633316 479.51156544685364 955.4464772939682 423.55242967605591 47.985485672950745 3503.6578804850578 388.52496320009232 1034.8435881733894 59.239910423755646 1443.3797695040703 31.520741283893585 71.798308610916138 334.64387476444244 1571.718601167202 75.743775725364685 953.47431260347366 1386.4612226486206 524.65560472011566 1415.086788892746 1647.0109811425209 171.66088402271271 256.39024603366852 115.17044746875763 682.60439318418503 384.73694187402725 380.11668920516968 205.5109458565712 260.58839517831802 134.80749517679214 947.8803818821907 19.624257564544678 1352.5067295432091 28.553130745887756 208.73023957014084 413.16414386034012 1151.7073341012001 16.125207901000977 25.695149838924408 192.3985435962677 189.51533955335617 42.939651727676392 343.87974977493286 227.60527372360229 59.020527720451355 99.813673913478851
leaf_count=1697 1056 1419 344 1172 1159 812 1002 1100 793 567 714 733 346 1311 430 530 1778 8 684 1248 706 26 2770 267 1524 36 1741 22 70 505 1563 56 1427 1463 829 2035 2520 182 314 102 1018 470 285 338 227 168 1465 30 2071 14 196 621 1715 9 9 286 260 62 464 342 38 147
internal_value=-2.57156e-07 -15.7155 -20.7898 7.61697 10.2643 3.14108 7.09085 12.1654 4.68731 5.52136 4.71267 7.9865 9.68662 4.86547 6.06872 7.95724 8.3885 2.39 8.38125 14.3682 9.86617 1.56834 15.1826 12.6049 3.94381 2.9033 11.8276 -2.67907 -1.94474 11.5056 16.01 4.10494 0.766757 9.17382 6.80612 10.7764 -3.98653 4.88959 4.38962 3.23035 1.03229 6.16805 13.0059 3.27992 8.60693 -3.9665 3.19858 -1.47381 -1.81128 14.3034 9.3804 -4.32556 4.88921 1.0495 7.77915 6.74445 10.9639 9.88464 13.6369 6.89335 6.57837 13.2401
internal_weight=49619.1 16198.4 13342 33420.7 21000.1 12420.6 7867.5 13132.6 9813.49 8950.82 8078.01 2856.39 6179.23 5352.74 4484.02 3158.58 4972.68 4946.34 3131.67 6953.37 3697.26 1325.45 5997.92 1076.77 3527.69 2955.12 2514.76 2607.13 1265.51 1634.36 5075.38 1275.42 1277.46 2815.18 1428.72 3273.71 2091.7 1920.28 1861.04 1604.65 1081.87 2054.9 872.809 1222.02 1675.68 862.675 1199.68 1418.65 1400.68 48.1774 688.242 2060.18 1670.16 518.456 522.779 497.084 304.686 114.738 1140.88 399.266 493.478 158.834
internal_count=47296 5817 2173 41479 24384 17095 9918 14466 13120 11896 11044 3644 7785 7175 5864 3981 6613 6910 4134 6681 4746 1883 5433 1147 4787 4073 2743 3975 1829 1887 4333 1867 1857 3451 1988 4040 3163 2549 2513 2199 1542 2987 852 1757 2262 1224 1811 2123 2115 44 880 3141 2517 802 657 648 362 132 1197 524 690 185
is_linear=0
shrinkage=0.05


Tree=9
num_leaves=63
num_cat=0
split_feature=40 22 14 47 1 1 1 72 12 12 43 11 13 27 27 12 0 6 34 1 34 34 27 1 25 0 1 25 1 27 25 11 34 28 24 8 34 6 0 10 22 11 8 72 6 27 1 8 64 31 27 34 2 10 25 39 25 27 1 39 11 11
split_gain=2.2509e+09 5.98112e+08 1.55871e+08 1.40055e+08 6.04662e+07 4.43794e+07 3.27845e+07 3.25779e+07 2.17488e+07 2.11455e+07 2.03873e+07 1.76713e+07 1.74356e+07 1.51423e+07 1.37031e+07 1.26044e+07 1.15177e+07 1.10059e+07 1.06222e+07 1.02324e+07 1.0195e+07 8.79512e+06 9.12516e+06 7.92538e+06 7.63233e+06 7.43061e+06 7.3158e+06 7.29399e+06 7.2717e+06 6.93689e+06 7.82534e+06 6.9034e+06 6.89216e+06 6.74181e+06 6.71335e+06 6.54496e+06 6.40917e+06 6.32894e+06 7.38481e+06 6.29603e+06 6.24159e+06 6.18819e+06 6.17641e+06 5.64493e+06 5.46952e+06 5.38363e+06 5.55827e+06 5.31087e+06 5.23923e+06 5.14209e+06 5.08342e+06 5.00092e+06 4.95573e+06 4.85974e+06 4.85915e+06 4.69254e+06 4.53669e+06 4.48519e+06 4.47552e+06 4.37302e+06 4.34407e+06 4.32629e+06
threshold=0.0015326077431340589 28.500000000000004 3.5000000000000004 1.0000000180025095e-35 5.5000000000000009 -10.499999999999998 9.5000000000000018 1.0000000180025095e-35 1.0000000180025095e-35 1.0000000180025095e-35 1.0000000180025095e-35 0.27315608919382511 10.500000000000002 0.0053518518518518533 0.011020833333333336 1.0000000180025095e-35 26.500000000000004 0.10495716034271728 0.10083333333333334 -12.499999999999998 0.15250000000000002 0.12583333333333338 0.0060208333333333338 11.500000000000002 0.059166666666666673 28.500000000000004 -7.4999999999999991 0.10750000000000003 3.5000000000000004 0.0092129629629629645 0.09583333333333334 0.30320054477357855 0.12583333333333338 0.15250000000000002 0.0074508256026612051 4.5000000000000009 0.059166666666666673 0.14208074534161494 25.500000000000004 4.5000000000000009 34.500000000000007 0.27435167615433276 3.5000000000000004 1.0000000180025095e-35 0.23582887700534763 0.011361111111111112 2.5000000000000004 6.5000000000000009 1.0000000180025095e-35 0.0032059137757667168 0.0063611111111111117 0.067500000000000018 1.0000000180025095e-35 13.500000000000002 0.069166666666666682 0.0026875000000000007 0.062500000000000014 0.0067500000000000008 13.500000000000002 0.014212962962962964 0.26425937974409025 0.20362176335627666
decision_type=2 2 2 2 2 2 2 2 2 2 2 2 2 2 2 2 2 2 2 2 2 2 2 2 2 2 2 2 2 2 2 2 2 2 2 2 2 2 2 2 2 2 2 2 2 2 2 2 2 2 2 2 2 2 2 2 2 2 2 2 2 2
left_child=3 2 16 4 5 14 9 12 48 19 42 15 24 34 32 -6 -2 29 -19 -5 26 22 -12 35 41 -10 -15 45 36 54 59 40 44 -25 -11 -17 -21 39 -39 -38 51 -7 -9 -27 -1 46 -28 -42 49 -3 -44 -24 56 -8 61 -30 -26 -37 -13 -31 -41 -14
right_child=1 8 -4 6 11 7 53 10 25 13 21 58 17 20 -16 23 -18 18 -20 28 -22 -23 31 33 52 43 27 -29 55 30 -32 -33 -34 -35 -36 57 37 38 -40 60 47 -43 50 -45 -46 -47 -48 -49 -50 -51 -52 -53 -54 -55 -56 -57 -58 -59 -60 -61 -62 -63
leaf_value=6.5865557423969081 -3.9974801628089924 -3.1989877313679225 -21.758174625744562 -7.9944356089929194 -2.1477560141233116 13.369243846644387 -5.1828887502414398 8.6181702031215845 1.4083623353116115 4.0283809106550645 12.061830049265364 0.53910173773363224 16.513547928080637 -1.3834597470864525 -0.81823934143461008 12.674169801914976 10.642257268301694 3.4721677314031392 13.439929157396818 0.37079696968084952 12.770699894904057 15.261384458371658 3.0625171016470634 9.5212575630376488 23.427419625464637 12.403978755225154 7.5200453784790149 9.7876911114714886 20.302647910728243 9.2710774411874972 13.200434731607206 0.62889207320149565 14.0656994359534 0.87651041189623435 14.146308539352788 10.163986146969005 -0.97957754537645914 19.683078251265133 -3.1142671855072566 17.631507230208594 13.966286751666823 7.3587930217352486 6.7508280517782984 6.0269657547397832 -3.0867820121545737 0.12108683694193659 0.96122376800192399 5.6308018369542019 16.446461254936541 6.2228654155715004 -0.84794845775092653 9.3114049044856113 12.938595369976866 5.3611919341779837 16.584666410277588 -4.9102040824678177 16.08123811034859 4.0972299894896125 -6.7277609212822824 1.4890894235190302 5.4850451909127891 9.6691201093680661
leaf_weight=1131.9395091533661 217.75378423929214 805.63459235429764 12006.713906764984 357.09795987606049 428.10968285799026 2057.1160097122192 1566.310799062252 378.62585914134979 313.30971968173981 223.45070677995682 1490.1538718342781 1048.1106265187263 320.53979855775833 683.10617429018021 922.55539500713348 724.14623928070068 350.76920372247696 912.5770611166954 377.9773770570755 1301.2308492660522 306.226742208004 641.38786399364471 692.78058183193207 325.52399867773056 226.6608162522316 882.83765506744385 880.86964374780655 511.14117354154587 19.116441965103149 374.70056843757629 613.17364370822906 351.56941813230515 273.84653353691101 734.23866879940033 615.62216609716415 532.85487806797028 98.091181516647339 41.952768862247467 231.78321939706802 214.60219103097916 617.67288738489151 540.83060801029205 302.54300326108932 571.78603929281235 167.79019355773926 881.87771463394165 510.05996417999268 276.69543462991714 42.397635877132416 176.54707992076874 807.62620520591736 595.28880101442337 1298.0798608660698 117.47465980052948 843.07573002576828 533.02670729160309 2887.3621398806572 711.37976461648941 265.56487387418747 348.36320519447327 112.04102867841721 825.3776940703392
leaf_count=1565 334 1180 248 486 678 2072 2352 497 466 343 1655 1693 270 1008 1382 845 372 1323 369 1821 316 577 1143 388 128 931 1137 652 11 492 606 550 262 1185 639 733 134 30 325 145 637 722 425 785 284 1316 830 398 44 224 1269 708 1240 142 680 804 2243 1102 404 512 134 1050
internal_value=1.52023e-07 -15.8985 -20.5469 7.1333 9.07161 10.2632 1.85932 11.1396 5.03374 3.27117 8.19802 4.00644 12.6968 5.37659 4.02007 5.88269 5.03499 10.3106 6.39152 -0.0671422 4.02563 9.82367 8.95698 7.01801 14.268 8.3929 3.25322 4.39094 1.04218 11.8316 9.04538 7.13113 6.85667 3.53189 11.4518 8.89491 2.44468 6.30828 0.379653 10.1292 8.17858 12.118 3.10362 9.89729 5.33776 3.17724 5.1149 11.3875 -0.762552 -1.50541 1.22287 5.95048 15.534 -4.44725 13.7034 -4.03728 16.6159 6.69537 -0.929924 5.52181 13.4652 11.5837
internal_weight=49619.1 15367.7 12575.2 34251.3 25046.2 20276.3 9205.08 17780.2 2792.51 7521.3 6154.34 4769.93 11625.8 4612.35 2496.13 3456.25 568.523 4615.79 1290.55 2908.94 3773.28 4665.55 4024.16 3028.14 7010.05 1767.93 3467.05 2783.95 2551.84 3325.23 1336.24 2534.01 1573.58 1059.76 839.073 1968.38 1999.7 698.47 273.736 424.734 2182.44 2597.95 1488.8 1454.62 1299.73 2272.81 1390.93 894.368 1024.58 982.182 1110.17 1288.07 4412.1 1683.79 1988.99 552.143 3114.02 1244.23 1313.68 723.064 326.643 1145.92
internal_count=47296 4584 954 42712 30087 23059 12625 19566 3630 10131 7859 7028 11707 6241 3493 4931 706 5302 1692 3890 5259 5668 5091 4253 6405 2182 4943 3935 3404 3610 1610 3436 2111 1573 982 2680 2589 768 355 413 2886 2794 2191 1716 1849 3283 1967 1035 1448 1404 1694 1851 3611 2494 2000 815 2371 1835 2097 1004 279 1320
is_linear=0
shrinkage=0.05


Tree=10
num_leaves=63
num_cat=0
split_feature=40 33 14 13 36 34 1 1 6 16 11 36 34 5 1 1 29 11 25 5 25 24 24 33 5 36 1 1 1 29 11 33 1 36 6 6 25 42 0 0 36 29 24 11 36 36 33 33 11 39 25 0 34 29 25 11 29 1 34 1 19 33
split_gain=2.03144e+09 5.53247e+08 1.60816e+08 1.264e+08 5.73454e+07 4.95665e+07 3.55336e+07 2.96592e+07 2.92276e+07 2.31106e+07 1.97325e+07 1.91783e+07 1.70611e+07 1.453e+07 1.364e+07 1.45383e+07 1.28004e+07 9.78316e+06 9.09309e+06 9.18218e+06 9.00677e+06 8.80581e+06 8.33379e+06 8.28409e+06 8.18904e+06 8.18806e+06 7.8748e+06 9.19708e+06 7.22188e+06 7.07474e+06 6.62073e+06 6.59274e+06 6.4435e+06 6.1773e+06 6.0749e+06 5.73322e+06 5.72341e+06 5.62884e+06 5.59707e+06 5.51958e+06 5.33073e+06 5.25385e+06 5.04667e+06 5.02208e+06 4.99491e+06 4.9934e+06 4.93948e+06 4.8998e+06 4.87106e+06 4.93409e+06 5.30247e+06 4.743e+06 4.65062e+06 4.64968e+06 4.85804e+06 4.51248e+06 4.46087e+06 4.34664e+06 4.33444e+06 4.33327e+06 4.38856e+06 4.59112e+06
threshold=0.0015326077431340589 0.015989907505347924 3.5000000000000004 1.0000000180025095e-35 0.0070185185185185194 0.13750000000000004 8.5000000000000018 10.500000000000002 0.13667496886674971 2.5000000000000004 0.29190074906367047 0.0096944444444444465 0.067500000000000018 0.13069358178053833 -6.4999999999999991 3.5000000000000004 0.010879629629629631 0.25105042016806728 0.055833333333333339 0.13536417773705914 0.10416666666666667 0.031041798210869883 0.016077073188001067 0.029157143301577905 0.035504201680672275 0.032194444444444449 6.5000000000000009 -9.4999999999999982 -1.4999999999999998 0.011842592592592594 0.194537658463833 0.0055961061051350439 5.5000000000000009 0.01052777777777778 0.13527590090090094 0.050316455696202543 0.059166666666666673 1.0000000180025095e-35 19.500000000000004 63.500000000000007 0.0070185185185185194 0.0075462962962962966 0.0046469283709472736 0.2310870947234584 0.033861111111111113 0.010083333333333335 0.0107817837157451 0.013668547334970166 0.28271848924022841 0.018062500000000006 0.19750000000000004 55.500000000000007 0.087500000000000008 0.011361111111111112 0.04083333333333334 0.25268941584731064 0.012546296296296298 -11.499999999999998 0.11416666666666668 13.500000000000002 1.0000000180025095e-35 0.018275145468904967
decision_type=2 2 2 2 2 2 2 2 2 2 2 2 2 2 2 2 2 2 2 2 2 2 2 2 2 2 2 2 2 2 2 2 2 2 2 2 2 2 2 2 2 2 2 2 2 2 2 2 2 2 2 2 2 2 2 2 2 2 2 2 2 2
left_child=3 2 33 7 12 6 8 9 10 14 13 -3 26 16 25 18 22 24 38 41 40 37 35 -13 28 29 27 -5 -10 57 -8 -24 -7 46 45 52 43 51 -16 -22 -17 -20 -40 -29 -25 47 -2 -12 49 -43 -51 56 -6 54 -11 -53 -18 -1 -59 60 -32 -62
right_child=1 11 -4 4 5 32 30 -9 17 53 34 23 -14 -15 15 20 21 -19 19 -21 39 -23 31 44 -26 -27 -28 36 -30 -31 59 -33 -34 -35 -36 -37 -38 -39 42 -41 -42 48 -44 -45 -46 -47 -48 -49 -50 50 -52 55 -54 -55 -56 -57 -58 58 -60 -61 61 -63
leaf_value=-2.9507053202933173 0.48998700109307541 11.081612988748072 -20.917020220061623 5.0524105057243487 10.005219150412049 14.100261609475332 7.0614436657771096 -4.8028597189519884 4.5466197938651725 -2.7768924678793003 2.0223362480101552 -0.91146654003891436 14.477645944208341 3.0257637919585476 -2.8669590863219332 5.2863106879887054 6.6796246495526681 -2.2806413226806588 18.220832914197562 4.5949661897344978 0.68485070538163928 12.888391479590531 28.470558049402396 7.6228705141942186 -0.21273502618560347 15.472812227556808 5.576067152636039 12.313765017159648 14.881379870115119 -6.2723341565338719 -2.2789031146801584 13.511029766055282 7.412449117162172 -2.9553313347331289 21.455576073160362 6.7883404545706201 13.325314974995479 12.05540821580119 15.161068828373246 15.325309869529415 -2.3730576553550922 15.193065287328373 5.0108978315007127 7.5733986966200497 -7.1471490798323671 -0.12810804243234553 10.939982230569724 11.536985673581292 2.2894957713846642 2.7264498817825591 23.714999200052731 8.3289725562248886 16.489903393463699 -4.0066893006781008 3.9670262482163752 0.42968115183714445 -2.5964086888532947 3.2129441943935833 18.656005442949457 -5.4589322635985091 0.66439604364426952 14.618948549751295
leaf_weight=276.62420094013214 231.93425905704498 1033.5118044018745 11887.368295371532 612.9686034321785 1096.1813716292381 2201.9575524926186 216.70470100641251 1447.9280853271484 608.66728961467743 511.44256740808487 335.77652484178543 879.72391933202744 3468.5162442326546 907.56411349773407 199.90227544307709 313.57625997066498 192.99616783857346 958.67750251293182 318.65889769792557 490.58147144317627 103.08950793743134 459.21347236633301 77.329719841480255 653.94567489624023 603.62802559137344 78.845356822013855 837.71791070699692 1045.0617199540138 234.03703784942627 425.80023998022079 649.43124437332153 1547.5442308187485 430.5863019824028 397.86431324481964 41.892935156822205 1040.9504633545876 2307.0818511247635 250.30502873659134 138.06662410497665 171.43926680088043 824.35212445259094 488.6943593621254 1083.4485284090042 1200.6252840161324 62.731843173503876 916.55958461761475 220.66950744390488 226.64338272809982 143.35445111989975 183.49002873897552 35.99538242816925 671.4426406621933 369.74568742513657 992.59438747167587 558.81419318914413 247.40933173894882 394.62337404489517 366.51748305559158 51.866400122642517 630.64896905422211 174.82906234264374 88.921473681926727
leaf_count=418 351 1102 97 924 1334 1912 293 2144 837 795 515 1324 3152 1291 293 447 240 1485 240 665 163 467 17 776 942 65 1326 1168 210 623 1079 1506 566 584 21 1457 2212 281 130 157 1296 439 1440 1696 83 1395 267 252 198 253 24 832 307 1477 795 400 604 528 35 984 290 92
internal_value=-2.24902e-07 -15.1036 -19.4143 6.77663 8.61803 6.75223 5.48004 1.76636 6.51965 2.99255 7.85788 5.77499 11.6859 8.94337 4.63517 5.89943 9.78943 1.63632 7.82446 10.3369 1.69873 6.72355 11.4338 2.33948 4.23261 -0.101545 10.0729 10.8021 7.4168 -1.19715 -1.12257 14.223 13.0064 1.58965 2.67955 9.62589 11.5763 5.11209 4.88891 9.82761 -0.262383 12.7441 6.15816 9.77939 6.33003 2.14771 5.58494 5.85654 10.6947 12.3961 6.16855 3.95844 11.6408 -1.54175 0.744316 6.20202 0.450187 1.91218 5.1274 -2.27134 -0.0699715 5.36907
internal_weight=49619.1 15367.7 12737.8 34251.3 25046.2 15574.3 12941.7 9205.08 11181.2 7757.15 8776.18 2629.91 9471.97 7255.31 5694.3 4494.65 6347.74 2405.01 3082.19 1660.77 1412.46 2215.99 4131.75 1596.4 1446.33 1199.65 6003.46 5165.74 842.704 1120.81 1760.54 1624.87 2632.54 850.468 1520.87 2506.88 4552.77 1756.78 1421.42 274.529 1137.93 1170.19 1221.52 2245.69 716.678 1478.98 452.604 562.42 851.534 708.18 219.485 1506.47 1465.93 2062.85 1070.26 918.852 587.62 695.008 418.384 1543.83 913.182 263.751
internal_count=47296 4584 1299 42712 30087 19609 17131 12625 14393 10481 10919 3285 10478 8736 7414 5745 7445 3474 3682 1819 2063 2824 4621 2183 1989 1669 7326 6000 1047 1604 2738 1523 2478 1202 2183 3098 5076 2357 1863 320 1743 1154 1570 2864 859 2162 618 767 914 716 277 2076 1641 3067 1590 1232 844 981 563 2445 1461 382
is_linear=0
shrinkage=0.05


Tree=11
num_leaves=63
num_cat=0
split_feature=40 33 14 46 16 1 1 1 1 72 5 0 36 6 11 11 27 36 15 25 27 36 33 42 27 27 33 5 0 44 5 6 34 36 34 7 27 36 36 11 32 33 25 25 25 27 11 6 33 5 1 31 11 64 34 36 32 16 1 9 6 32
split_gain=1.83337e+09 4.99306e+08 1.45137e+08 1.30763e+08 4.44971e+07 3.54737e+07 3.11113e+07 2.62906e+07 2.24211e+07 1.77798e+07 1.7407e+07 1.79074e+07 1.73084e+07 1.52796e+07 1.46966e+07 1.08248e+07 1.00758e+07 9.54535e+06 8.90041e+06 8.61687e+06 7.99708e+06 7.94755e+06 7.72511e+06 7.26019e+06 7.25047e+06 7.24104e+06 7.36044e+06 7.54397e+06 6.86015e+06 6.3453e+06 6.18902e+06 8.67286e+06 5.899e+06 5.85457e+06 5.72069e+06 5.71357e+06 5.70535e+06 5.67961e+06 5.47322e+06 5.35247e+06 5.31439e+06 5.57706e+06 5.24546e+06 5.23572e+06 5.19201e+06 5.06944e+06 4.91687e+06 4.86247e+06 4.83281e+06 4.57689e+06 4.57469e+06 4.5584e+06 4.49746e+06 4.83085e+06 4.42969e+06 4.41902e+06 4.41665e+06 4.41427e+06 4.35865e+06 5.20198e+06 4.34109e+06 5.14397e+06
threshold=0.0015326077431340589 0.015989907505347924 3.5000000000000004 1.0000000180025095e-35 2.5000000000000004 5.5000000000000009 4.5000000000000009 -13.499999999999998 -11.499999999999998 1.0000000180025095e-35 0.13367697594501721 40.500000000000007 0.0096944444444444465 0.10733486943164364 0.24536878216123501 0.29051012753188304 0.0060208333333333338 0.0070185185185185194 3.5000000000000004 0.085833333333333359 0.0068425925925925928 0.031869047619047623 0.035046492531886179 8.5000000000000018 0.0086851851851851864 0.004511904761904763 0.02031856709912571 0.039344685242518065 57.500000000000007 1.0000000180025095e-35 0.081238214959145211 0.13906469760900145 0.074166666666666672 0.010083333333333335 0.12416666666666669 3.5000000000000004 0.0060208333333333338 0.013509259259259261 0.0018888888888888894 0.23553323768531806 0.02233730158730159 0.024429098389484309 0.12916666666666668 0.19750000000000004 0.10416666666666667 0.0092129629629629645 0.3019850628930818 0.11451990632318503 0.10997519923745518 0.23836580086580089 10.500000000000002 0.0016519514967790834 0.25824574121058358 1.0000000180025095e-35 0.4991666666666667 0.018416666666666668 0.026618347338935578 3.5000000000000004 13.500000000000002 9.5000000000000018 0.037268518518518527 0.021116780045351478
decision_type=2 2 2 2 2 2 2 2 2 2 2 2 2 2 2 2 2 2 2 2 2 2 2 2 2 2 2 2 2 2 2 2 2 2 2 2 2 2 2 2 2 2 2 2 2 2 2 2 2 2 2 2 2 2 2 2 2 2 2 2 2 2
left_child=3 2 37 5 6 8 7 39 21 15 11 24 -3 34 29 25 -11 38 35 -18 -16 52 -14 33 51 -9 27 60 54 49 31 -30 -19 -20 36 -15 -13 -2 -7 -5 -28 -42 47 48 -34 -17 -21 -29 -26 -8 -46 -10 53 -1 -6 -38 -36 -12 59 -22 -27 -62
right_child=1 12 -4 4 28 17 14 9 10 16 57 13 22 18 20 45 19 32 23 46 58 -23 -24 -25 43 26 40 42 30 -31 -32 -33 44 -35 56 -37 55 -39 -40 -41 41 -43 -44 -45 50 -47 -48 -49 -50 -51 -52 -53 -54 -55 -56 -57 -58 -59 -60 -61 61 -63
leaf_value=-1.5120704551268789 3.6530906044873399 10.527532378131967 -19.871169090846578 6.4989182239766325 -2.0982437334537352 24.501263614926074 9.8644906856754488 15.723356253824733 4.2200045500965588 11.801221233093758 2.0721079110459106 13.523331797904753 0.023351760948845963 26.012531976518751 6.6992276509350708 10.682921920799082 4.4283138967897093 -4.87859188137105 5.0816469291529494 11.068453642926722 -1.0590074455251828 11.692414571457135 7.7235682879555698 19.502997838444571 -1.6455293954984151 15.519272515955279 16.629801828422025 8.6947724055307756 9.2789106250338502 -0.40914981435540093 0.092250724904722886 -1.1439263928889403 -2.2021043168537293 -2.033525513588756 18.42052050611035 8.247413223398345 8.8025059591027155 -6.280842542109637 2.3973461876846582 -1.1069797586963439 0.6722109366777882 13.063219778595405 14.8865454233544 13.134075441311815 11.286130836910573 3.8308697142859161 0.50896526787995866 1.1904452812196171 17.973789558133376 -1.4427767078736544 -1.3147727051987734 13.712219347388388 -7.1569764553674844 22.864761805122779 18.221085392416665 -0.26813485737858911 5.0223014078306569 -4.6610274256673163 -6.7674143475125295 7.1652240421362068 11.732711617048057 -4.3277253412468468
leaf_weight=617.39253789186478 667.00702822208405 1033.5118044018745 11887.368295371532 447.52698689699173 761.47775721549988 29.096713662147522 1916.6159364581108 2006.8071230053902 645.44899618625641 1614.812090754509 1862.5852482318878 647.94857352972031 1140.4747592806816 64.065612196922302 691.03579211235046 654.78719413280487 1595.837203681469 1720.2310332655907 594.24654322862625 1098.5094755291939 664.50131756067276 94.124253749847412 455.92667812108994 59.682338893413544 1012.2008353471756 935.10273391008377 1318.5768653154373 1203.4782401919365 774.13482624292374 182.15267902612686 564.50427412986755 268.91820925474167 863.47629308700562 563.03861939907074 337.64883816242218 154.18454939126968 1432.2737755179405 183.46105152368546 746.8120584487915 478.76466637849808 103.09078586101532 762.27769219875336 273.9082208275795 69.515814423561096 157.61655879020691 459.2660905122757 122.53820383548737 263.04062366485596 32.393106520175934 93.877866744995117 132.64242196083069 157.30278903245926 469.33502286672592 21.015803575515747 27.801498532295227 148.16357177495956 75.209855318069458 280.0209367275238 202.67655092477798 270.5584751367569 1455.4436103701591 51.625203907489777
leaf_count=903 920 1102 97 599 1217 13 2340 1496 907 1705 2695 680 1678 21 980 734 2282 2657 853 1176 1074 85 505 39 1432 744 905 1456 976 284 881 453 1342 841 203 189 1810 282 1191 746 145 661 233 71 181 615 197 396 25 158 203 152 697 14 23 232 106 428 318 352 1517 79
internal_value=-1.84125e-07 -14.3484 -18.4436 6.4378 8.85226 2.4848 9.66751 10.7243 4.11851 11.2671 5.06018 6.44301 5.48624 8.31716 5.76642 12.4884 8.65239 -1.69486 4.16447 6.84729 2.45668 -2.25607 2.22251 2.49701 2.45736 13.1045 12.2789 11.0505 2.43504 8.5269 4.30938 6.59171 -3.02345 1.62 10.5737 13.4622 9.57208 1.51017 3.22625 2.56772 14.6317 11.5871 8.53506 -0.152905 -0.257406 7.85818 10.0088 7.34877 -1.03713 9.33651 5.52778 6.08005 -3.44127 -0.709608 -1.38252 7.95215 15.9798 1.19214 -0.120147 1.32066 12.8431 11.1826
internal_weight=49619.1 15367.7 12737.8 34251.3 21263.6 12987.7 18866.8 14845.4 9337.8 13919.1 8135.93 5993.32 2629.91 4076.46 4021.42 9487.4 4431.7 3649.88 1435.22 2816.88 1828.77 1201.87 1596.4 1216.97 1916.86 8373.35 6366.54 4182.6 2396.84 2192.65 1607.56 1043.05 2873.97 1157.29 2641.24 218.25 2228.39 850.468 775.909 926.292 2183.95 865.368 1740.43 1114.11 1153.74 1114.05 1221.05 1466.52 1044.59 2010.49 290.259 802.752 1107.74 638.408 789.279 1580.44 412.859 2142.61 1137.74 935.06 2442.17 1507.07
internal_count=47296 4584 1299 42712 24742 17970 21192 15686 12383 14341 10684 7561 3285 4974 5506 8981 5360 5587 1943 3655 2724 1699 2183 1733 2587 7632 6136 4425 3550 2782 2310 1429 4383 1694 3031 210 2722 1202 1204 1345 1711 806 2085 1528 1726 1349 1373 1852 1457 2498 384 1059 1614 917 1240 2042 309 3123 1744 1426 2340 1596
is_linear=0
shrinkage=0.05


Tree=12
num_leaves=63
num_cat=0
split_feature=40 33 14 46 44 1 1 12 1 46 11 5 1 11 1 1 1 2 36 34 34 74 36 36 36 12 36 5 34 33 36 32 34 39 13 12 34 36 32 7 36 42 33 36 11 74 2 36 1 12 36 1 28 12 22 39 34 30 39 34 36 61
split_gain=1.65462e+09 4.50787e+08 1.31804e+08 1.18013e+08 4.10523e+07 3.21287e+07 2.83148e+07 2.04521e+07 1.7606e+07 1.55969e+07 1.41058e+07 1.35792e+07 1.25793e+07 1.18733e+07 1.18514e+07 1.09779e+07 1.03097e+07 8.54141e+06 8.04265e+06 7.75004e+06 7.09556e+06 6.74495e+06 6.85969e+06 6.69295e+06 6.66004e+06 6.54422e+06 6.36958e+06 6.20899e+06 6.19657e+06 7.7602e+06 6.1236e+06 6.09116e+06 6.07945e+06 5.92797e+06 5.90496e+06 5.8635e+06 5.78573e+06 5.74592e+06 5.64998e+06 6.32474e+06 5.61302e+06 5.47846e+06 5.36595e+06 5.05839e+06 5.02741e+06 5.02695e+06 4.97329e+06 6.93488e+06 4.93914e+06 4.63899e+06 4.6213e+06 4.56165e+06 4.66966e+06 4.45201e+06 4.3476e+06 4.26593e+06 4.21673e+06 4.12872e+06 4.07835e+06 4.05539e+06 4.05056e+06 4.24668e+06
threshold=0.0015326077431340589 0.016277548346070456 3.5000000000000004 1.0000000180025095e-35 1.0000000180025095e-35 6.5000000000000009 4.5000000000000009 1.0000000180025095e-35 -8.4999999999999982 1.0000000180025095e-35 0.29379795396419445 0.12565789473684214 3.5000000000000004 0.2310870947234584 -4.4999999999999991 -6.4999999999999991 -11.499999999999998 1.0000000180025095e-35 0.0023571428571428576 0.069166666666666682 0.12583333333333338 1.0000000180025095e-35 0.0099166666666666691 0.0050833333333333347 0.0068425925925925928 9.5000000000000018 0.0075462962962962966 0.099450549450549472 0.07583333333333335 0.0042513407198803404 0.038249999999999999 0.019336805555555558 0.070833333333333345 0.012194444444444445 9.5000000000000018 1.0000000180025095e-35 0.12416666666666669 0.010690476190476193 0.0085920709441836222 8.5000000000000018 0.013509259259259261 27.500000000000004 0.0066814412919791576 0.0082500000000000021 0.26106541323932636 1.0000000180025095e-35 -1.0000000180025095e-35 0.0099166666666666691 8.5000000000000018 6.5000000000000009 0.011750000000000002 10.500000000000002 0.15916666666666671 10.500000000000002 2.5000000000000004 0.023509259259259261 0.047500000000000007 0.058250000000000003 0.023250000000000003 0.20416666666666669 0.0050833333333333347 1.0000000180025095e-35
decision_type=2 2 2 2 2 2 2 2 2 2 2 2 2 2 2 2 2 2 2 2 2 2 2 2 2 2 2 2 2 2 2 2 2 2 2 2 2 2 2 2 2 2 2 2 2 2 2 2 2 2 2 2 2 2 2 2 2 2 2 2 2 2
left_child=3 2 40 5 6 7 8 15 20 48 17 16 14 25 38 30 -9 23 -7 26 44 22 -15 -10 -11 -8 -18 32 29 -25 54 -21 50 -33 -19 -20 -24 -31 39 -6 -2 -35 -39 -13 57 -26 -16 -48 -3 -12 -17 52 -37 56 -1 -34 -44 -5 -30 -57 -51 -62
right_child=1 9 -4 4 12 18 13 11 10 24 49 43 -14 21 46 27 19 34 35 31 -22 -23 36 28 45 -27 -28 -29 58 37 -32 33 55 41 -36 51 -38 42 -40 -41 -42 -43 53 -45 -46 -47 47 -49 -50 60 -52 -53 -54 -55 -56 59 -58 -59 -60 -61 61 -63
leaf_value=16.863559245149144 3.3922565692689552 2.2571233442682379 -18.875833754078354 6.5742349712660291 1.4244978122304501 19.598538672519531 11.450845536612929 0.26280059728659744 15.258713085749401 13.76526114422718 12.065261056713119 5.3645730235938913 -3.1878365891184988 5.3033953130553488 10.826161066543762 4.7318778356072784 8.7802465916756471 11.41832909618536 -5.4537202954967103 13.154273850041159 12.126435366460568 17.396790218851788 -2.4086861794844303 24.585857383817601 5.6072913349678695 5.2953738821707788 3.5585827862184214 -0.50889869906917984 14.636823654704394 11.119655629593129 15.622725035021578 15.349891744250426 13.439637505785747 3.352563055180088 7.0974761098341368 10.845866134351002 6.2890986507602218 22.423342881817049 -0.45832304035706078 19.47095390748515 -6.1614863103717505 29.611904674031308 -1.8415532096007732 -0.016463400435283351 1.5478873533163542 21.18921699007473 9.3509480444733075 -3.040264978660562 -7.6073553836049559 10.716305710780784 -3.1340293547424931 -2.7948353356189219 0.44019179390717078 -0.057015334001692723 -4.6826265675246495 -2.216069793606509 10.735593972363731 28.34442741243349 9.7083256579756494 18.078449528561407 2.6572375356317317 26.586832581566028
leaf_weight=23.956433296203613 676.91045433282852 1015.8130924701691 11890.167515099049 1315.6226494908333 119.69387078285217 42.749557852745056 979.91233640909195 507.60111945867538 1936.9766266345978 461.43977922201157 279.11240178346634 682.38201761245728 646.48775690793991 1222.6291200518608 717.94979882240295 680.51986259222031 1096.0092895627022 1951.548156440258 980.70672565698624 923.61379289627075 453.20863717794418 81.747204959392548 768.67451930046082 89.836395561695099 924.65935665369034 771.94665950536728 1250.238642334938 932.89816457033157 1985.85329246521 1852.848750770092 40.48142421245575 160.67288279533386 275.4969477057457 507.12600713968277 1329.3110108375549 123.65883296728134 254.50014609098434 45.991484701633453 970.59172910451889 81.68451601266861 198.92004239559174 20.672027587890625 84.046979367733002 1213.2208213806152 640.54179722070694 54.830261707305908 270.92892026901245 193.6023376584053 145.00911504030228 228.60630798339844 257.3374360203743 1259.7180196046829 841.56447815895081 280.89792209863663 1031.2631953954697 103.48648834228516 321.82164472341537 22.145214140415192 532.25903981924057 32.298534035682678 813.6982696056366 18.972697615623474
leaf_count=18 938 1386 101 1802 185 30 1072 750 1452 408 287 954 1001 1812 737 922 1433 1915 1420 880 430 64 1235 30 1199 1120 1761 1280 1549 1993 33 137 248 718 1709 135 337 17 1419 51 305 2 138 1845 939 33 325 299 214 263 354 1978 1413 432 1498 140 345 5 580 21 1188 11
internal_value=-8.60566e-08 -13.631 -17.497 6.11591 8.40965 2.36056 9.30021 3.79679 10.3561 5.33801 11.1574 5.46637 2.98997 5.62922 4.68628 0.652341 6.9714 11.7789 -1.94549 7.83168 6.48327 3.289 2.77547 12.7504 8.8127 8.73847 5.99779 2.62749 11.8149 10.1393 -3.46135 10.5007 4.79623 6.94092 9.66764 -2.2328 -0.245236 9.63738 1.12301 8.74463 1.22239 4.38105 5.88931 1.92061 5.19049 6.47954 8.21787 4.18667 1.02486 6.3295 2.57356 -0.813085 1.77331 4.78205 -4.19347 9.86465 8.13113 6.93462 13.5951 2.61129 4.82101 3.20248
internal_weight=49619.1 15367.7 12766 34251.3 21263.6 12987.7 18262.7 9739.28 14183.3 2601.75 11751.8 6361.54 3000.94 4079.41 2354.45 3377.74 4465.93 10411.4 3248.4 3958.33 2431.52 2327.55 2245.8 7130.53 1440.93 1751.86 2346.25 2282.04 5193.56 2675.44 1095.7 1612.08 1349.14 688.471 3280.86 3205.65 1023.17 2585.61 1171.97 201.378 875.83 527.798 732.758 1895.6 1978.31 979.49 1182.48 464.531 1160.82 1340.39 937.857 2224.94 965.223 686.767 1055.22 411.282 405.869 1337.77 2518.11 135.785 1061.28 832.671
internal_count=47296 4584 1344 42712 24742 17970 20725 12994 15085 3240 11909 8480 4017 5640 3016 4514 5681 10160 4976 4931 3176 3448 3384 6536 1640 2192 3194 2965 5084 2955 1549 1737 1685 857 3624 4946 1572 2925 1655 236 1243 720 932 2799 2746 1232 1361 624 1600 1749 1276 3526 1548 915 1516 409 483 1807 2129 161 1462 1199
is_linear=0
shrinkage=0.05


Tree=13
num_leaves=63
num_cat=0
split_feature=40 44 1 46 16 5 36 34 44 11 36 27 34 1 5 33 36 30 24 34 36 27 33 36 5 27 36 8 36 42 33 13 33 25 36 27 25 11 21 11 36 44 36 15 33 36 74 27 24 25 5 6 5 31 1 1 0 37 31 36 11 40
split_gain=1.49329e+09 4.09037e+08 1.22018e+08 1.06507e+08 3.84657e+07 3.00288e+07 2.73238e+07 2.45344e+07 2.11667e+07 1.52685e+07 1.31574e+07 1.15979e+07 1.02672e+07 1.02105e+07 9.92152e+06 8.79892e+06 8.64277e+06 8.3942e+06 8.34671e+06 8.32702e+06 1.12737e+07 8.79437e+06 8.09086e+06 9.29672e+06 8.99532e+06 6.69048e+06 6.53042e+06 6.38439e+06 5.97569e+06 5.97295e+06 5.9105e+06 5.863e+06 5.85994e+06 5.76356e+06 5.60431e+06 5.52503e+06 5.85126e+06 5.09433e+06 5.09368e+06 5.73868e+06 5.07266e+06 4.97745e+06 4.90317e+06 4.79681e+06 4.78153e+06 4.94917e+06 4.70012e+06 4.68797e+06 5.66931e+06 4.61565e+06 4.54483e+06 4.46226e+06 4.37878e+06 4.22008e+06 4.13336e+06 4.93308e+06 5.09426e+06 4.13054e+06 4.07941e+06 4.05363e+06 4.01144e+06 4.23413e+06
threshold=0.0015326077431340589 1.0000000180025095e-35 3.5000000000000004 1.0000000180025095e-35 2.5000000000000004 0.18441295546558709 0.0056904761904761911 0.074166666666666672 1.0000000180025095e-35 0.24602774274905426 0.008861111111111113 0.0076875000000000008 0.14583333333333334 14.500000000000002 0.13811445341159209 0.012116051394564054 0.0096944444444444465 0.058250000000000003 0.015995889006530206 0.18083333333333337 0.02158333333333334 0.0058796296296296305 0.020446622041220556 0.011361111111111112 0.030536130536130541 0.0051759259259259267 0.016361111111111114 6.5000000000000009 0.038249999999999999 1.5000000000000002 0.035046492531886179 9.5000000000000018 0.0055961061051350439 0.11083333333333335 0.0065833333333333343 0.0071944444444444451 0.050833333333333341 0.2310870947234584 38.500000000000007 0.25521059487624842 0.0058796296296296305 1.0000000180025095e-35 0.0030277777777777781 1.0000000180025095e-35 0.0059668577613851137 0.0093541666666666686 1.0000000180025095e-35 0.020175925925925927 0.027575898314542848 0.13083333333333336 0.044610281923714766 0.051503094606542892 0.056710977701543742 0.0012900751209574738 -12.499999999999998 2.5000000000000004 18.500000000000004 0.17583333333333337 0.00083333333333333371 0.017194444444444446 0.26339712918660291 -0.00049331827592697199
decision_type=2 2 2 2 2 2 2 2 2 2 2 2 2 2 2 2 2 2 2 2 2 2 2 2 2 2 2 2 2 2 2 2 2 2 2 2 2 2 2 2 2 2 2 2 2 2 2 2 2 2 2 2 2 2 2 2 2 2 2 2 2 2
left_child=3 16 40 5 6 8 18 9 10 14 15 53 25 19 26 -1 -2 31 37 20 33 -22 23 54 -24 58 41 35 34 32 -18 -13 -27 38 -7 36 -6 -5 39 50 -3 44 -20 -23 45 -8 -43 48 60 -37 -9 -46 -14 -11 -10 56 -56 -54 -12 -26 61 -34
right_child=1 2 -4 4 27 28 7 13 22 11 12 17 52 -15 -16 -17 30 -19 42 -21 21 43 24 -25 59 29 -28 -29 -30 -31 -32 -33 47 -35 -36 49 -38 -39 -40 -41 -42 46 -44 -45 51 -47 -48 -49 -50 -51 -52 -53 57 -55 55 -57 -58 -59 -60 -61 -62 -63
leaf_value=5.2822306913442567 10.208419771698964 13.048895813507924 -17.636058367601422 11.818475058341555 2.2649678010202403 2.2524811082249325 9.0005390895162165 11.608055932745051 -5.4862191854089959 5.2809985819841803 5.3253122599506497 2.4888570289697807 14.601122971872972 -1.668250082643846 0.25568990984550638 10.780339271418741 1.6656297643517146 21.929584985755913 17.620076247136108 13.443084733274867 18.432103023793083 21.849530800898478 13.123799555356598 -4.4148775648818583 7.045562994692915 19.248937372956206 -0.22802304338942908 -2.9753359978198524 10.747466908808994 8.2324813261656526 9.7623258996522164 -3.4018657186687591 13.000240305574057 12.775719005484321 -3.7888333414898079 0.22334840156393621 11.933920412920189 7.7225320620498907 12.630215120081608 4.1845321974782905 -0.25429661782771729 2.4307787060324761 12.531013232015111 -0.67313036694602613 11.313908344203453 25.955757441476688 20.540981171085676 -5.3464631379998577 9.9380691311353004 8.8527476044870426 6.5515876325096558 6.8762331200855602 11.3993661158988 14.267084303214299 -3.166801271048842 -2.4791831540930627 5.5589331373990127 -1.8774446124612316 17.575488901355126 -2.8048749537404234 -2.3353226532205138 1.400794473383024
leaf_weight=1705.5457945466042 1080.5595449209213 77.942506790161133 12203.560842633247 1624.3241855502129 306.74659597873688 462.96039140224457 80.884301960468292 986.97312062978745 190.19488191604614 1172.0167489647865 231.22383052110672 834.37962555885315 247.97317403554916 193.85861951112747 408.04637467861176 1269.1953957080841 803.73464053869247 42.795524954795837 626.53786742687225 1367.7818123698235 77.238711178302765 24.796405434608459 236.68353605270386 1100.3311634659767 171.0749871134758 41.616588294506073 198.3764414191246 504.46449953317642 84.470692276954651 287.17171090841293 313.24190896749496 855.4791094660759 84.206089913845062 1265.767379462719 2247.4592298865318 1085.4750641584396 319.38838911056519 1425.2187189459801 685.23463946580887 775.55179035663605 888.71017307043076 382.38174688816071 1935.2557888031006 507.04626142978668 1314.4475926756859 91.985856115818024 39.530003070831299 318.16059577465057 169.23828172683716 180.76201659440994 808.35345417261124 995.5044087767601 122.96907335519791 147.04513967037201 203.68491703271866 396.02710092067719 935.60835611820221 111.88010251522064 96.248561382293701 268.14330917596817 808.16062545776367 1197.4443116784096
leaf_count=2445 1182 85 529 1642 492 721 91 931 278 1648 336 1187 208 305 624 1423 1213 15 336 1102 48 16 211 1503 192 22 279 823 108 388 330 1394 65 1162 3419 1689 326 1875 649 1054 1245 553 1721 708 1370 25 13 484 194 220 1009 1308 128 127 309 640 1213 173 69 370 1262 1809
internal_value=5.22116e-09 -12.9495 -16.2816 5.81012 7.98917 2.24253 8.74715 7.50913 3.50149 5.33688 5.14982 2.75001 3.16611 9.63928 7.58525 7.62804 7.02036 0.0605514 11.6717 9.97659 9.05251 2.66656 0.351896 -0.823522 5.26615 2.15057 8.54905 2.02269 -2.34878 1.38707 3.93625 -0.49328 0.63643 9.91267 -2.75693 3.35505 7.19705 9.90422 8.7997 7.77873 0.818358 9.14848 13.7756 0.376957 10.0017 18.0226 4.12757 0.335877 1.13617 1.45524 9.33136 9.40143 9.96724 6.28274 1.46662 2.32794 3.99893 5.07441 8.9258 1.03186 0.423367 2.16289
internal_weight=49619.1 15367.7 13170.2 34251.3 21263.6 12987.7 18866.8 13255.5 10192.8 6562.87 6691.03 3051.72 3716.29 6692.6 3511.16 2974.74 2197.54 1732.65 5611.34 6498.74 5130.96 609.081 3501.75 2825.85 675.902 3233.47 3103.11 2396.84 2794.89 2906 1116.98 1689.86 2618.83 4521.88 2710.42 1892.37 626.135 3049.54 3256.11 2570.88 966.653 2904.73 2561.79 531.843 2482.82 172.87 421.912 2577.21 2259.05 1266.24 1795.33 2309.95 482.822 1319.06 1725.52 1535.32 1139.29 234.849 327.472 439.218 2089.81 1281.65
internal_count=47296 4584 1859 42712 24742 17970 21192 15618 13722 8634 9006 4371 5138 6984 4263 3868 2725 2596 5574 6679 5577 772 4716 3943 773 4629 3639 3550 4248 4224 1543 2581 3836 4805 4140 2727 818 3517 3643 2994 1330 3360 2057 724 2794 116 566 3814 3330 1909 1940 2678 509 1775 2440 2162 1522 301 405 562 3136 1874
is_linear=0
shrinkage=0.05


Tree=14
num_leaves=63
num_cat=0
split_feature=40 33 14 46 12 1 72 1 1 12 46 10 31 36 36 27 36 13 36 34 36 6 1 0 8 34 6 34 33 34 22 12 1 36 34 33 36 33 36 36 36 27 1 21 27 42 1 37 32 33 36 27 22 34 3 39 22 42 30 3 0 14
split_gain=1.3477e+09 3.70208e+08 1.08256e+08 9.61227e+07 3.50028e+07 2.76199e+07 2.5862e+07 1.87008e+07 1.49336e+07 1.48587e+07 1.30874e+07 1.18743e+07 1.1403e+07 1.13281e+07 9.27968e+06 7.907e+06 7.90362e+06 7.82922e+06 7.63015e+06 7.83344e+06 7.58518e+06 7.40593e+06 8.61898e+06 8.23416e+06 7.07957e+06 8.36981e+06 7.01845e+06 6.63704e+06 6.20024e+06 6.11273e+06 5.89544e+06 5.68953e+06 5.5259e+06 5.30812e+06 5.0284e+06 4.92932e+06 4.91347e+06 4.79758e+06 4.75212e+06 4.71015e+06 4.45221e+06 4.37221e+06 4.30773e+06 4.21734e+06 4.20417e+06 4.11827e+06 4.09839e+06 4.07746e+06 4.05247e+06 3.99862e+06 3.96375e+06 3.95958e+06 3.90089e+06 3.86664e+06 3.85862e+06 5.8771e+06 5.02899e+06 4.10538e+06 3.80145e+06 3.76515e+06 4.24339e+06 3.75829e+06
threshold=0.0015326077431340589 0.016277548346070456 3.5000000000000004 1.0000000180025095e-35 1.0000000180025095e-35 5.5000000000000009 1.0000000180025095e-35 -7.4999999999999991 4.5000000000000009 12.500000000000002 1.0000000180025095e-35 3.5000000000000004 0.0010069580569580573 0.036854166666666674 0.0050833333333333347 0.0060208333333333338 0.0085092592592592598 13.500000000000002 0.0096944444444444465 0.055833333333333339 0.0070185185185185194 0.21975609756097564 10.500000000000002 65.500000000000014 3.5000000000000004 0.060833333333333343 0.18237250554323728 0.074166666666666672 0.015989907505347924 0.13916666666666669 2.5000000000000004 11.500000000000002 -13.499999999999998 0.015175925925925928 0.10750000000000003 0.016859757649836462 0.01052777777777778 0.0042513407198803404 0.0076875000000000008 0.06291666666666669 0.0018888888888888894 0.0070185185185185194 -8.4999999999999982 39.500000000000007 0.01052777777777778 1.0000000180025095e-35 8.5000000000000018 0.94083333333333341 0.020240575396825399 0.0107817837157451 0.015527777777777781 0.0056904761904761911 32.500000000000007 0.054166666666666675 3.5000000000000004 0.021361111111111119 29.500000000000004 1.5000000000000002 0.0023571428571428576 1.0000000180025095e-35 49.500000000000007 1.5000000000000002
decision_type=2 2 2 2 2 2 2 2 2 2 2 2 2 2 2 2 2 2 2 2 2 2 2 2 2 2 2 2 2 2 2 2 2 2 2 2 2 2 2 2 2 2 2 2 2 2 2 2 2 2 2 2 2 2 2 2 2 2 2 2 2 2
left_child=3 2 36 5 12 7 8 13 14 15 46 39 21 16 -6 -8 35 27 28 59 40 22 23 -5 52 -26 54 32 -13 33 -18 43 -16 -12 -22 -1 49 -34 -25 50 -7 -14 -19 -10 -39 -32 -3 -38 -46 -2 -9 -11 -17 -42 55 -21 -56 -57 -36 60 -20 -43
right_child=1 10 -4 4 6 20 9 11 31 51 29 18 41 -15 17 24 30 42 19 26 34 -23 -24 38 25 -27 -28 -29 -30 -31 45 -33 37 -35 58 -37 47 44 -40 -41 53 61 -44 -45 48 -47 -48 -49 -50 -51 -52 -53 -54 -55 56 57 -58 -59 -60 -61 -62 -63
leaf_value=0.99040031218842006 0.11638921018288342 2.0598082111550138 -17.055059141699413 0.10647641582423183 13.312020537060258 22.017442495352721 9.6475199282835256 1.3445636061994217 6.7874931857239309 6.0278056912140183 7.7485373172613414 6.2755285291223375 15.360136783446173 13.14232170234518 -0.86468746290239895 5.2255021217024256 13.158460019030285 -0.46397079277136932 0.69860357893648806 11.705569286458857 -3.7252278385210453 -4.8092886021865162 -7.5569205272892503 11.42368461275219 0.69302471535176491 6.603375531114513 -2.5368292025169801 12.138923291183099 11.56983793419478 12.428604919881488 -4.7968880988050904 2.8395188137021763 21.871340359365963 -1.1613538268879826 19.507408690017218 11.18075445509421 -3.8518729416451212 10.143845088074963 3.9980515806813801 20.948615502627788 -0.75110134972229292 12.518595458954346 7.4478070077934291 13.281541216505012 6.5449705205131714 5.5807781759182395 -6.925959011159363 19.74460667278737 -9.2426164928073113 9.4548683713019503 -5.9923084859511571 -0.54931506328683322 12.556880872409595 6.6510497251927152 -2.1712096993321222 1.3513682411525689 6.6037347523640397 13.49066648393088 0.68041733751808997 -1.7966163908735622 17.148090091564747 1.9866524781480324
leaf_weight=676.42256969213486 231.93425905704498 1015.8130924701691 11890.167515099049 910.8893266916275 2502.3764479756355 29.096713662147522 1866.7730607390404 975.36615961790085 1352.700146317482 299.70239365100861 705.45221400260925 2059.8083035945892 185.18563210964203 148.23882043361664 142.25886899232864 292.86609143018723 51.880762338638306 209.5640549659729 110.64493143558502 638.21902549266815 2353.753508746624 432.43508952856064 196.23548579216003 347.80726706981659 985.02980244159698 1528.4834963679314 230.8237179517746 3004.0228417515755 755.96310943365097 516.40513426065445 1265.370045363903 793.20102745294571 73.247556746006012 219.07204931974411 28.357695162296295 143.9217836856842 398.05999368429184 1818.8796370625496 566.20525908470154 27.337863206863403 461.0212630033493 135.10256969928741 960.94221729040146 306.68607199192047 637.96297460794449 103.41244733333588 145.00911504030228 19.190363049507141 43.412998914718628 226.64588093757629 226.91483241319656 967.71378576755524 476.88579028844833 285.7907954454422 228.50621509552002 317.45503044128418 572.01405173540115 89.222454249858856 491.85510319471359 655.5539927482605 60.721505701541901 227.07829958200455
leaf_count=1023 351 1386 101 1320 2005 13 2101 1353 1770 411 865 2814 139 119 233 441 44 322 163 654 3596 708 300 376 1561 1903 335 2579 725 458 1862 1201 28 317 15 146 599 1911 753 15 778 119 1146 297 807 156 214 15 62 278 337 1500 447 413 348 454 720 87 772 981 47 302
internal_value=1.8993e-07 -12.302 -15.8054 5.51961 7.58971 2.13041 8.41204 3.57196 9.79697 5.85576 4.88826 4.88405 2.58526 -0.24391 10.7042 7.04929 -1.12939 9.75705 5.84246 4.04383 -1.55765 1.1295 2.40014 3.47084 5.57201 4.28715 5.68293 10.5195 7.69692 8.07118 -3.38577 6.32272 8.72817 5.63728 -2.742 2.7782 1.15951 9.25845 6.82371 0.426464 2.82916 9.11071 6.03131 7.98772 8.88894 -4.01285 0.937312 -2.76661 5.53908 4.73178 -0.0401752 1.00596 9.76752 2.08156 6.71105 8.71224 4.09895 4.01465 1.70671 -0.0716203 6.52727 5.91533
internal_weight=49619.1 15367.7 12766 34251.3 21263.6 12987.7 18262.7 9337.8 11845.3 6417.45 2601.75 6948.55 3000.94 2389.25 9392.67 5150.04 2241.01 6890.29 5718.93 2903.16 3649.88 2453.57 2021.14 1824.9 3283.27 2513.51 2076.24 5719.78 2815.77 1440.93 1420.66 2452.59 2715.76 924.524 2873.97 820.344 875.83 2573.5 914.013 1229.62 775.909 547.367 1170.51 1659.39 2500.26 1368.78 1160.82 417.25 681.376 458.58 1202.28 1267.42 769.752 746.812 1845.42 1044.9 800.52 406.677 520.213 826.92 171.366 362.181
internal_count=47296 4584 1344 42712 24742 17970 20725 12383 12361 8364 3240 9033 4017 3350 9093 6453 3231 7088 7328 3789 5587 3457 2749 2449 4352 3464 2598 5620 3539 1640 2062 3268 3041 1182 4383 1169 1243 2808 1129 1705 1204 560 1468 2067 2780 2018 1600 614 869 629 1690 1911 888 1191 2263 1195 1068 541 787 1191 210 421
is_linear=0
shrinkage=0.05


Tree=15
num_leaves=63
num_cat=0
split_feature=40 12 14 5 12 27 25 1 36 27 34 36 27 25 0 42 42 33 33 36 34 36 33 33 36 11 1 6 25 34 74 25 6 35 11 1 1 1 5 28 37 11 34 14 39 15 25 34 33 17 28 33 5 27 27 0 36 5 39 23 37 25
split_gain=1.2163e+09 3.35955e+08 1.07373e+08 8.22043e+07 6.21103e+07 3.12436e+07 2.1869e+07 1.78216e+07 1.43899e+07 1.16925e+07 1.15491e+07 1.17781e+07 9.9723e+06 9.72901e+06 9.52358e+06 1.00381e+07 8.53055e+06 8.25963e+06 7.97351e+06 7.8308e+06 9.44905e+06 7.30621e+06 7.09935e+06 6.91806e+06 6.60631e+06 5.94368e+06 5.80325e+06 5.65748e+06 5.63734e+06 5.11579e+06 5.09623e+06 4.97738e+06 4.92378e+06 5.25558e+06 4.80474e+06 4.75763e+06 5.43879e+06 4.66967e+06 4.6114e+06 4.57448e+06 4.55688e+06 5.67052e+06 4.40314e+06 8.18168e+06 4.43316e+06 4.39552e+06 4.33829e+06 4.31289e+06 5.57396e+06 4.30761e+06 4.29227e+06 4.26997e+06 4.25782e+06 4.20736e+06 4.19784e+06 4.17598e+06 4.08494e+06 4.04234e+06 4.20252e+06 3.93827e+06 3.89422e+06 3.83599e+06
threshold=0.0015326077431340589 1.0000000180025095e-35 3.5000000000000004 0.13536417773705914 1.0000000180025095e-35 0.0060208333333333338 0.080833333333333354 10.500000000000002 0.010351851851851853 0.0086851851851851864 0.07583333333333335 0.0067500000000000008 0.011583333333333336 0.047500000000000007 60.500000000000007 1.5000000000000002 2.5000000000000004 0.017328421919630011 0.02031856709912571 0.0080277777777777795 0.20583333333333334 0.0096944444444444465 0.015529268281908282 0.014510381710945429 0.0075462962962962966 0.23937642951727461 3.5000000000000004 0.15170694284618338 0.10916666666666668 0.10250000000000002 1.0000000180025095e-35 0.074166666666666672 0.083920187793427234 3.5000000000000004 0.26699669966996703 1.5000000000000002 -3.4999999999999996 -6.4999999999999991 0.026491228070175444 0.37583333333333341 0.95916666666666683 0.072299651567944254 0.077500000000000013 1.5000000000000002 0.01435416666666667 2.5000000000000004 0.18416666666666667 0.065833333333333341 0.0057348030063266928 2.5000000000000004 0.26916666666666672 0.020832957026796679 0.18708333333333335 0.01052777777777778 0.0056904761904761911 51.500000000000007 0.0086388888888888904 0.038278388278388288 0.0036851851851851859 0.029851778656126485 0.71750000000000014 0.049166666666666671
decision_type=2 2 2 2 2 2 2 2 2 2 2 2 2 2 2 2 2 2 2 2 2 2 2 2 2 2 2 2 2 2 2 2 2 2 2 2 2 2 2 2 2 2 2 2 2 2 2 2 2 2 2 2 2 2 2 2 2 2 2 2 2 2
left_child=3 2 31 4 9 13 8 10 23 18 11 39 26 34 15 24 19 37 30 22 28 -3 61 25 -8 49 27 47 57 -23 35 40 -12 -34 -6 36 -1 -16 -19 -5 -2 -42 -14 -44 -45 51 59 48 -10 53 -18 -20 -31 -7 -13 -55 -36 58 -21 -26 -17 -11
right_child=1 21 -4 7 5 6 14 -9 12 16 32 54 42 -15 17 60 50 38 45 20 -22 29 -24 -25 46 -27 -28 -29 -30 52 -32 -33 33 -35 56 -37 -38 -39 -40 -41 41 -43 43 44 -46 -47 -48 -49 -50 -51 -52 -53 -54 55 -56 -57 -58 -59 -60 -61 -62 -63
leaf_value=1.4198868040885646 -2.7843495185201359 9.3424495242455503 -16.094789927165792 9.3797170611935865 9.3799514587539612 13.754896774088088 8.7396874361347692 -3.6381668600599002 24.468478727070107 -3.8310163714074434 6.4002734379121895 2.9258411515523441 -3.8093874712770042 11.811932322142956 2.939482410590605 5.9702267529134811 18.279494051291859 14.921556621215416 34.703253449170333 12.739011537052292 10.145885227511016 0.32807415482003216 12.832674434064124 9.3606634911665179 2.2430096947215623 3.0229792202656913 -0.092252598432064889 -1.9312294405458559 2.3561934116145524 8.3302189717316732 18.311734372855298 5.7464544636616415 -0.71689547373489282 20.308133458223011 7.2560477228227755 -1.598671371444653 7.9659456424118931 8.8928935226676966 10.281078291922157 2.239377416219662 31.60372583990323 -3.6799164561857292 15.696861914690377 4.3267957734375537 -4.7019231229386627 7.8076564254873793 8.3041106017527131 9.3583843421770769 2.0425367780175598 5.3697388346951493 4.540278931738035 13.084342255825712 -9.0733266714756731 -2.3372377360019176 -2.9282961141838548 14.312572515968618 -0.33898922796447611 -6.5608673200328385 -2.6453218369343938 -6.6613973865005498 18.082915311987023 4.0595679142326224
leaf_weight=720.31712400913239 810.62185049057007 1080.5595449209213 12032.679896593094 332.35433751344681 2026.4979650378227 387.08886981010437 618.98304897546768 1929.0969853997231 29.50586599111557 247.50662529468536 1501.2533951401711 368.30758714675903 728.82045894861221 4506.039247751236 442.72406905889511 96.900713741779327 75.591525673866272 829.24874991178513 32.483562290668488 47.185027956962585 142.28565514087677 581.43004184961319 159.81537002325058 1409.7468428611755 854.49789530038834 1605.0715044736862 537.90455585718155 197.33136570453644 380.10905361175537 497.73249340057373 54.154942095279694 281.32653033733368 460.80504512786865 31.771981775760651 555.20335417985916 464.66044557094574 567.1431165933609 1286.5355880856514 1510.6122341752052 689.97440868616104 22.147548496723175 23.437696576118469 91.729764938354492 257.3859435915947 288.18010145425797 302.39745789766312 250.77264964580536 821.46503686904907 454.69268840551376 950.05659550428391 229.23857229948044 76.935191571712494 37.814014256000519 97.531891584396362 1816.6821281313896 61.348387777805328 259.91738623380661 952.23675107955933 749.60056436061859 145.28848570585251 210.50849175453186 407.82428777217865
leaf_count=1053 1173 1182 293 367 2318 348 677 2966 9 377 1815 546 1149 4054 654 142 49 571 6 35 147 895 139 1566 1188 2375 848 318 474 584 35 342 670 18 753 751 685 1492 1485 1054 5 46 71 332 430 341 301 893 674 1368 331 74 64 151 2799 59 401 1358 1080 224 151 540
internal_value=9.10935e-08 -11.6869 -14.7067 5.24363 6.49959 7.72146 6.34901 0.466361 4.60402 1.81391 1.98872 0.131053 2.15136 10.3671 8.56105 5.89178 -0.0322256 9.98909 4.63659 -0.820288 -2.32899 6.41125 3.38374 6.4565 4.515 5.13628 4.36453 5.95956 -3.16267 3.57561 3.20518 -0.0234966 4.97701 0.639251 8.076 2.73826 4.30351 7.3687 11.9257 4.56067 -1.91935 13.4626 -1.15498 1.88064 -0.442374 10.9149 2.42393 7.15213 3.40912 7.40363 7.94732 19.5024 7.10138 10.9429 -1.94151 4.09175 4.83422 -4.36206 -1.73427 0.949025 14.2648 1.07944
internal_weight=49619.1 15367.7 13170.2 34251.3 27121.1 21511.6 14163.9 7130.25 7917.86 5609.49 5201.15 3207.32 3407.02 7347.66 6246.07 2176.95 3391.39 4069.12 2218.09 3086.56 2271.42 2197.54 815.146 4510.84 1869.54 3101.1 2040.9 1502.99 2129.13 1116.98 1806.28 1137.53 1993.83 492.577 2841.62 1752.12 1287.46 1729.26 2339.86 1022.33 856.207 45.5852 1366.12 637.296 545.566 411.816 1250.56 1305.66 484.199 1496.03 304.83 109.419 535.547 545.969 2184.99 158.88 815.121 1749.02 796.786 999.786 307.409 655.331
internal_count=47296 4584 1859 42712 32477 25002 17476 10235 10591 7475 7269 4766 4724 7526 6885 2683 4530 4202 2945 4150 3094 2725 1056 5867 2390 4301 2742 1894 2947 1543 2524 1566 2503 688 3472 2489 1738 2146 2056 1421 1224 51 1982 833 762 421 1713 1576 683 1926 380 80 648 558 3345 210 1154 2473 1115 1412 293 917
is_linear=0
shrinkage=0.05


Tree=16
num_leaves=63
num_cat=0
split_feature=40 12 10 16 5 12 27 25 27 13 36 74 0 25 42 24 8 16 6 36 5 5 0 36 36 25 27 30 36 72 5 28 35 6 36 32 6 30 0 28 42 6 24 25 74 27 23 12 6 36 28 27 39 16 22 36 32 0 15 21 72 8
split_gain=1.09771e+09 3.032e+08 9.06494e+07 7.79019e+07 5.29609e+07 3.50915e+07 1.97495e+07 1.66751e+07 1.31471e+07 1.20976e+07 1.01491e+07 9.53585e+06 8.64531e+06 8.60043e+06 8.03478e+06 7.80232e+06 6.89653e+06 6.88909e+06 6.84358e+06 6.83909e+06 6.79545e+06 6.22928e+06 5.78452e+06 5.79862e+06 5.47087e+06 5.32443e+06 6.10057e+06 5.28053e+06 5.25327e+06 5.22325e+06 5.1534e+06 5.14748e+06 4.8894e+06 4.8615e+06 4.52659e+06 4.35658e+06 4.34563e+06 4.20795e+06 4.16487e+06 4.12287e+06 4.37405e+06 4.09595e+06 3.98228e+06 3.87859e+06 3.82742e+06 3.81441e+06 5.86992e+06 3.62206e+06 3.69011e+06 4.08145e+06 3.94295e+06 3.62162e+06 3.59548e+06 3.59099e+06 3.5886e+06 3.66768e+06 3.57983e+06 3.57181e+06 3.74103e+06 3.745e+06 3.54719e+06 3.46127e+06
threshold=0.0015326077431340589 1.0000000180025095e-35 4.5000000000000009 2.5000000000000004 0.13536417773705914 1.0000000180025095e-35 0.0051759259259259267 0.080833333333333354 0.012845238095238097 7.5000000000000009 0.0068425925925925928 1.0000000180025095e-35 60.500000000000007 0.084166666666666681 1.5000000000000002 0.010246521666883836 4.5000000000000009 4.5000000000000009 0.22611077297626295 0.0071944444444444451 0.12922201138519926 0.050252525252525264 75.500000000000014 0.0065833333333333343 0.0026875000000000007 0.060833333333333343 0.011750000000000002 0.047583333333333346 0.051583333333333335 1.0000000180025095e-35 0.025158227848101272 0.31583333333333335 2.5000000000000004 0.11915683704674532 0.0082500000000000021 0.03419646658152406 0.054200940070505292 0.024212962962962967 26.500000000000004 0.36083333333333339 1.5000000000000002 0.13527590090090094 0.025772564686901474 0.18416666666666667 1.0000000180025095e-35 0.014023809523809527 0.030422619047619049 8.5000000000000018 0.058397271952259168 0.052194444444444453 0.53250000000000008 0.0034166666666666672 0.040750000000000001 5.5000000000000009 5.5000000000000009 0.0093541666666666686 0.014480324074074074 13.500000000000002 1.0000000180025095e-35 33.500000000000007 1.0000000180025095e-35 8.5000000000000018
decision_type=2 2 2 2 2 2 2 2 2 2 2 2 2 2 2 2 2 2 2 2 2 2 2 2 2 2 2 2 2 2 2 2 2 2 2 2 2 2 2 2 2 2 2 2 2 2 2 2 2 2 2 2 2 2 2 2 2 2 2 2 2 2
left_child=3 2 31 4 5 11 15 8 21 16 24 18 14 28 19 51 53 25 22 -9 29 47 23 37 -6 -11 -27 -28 44 38 -14 -2 45 39 -10 52 -24 61 -3 -23 54 -32 -43 -21 -12 46 -15 -8 50 -50 -49 -7 -36 -5 -41 -56 57 -33 59 -59 -53 -1
right_child=1 20 -4 9 10 6 7 12 34 17 13 -13 30 32 -16 -17 -18 -19 -20 43 -22 33 36 -25 -26 26 27 -29 -30 -31 41 56 -34 -35 35 -37 -38 -39 -40 40 -42 42 -44 -45 -46 -47 -48 48 49 -51 -52 60 -54 -55 55 -57 -58 58 -60 -61 -62 -63
leaf_value=2.1388922130486834 18.967530873854901 -0.69347826933036283 -15.243052841286634 0.73049230660275377 14.183250258671396 10.853612240141693 9.4758965889986655 9.4023596910641327 5.6615014422652941 0.53795788174687376 -2.1667995484006042 15.607517050129085 12.938396651475308 4.1322453107262822 14.10820689160974 12.059213998378926 -5.0107604250149205 -3.5412209909285859 -2.3188561580917804 1.2797329362139471 -0.34711428113664522 9.738424923073147 14.237499589765887 0.66154602465967527 4.0553195392020678 8.333037695334756 0.58623714297489693 18.019154436717148 11.902063316682964 3.8951561900446046 9.9688382013970482 -7.365306232902026 16.963476071609488 -0.5785907951814192 -2.1633884234508836 14.914594355134041 5.1441669128132679 14.413075495366844 10.267761032898754 13.494999700135043 12.273479820508216 0.67514108633289205 10.250176154649896 8.4577899555669873 14.178054009763342 -0.13219310154360109 23.088062550674355 13.098352087759437 3.3652258220977935 16.320320926471791 6.3719654466558673 8.2607121749413857 16.826263624265405 -7.187480495247728 5.1612303527202048 0.30510333805780987 -3.5055008544537216 23.450379868071895 1.2216186558217914 4.4568961471090542 2.3514038434958429 12.770937656497759
leaf_weight=397.23350960016251 33.163096964359283 94.415663063526154 12038.751758754253 1316.3062720298767 147.56390446424484 694.85126262903214 1670.0578640699387 593.27141177654266 364.15682691335678 1197.2848206758499 2374.5985524058342 141.72376626729965 1296.2090643048286 623.97779089212418 285.13256651163101 3390.0573320388794 1420.2059286832809 477.94527542591095 640.37777727842331 899.9367960691452 345.46585750579834 452.85622668266296 164.55659902095795 1786.5834616422653 1383.1325911879539 710.80983507633209 650.5882140994072 46.546598851680756 70.757018029689789 702.583371758461 2249.0585552453995 80.037104189395905 63.819382607936859 389.31862270832062 879.66506540775299 41.643946528434753 651.77725517749786 126.47476106882095 1055.0712020993233 87.906751334667206 161.53331112861633 257.10870808362961 187.98711866140366 237.95128047466278 36.365038096904755 595.110995054245 43.700362265110016 315.8293741941452 948.03734838962555 64.961660802364349 702.43225276470184 754.62165158987045 25.65353798866272 160.67311412096024 924.14890402555466 671.23641121387482 626.09898555278778 43.680625855922699 284.53614300489426 63.945808172225952 382.76196479797363 94.82225513458252
leaf_count=583 16 149 293 1934 121 739 1842 607 484 1874 3621 90 1004 848 260 2823 2156 761 954 1266 498 496 141 2429 1935 844 967 23 79 983 2277 119 28 601 1296 26 823 98 1095 77 152 383 192 276 32 867 17 276 1355 38 901 887 15 245 1267 1024 899 26 407 99 573 105
internal_value=7.89411e-08 -11.1025 -13.9714 4.98145 6.07818 7.12239 8.02192 7.02499 5.48458 -0.203112 1.59313 2.86949 8.99951 0.211057 6.33097 10.6384 -2.523 1.97683 2.40202 5.05001 6.09068 6.4206 3.34046 2.1061 5.03168 2.98915 5.07359 1.75021 -1.52617 7.29152 10.3479 -0.440443 3.46094 4.58812 0.923923 -0.897925 6.9772 6.27859 9.36744 5.46356 4.4142 9.10155 4.71918 2.78078 -1.92027 2.77854 5.37293 7.75091 6.33266 4.19601 8.45826 8.00956 -1.62529 -0.130864 3.66 3.11808 -1.02647 2.26054 4.22509 12.1655 6.27206 4.18775
internal_weight=49619.1 15367.7 13170.2 34251.3 28271 22931.9 18928.4 13706.1 7699.44 5980.36 5339.03 4003.55 6006.66 3808.33 2016.29 5222.29 2897.19 3083.17 3861.83 1731.16 2197.54 6388.32 3221.45 2405.11 1530.7 2605.23 1407.94 697.135 2481.72 1852.07 3990.36 1131.46 1326.61 2687 1311.12 946.963 816.334 618.531 1149.49 2297.68 1844.83 2694.15 445.096 1137.89 2410.96 1262.79 667.678 3701.32 2031.26 1013 1018.26 1832.23 905.319 1476.98 1683.29 1595.39 1098.3 472.2 392.163 107.626 1137.38 492.056
internal_count=47296 4584 1859 42712 33908 26360 21137 16115 9850 8804 7548 5223 6265 5492 2409 5022 4335 4469 5133 2149 2725 8029 4179 3215 2056 3708 1834 990 3732 2227 3856 1566 1760 3617 1821 1337 964 786 1244 3016 2520 2852 575 1542 3653 1732 865 4412 2570 1393 1177 2199 1311 2179 2368 2291 1550 651 532 125 1460 688
is_linear=0
shrinkage=0.05


Tree=17
num_leaves=63
num_cat=0
split_feature=40 33 14 16 5 12 11 1 72 8 16 5 36 74 7 33 33 1 12 1 1 6 0 36 12 1 33 36 11 33 1 1 21 7 8 39 32 33 30 31 39 1 12 36 11 74 36 36 1 40 36 36 0 64 24 72 39 40 39 33 36 15
split_gain=9.90682e+08 2.76442e+08 7.89969e+07 7.03064e+07 4.77973e+07 3.16701e+07 1.99565e+07 1.38572e+07 1.3344e+07 1.12282e+07 1.08241e+07 9.31148e+06 8.92303e+06 8.60611e+06 8.54438e+06 8.0448e+06 7.85348e+06 7.41e+06 7.47944e+06 7.39353e+06 7.33646e+06 7.09009e+06 9.90421e+06 6.99075e+06 6.54761e+06 6.35877e+06 6.24085e+06 6.18991e+06 5.70796e+06 5.58082e+06 5.28992e+06 5.68944e+06 4.89135e+06 5.87834e+06 4.98778e+06 4.7291e+06 4.72703e+06 5.6383e+06 4.63234e+06 4.60028e+06 4.53283e+06 4.5103e+06 4.42238e+06 4.3565e+06 4.26987e+06 4.15923e+06 4.12399e+06 4.11927e+06 4.02712e+06 4.01061e+06 3.97233e+06 3.8349e+06 3.96319e+06 3.78366e+06 3.73721e+06 3.73313e+06 3.59038e+06 3.58088e+06 3.57814e+06 4.56469e+06 3.53858e+06 3.40698e+06
threshold=0.0015326077431340589 0.016277548346070456 3.5000000000000004 2.5000000000000004 0.13536417773705914 1.0000000180025095e-35 0.26902398676592226 8.5000000000000018 1.0000000180025095e-35 6.5000000000000009 1.5000000000000002 0.11378020713463753 0.0056904761904761911 1.0000000180025095e-35 3.5000000000000004 0.029577746959263591 0.017033913926277906 -12.499999999999998 8.5000000000000018 -10.499999999999998 9.5000000000000018 0.15419580419580423 52.500000000000007 0.010690476190476193 12.500000000000002 3.5000000000000004 0.025564754123440853 0.0050833333333333347 0.1924501424501425 0.018728450519946985 -14.499999999999998 10.500000000000002 41.500000000000007 9.5000000000000018 3.5000000000000004 0.022194444444444451 0.020336734693877551 0.016084848057616261 0.0021944444444444446 0.00057826753396575143 0.01701851851851852 3.5000000000000004 4.5000000000000009 0.0026875000000000007 0.26425937974409025 1.0000000180025095e-35 0.011020833333333336 0.013509259259259261 -5.4999999999999991 -0.0027121176183083234 0.0071944444444444451 0.008861111111111113 119.50000000000001 1.0000000180025095e-35 0.013939597025808497 1.0000000180025095e-35 0.0050833333333333347 -3.746748684837782e-05 0.031869047619047623 0.019213081433859198 0.015083333333333336 15.500000000000002
decision_type=2 2 2 2 2 2 2 2 2 2 2 2 2 2 2 2 2 2 2 2 2 2 2 2 2 2 2 2 2 2 2 2 2 2 2 2 2 2 2 2 2 2 2 2 2 2 2 2 2 2 2 2 2 2 2 2 2 2 2 2 2 2
left_child=3 2 47 4 5 13 8 16 27 11 20 21 -8 19 -10 17 23 61 39 53 26 22 -5 43 29 32 60 -7 -29 50 -30 58 33 -21 -34 -17 37 -20 -13 -19 -18 48 -12 -6 -27 -25 -42 -2 -24 -23 -16 -11 -53 56 -54 57 -1 -41 59 -32 -3 -14
right_child=1 10 -4 9 7 6 12 -9 14 51 42 38 15 -15 24 35 40 18 36 25 -22 49 41 45 -26 44 -28 28 30 -31 31 -33 34 -35 -36 -37 -38 -39 -40 55 46 -43 -44 -45 -46 -47 -48 -49 -50 -51 -52 52 54 -55 -56 -57 -58 -59 -60 -61 -62 -63
leaf_value=3.6610960531371184 2.7761170311844019 5.7556968297290725 -14.642325899024124 -0.38548172990428903 13.721519171200349 11.85451682037931 8.5356361433671282 -2.172980412560396 12.658640803105207 0.3327516059355069 -4.3318828593263605 13.634544004059771 -7.5599910739216529 14.827141235785076 7.1352009922873734 12.159675395281219 9.0068013110876546 3.7064287813437633 0.39341074202787857 2.4877191634957656 -6.4045735701040956 18.767873212263876 3.9320250807419344 -3.6427117058964265 1.4195390309963924 2.6719979484294343 9.8108282238530524 11.384298182730326 0.70541649978883314 9.3703379848434434 7.8365970146501231 0.87524941780589938 16.407049666991746 8.9655099245696004 1.1977510269008451 1.5881380998220038 -4.818337389206647 7.2132981103259333 -2.4532869396289643 27.739310269665886 7.829889150539592 1.4543723459608608 2.9907532337895013 2.5581145619233405 -4.934342363515583 20.362815907371694 0.088034873374312705 -5.4082534357541316 10.316983934129102 -2.1536516901999292 2.8754880091216908 -6.9502104567305238 -7.3562003167762233 18.739593914327493 14.454671739814177 5.4482564524541814 -5.3798418319698067 11.498807771267462 2.525656676729346 11.135119635633011 -2.4899067102994299 19.095368178723231
leaf_weight=142.45108413696289 676.91045433282852 491.04358267784119 11890.167515099049 807.45396655797958 92.966295063495636 2436.8696717023849 1277.6241816878319 1725.3703315258026 487.4139119386673 323.7969571352005 384.87585836648941 45.985443830490112 210.32919597625732 141.72376626729965 1148.1571425199509 396.75417739152908 708.23376929759979 720.44582486152649 1034.4208998680115 1800.8618120551109 103.50663727521896 23.627723753452301 378.05305939912796 629.85663658380508 746.17149233818054 404.73974972963333 1001.2020574808121 1749.5031444430351 232.44434523582458 1178.7429171800613 2693.361212849617 237.28204411268234 159.00844269990921 434.77104318141937 81.551511108875275 144.25257134437561 269.16605025529861 428.64816051721573 1658.842846095562 39.364359855651855 296.93606889247894 333.0125305056572 444.10388505458832 1458.205946803093 339.06996077299118 18.576057374477386 408.88052946329117 198.92004239559174 712.15920627117157 750.73630285263062 1045.8114117383957 867.22234845161438 35.483532071113586 20.087415277957916 43.986142039299011 259.04955846071243 479.28459995985031 246.37950795888901 215.6961841583252 1717.7854786515236 177.01958423852921 12.71237128973007
leaf_count=180 938 630 101 1210 72 2024 1420 2718 422 496 561 37 333 90 1451 320 740 1015 1559 2420 156 15 558 947 1113 579 1026 1510 344 1208 3123 358 113 471 107 201 427 516 2568 14 342 557 603 2106 518 9 614 305 763 1165 1497 1331 58 17 46 334 728 215 279 1449 264 5
internal_value=-1.3044e-07 -10.5474 -13.5748 4.73238 5.77427 6.76627 7.62082 1.51347 8.59872 -0.192956 4.30718 0.932277 4.92546 2.72602 6.39863 3.69925 3.2736 2.75152 3.40575 2.28192 6.51254 2.6068 4.03775 1.40469 5.65784 3.25866 7.31349 9.69043 8.92013 6.59552 8.07425 8.42638 4.47644 3.74748 11.251 9.34091 1.27118 2.39149 -2.01934 6.32818 6.18075 6.54723 -0.408975 3.22717 -0.795396 -2.95501 3.34502 0.91727 8.10287 -1.51529 5.1047 -4.36435 -5.97089 -2.61835 4.71603 9.79523 -3.3084 13.7361 8.81364 9.12111 3.57082 -6.04075
internal_weight=49619.1 15367.7 12766 34251.3 28271 22931.9 18928.4 5339.03 13889.2 5980.36 2601.75 4709.87 5039.15 4003.55 4606.3 3761.52 3613.66 3220.52 2997.47 3861.83 1772.77 3005.04 2230.68 2199.6 4118.88 3220 1669.27 9282.94 6846.07 3372.71 5096.57 4864.12 2476.19 2235.63 240.56 541.007 1732.24 1463.07 1704.83 1265.24 1414.05 1423.22 828.98 1551.17 743.81 648.433 705.817 875.83 1090.21 774.364 2193.97 1270.49 946.692 641.823 79.4697 544.793 621.736 285.744 4626.84 4411.15 668.063 223.042
internal_count=47296 4584 1344 42712 33908 26360 21137 7548 14778 8804 3240 6873 6359 5223 5691 4939 4830 4418 4080 5133 2076 4268 3088 3134 5269 4208 1920 9087 7063 4156 5553 5209 3111 2891 220 521 2502 2075 2605 1578 1696 1878 1164 2178 1097 956 956 1243 1321 1180 2948 1931 1435 925 104 563 908 229 4851 4572 894 338
is_linear=0
shrinkage=0.05


Tree=18
num_leaves=63
num_cat=0
split_feature=40 33 14 12 5 27 1 11 1 33 1 6 24 13 39 1 34 34 27 0 74 12 5 6 72 39 33 34 24 71 24 27 27 11 1 1 0 0 8 10 61 72 11 27 0 37 0 14 12 8 5 28 24 22 27 0 24 8 24 14 11 37
split_gain=8.9409e+08 2.49488e+08 7.12947e+07 6.21435e+07 4.49221e+07 2.45788e+07 1.91651e+07 1.73793e+07 1.63597e+07 1.38456e+07 1.03976e+07 1.03076e+07 9.39146e+06 9.02172e+06 8.87865e+06 8.27723e+06 7.37689e+06 6.95752e+06 6.37496e+06 5.89714e+06 5.38402e+06 5.35599e+06 5.34455e+06 6.47302e+06 5.27447e+06 5.19479e+06 5.11475e+06 4.96325e+06 4.67489e+06 4.32639e+06 4.3032e+06 4.28026e+06 4.22672e+06 4.21509e+06 4.17507e+06 4.0042e+06 3.84815e+06 3.84625e+06 3.83907e+06 3.77407e+06 3.69145e+06 3.67786e+06 3.64593e+06 3.54167e+06 3.54108e+06 4.23884e+06 4.23466e+06 3.86356e+06 3.69204e+06 3.52803e+06 3.50278e+06 3.7176e+06 3.48343e+06 3.44413e+06 3.42861e+06 3.40995e+06 3.39011e+06 3.36579e+06 5.10927e+06 3.73845e+06 3.36183e+06 4.04343e+06
threshold=0.0015326077431340589 0.016277548346070456 3.5000000000000004 1.0000000180025095e-35 0.13536417773705914 0.0060208333333333338 3.5000000000000004 0.29805897723030988 -7.4999999999999991 0.017855335295882555 8.5000000000000018 0.051503094606542892 0.0094928853698931451 1.0000000180025095e-35 0.016583333333333335 3.5000000000000004 0.14583333333333334 0.070833333333333345 0.0092129629629629645 27.500000000000004 1.0000000180025095e-35 10.500000000000002 0.025158227848101272 0.10495716034271728 1.0000000180025095e-35 0.0030277777777777781 0.02031856709912571 0.09583333333333334 0.019488422797284567 1.0000000180025095e-35 0.02554589041473548 0.0099166666666666691 0.012845238095238097 0.1862407031778229 -15.499999999999998 8.5000000000000018 118.50000000000001 27.500000000000004 13.500000000000002 5.5000000000000009 1.0000000180025095e-35 1.0000000180025095e-35 0.22708174178762416 0.0023571428571428576 79.500000000000014 0.51583333333333348 55.500000000000007 3.5000000000000004 6.5000000000000009 3.5000000000000004 0.041960093896713617 0.22583333333333336 0.017690679255859234 32.500000000000007 0.0073571428571428581 104.50000000000001 0.029064508785234346 3.5000000000000004 0.0142556710459223 1.5000000000000002 0.10799596276774702 0.95916666666666683
decision_type=2 2 2 2 2 2 2 2 2 2 2 2 2 2 2 2 2 2 2 2 2 2 2 2 2 2 2 2 2 2 2 2 2 2 2 2 2 2 2 2 2 2 2 2 2 2 2 2 2 2 2 2 2 2 2 2 2 2 2 2 2 2
left_child=3 2 37 6 5 12 8 9 25 11 16 15 33 35 34 19 21 20 29 -7 57 -6 -19 39 -21 -1 -8 54 32 -9 40 52 -13 -5 -11 56 -17 60 -27 -24 -20 -29 -23 -35 45 46 -16 -48 -47 -25 -36 -52 -12 -26 -15 -28 -3 58 -10 -60 61 -2
right_child=1 13 -4 4 10 7 26 18 17 14 31 28 -14 27 44 36 -18 22 30 24 -22 42 23 49 53 38 55 41 -30 -31 -32 -33 -34 43 50 -37 -38 -39 -40 -41 -42 -43 -44 -45 -46 48 47 -49 -50 -51 51 -53 -54 -55 -56 -57 -58 -59 59 -61 -62 -63
leaf_value=8.3386822831806846 1.4042367770953681 -0.037506167655735605 -13.910208969617683 11.046835706572816 4.1677638770759149 -3.0385146491243664 -5.0774246582998757 2.2135138111226662 1.3881411305405669 1.6893109741395993 -0.52453932493154554 2.6650699218274223 10.18045121596159 7.5459801998650562 -0.1467900389532649 1.7442291465805544 9.8485428523608434 11.423076658556958 -3.2470673742208178 10.266723174478244 15.795241770093353 3.2821486711789762 -1.1697008900687276 7.1975391340075197 1.6682993169968101 -2.9935359715381433 -0.40981947361551169 10.457750561977209 5.5214386002215949 10.28493053658814 3.8817602302927527 -3.9121155866800943 -2.449913420996344 12.442621164491428 12.744260607766147 -8.126937382068391 11.677415832678003 6.8207590148529249 12.851632442809876 11.08478182063258 20.719573033953054 4.2231432459317082 -2.0052707178462863 4.6870266837607772 10.921169322036278 15.120940757384407 10.518215291794428 3.8843043729098414 6.5900495450056269 -3.3904851321139491 11.636651035497346 5.7985238418932283 7.507858411313193 8.3056698374112923 -0.4192410328325944 14.874143941026407 8.0750405730357766 0.79724624729802729 20.431440124559057 6.6755870072570112 -2.3431367344801379 25.335834134149959
leaf_weight=115.60100269317627 62.074965298175812 681.98627626895905 11890.167515099049 390.9575429558754 1760.7874999642372 112.7338964343071 1563.9996511340141 546.58719509840012 344.16028827428818 131.64871573448181 767.76461434364319 1957.1449298858643 5060.6500517129898 217.75755316019058 443.52551579475403 909.18713188171387 365.00291037559509 438.63750958442688 907.73599058389664 1649.363693356514 72.147593080997467 526.75645089149475 77.030315816402435 112.27134078741074 357.6737334728241 1628.8353596925735 421.27249228954315 707.98439133167267 1106.346913933754 238.44995671510696 322.96323615312576 926.46121716499329 508.90036058425903 160.84864473342896 1174.074757039547 124.1031322479248 109.21473318338394 207.35106557607651 39.145893931388855 340.79510003328323 16.356050133705139 355.23506730794907 855.60167741775513 1735.2017138004303 335.02450388669968 169.33705246448517 296.73611754179001 842.95839804410934 505.23899376392365 262.9242604970932 563.17386019229889 528.64255410432816 163.76707792282104 430.91351014375687 355.93060916662216 39.95465886592865 158.75457561016083 1688.7340230345726 72.329081594944 155.75112277269363 581.74195575714111 24.662510097026825
leaf_count=111 88 958 101 351 2358 167 2348 795 499 191 1275 2872 4624 257 641 1429 354 380 1379 1589 44 715 116 124 584 2397 600 668 1387 244 431 1465 814 149 867 183 117 268 39 295 14 470 1373 2402 306 117 277 1057 594 387 464 645 213 495 518 38 186 2337 41 201 877 10
internal_value=2.60887e-08 -10.02 -12.8961 4.49576 5.61126 6.6322 0.429584 5.4149 1.99819 6.13171 1.51857 4.71971 8.97876 4.09182 8.15236 6.62016 3.1203 3.95423 1.13548 8.14164 2.34929 2.33897 6.99444 4.54487 8.65862 -1.91128 -3.71289 6.35229 2.82102 4.66515 -1.0865 -1.50571 1.60953 6.31968 10.3456 0.256821 2.80948 0.871406 -2.62167 8.82554 -2.82287 8.37469 0.00953443 5.34496 6.12433 5.41254 3.99839 5.61154 8.73154 -0.222187 10.8485 8.80991 0.887589 5.29521 2.60416 0.914182 1.49436 1.92023 5.23427 11.0379 -0.973983 8.20883
internal_weight=49619.1 15367.7 12766 34251.3 26877.7 21511.6 7373.59 14163.9 5348.36 12131.8 5366.14 7141.48 7347.66 2601.75 4990.36 3569.09 3508.15 3564.78 2032.09 2550.68 2333.12 3143.15 1231.66 793.021 2437.95 1783.58 2025.23 1636.91 3572.39 785.037 1247.06 1857.99 2466.05 2287.01 2397.54 964.844 1018.4 875.83 1667.98 417.825 924.092 1063.22 1382.36 1896.05 2592.82 2257.8 1583.22 1139.69 674.576 375.196 2265.89 1091.82 931.532 788.587 573.688 461.227 840.741 2260.97 572.24 228.08 668.479 86.7375
internal_count=47296 4584 1344 42712 32755 25002 9957 17476 6971 14613 7753 9454 7526 3240 5159 4381 4800 4424 2863 2835 3122 4446 1302 922 2668 2547 2986 1913 5073 1039 1824 2953 3686 2902 2167 1327 1546 1243 2436 411 1393 1138 2088 2551 2992 2686 1975 1334 711 511 1976 1109 1488 1079 775 638 1144 3078 741 242 975 98
is_linear=0
shrinkage=0.05


Tree=19
num_leaves=63
num_cat=0
split_feature=40 12 14 46 36 33 5 11 1 11 6 6 0 33 5 11 39 36 33 3 1 36 34 32 11 16 42 29 7 16 33 16 36 36 15 1 15 36 10 36 5 1 21 30 22 24 32 5 0 15 30 14 6 33 24 5 61 36 30 34 36 29
split_gain=8.06916e+08 2.25862e+08 7.16497e+07 6.33e+07 2.49806e+07 2.34616e+07 1.92989e+07 1.75546e+07 1.45827e+07 1.32916e+07 1.29893e+07 1.12608e+07 1.33283e+07 9.0048e+06 8.11847e+06 7.84632e+06 7.71014e+06 6.95914e+06 6.93168e+06 6.51329e+06 6.15979e+06 6.02055e+06 5.98363e+06 8.27456e+06 5.38978e+06 5.35661e+06 6.12368e+06 5.27789e+06 5.53652e+06 5.2254e+06 5.21723e+06 5.80042e+06 4.9853e+06 4.60117e+06 4.56541e+06 4.49846e+06 4.48181e+06 4.38893e+06 4.3837e+06 4.31173e+06 4.47004e+06 4.22319e+06 4.09904e+06 4.09347e+06 4.0851e+06 4.05085e+06 4.61677e+06 4.04443e+06 4.66219e+06 4.53963e+06 4.37766e+06 4.00483e+06 3.99701e+06 3.98704e+06 3.81398e+06 3.78278e+06 3.78094e+06 3.71251e+06 3.6769e+06 3.61032e+06 3.56451e+06 3.50594e+06
threshold=0.0015326077431340589 1.0000000180025095e-35 3.5000000000000004 1.0000000180025095e-35 0.0070185185185185194 0.02606581604454412 0.18441295546558709 0.19535739942528738 10.500000000000002 0.28386720053386721 0.12778327560613559 0.11180555555555556 57.500000000000007 0.017750212727889965 0.068337484433374854 0.29190074906367047 0.022018518518518521 0.0026875000000000007 0.0058500667660379034 2.5000000000000004 14.500000000000002 0.0070185185185185194 0.074166666666666672 0.02135168650793651 0.22568518069366969 1.5000000000000002 4.5000000000000009 0.0046944444444444447 2.5000000000000004 1.5000000000000002 0.043979058472078315 1.5000000000000002 0.019354166666666669 0.01052777777777778 3.5000000000000004 -13.499999999999998 1.0000000180025095e-35 0.038249999999999999 9.5000000000000018 0.0021944444444444446 0.081238214959145211 8.5000000000000018 37.500000000000007 0.011842592592592594 1.5000000000000002 0.019099583078676489 0.016853598881900769 0.027973395931142415 93.500000000000014 1.5000000000000002 0.0080277777777777795 3.5000000000000004 0.10495716034271728 0.027640827766010446 0.025772564686901474 0.19074371321562336 1.0000000180025095e-35 0.0065833333333333343 0.058250000000000003 0.36000000000000004 0.0095119047619047648 0.011361111111111112
decision_type=2 2 2 2 2 2 2 2 2 2 2 2 2 2 2 2 2 2 2 2 2 2 2 2 2 2 2 2 2 2 2 2 2 2 2 2 2 2 2 2 2 2 2 2 2 2 2 2 2 2 2 2 2 2 2 2 2 2 2 2 2 2
left_child=3 2 29 6 13 7 9 14 10 11 15 12 25 17 32 18 -7 -5 -9 30 39 -3 33 -24 -19 26 51 43 34 42 31 45 52 -20 -29 -12 -33 57 -16 -14 -41 53 -2 -11 -21 -13 -47 48 49 -37 -50 -1 -6 -23 -18 -55 -17 -8 -26 -30 -49 -27
right_child=1 21 -4 4 5 16 37 8 -10 27 35 19 20 -15 38 56 54 24 22 44 -22 41 23 -25 58 61 -28 28 59 -31 -32 36 -34 -35 -36 47 -38 -39 -40 40 -42 -43 -44 -45 -46 46 -48 60 50 -51 -52 -53 -54 55 -56 -57 -58 -59 -60 -61 -62 -63
leaf_value=5.0192100203770114 0.87834703961904881 9.3780077213082578 -13.129006320775915 11.670539452234728 11.971843826751952 10.31556544974077 1.567283305401765 16.378184510517539 -4.2218604302370384 0.44664565541517059 -5.9237641248001429 2.2800055222396129 20.653655638849781 10.909175411417582 -3.0789863584540642 0.20840296857896692 1.870525677186575 8.2964371255077491 5.2210057265374195 22.082977549708627 -1.813551060356456 1.9601704019140833 8.749757397051928 0.66547150050174431 4.9597491958459869 2.0338622587864781 15.691598408677649 15.402639610804929 -2.38526340410862 -2.9969248679072216 14.587787154780958 17.06283780366396 -2.617467342320797 0.92299623257762331 -0.77608481969161314 16.093599925279342 -1.8833393916900303 9.063491259721177 6.1510334395325232 9.728205659182553 5.5404166768612875 -4.7472504321834048 10.783307212520597 11.959597584807552 -2.8937804830008176 15.21148587100625 1.2618233109960189 2.6096403821711021 0.42763997501856699 0.11804345756827683 20.527537687207996 -1.1863701518946328 5.219369360264583 8.1106638420587327 8.7697458366972239 -9.9589129932771456 23.204562806033977 -3.3497622776594351 20.859008261513413 9.0691165138136451 -4.5815186117537099 -3.9597560337093713
leaf_weight=886.82490670681 350.25988346338272 645.5881273150444 12032.679896593094 743.16902792453766 1019.8448667526245 1972.9085536599159 462.96039140224457 134.67923450469971 748.0002019405365 172.5830020904541 329.3753964304924 385.86930698156357 64.269451081752777 2102.3050566911697 210.48218941688538 1127.887325823307 507.76100778579712 2404.5473262667656 1370.1476548910141 16.664087474346161 175.48910939693451 754.24525094032288 1465.5800739526749 403.7092199921608 3086.1435251832008 542.24393290281296 106.43186694383621 86.516128718852997 2101.0863851904869 638.43676722049713 89.281198799610138 32.721818685531616 76.452358961105347 1141.4474499821663 87.913016200065613 48.669251501560211 677.40485191345215 84.470692276954651 330.83657139539719 1220.0538406968117 1333.8533479571342 137.07960432767868 148.83697521686554 139.70695221424103 930.24890273809433 169.99433082342148 91.098524749279022 270.07400250434875 44.708637833595276 515.1466868519783 68.736972689628601 367.82813477516174 279.13743883371353 630.26418703794479 330.83566945791245 30.358924806118011 18.162133574485779 2247.4592298865318 36.797235488891602 71.121272265911102 476.10312402248383 443.57801830768585
leaf_count=1126 496 649 293 582 830 1669 721 78 1167 262 550 547 31 1702 328 1676 680 2617 1835 10 269 1119 1488 554 4047 787 94 67 3102 904 59 22 109 1679 130 30 960 108 411 1368 1782 228 166 112 1410 142 122 373 71 768 26 565 351 677 330 52 9 3419 11 75 771 680
internal_value=1.43808e-07 -9.51905 -11.9951 4.27097 5.95086 4.56966 1.52063 3.44307 2.43189 2.5299 3.10315 3.60254 4.92152 8.07729 7.74912 4.2676 8.60848 7.12787 5.20534 0.769494 7.25505 5.3203 4.86186 7.0038 6.51711 2.14378 4.17672 -0.509366 -1.32201 -0.000652696 2.88001 2.10977 9.79053 3.26768 7.2485 -0.658044 -1.01032 -2.16011 2.5621 7.86289 7.54101 3.63235 3.83213 5.59711 -2.45423 5.53448 10.3443 0.560413 3.35792 1.49707 12.6062 3.19991 10.5208 4.44421 4.59234 7.28028 0.572837 -2.50989 5.14709 -2.01023 -1.97872 -0.663011
internal_weight=49619.1 15367.7 13170.2 34251.3 21263.6 12890.7 12987.7 10079.2 8162.43 10192.8 7414.43 7533.86 5140.57 8372.96 1916.75 5661.61 2811.51 6270.66 4515.56 2393.28 2793.67 2197.54 4380.88 1869.29 5527.49 2346.91 1361.08 2658.93 2346.64 1137.53 1446.37 1357.09 1375.43 2511.6 174.429 1752.81 710.127 2794.89 541.319 2618.18 2553.91 1551.95 499.097 312.29 946.913 646.962 261.093 1423.44 677.262 563.816 113.446 1254.65 1298.98 1414.87 838.597 660.623 1146.05 2710.42 3122.94 2172.21 746.177 985.822
internal_count=47296 4584 1859 42712 24742 15783 17970 13104 11075 13722 9908 9974 6702 8959 2029 7319 2679 7257 5634 3272 3450 2725 5556 2042 6675 3252 1785 3748 3374 1566 1852 1793 1290 3514 197 2589 982 4248 739 3181 3150 2076 662 374 1420 811 264 2039 895 798 97 1691 1181 1848 1010 729 1685 4140 4058 3177 1144 1467
is_linear=0
shrinkage=0.05


Tree=20
num_leaves=63
num_cat=0
split_feature=40 1 46 33 29 1 24 24 1 1 25 6 29 29 34 43 13 25 0 5 29 11 31 5 0 42 13 5 5 72 6 34 71 4 5 11 29 25 24 5 34 24 6 34 13 1 37 72 33 11 11 22 74 7 5 11 31 5 33 6 11 34
split_gain=7.28242e+08 2.05108e+08 5.71283e+07 5.67408e+07 2.38232e+07 1.81374e+07 1.78592e+07 1.73759e+07 1.25514e+07 1.22488e+07 1.1819e+07 1.03241e+07 1.03043e+07 1.01763e+07 8.84867e+06 8.02783e+06 7.48788e+06 7.30949e+06 6.95543e+06 7.18278e+06 6.52216e+06 5.46553e+06 5.50963e+06 5.47668e+06 5.41539e+06 5.30041e+06 5.13622e+06 5.1079e+06 5.02959e+06 4.9966e+06 4.88084e+06 4.72835e+06 4.56309e+06 4.30549e+06 5.57886e+06 4.25973e+06 4.05715e+06 4.01519e+06 4.01477e+06 3.99591e+06 3.96615e+06 4.12195e+06 3.96083e+06 3.91642e+06 4.30879e+06 3.91319e+06 3.9101e+06 3.89232e+06 4.50523e+06 3.84182e+06 3.74328e+06 3.60681e+06 3.58367e+06 3.45533e+06 4.92706e+06 3.42197e+06 3.36897e+06 3.26183e+06 3.02223e+06 3.01132e+06 3.01001e+06 3.00545e+06
threshold=0.0015326077431340589 3.5000000000000004 1.0000000180025095e-35 0.015989907505347924 0.010690476190476193 10.500000000000002 0.027253594603424854 0.017690679255859234 8.5000000000000018 -13.499999999999998 0.055833333333333339 0.12429775280898878 0.011583333333333336 0.012194444444444445 0.13916666666666669 1.0000000180025095e-35 12.500000000000002 0.15250000000000002 53.500000000000007 0.1180340557275542 0.02052777777777778 0.22264957264957266 0.00065922813569872416 0.047905909351692491 70.500000000000014 2.5000000000000004 14.500000000000002 0.18016393442622955 0.16575091575091577 1.0000000180025095e-35 0.14208074534161494 0.070833333333333345 1.0000000180025095e-35 3.5000000000000004 0.1180340557275542 0.23463088939279417 0.014511904761904762 0.027500000000000004 0.023667138381115029 0.044610281923714766 0.4991666666666667 0.0066534713573681405 0.21975609756097564 0.050833333333333341 10.500000000000002 8.5000000000000018 0.95083333333333342 1.0000000180025095e-35 0.027998221755507473 0.22068372803666922 0.2440442427680091 28.500000000000004 1.0000000180025095e-35 10.500000000000002 0.055175038051750384 0.268405600722674 0.0026438312504488983 0.2215762273901809 0.022171008981187876 0.14839839839839844 0.28931515535827529 0.30750000000000005
decision_type=2 2 2 2 2 2 2 2 2 2 2 2 2 2 2 2 2 2 2 2 2 2 2 2 2 2 2 2 2 2 2 2 2 2 2 2 2 2 2 2 2 2 2 2 2 2 2 2 2 2 2 2 2 2 2 2 2 2 2 2 2 2
left_child=2 14 5 -3 7 9 11 8 15 58 12 16 32 33 25 29 18 20 -6 -20 21 22 27 43 39 30 31 -15 45 42 36 49 52 34 35 -12 37 -2 -38 -8 41 -14 60 -23 -45 -5 -24 -9 51 -17 -10 -49 57 -7 -55 -28 -13 -11 -1 -35 -4 -25
right_child=1 3 4 28 6 53 24 47 50 10 13 56 40 17 -16 26 -18 -19 19 -21 -22 23 46 61 -26 -27 55 -29 -30 -31 -32 -33 -34 59 -36 -37 38 -39 -40 -41 -42 -43 -44 44 -46 -47 -48 48 -50 -51 -52 -53 -54 54 -56 -57 -58 -59 -60 -61 -62 -63
leaf_value=-4.8281022636086464 -0.87903091508578868 -12.460312761336155 7.3066641936632326 5.6341035926366727 0.64797440786619465 -3.7933058541773863 7.3438312577571869 10.368685406800175 3.2877940059325761 1.3865814723394718 12.443583549374758 -2.8745101333773153 14.797376480897075 12.506402996009182 9.6995174709344756 8.3780612030458705 -0.96033289680042933 7.0780204021178124 7.9980499318072349 0.50413150007074925 -3.6592687679190625 -2.1354364377299997 -5.3440214484706265 -2.7027424898971546 10.486635037451986 10.914685155018605 4.9266006877972828 -3.4789633926208539 -7.4184962668427845 0.22523381355865457 -5.9967757707167335 9.2170488913663959 4.9064981726455725 6.0045517526297276 4.1540251495927247 6.6808623684131465 -6.4873932050296945 5.6292630056384843 3.4981025757760564 1.3525528885187026 14.060968565360509 -5.0310366677039271 -2.6094445733506433 13.998737164125121 -2.1781424497921331 -2.8585103961752267 16.22666763037272 -1.3140796289450565 13.461419973781501 5.0824096438752111 -2.5017660414150407 6.9777847449061499 19.762490869361933 23.276762661626901 -0.028328659085827643 -3.3551343594015837 18.537834762496839 -4.1192331419884551 3.208206908969919 0.17611361381544374 0.32831481188737827 15.942777021439497
leaf_weight=720.13741260766983 319.32840073108673 12044.854011654854 1033.2058762311935 465.6337366104126 881.54617530107498 1698.1975064277649 738.07212066650391 3082.5693358182907 615.30443376302719 2333.0334810018539 635.05032479763031 1163.61865234375 27.009688436985016 307.37743479013443 531.8294569849968 1476.1817557811737 939.12025547027588 564.22020494937897 1275.6701669692993 426.71038329601288 616.66355836391449 104.13728547096252 120.40050452947617 687.64318913221359 762.55168902873993 168.99944496154785 563.7949532866478 59.6751429438591 135.53813606500626 735.31074434518814 186.87972486019135 2513.2750427722931 989.93608570098877 487.6200265288353 771.92780685424805 647.78233015537262 215.24769258499146 918.95631992816925 189.08919054269791 446.75997513532639 29.904928982257843 885.24111926555634 140.31669467687607 155.32172340154648 56.005293846130371 191.39350199699402 25.449380338191986 150.83845365047455 237.12702476978302 2205.4274756908417 511.10012835264206 1004.6154634952545 25.024857401847839 27.041844129562378 140.57456558942795 160.1649067401886 18.664622366428375 304.06299245357513 139.6842924952507 406.23617118597031 181.701864361763 22.313549399375916
leaf_count=1051 489 323 1176 545 1245 2572 783 2483 918 3474 560 1722 22 305 478 1516 1438 672 1362 568 888 157 188 1079 708 199 726 101 206 1113 283 2321 1304 628 1079 755 324 1192 257 626 22 1339 236 119 86 288 18 236 167 2883 856 1104 14 23 215 275 7 505 167 611 273 16
internal_value=9.0695e-09 -9.04309 4.05742 -11.6076 5.65331 1.4446 3.17309 6.78262 5.6369 2.20991 2.69021 1.50649 0.80549 4.21792 3.96778 6.25904 2.86324 2.01173 4.25291 6.11966 0.685264 2.42685 6.64086 0.319049 7.19999 2.44248 7.07945 9.90751 1.35111 3.54379 1.65987 7.54516 2.00821 6.25247 7.51263 9.53363 2.53096 3.95091 -1.81765 5.08472 -3.8566 -4.44396 5.34435 5.80079 9.71159 3.16019 -1.58015 9.37757 7.18367 6.40384 0.660812 5.89533 0.930457 -3.11731 3.73152 3.0944 -2.53647 0.751749 -3.52255 3.35567 6.26298 -2.11672
internal_weight=49619.1 15367.7 34251.3 12837.4 21263.6 12987.7 6652.71 14610.9 10135.8 11121.9 10262 4705.33 4594.21 5667.82 2530.33 9009.38 3523.05 2719.21 2583.93 1702.38 2154.99 1538.32 512.902 1025.42 1947.38 1998.5 6918.84 367.053 792.565 2090.54 1829.5 6194.88 3652.06 2948.62 2054.76 1282.83 1642.62 1238.28 404.337 1184.83 942.156 912.251 1355.22 315.464 211.327 657.027 145.85 4475.15 1392.58 3681.61 1126.4 1155.45 2662.12 1865.81 167.616 723.96 1182.28 2637.1 859.822 893.856 1214.91 709.957
internal_count=47296 4584 42712 1362 24742 17970 8459 16283 12293 15160 13942 6342 6680 7262 3222 10519 4613 3629 3175 1930 2957 2069 612 1457 2117 2744 7721 406 1039 2798 2545 6720 5297 3633 2394 1315 2262 1681 581 1409 1383 1361 1685 362 205 833 206 3990 1507 4399 1774 1340 3993 2810 238 1001 1729 3979 1218 1239 1449 1095
is_linear=0
shrinkage=0.05


Tree=21
num_leaves=63
num_cat=0
split_feature=12 1 22 1 72 36 1 12 46 8 28 11 16 7 16 36 29 10 8 6 29 34 1 34 36 36 74 49 21 6 33 8 34 34 25 36 33 39 15 25 29 74 36 28 7 8 7 22 36 15 22 4 36 32 36 33 1 24 34 22 39 34
split_gain=6.60276e+08 2.56633e+08 4.95385e+07 3.76837e+07 2.44757e+07 1.50034e+07 1.35856e+07 1.25748e+07 1.16483e+07 1.14351e+07 9.08267e+06 8.42459e+06 8.03048e+06 6.80695e+06 6.66901e+06 6.51806e+06 6.44972e+06 6.03367e+06 6.11307e+06 5.94403e+06 5.73102e+06 6.68102e+06 5.69135e+06 5.53518e+06 5.47554e+06 6.70879e+06 5.33559e+06 5.261e+06 4.62102e+06 4.44256e+06 4.40374e+06 4.33836e+06 4.46121e+06 4.26508e+06 4.12813e+06 4.36034e+06 5.96068e+06 5.56791e+06 4.10005e+06 5.45182e+06 3.87821e+06 3.76318e+06 3.7241e+06 3.65435e+06 3.57301e+06 3.54784e+06 6.20009e+06 5.37668e+06 5.27724e+06 3.32204e+06 3.32167e+06 3.53254e+06 3.28371e+06 3.24015e+06 3.39983e+06 3.26195e+06 3.20614e+06 3.15546e+06 3.14156e+06 3.12799e+06 3.12271e+06 3.11268e+06
threshold=1.0000000180025095e-35 3.5000000000000004 28.500000000000004 8.5000000000000018 1.0000000180025095e-35 0.0050833333333333347 -5.4999999999999991 10.500000000000002 1.0000000180025095e-35 6.5000000000000009 0.20583333333333334 0.28856066613798576 1.5000000000000002 3.5000000000000004 4.5000000000000009 0.0082500000000000021 0.013509259259259261 1.5000000000000002 3.5000000000000004 0.10923295454545455 0.011020833333333336 0.12083333333333335 -8.4999999999999982 0.36000000000000004 0.038249999999999999 0.010690476190476193 1.0000000180025095e-35 1.0000000180025095e-35 41.500000000000007 0.088998899889989005 0.017955735510339087 8.5000000000000018 0.10250000000000002 0.14750000000000005 0.13583333333333336 0.011361111111111112 0.014590863635108668 0.01902380952380953 2.5000000000000004 0.089166666666666686 0.0058796296296296305 1.0000000180025095e-35 0.018416666666666668 0.80916666666666681 2.5000000000000004 5.5000000000000009 6.5000000000000009 34.500000000000007 0.0086388888888888904 3.5000000000000004 29.500000000000004 3.5000000000000004 0.0020185185185185189 0.010161945974298455 0.0017500000000000005 0.0060785155814359719 11.500000000000002 0.029064508785234346 0.29583333333333339 2.5000000000000004 0.0018888888888888894 0.082500000000000004
decision_type=2 2 2 2 2 2 2 2 2 2 2 2 2 2 2 2 2 2 2 2 2 2 2 2 2 2 2 2 2 2 2 2 2 2 2 2 2 2 2 2 2 2 2 2 2 2 2 2 2 2 2 2 2 2 2 2 2 2 2 2 2 2
left_child=1 6 9 4 5 28 24 12 20 52 16 19 13 -6 17 -12 30 18 -8 38 29 27 -15 40 25 31 34 -22 61 43 -5 32 59 45 35 53 -37 -38 -10 41 -9 -40 44 -7 49 46 47 -24 -47 -29 -21 -52 -3 54 -19 -55 60 -18 -17 -1 -4 -2
right_child=3 2 56 10 7 8 14 23 11 -11 15 -13 -14 22 -16 58 57 26 -20 50 21 -23 33 -25 -26 -27 -28 42 -30 -31 -32 -33 -34 -35 -36 36 37 -39 39 -41 -42 -43 -44 -45 -46 48 -48 -49 -50 -51 51 -53 -54 55 -56 -57 -58 -59 -60 -61 -62 -63
leaf_value=18.981383142129797 7.8418734784237758 23.308163897911509 18.752415750649245 4.2813823959735915 11.450890698849637 7.8273568523664441 5.1227256331115338 3.833428245950552 10.547979966256753 -11.990711667170457 2.0703561913946289 2.8849019959558788 1.7675527988410125 0.55045877538716881 -5.8318250730341425 -3.0343878335013725 -3.6868235201030459 20.80255700782752 -5.0352497397829561 0.4617189714602562 8.6578765515391538 7.786955304258945 2.8524326293822053 12.658271857351773 9.4670855896234531 -4.6673891180622453 15.18883075796446 16.459598125840454 13.768113594837502 1.4859500970460906 13.663516989196181 6.9882444363627627 10.273692719659689 10.770471539295187 9.4866222624843566 -4.5873579483656526 8.2796999806846738 -0.13088369329162361 5.5593336568412868 9.6113087556929528 -0.32872324875265607 13.784118945998443 -9.0225553737083395 1.2781415185702958 -1.8706425505189779 6.0903700692207448 13.362922006273308 9.7857815664289145 0.52003890814913534 -1.3519005227280745 -4.3034099641679076 6.7733043731137492 -4.2158564963094971 24.44397196136693 1.9705250829206511 6.790982328721161 -6.0374951168374995 5.6218115676535199 7.6128216202866561 -2.2825164469946371 -1.7753699839940904 11.391192470933051
leaf_weight=17.660749673843384 2183.3552237153053 11.141909122467039 18.807065844535828 275.59198957681656 494.01403868198395 1196.4991251826286 256.40614104270935 732.20091545581818 1474.6449326872826 12010.561471521854 1161.8978400230408 1115.3276709914207 1567.7026316523552 559.41887921094894 188.25566869974136 1907.0328960418701 234.04944199323654 24.915625631809235 350.67253643274307 348.179079413414 132.27932643890381 291.58137112855911 735.73805391788483 99.056417405605316 110.12759560346603 1141.1377117037773 116.79758936166763 55.093957602977753 565.39791196584702 579.77912551164627 228.99721854925156 223.69356906414032 83.411663949489594 410.02965331077576 339.5179950594902 314.13210779428482 349.23347002267838 450.7721803188324 2437.2844334840775 1802.2696825861931 2375.2572226524353 147.48974061012268 157.0029639005661 259.12397652864456 728.44516450166702 1052.9758183956146 316.57756090164185 451.03927874565125 713.17017430067062 49.878985166549683 77.131723880767822 1077.44204890728 395.0633442401886 26.992626667022705 629.06954288482666 857.25840103626251 552.44544696807861 148.99532890319824 71.892775416374207 834.96039670705795 1240.7684072256088 861.42271649837494
leaf_count=11 2254 3 9 376 396 1394 329 1011 1301 269 1842 1491 2311 827 274 3051 339 6 506 478 165 306 1023 80 112 1649 66 47 347 840 182 258 75 347 331 463 372 612 2849 1519 3623 91 239 374 1073 1294 271 451 1056 80 121 1145 569 12 927 994 810 207 105 1304 1855 574
internal_value=3.69249e-08 -6.86167 -10.5846 4.84827 5.57018 6.79273 1.52679 3.5719 5.93806 -11.7117 0.359869 6.93458 4.86913 5.89647 3.34928 -0.902256 4.8258 3.81443 -0.744921 7.5479 3.48846 1.04361 5.24914 1.02289 -1.42429 -1.94559 4.7048 -0.707738 9.6169 5.18725 8.53927 0.732574 -0.762409 5.96351 4.29552 3.63103 1.24896 3.54066 8.26714 7.50046 0.651992 6.02865 -1.9586 6.66149 -0.627857 5.36067 7.1459 5.48748 3.84107 7.99628 4.74241 6.03332 -3.46089 5.35636 2.68799 7.32986 -2.86174 -0.0659853 -2.64758 -1.84207 -1.46886 8.84604
internal_weight=49619.1 20543.8 14228.8 29075.3 25046.8 15539.6 6315.02 9507.18 11929.5 12416.8 4028.46 8479.77 6300.67 4732.96 3904.02 3140.82 887.634 3715.77 607.079 7364.44 3449.68 1414.28 4238.95 3206.51 2410.99 2300.86 3108.69 1122.7 3610.18 2035.4 504.589 1159.73 936.033 3679.53 2991.89 2652.37 1114.14 800.006 5861.69 4387.04 3107.46 2584.77 990.421 1455.62 833.418 3269.5 1503.35 1186.78 1766.15 104.973 1502.75 1154.57 406.205 1538.24 653.985 884.251 1812.02 383.045 1978.93 852.621 1259.58 3044.78
internal_count=47296 11816 3515 35480 29378 16688 8301 12690 13513 841 6102 8995 7976 5665 4892 4998 1104 4618 835 7504 4518 1910 5269 4714 3409 3297 3783 1604 3175 2608 558 1648 1390 4442 3717 3386 1447 984 5760 4459 4634 2940 1439 1768 1200 4095 1745 1474 2350 127 1744 1266 572 1939 933 1006 2674 546 3156 1315 1864 2828
is_linear=0
shrinkage=0.05


Tree=22
num_leaves=63
num_cat=0
split_feature=12 1 22 1 72 36 1 12 11 8 46 8 10 1 36 34 8 25 29 33 34 21 36 36 12 74 29 25 34 0 33 29 21 24 8 34 36 33 24 22 40 12 29 36 9 30 25 6 2 1 1 24 32 9 40 36 1 74 22 39 29 34
split_gain=5.95899e+08 2.31611e+08 4.47085e+07 3.42602e+07 2.40917e+07 1.48819e+07 1.2261e+07 1.22331e+07 1.16271e+07 1.03202e+07 8.80877e+06 6.10489e+06 5.99842e+06 5.39178e+06 5.37698e+06 6.21753e+06 5.31299e+06 5.08782e+06 6.00458e+06 5.42611e+06 4.97718e+06 4.97548e+06 4.94167e+06 6.05468e+06 4.90882e+06 4.90837e+06 4.68069e+06 5.61993e+06 4.64179e+06 4.55756e+06 4.61203e+06 4.06936e+06 4.93009e+06 4.48828e+06 3.91537e+06 4.02625e+06 3.84198e+06 4.87138e+06 4.75926e+06 3.81628e+06 3.61225e+06 3.59307e+06 3.58498e+06 3.95791e+06 3.50391e+06 3.10533e+06 3.10415e+06 3.10341e+06 3.06793e+06 3.05863e+06 3.64627e+06 3.30128e+06 3.21405e+06 2.97128e+06 2.94513e+06 2.89969e+06 2.89354e+06 2.83454e+06 2.82301e+06 2.81825e+06 3.0103e+06 2.81122e+06
threshold=1.0000000180025095e-35 3.5000000000000004 28.500000000000004 10.500000000000002 1.0000000180025095e-35 0.0050833333333333347 -5.4999999999999991 10.500000000000002 0.28271848924022841 6.5000000000000009 1.0000000180025095e-35 3.5000000000000004 1.5000000000000002 -8.4999999999999982 0.010175925925925927 0.49666666666666676 3.5000000000000004 0.09583333333333334 0.012845238095238097 0.022865329757132357 0.36000000000000004 41.500000000000007 0.038249999999999999 0.010690476190476193 8.5000000000000018 1.0000000180025095e-35 0.019694444444444448 0.067500000000000018 0.12083333333333335 88.500000000000014 0.017750212727889965 0.010175925925925927 39.500000000000007 0.041861556380042485 8.5000000000000018 0.10250000000000002 0.0067500000000000008 0.0076818730507240054 0.033601929392087483 32.500000000000007 -0.0065284233310549155 10.500000000000002 0.0075462962962962966 0.0021944444444444446 1.0000000180025095e-35 0.045250000000000005 0.069166666666666682 0.1082709215239336 1.0000000180025095e-35 -12.499999999999998 -1.0000000180025095e-35 0.0039882470047322401 0.020839371980676331 6.5000000000000009 -8.1658057610870579e-05 0.008861111111111113 11.500000000000002 1.0000000180025095e-35 2.5000000000000004 0.0018888888888888894 0.008861111111111113 0.082500000000000004
decision_type=2 2 2 2 2 2 2 2 2 2 2 2 2 2 2 2 2 2 2 2 2 2 2 2 2 2 2 2 2 2 2 2 2 2 2 2 2 2 2 2 2 2 2 2 2 2 2 2 2 2 2 2 2 2 2 2 2 2 2 2 2 2
left_child=1 6 9 4 5 21 22 11 10 45 31 39 16 -13 46 -16 48 18 41 -20 29 61 23 34 49 36 27 42 -26 55 54 47 33 -33 35 58 37 -14 40 -6 -38 -12 44 -44 -15 -3 -5 -7 -8 -10 52 -52 -51 -28 -31 -9 59 -43 -1 -4 -61 -2
right_child=3 2 56 14 7 8 12 20 24 -11 17 13 25 26 15 -17 -18 -19 19 -21 -22 -23 -24 -25 28 -27 53 -29 -30 30 -32 32 -34 -35 -36 -37 38 -39 -40 -41 -42 57 43 -45 -46 -47 -48 -49 -50 50 51 -53 -54 -55 -56 -57 -58 -59 -60 60 -62 -63
leaf_value=18.032313885174577 7.3790350711739441 -4.1986246921118378 17.814795166710603 -0.67919753949730954 4.2956590496024427 6.6998323485164155 9.9177340244105565 1.3326384953584562 -7.0602031044877664 -11.391176502370536 8.1291966345895439 -0.38496170411268299 1.5046659467628765 21.456455680907656 -3.8084714825284638 11.013990329978355 -5.0341950164930456 8.9598987864625421 -1.4729892782172966 7.7767512159704513 11.7299076399814 13.295604236015283 8.9937314737113123 -4.4340196298016279 -0.73953448078813211 14.065595733733847 -5.1147484748308285 6.9248232675866834 6.4008333931075629 -2.8263905842010795 8.9768748711598487 -0.72037278966216312 8.3188181654287074 10.472554414615002 6.6388322475597734 9.7600077256504427 16.150690117683936 9.9205971770341836 9.5873845520237015 9.4652273889822993 1.6907708276348263 4.6068083480684532 21.306132219513579 0.47830443987728422 4.5270340110157932 17.696242769066249 4.1667036658338654 1.0964640378011443 -0.63145205910793134 10.934064648125942 21.91070802436526 0.74272530080568078 -1.4435359907381407 3.7181763990352219 4.2574950682892583 -2.1202020396552186 -5.7356203693490215 12.523687025417685 -2.168390606544127 1.459988681916492 -3.6142123753249771 10.689400266745297
leaf_weight=17.660749673843384 2278.5194640159607 389.30804520845413 18.807065844535828 741.39226585626602 608.87786704301834 1246.4629396796227 124.11294919252396 1078.8652175068855 45.837283313274384 12010.561471521854 2472.7382409572601 705.59050613641739 271.57701176404953 31.33510810136795 1279.2067463994026 74.890419602394104 378.32724499702454 2527.2442801594734 439.36077809333801 248.07280272245407 101.31718224287033 594.4207199215889 110.12759560346603 1141.1377117037773 1213.0871134400368 118.19836640357971 202.8894972205162 1778.8582473397255 280.17452472448349 262.80075395107269 273.11718112230301 955.81415045261383 236.29963171482086 98.824124038219452 223.69356906414032 83.411663949489594 44.090073883533478 468.68171817064285 227.60124087333679 863.01114320755005 2116.4521042108536 1614.0827804207802 23.347539007663727 989.95958977937698 1241.8341362476349 16.897208154201508 596.24303489923477 308.2044517993927 154.9831754565239 373.87131452560425 19.672706484794617 288.99737191200256 61.004586756229401 179.38823914527893 332.18728816509247 1393.3299441933632 552.44544696807861 121.57780110836029 834.96039670705795 471.34882736206055 769.41957986354828 892.55832242965698
leaf_count=11 2389 564 9 1239 872 1497 129 1650 71 269 2466 1052 413 20 1964 84 540 2203 677 237 85 366 112 1649 1808 68 327 2034 292 445 287 1396 265 106 258 75 27 464 225 829 2798 1981 4 1468 1654 8 817 473 228 326 9 422 94 241 462 2168 810 91 1304 735 1120 609
internal_value=-7.14382e-08 -6.51859 -10.0554 4.60586 5.15408 6.34084 1.45045 3.23049 5.51376 -11.1261 6.23126 4.48675 3.18181 3.67559 -0.767596 -2.98869 -1.17355 7.13796 6.19747 1.86495 0.812201 9.0977 -1.35308 -1.84831 2.28602 4.06375 4.31977 4.81717 0.600183 0.481048 3.59777 3.86602 1.79105 0.328452 0.695946 -0.724288 3.68586 6.83306 2.71032 7.32673 1.98585 6.90518 3.17743 0.958197 4.9437 -3.28785 1.48083 5.58899 4.05973 5.47508 6.24784 2.09184 9.19773 -0.969797 1.12861 -0.613383 -2.71865 5.16136 -1.74996 -1.39542 -1.6866 8.3108
internal_weight=49619.1 20543.8 14228.8 29075.3 26383.5 16316.8 6315.02 10066.7 12551.3 12416.8 10268.7 6625.09 3904.02 5153.2 2691.73 1354.1 657.423 7423.08 4895.83 687.434 3441.62 3765.5 2410.99 2300.86 2282.64 3246.6 4447.61 4065.33 1493.26 3340.3 868.105 2845.61 1290.94 1054.64 1159.73 936.033 3128.4 740.259 2388.14 1471.89 2160.54 4208.4 2286.48 1013.31 1273.17 406.205 1337.64 1554.67 279.096 789.383 743.546 308.67 434.876 382.278 594.988 2472.2 1812.02 1735.66 852.621 1259.58 1240.77 3171.08
internal_count=47296 11816 3515 35480 31376 17778 8301 13598 14414 841 11392 8501 4892 6800 4104 2048 897 7655 5452 914 5097 3364 3409 3297 3022 3995 5748 5180 2100 5012 1194 3737 1767 1502 1648 1390 3927 877 3050 1701 2825 4538 3146 1472 1674 572 2056 1970 357 922 851 431 420 568 907 3818 2674 2072 1315 1864 1855 2998
is_linear=0
shrinkage=0.05


Tree=23
num_leaves=63
num_cat=0
split_feature=12 1 22 5 27 16 25 1 8 27 24 27 24 16 5 25 27 34 36 5 37 34 36 0 24 24 1 34 36 39 0 27 6 42 25 12 8 6 0 42 0 39 1 36 24 23 34 36 24 27 35 1 36 36 36 39 32 22 37 12 21 0
split_gain=5.37799e+08 2.09029e+08 4.03494e+07 3.54322e+07 1.92321e+07 1.47919e+07 1.16629e+07 1.11747e+07 9.31396e+06 8.23466e+06 7.40483e+06 1.0993e+07 6.92127e+06 6.27916e+06 5.67863e+06 5.51831e+06 5.40302e+06 5.20231e+06 5.349e+06 5.15961e+06 5.12762e+06 4.89492e+06 5.84763e+06 4.823e+06 6.01646e+06 5.23869e+06 4.76506e+06 4.73185e+06 4.64803e+06 4.52244e+06 4.2419e+06 4.24007e+06 4.14417e+06 4.0182e+06 3.87841e+06 3.71056e+06 5.4886e+06 4.16354e+06 3.55405e+06 3.52832e+06 3.44559e+06 3.44875e+06 3.37897e+06 3.37217e+06 3.76578e+06 3.45473e+06 3.36635e+06 3.25888e+06 3.01509e+06 3.01344e+06 2.99796e+06 2.97906e+06 3.06049e+06 3.00506e+06 2.97417e+06 2.92429e+06 4.80298e+06 2.91195e+06 2.87882e+06 2.80705e+06 2.80417e+06 4.7758e+06
threshold=1.0000000180025095e-35 3.5000000000000004 28.500000000000004 0.12922201138519926 0.0060208333333333338 1.5000000000000002 0.080833333333333354 -8.4999999999999982 6.5000000000000009 0.012687500000000003 0.01416816369745995 0.014023809523809527 0.0094928853698931451 4.5000000000000009 0.056710977701543742 0.055833333333333339 0.0076875000000000008 0.35083333333333339 0.01117857142857143 0.031498015873015879 0.95916666666666683 0.14583333333333334 0.014916666666666668 70.500000000000014 0.014321712182629469 0.028656248106635151 -13.499999999999998 0.12083333333333335 0.0084166666666666678 0.0030277777777777781 65.500000000000014 0.0034166666666666672 0.02062074829931973 1.5000000000000002 0.080833333333333354 8.5000000000000018 4.5000000000000009 0.037268518518518527 50.500000000000007 1.0000000180025095e-35 54.500000000000007 0.040750000000000001 -6.4999999999999991 0.022370370370370374 0.037354009894315136 0.020062915479582149 0.072500000000000023 0.013509259259259261 0.0131723300831746 0.0099166666666666691 7.5000000000000009 3.5000000000000004 0.040750000000000001 0.021208333333333339 0.0020185185185185189 0.03308333333333334 0.029453405017921149 32.500000000000007 0.42916666666666675 14.500000000000002 41.500000000000007 37.500000000000007
decision_type=2 2 2 2 2 2 2 2 2 2 2 2 2 2 2 2 2 2 2 2 2 2 2 2 2 2 2 2 2 2 2 2 2 2 2 2 2 2 2 2 2 2 2 2 2 2 2 2 2 2 2 2 2 2 2 2 2 2 2 2 2 2
left_child=1 7 8 4 12 6 9 29 54 35 16 23 31 15 26 17 -5 18 46 60 -20 22 33 24 -12 -25 -7 28 -11 -1 51 -2 -32 38 -13 36 42 57 -8 49 -16 -42 -6 44 45 -21 -9 -38 -44 -31 -36 52 53 -28 -3 56 -24 -37 -49 -14 61 -17
right_child=3 2 -4 10 5 14 21 13 -10 27 11 34 59 -15 40 19 -18 -19 20 43 -22 -23 55 25 -26 -27 30 -29 -30 39 32 -33 -34 -35 50 37 47 -39 -40 -41 41 -43 48 -45 -46 -47 -48 58 -50 -51 -52 -53 -54 -55 -56 -57 -58 -59 -60 -61 -62 -63
leaf_value=7.5790947657129273 8.350900750611407 22.352686292300653 -2.5827198357970422 1.2121768239331574 -0.28422880712277071 -4.0721593919797137 3.0164549639574805 1.9837357143678329 -10.821618018196006 3.5183387159645694 18.206076409455768 -5.7465129846886365 8.6924881260410043 -5.1590251625890744 -3.3953254267042734 0.56606798724724572 -3.1568224645414911 14.261295327241152 -3.0023958864890652 4.7389594937438169 16.693264521565901 10.044679675275024 1.7869416363624215 5.5271377666849375 1.1299039393625649 14.818924806887091 3.6609132852528377 6.6645860059969344 -4.051800571036452 -0.83932987805797499 14.236922020429148 3.7547633967042486 5.1278600929978762 11.674522213490219 0.10091342041695989 3.0264599166972221 5.6269404215077028 1.5541525911795391 7.3604296304273591 5.6484231354175956 0.71070928493096075 15.181530132352385 7.8241631379830316 -3.757453178396545 11.279207554931757 -1.7569403245363582 10.025306026339589 3.898652201819333 15.047904305073667 -5.5238138170605851 18.414509874923819 -2.1602558651684221 13.294249770408554 -4.5648686370507869 -3.8419555047428897 -5.5454253472239659 14.302641001678271 8.3608702744817158 -6.5219928987741413 4.7478719536684402 14.784536946520021 9.1827973871712274
leaf_weight=110.64266622066498 709.06327885389328 11.141909122467039 1812.0209200382233 1487.1089530587196 70.975080668926239 201.74154895544052 596.25910151004791 1207.1352510452271 12010.561471521854 298.23921817541122 54.802565395832062 333.60920947790146 4807.0844000577927 245.74220234155655 606.11687564849854 227.75649744272232 1350.0738329291344 75.298003673553467 817.76440209150314 639.75078368186951 34.437266111373901 1046.0395662784576 564.73498356342316 983.75075733661652 877.79533416032791 179.34752053022385 1020.2029076814651 210.95007860660553 633.4269962310791 589.34363168478012 149.02579152584076 1716.6492058634758 770.06149417161942 422.33687990903854 871.43045228719711 501.39686971902847 1166.1019206047058 1402.2183538079262 2238.8162370324135 112.0863191485405 1177.8275800943375 42.664736032485962 302.40093886852264 169.65434908866882 146.47958225011826 300.97229474782944 145.86795198917389 159.00508612394333 276.55097669363022 822.32650470733643 22.935126781463623 300.20540910959244 73.451571583747864 124.58875072002411 395.0633442401886 103.88334333896637 88.693923950195312 522.35180759429932 113.64932531118393 497.69930559396744 122.72047489881516 547.03739053010941
leaf_count=105 747 3 2674 2278 102 351 773 1700 269 415 30 540 4254 363 955 313 2078 53 1178 784 21 788 716 1199 1281 126 1360 211 960 878 105 2319 1008 344 1289 681 1437 1974 2336 165 1771 31 346 223 129 433 148 198 207 1189 7 475 57 179 569 148 65 560 184 595 90 529
internal_value=-1.49588e-07 -6.19266 -9.55264 4.37557 5.28062 4.24705 5.25441 1.37793 -10.5698 3.69443 1.00936 2.61091 7.31072 2.6208 1.82939 3.05189 -0.866812 1.33763 0.896346 4.86652 -2.2065 6.99827 6.20452 4.81207 2.13336 6.95991 3.31266 -0.0974241 -1.62849 -2.18144 3.92386 5.09827 6.60485 7.12462 -1.14564 4.65411 6.19895 3.32405 6.44683 -2.89017 -0.313781 1.21657 10.0125 2.79878 3.82186 2.66068 2.8507 4.47628 11.2748 -3.56814 0.570548 2.3011 3.40049 2.76569 -3.12346 2.24693 3.48577 5.74826 -0.444939 8.3224 7.76213 6.64984
internal_weight=49619.1 20543.8 14228.8 29075.3 22914.4 15183.9 10718 6315.02 12416.8 5657.27 6160.85 3323.67 7730.5 4680.62 4465.89 4434.87 2837.18 2280.5 2205.2 2154.37 852.202 5060.76 4014.72 2095.7 932.598 1163.1 2639.28 1142.62 931.666 1634.4 2437.54 2425.71 919.087 3257.41 1227.97 4514.65 2088.68 2425.97 2835.08 1523.76 1826.61 1220.49 649.927 1256.86 1087.2 940.723 1353 1438.76 578.952 1411.67 894.366 1518.45 1218.24 1144.79 406.205 757.312 653.429 1023.75 272.654 5304.78 897.514 774.794
internal_count=47296 11816 3515 35480 26652 18737 12445 8301 841 7275 8828 4472 7915 5964 6292 5601 4356 3100 3047 2501 1199 5170 4382 2636 1311 1325 3535 1586 1375 2337 3184 3066 1113 3453 1836 5689 2474 3215 3109 2232 2757 1802 655 1569 1346 1217 1848 1819 553 2067 1296 2071 1596 1539 572 929 781 1241 382 4849 932 842
is_linear=0
shrinkage=0.05


Tree=24
num_leaves=63
num_cat=0
split_feature=12 1 40 1 16 1 27 1 38 25 34 10 34 27 34 38 34 38 34 34 42 38 40 2 14 27 34 27 25 1 64 34 39 27 25 17 70 2 24 27 10 7 6 37 38 38 27 12 38 34 12 38 11 6 0 37 1 64 27 25 32 6
split_gain=4.85364e+08 1.88649e+08 3.48582e+07 2.97159e+07 1.82007e+07 1.39255e+07 1.09066e+07 1.03107e+07 9.52859e+06 9.47556e+06 6.99788e+06 6.39148e+06 5.73683e+06 5.94115e+06 5.66598e+06 5.78613e+06 5.32766e+06 5.44751e+06 4.82366e+06 4.53761e+06 4.4918e+06 4.44455e+06 4.34599e+06 4.31433e+06 6.37581e+06 6.3561e+06 5.11093e+06 4.2513e+06 4.17141e+06 4.14637e+06 4.09675e+06 4.08877e+06 3.99434e+06 3.84302e+06 4.84946e+06 3.71875e+06 3.70827e+06 4.0377e+06 3.60255e+06 3.48922e+06 3.446e+06 3.39988e+06 3.38858e+06 3.36942e+06 3.35281e+06 3.30879e+06 3.29883e+06 3.35834e+06 3.19254e+06 4.34194e+06 4.12012e+06 3.33845e+06 3.17322e+06 3.12267e+06 3.09507e+06 3.41258e+06 3.17997e+06 2.93542e+06 2.90817e+06 4.51008e+06 2.90228e+06 2.75176e+06
threshold=1.0000000180025095e-35 3.5000000000000004 0.0015326077431340589 5.5000000000000009 2.5000000000000004 -8.4999999999999982 0.0051759259259259267 -4.4999999999999991 0.010083333333333335 0.059166666666666673 0.29583333333333339 1.5000000000000002 0.12583333333333338 0.008861111111111113 0.18083333333333337 0.014511904761904762 0.4991666666666667 0.01052777777777778 0.062500000000000014 0.077500000000000013 1.5000000000000002 0.0049166666666666673 6.8704887966768811e-05 -1.0000000180025095e-35 1.5000000000000002 0.0086851851851851864 0.064166666666666691 0.01052777777777778 0.10583333333333335 10.500000000000002 1.0000000180025095e-35 0.074166666666666672 0.0010833333333333335 0.0095119047619047648 0.069166666666666682 2.5000000000000004 1.0000000180025095e-35 -1.0000000180025095e-35 0.015995889006530206 0.0025595238095238097 11.500000000000002 9.5000000000000018 0.09491634491634493 0.94750000000000012 0.0026875000000000007 0.0042129629629629635 0.01201851851851852 7.5000000000000009 0.022194444444444451 0.079166666666666677 8.5000000000000018 0.018250000000000006 0.27228596646072378 0.036811201445347795 17.500000000000004 0.8025000000000001 -1.4999999999999998 1.0000000180025095e-35 0.011750000000000002 0.049166666666666671 0.01435429010313803 0.13527590090090094
decision_type=2 2 2 2 2 2 2 2 2 2 2 2 2 2 2 2 2 2 2 2 2 2 2 2 2 2 2 2 2 2 2 2 2 2 2 2 2 2 2 2 2 2 2 2 2 2 2 2 2 2 2 2 2 2 2 2 2 2 2 2 2 2
left_child=1 7 31 4 5 12 38 16 18 27 29 43 13 41 15 20 17 57 44 46 21 -11 36 24 54 -26 30 35 40 32 60 -3 -10 34 -6 -8 37 61 39 -7 -27 52 -28 -9 -5 -33 47 -17 49 -34 51 -51 -2 -23 -13 -56 -57 58 59 -1 -25 -21
right_child=3 2 -4 8 33 6 9 11 10 14 -12 23 -14 -15 -16 19 -18 -19 -20 22 -22 53 -24 26 25 28 42 -29 -30 -31 -32 45 48 -35 -36 -37 -38 -39 -40 -41 -42 -43 -44 -45 -46 -47 -48 -49 -50 50 -52 -53 -54 -55 55 56 -58 -59 -60 -61 -62 -63
leaf_value=-1.453576035102939 3.6519502688462548 -4.6182231372217926 -10.083168564732109 9.7882853859438672 1.0224160514905551 11.253705512106199 6.7687866433833408 -3.6036591707987924 20.881951601903726 8.7620566036896932 8.3929325680116502 -3.2435517617098881 6.906266615887465 -1.2915516332289663 10.105412897594874 11.557220939173051 9.8443134126376286 -3.7956851822341906 5.0832701185215612 10.949715552257366 10.581319669067902 6.8228722409240765 1.6499289981448102 0.10217205777009356 7.9691905139544819 -3.5340508117753808 8.0273320800051433 0.43164077487271107 6.8590661202638374 -3.6022226627161382 16.710722348254105 17.026322578184828 -1.9081020280363425 -0.5634785282510667 7.4101741539519894 3.0380314082954829 14.879072719322664 -1.420717055764213 9.9556809858886854 6.3979536032333328 9.1169475480108311 7.5591973737050102 0.3889545336005244 4.8184244771919325 0.71872769186008512 -0.58816687356569064 -4.6518747395527518 -2.0926024710403239 -6.1049137753316707 4.5525398059769442 0.34272089109771953 16.459192583426649 -2.92345963918177 3.9765932238897737 4.9531846179154329 6.812511922730824 18.454466579043778 17.023803860641372 -3.1178071955219449 5.7504800516157388 -7.4626859031328783 -7.1215038674021685
leaf_weight=444.91218191385269 753.38768303394318 1333.4336284995079 12203.560842633247 108.30703473091125 891.32998251914978 431.42007809877396 982.65455037355423 477.24138653278351 23.082028269767761 1176.195510327816 189.61980956792831 35.507644653320312 585.06748497486115 1124.6780309081078 867.94654017686844 82.143661439418793 107.91832476854324 1287.8061283230782 1494.6860910058022 226.96466928720474 618.63941043615341 1749.3097358345985 527.63710230588913 538.74419772624969 524.9887980222702 414.15274596214294 399.77646845579147 967.50156152248383 190.87665742635727 1301.4407042860985 31.648497521877289 27.775765180587769 693.58068031072617 1451.8957742452621 445.69415193796158 2085.6437042951584 144.85306978225708 136.41500526666641 1718.8177066445351 2596.9611535072327 61.868789732456207 389.70078366994858 228.00653660297394 158.09657472372055 1722.7010486125946 664.01740860939026 268.32056993246078 99.82202535867691 191.61601918935776 172.56909036636353 354.01002335548401 89.354561328887939 242.55558639764786 2145.5237183570862 116.76540905237198 82.420542001724243 203.42947894334793 27.295343160629272 393.16599059104919 424.58427119255066 165.80960434675217 23.220954179763794
leaf_count=688 998 1996 529 112 1398 315 1081 666 4 984 224 55 537 1659 622 67 104 1855 1952 175 511 1882 704 805 569 612 423 1355 193 1998 25 18 1164 2195 504 2817 82 207 1178 2734 62 438 296 212 2778 972 425 153 304 236 536 58 394 2664 143 97 123 21 569 527 256 35
internal_value=-3.27764e-08 -5.88303 -9.075 4.15679 5.00098 5.53 6.09625 1.30903 1.13011 5.29956 -0.90545 3.047 2.44755 1.40838 6.28911 5.829 -1.03959 -1.49525 2.97568 3.07686 6.5591 6.06841 4.86442 4.01357 5.74981 3.85388 1.9387 3.32158 0.614267 -1.52943 -0.887624 -3.00002 0.240409 1.21763 3.15176 4.23284 8.05583 5.49928 8.12738 7.0897 -1.88979 3.59981 5.25313 -1.50792 1.25521 0.119062 -1.12757 4.06925 -0.0769845 0.805058 3.86025 8.61446 2.05055 5.25496 10.9076 12.1556 15.0977 0.801348 0.450662 2.06424 -1.67814 9.27244
internal_weight=49619.1 20543.8 14228.8 29075.3 22734.3 19945.4 16850 6315.02 6340.97 12102.8 3015.27 3629.33 3095.39 2510.32 8066.99 7199.05 2685.68 2577.76 3325.69 1509.38 5689.67 5071.03 1059.09 2994 1630.01 1191.89 1363.99 4035.8 666.898 2825.65 736.202 2025.23 1524.21 2788.92 1337.02 3068.3 531.454 386.601 4747.2 3028.38 476.022 1385.64 627.783 635.338 1831.01 691.793 450.286 181.966 1501.13 1309.51 615.934 261.924 995.943 3894.83 438.123 402.615 285.85 1289.96 1262.66 869.496 704.554 250.186
internal_count=47296 11816 3515 35480 26114 22017 17991 8301 9366 13764 4524 4537 4026 3489 8511 7889 3764 3660 4842 1848 6041 5530 1203 3659 1854 1436 1805 5253 867 4300 1086 2986 2302 4097 1902 3898 499 417 4227 3049 674 1830 719 878 2890 990 645 220 2298 1994 830 294 1392 4546 418 363 220 1805 1784 1215 1061 210
is_linear=0
shrinkage=0.05


Tree=25
num_leaves=63
num_cat=0
split_feature=44 1 22 5 36 34 72 1 11 6 5 7 16 7 16 37 11 25 5 34 36 37 25 39 1 34 39 1 36 42 74 7 36 34 36 31 30 1 42 6 39 34 36 30 28 32 34 23 34 36 36 64 7 34 36 1 30 16 1 22 21 64
split_gain=4.38041e+08 1.70255e+08 3.37379e+07 3.063e+07 1.34306e+07 1.31077e+07 1.24055e+07 9.35209e+06 7.92071e+06 7.43273e+06 6.91459e+06 6.26233e+06 5.59819e+06 6.17663e+06 5.44418e+06 5.08262e+06 4.90605e+06 4.86624e+06 4.58114e+06 4.5287e+06 4.56151e+06 4.53332e+06 4.12014e+06 4.00489e+06 3.94462e+06 4.24573e+06 5.43439e+06 3.85133e+06 3.80285e+06 3.56313e+06 3.46557e+06 3.40545e+06 3.39715e+06 3.82194e+06 3.317e+06 3.28449e+06 3.15868e+06 3.24809e+06 3.11413e+06 3.09571e+06 3.01086e+06 4.40833e+06 3.13991e+06 3.00011e+06 3.05113e+06 2.987e+06 2.94459e+06 2.92889e+06 2.90535e+06 3.31114e+06 2.86215e+06 2.77652e+06 2.74928e+06 2.74069e+06 2.68118e+06 2.79756e+06 2.65707e+06 2.61254e+06 2.57672e+06 2.83381e+06 2.55995e+06 2.52744e+06
threshold=1.0000000180025095e-35 3.5000000000000004 28.500000000000004 0.073350071736011491 0.0068425925925925928 0.13916666666666669 1.0000000180025095e-35 -8.4999999999999982 0.29051012753188304 0.10733486943164364 0.19625350140056025 5.5000000000000009 1.5000000000000002 3.5000000000000004 4.5000000000000009 0.45416666666666672 0.29280610987928063 0.055833333333333339 0.031498015873015879 0.35083333333333339 0.01117857142857143 0.95916666666666683 0.050833333333333341 0.0030277777777777781 -11.499999999999998 0.069166666666666682 0.017194444444444446 14.500000000000002 0.013861111111111114 4.5000000000000009 1.0000000180025095e-35 8.5000000000000018 0.0063611111111111117 0.18250000000000002 0.013027777777777779 0.0020460115864527639 0.018685185185185187 -1.4999999999999998 1.0000000180025095e-35 0.081799933087989302 0.029388888888888895 0.064166666666666691 0.013685185185185186 0.045250000000000005 0.26916666666666672 0.019140204973118285 0.074166666666666672 0.019838054025701549 0.099166666666666681 0.0082500000000000021 0.0021944444444444446 1.0000000180025095e-35 4.5000000000000009 0.14583333333333334 0.0056904761904761911 -5.4999999999999991 0.027416666666666669 1.5000000000000002 -17.499999999999996 2.5000000000000004 37.500000000000007 1.0000000180025095e-35
decision_type=2 2 2 2 2 2 2 2 2 2 2 2 2 2 2 2 2 2 2 2 2 2 2 2 2 2 2 2 2 2 2 2 2 2 2 2 2 2 2 2 2 2 2 2 2 2 2 2 2 2 2 2 2 2 2 2 2 2 2 2 2 2
left_child=3 7 11 6 15 10 8 23 9 22 16 48 13 -8 17 39 27 19 60 20 46 -22 -1 57 -15 28 -27 29 51 30 40 -7 -11 34 -34 -18 37 -20 58 -5 41 42 52 47 -45 -28 61 56 -3 -50 -17 -26 -6 -4 -24 -56 -38 -2 -25 -60 -19 -9
right_child=1 2 53 4 5 31 12 14 -10 32 -12 -13 -14 24 -16 50 35 18 36 -21 21 -23 54 38 25 26 45 -29 -30 -31 -32 -33 33 -35 -36 -37 43 -39 -40 -41 -42 -43 -44 44 -46 -47 -48 -49 49 -51 -52 -53 -54 -55 55 -57 -58 -59 59 -61 -62 -63
leaf_value=5.7083899912572429 12.0330132965848 -5.319768155657119 -2.8396523536790732 8.309920468387384 4.564279400423473 3.9007330677073648 10.06583511359316 1.4062347907263058 2.6972433299178551 6.9795142080705723 -2.7133529102589224 -9.7494364855781228 1.0669470696008276 -1.7285939513354167 -4.8635252592770994 10.476389120878759 -2.6941068423193397 5.3960256589193563 0.86169447040242353 13.230174680784046 -2.8532360394587757 15.665908807637102 9.9522703192368827 -7.5722893016140222 2.9708670619470028 9.1329905543221308 7.192556447233958 -3.6502077053527771 -4.3892405355294271 7.5040359041129481 12.398749812139405 9.5968257318640653 3.3327838062682478 8.5069265295997578 -2.4722487665253805 9.5990762342867395 0.35557194339421039 8.3188282320695173 5.3422330702342906 2.9266179234553635 -3.1657421707509963 3.7163738141116989 -4.8760739395419286 16.539877180765341 -3.1216900871383131 1.3000034690847966 9.4692772487967183 -4.1270193492426834 22.307485693113318 -1.179766298070074 2.6941822708026697 14.953272528252089 -0.49429679177628388 4.1420756216889041 4.7752293420092125 8.2171245327867322 13.249291029329852 -4.9724751424631792 17.45166807833532 -2.5632407166928943 11.13572764145786 15.80401562831336
leaf_weight=2186.0501551628113 79.018507540225983 303.52343499660492 1658.4400861263275 1020.812242269516 387.4595645070076 883.8576163649559 439.09120845794678 1183.0991977453232 1336.6698732972145 729.89884793758392 1713.8572583794594 12041.970298111439 1716.3649567365646 297.12706685066223 245.74220234155655 124.60195004940033 1033.2069878578186 613.15910315513611 252.92825263738632 75.298003673553467 817.76440209150314 34.437266111373901 1661.7007534503937 284.09086173772812 1581.4448413848877 780.56885224580765 340.22344154119492 309.72621101140976 176.48397576808929 287.06926012039185 74.354860782623291 373.18917721509933 827.40421050786972 241.86307197809219 350.24704098701477 57.350997567176819 186.18621075153351 345.48378765583038 112.0863191485405 361.67459172010422 316.02293801307678 1682.3078041672707 270.75031960010529 51.490920603275299 31.990850865840912 584.61562991142273 138.61688530445099 337.90282279253006 21.477922916412354 49.795068860054016 2281.0994743704796 49.869620084762573 875.55615341663361 153.58083391189575 735.80130535364151 2986.9450367689133 50.874164462089539 31.624158680438995 17.97137326002121 1109.6079013943672 284.35525971651077 31.28711998462677
leaf_count=2508 57 436 2463 945 524 1041 361 1686 1738 701 2734 331 2567 471 363 112 1586 674 346 53 1178 21 1180 418 2179 694 359 486 288 351 60 301 1041 176 537 54 263 351 165 454 487 2154 423 21 47 816 137 499 4 70 3208 34 1415 211 803 2692 42 48 12 1637 258 25
internal_value=-7.75595e-08 -5.58888 -8.62125 3.94895 2.02033 0.890342 5.31453 1.24358 6.30603 6.8023 0.0469908 -9.55134 3.47696 4.45038 2.38059 4.48563 0.940646 2.782 4.48604 1.1722 0.760471 -2.10488 7.53903 -2.01261 3.80327 4.27113 6.06072 1.71597 2.58289 2.14285 1.7161 5.59178 4.20743 2.78206 1.6063 -2.04762 2.53766 5.16695 -2.67955 6.90159 1.49122 1.94883 0.0100997 0.148085 9.00541 3.46772 2.56524 -1.13796 -3.18654 5.89805 3.09726 3.33717 1.05754 -2.2479 8.28226 7.53683 3.12262 7.17246 -3.31648 -2.24424 7.21451 1.77718
internal_weight=49619.1 20543.8 14228.8 29075.3 12052.9 8264.71 17022.4 6315.02 11056.6 9719.91 7007.66 12416.8 5965.79 4249.42 4680.62 3788.19 5293.81 4434.87 2154.37 2280.5 2205.2 852.202 7570.5 1634.4 3810.33 3513.21 1705.41 4203.25 1807.8 3893.52 3606.45 1257.05 2149.41 1419.51 1177.65 1090.56 1256.86 598.412 1523.76 1382.49 3532.1 3216.07 1533.77 658.445 83.4818 924.839 1353 574.963 374.796 71.273 2405.7 1631.31 1263.02 1812.02 5384.45 3722.75 237.06 110.643 1411.67 1127.58 897.514 1214.39
internal_count=47296 11816 3515 35480 16335 11616 19145 8301 11376 9638 10274 841 7769 5202 5964 4719 7540 5601 2501 3100 3047 1199 7183 2337 4841 4370 1869 5900 2501 5414 5063 1342 2455 1754 1578 1640 1569 697 2232 1399 5003 4516 2362 872 68 1175 1848 804 510 74 3320 2213 1939 2674 4675 3495 305 105 2067 1649 932 1711
is_linear=0
shrinkage=0.05


end of trees

feature_importances:
Column_36=168
Column_1=157
Column_34=112
Column_33=99
Column_27=79
Column_11=76
Column_25=70
Column_5=61
Column_12=53
Column_0=51
Column_6=51
Column_24=48
Column_38=46
Column_16=39
Column_29=34
Column_39=34
Column_8=28
Column_40=28
Column_74=26
Column_14=25
Column_22=25
Column_42=25
Column_72=25
Column_32=22
Column_30=19
Column_13=18
Column_46=18
Column_28=17
Column_37=17
Column_7=16
Column_10=14
Column_21=12
Column_31=12
Column_15=11
Column_44=10
Column_64=10
Column_2=8
Column_3=7
Column_71=7
Column_23=6
Column_43=4
Column_4=3
Column_9=3
Column_18=3
Column_35=3
Column_61=3
Column_17=2
Column_47=2
Column_19=1
Column_20=1
Column_49=1
Column_51=1
Column_70=1

parameters:
[boosting: gbdt]
[objective: regression]
[metric: l2]
[tree_learner: serial]
[device_type: cpu]
[data_sample_strategy: bagging]
[data: ]
[valid: ]
[num_iterations: 500]
[learning_rate: 0.05]
[num_leaves: 63]
[num_threads: 16]
[seed: 42]
[deterministic: 0]
[force_col_wise: 0]
[force_row_wise: 0]
[histogram_pool_size: -1]
[max_depth: -1]
[min_data_in_leaf: 20]
[min_sum_hessian_in_leaf: 0.001]
[bagging_fraction: 0.8]
[pos_bagging_fraction: 1]
[neg_bagging_fraction: 1]
[bagging_freq: 0]
[bagging_seed: 400]
[bagging_by_query: 0]
[feature_fraction: 0.8]
[feature_fraction_bynode: 1]
[feature_fraction_seed: 30056]
[extra_trees: 0]
[extra_seed: 12879]
[early_stopping_round: 0]
[early_stopping_min_delta: 0]
[first_metric_only: 0]
[max_delta_step: 0]
[lambda_l1: 0]
[lambda_l2: 0]
[linear_lambda: 0]
[min_gain_to_split: 0]
[drop_rate: 0.1]
[max_drop: 50]
[skip_drop: 0.5]
[xgboost_dart_mode: 0]
[uniform_drop: 0]
[drop_seed: 17869]
[top_rate: 0.2]
[other_rate: 0.1]
[min_data_per_group: 100]
[max_cat_threshold: 32]
[cat_l2: 10]
[cat_smooth: 10]
[max_cat_to_onehot: 4]
[top_k: 20]
[monotone_constraints: ]
[monotone_constraints_method: basic]
[monotone_penalty: 0]
[feature_contri: ]
[forcedsplits_filename: ]
[refit_decay_rate: 0.9]
[cegb_tradeoff: 1]
[cegb_penalty_split: 0]
[cegb_penalty_feature_lazy: ]
[cegb_penalty_feature_coupled: ]
[path_smooth: 0]
[interaction_constraints: ]
[verbosity: -1]
[saved_feature_importance_type: 0]
[use_quantized_grad: 0]
[num_grad_quant_bins: 4]
[quant_train_renew_leaf: 0]
[stochastic_rounding: 1]
[linear_tree: 0]
[max_bin: 255]
[max_bin_by_feature: ]
[min_data_in_bin: 3]
[bin_construct_sample_cnt: 200000]
[data_random_seed: 175]
[is_enable_sparse: 1]
[enable_bundle: 1]
[use_missing: 1]
[zero_as_missing: 0]
[feature_pre_filter: 1]
[pre_partition: 0]
[two_round: 0]
[header: 0]
[label_column: ]
[weight_column: ]
[group_column: ]
[ignore_column: ]
[categorical_feature: ]
[forcedbins_filename: ]
[precise_float_parser: 0]
[parser_config_file: ]
[objective_seed: 16083]
[num_class: 1]
[is_unbalance: 0]
[scale_pos_weight: 1]
[sigmoid: 1]
[boost_from_average: 1]
[reg_sqrt: 0]
[alpha: 0.9]
[fair_c: 1]
[poisson_max_delta_step: 0.7]
[tweedie_variance_power: 1.5]
[lambdarank_truncation_level: 30]
[lambdarank_norm: 1]
[label_gain: ]
[lambdarank_position_bias_regularization: 0]
[eval_at: ]
[multi_error_top_k: 1]
[auc_mu_weights: ]
[num_machines: 1]
[local_listen_port: 12400]
[time_out: 120]
[machine_list_filename: ]
[machines: ]
[gpu_platform_id: -1]
[gpu_device_id: -1]
[gpu_use_dp: 0]
[num_gpu: 1]

end of parameters

pandas_categorical:null
