tree
version=v4
num_class=1
num_tree_per_iteration=1
label_index=0
max_feature_idx=466
objective=regression
feature_names=Column_0 Column_1 Column_2 Column_3 Column_4 Column_5 Column_6 Column_7 Column_8 Column_9 Column_10 Column_11 Column_12 Column_13 Column_14 Column_15 Column_16 Column_17 Column_18 Column_19 Column_20 Column_21 Column_22 Column_23 Column_24 Column_25 Column_26 Column_27 Column_28 Column_29 Column_30 Column_31 Column_32 Column_33 Column_34 Column_35 Column_36 Column_37 Column_38 Column_39 Column_40 Column_41 Column_42 Column_43 Column_44 Column_45 Column_46 Column_47 Column_48 Column_49 Column_50 Column_51 Column_52 Column_53 Column_54 Column_55 Column_56 Column_57 Column_58 Column_59 Column_60 Column_61 Column_62 Column_63 Column_64 Column_65 Column_66 Column_67 Column_68 Column_69 Column_70 Column_71 Column_72 Column_73 Column_74 Column_75 Column_76 Column_77 Column_78 Column_79 Column_80 Column_81 Column_82 Column_83 Column_84 Column_85 Column_86 Column_87 Column_88 Column_89 Column_90 Column_91 Column_92 Column_93 Column_94 Column_95 Column_96 Column_97 Column_98 Column_99 Column_100 Column_101 Column_102 Column_103 Column_104 Column_105 Column_106 Column_107 Column_108 Column_109 Column_110 Column_111 Column_112 Column_113 Column_114 Column_115 Column_116 Column_117 Column_118 Column_119 Column_120 Column_121 Column_122 Column_123 Column_124 Column_125 Column_126 Column_127 Column_128 Column_129 Column_130 Column_131 Column_132 Column_133 Column_134 Column_135 Column_136 Column_137 Column_138 Column_139 Column_140 Column_141 Column_142 Column_143 Column_144 Column_145 Column_146 Column_147 Column_148 Column_149 Column_150 Column_151 Column_152 Column_153 Column_154 Column_155 Column_156 Column_157 Column_158 Column_159 Column_160 Column_161 Column_162 Column_163 Column_164 Column_165 Column_166 Column_167 Column_168 Column_169 Column_170 Column_171 Column_172 Column_173 Column_174 Column_175 Column_176 Column_177 Column_178 Column_179 Column_180 Column_181 Column_182 Column_183 Column_184 Column_185 Column_186 Column_187 Column_188 Column_189 Column_190 Column_191 Column_192 Column_193 Column_194 Column_195 Column_196 Column_197 Column_198 Column_199 Column_200 Column_201 Column_202 Column_203 Column_204 Column_205 Column_206 Column_207 Column_208 Column_209 Column_210 Column_211 Column_212 Column_213 Column_214 Column_215 Column_216 Column_217 Column_218 Column_219 Column_220 Column_221 Column_222 Column_223 Column_224 Column_225 Column_226 Column_227 Column_228 Column_229 Column_230 Column_231 Column_232 Column_233 Column_234 Column_235 Column_236 Column_237 Column_238 Column_239 Column_240 Column_241 Column_242 Column_243 Column_244 Column_245 Column_246 Column_247 Column_248 Column_249 Column_250 Column_251 Column_252 Column_253 Column_254 Column_255 Column_256 Column_257 Column_258 Column_259 Column_260 Column_261 Column_262 Column_263 Column_264 Column_265 Column_266 Column_267 Column_268 Column_269 Column_270 Column_271 Column_272 Column_273 Column_274 Column_275 Column_276 Column_277 Column_278 Column_279 Column_280 Column_281 Column_282 Column_283 Column_284 Column_285 Column_286 Column_287 Column_288 Column_289 Column_290 Column_291 Column_292 Column_293 Column_294 Column_295 Column_296 Column_297 Column_298 Column_299 Column_300 Column_301 Column_302 Column_303 Column_304 Column_305 Column_306 Column_307 Column_308 Column_309 Column_310 Column_311 Column_312 Column_313 Column_314 Column_315 Column_316 Column_317 Column_318 Column_319 Column_320 Column_321 Column_322 Column_323 Column_324 Column_325 Column_326 Column_327 Column_328 Column_329 Column_330 Column_331 Column_332 Column_333 Column_334 Column_335 Column_336 Column_337 Column_338 Column_339 Column_340 Column_341 Column_342 Column_343 Column_344 Column_345 Column_346 Column_347 Column_348 Column_349 Column_350 Column_351 Column_352 Column_353 Column_354 Column_355 Column_356 Column_357 Column_358 Column_359 Column_360 Column_361 Column_362 Column_363 Column_364 Column_365 Column_366 Column_367 Column_368 Column_369 Column_370 Column_371 Column_372 Column_373 Column_374 Column_375 Column_376 Column_377 Column_378 Column_379 Column_380 Column_381 Column_382 Column_383 Column_384 Column_385 Column_386 Column_387 Column_388 Column_389 Column_390 Column_391 Column_392 Column_393 Column_394 Column_395 Column_396 Column_397 Column_398 Column_399 Column_400 Column_401 Column_402 Column_403 Column_404 Column_405 Column_406 Column_407 Column_408 Column_409 Column_410 Column_411 Column_412 Column_413 Column_414 Column_415 Column_416 Column_417 Column_418 Column_419 Column_420 Column_421 Column_422 Column_423 Column_424 Column_425 Column_426 Column_427 Column_428 Column_429 Column_430 Column_431 Column_432 Column_433 Column_434 Column_435 Column_436 Column_437 Column_438 Column_439 Column_440 Column_441 Column_442 Column_443 Column_444 Column_445 Column_446 Column_447 Column_448 Column_449 Column_450 Column_451 Column_452 Column_453 Column_454 Column_455 Column_456 Column_457 Column_458 Column_459 Column_460 Column_461 Column_462 Column_463 Column_464 Column_465 Column_466
feature_infos=[1:294] [-52:58] [-1:1] [0:56] [0:51] [0:0.75] [0:0.72727272727272729] [0:36] [0:35] [0:16] [0:18] [0:0.55000000000000004] [0:42] [0:41] [0:86] [0:91] [0:12] [0:4] [0:4] [0:7] [0:2] [0:52] [0:52] [3.9036144578313254:452.03225806451616] [0:16] [0:19] [0:19] [0:0.63157894736842102] [3.7108433734939759:496.73684210526318] [0:16] [0:17] [0:22] [0:0.63157894736842102] [0:0.5083333333333333] [0:0.37980715135739906] [0:0.88833333333333331] [0:42] [0:0.5083333333333333] [0:19.698333333333334] [0:0.5] [0:0.47749999999999998] [0:0.95499999999999996] [0:39] [0:0.5] [0:19.336666666666666] [0:1] [0:1] [0:1] [0:1] [0:1] [0:1] [0:1] [0:1] [0:1] none none none [0:1] none none [0:1] [0:1] none [0:1] [0:1] [0:1] [0:1] [0:1] [0:1] [0:1] [0:1] none [0:1] [0:1] [0:1] [0:1] [0:1] none [0:1] [0:1] [0:1] [0:1] [0:1] [0:1] none [0:1] none [0:1] [0:1] [0:1] none none [0:1] [0:1] [0:1] none [0:1] none none [0:1] none [0:1] none none none [0:1] [0:1] none none none none [0:1] [0:1] [0:1] [0:1] none [0:1] [0:1] none [0:1] [0:1] [0:1] [0:1] [0:1] [0:1] none none [0:1] [0:1] none none [0:1] none none none none none none [0:1] none none none [0:1] [0:1] none none none none [0:1] [0:1] [0:1] [0:1] none none [0:1] [0:1] [0:1] none [0:1] [0:1] [0:1] [0:1] none [0:1] none none [0:1] none [0:1] [0:1] [0:1] [0:1] none [0:1] none [0:1] [0:1] [0:1] [0:1] none [0:1] [0:1] [0:1] none none none none none [0:1] [0:1] none [0:1] [0:1] [0:1] [0:1] none none none [0:1] none [0:1] [0:1] [0:1] [0:1] [0:1] none none none none none [0:1] none none none none none none none none none none none none none none none none [0:1] none none none none none none none none none [0:1] [0:1] [0:1] [0:1] [0:1] none [0:1] none none [0:1] [0:1] none none none [0:1] none none none none [0:1] [0:1] [0:1] [0:1] [0:1] [0:1] [0:1] [0:1] [0:1] none [0:1] [0:1] none [0:1] [0:1] [0:1] [0:1] [0:1] none none [0:1] [0:1] [0:1] [0:1] [0:1] [0:1] [0:1] [0:1] [0:1] [0:1] [0:1] [0:1] none [0:1] [0:1] [0:1] none [0:1] [0:1] none [0:1] [0:1] [0:1] none [0:1] [0:1] [0:1] [0:1] [0:1] [0:1] [0:1] none none none none none [0:1] [0:1] none none none none none none none none none none none none none none none [0:1] [0:1] [0:1] [0:1] [0:1] [0:1] [0:1] [0:1] [0:1] none [0:1] [0:1] [0:1] none none [0:1] none none [0:1] [0:1] none none none [0:1] none none [0:1] [0:1] [0:1] none none [0:1] none [0:1] none none none none none [0:1] [0:1] [0:1] none none [0:1] none none [0:1] none none none none none none none none none none none none none none none none none none none none none none [0:1] none none none none none [0:1] none none none none none none none [0:1] [0:1] none none none none none none none none none none none none none none none none none none none none none none none none none [0:1] [0:1] none none none none [0:1] none none none none none none none none none none none none none [0:1] none none none none none none
tree_sizes=6872 6939 6964 6947 6926 6974 6932 6965 6950 6953 6948 6943 6949 6975 6929 6949 6966 6944 6943 6972 6959 6925 6960 6940 6968 6924 6941

Tree=0
num_leaves=63
num_cat=0
split_feature=46 48 37 37 23 35 35 23 37 1 1 1 49 1 35 43 35 37 49 1 28 1 41 11 256 43 11 43 0 35 0 1 72 28 41 43 41 1 41 0 6 51 41 43 37 0 6 43 0 37 28 72 72 256 41 23 25 3 43 35 40 34
split_gain=8.47139e+08 3.48693e+08 1.46195e+08 1.07728e+08 9.66496e+07 9.63314e+07 8.37197e+07 6.14716e+07 6.14315e+07 5.12517e+07 4.09014e+07 4.07229e+07 3.75898e+07 3.65814e+07 3.58773e+07 3.49938e+07 3.4766e+07 2.939e+07 2.7433e+07 2.30584e+07 2.20351e+07 2.04379e+07 1.70118e+07 1.61092e+07 1.55928e+07 1.5193e+07 1.47578e+07 1.46994e+07 1.46034e+07 1.40158e+07 1.68642e+07 1.2814e+07 1.27517e+07 1.23887e+07 1.22661e+07 1.22532e+07 1.28844e+07 1.20636e+07 1.1944e+07 1.31062e+07 1.12103e+07 1.11266e+07 1.05887e+07 1.0564e+07 1.04181e+07 1.0233e+07 1.05972e+07 1.00319e+07 9.79295e+06 9.54741e+06 9.17213e+06 8.98978e+06 8.62402e+06 9.25704e+06 8.41376e+06 8.39018e+06 8.0455e+06 7.82756e+06 7.70703e+06 7.57875e+06 7.53728e+06 7.31132e+06
threshold=1.0000000180025095e-35 1.0000000180025095e-35 0.0076875000000000008 0.0073571428571428581 87.657509157509182 0.1125 0.16583333333333336 56.313852813852826 0.0078452380952380978 -5.4999999999999991 -7.4999999999999991 -8.4999999999999982 1.0000000180025095e-35 10.500000000000002 0.17250000000000001 0.0082500000000000021 0.065833333333333341 0.011750000000000002 1.0000000180025095e-35 -4.4999999999999991 111.02777777777779 9.5000000000000018 0.099166666666666681 0.25824574121058358 1.0000000180025095e-35 0.0065833333333333343 0.23413839371286183 0.0070185185185185194 54.500000000000007 0.28750000000000003 60.500000000000007 9.5000000000000018 1.0000000180025095e-35 44.150909090909096 0.049166666666666671 0.0070185185185185194 0.074166666666666672 -10.499999999999998 0.080833333333333354 1.5000000000000002 0.037268518518518527 1.0000000180025095e-35 0.23916666666666669 0.0082500000000000021 0.014037037037037039 83.500000000000014 0.07185886402753873 0.010175925925925927 52.500000000000007 0.018861111111111117 65.71199280945045 1.0000000180025095e-35 1.0000000180025095e-35 1.0000000180025095e-35 0.042500000000000003 84.219519704433523 4.5000000000000009 5.5000000000000009 0.014023809523809527 0.49750000000000005 0.029745795007252329 0.016074245777367782
decision_type=2 2 2 2 2 2 2 2 2 2 2 2 2 2 2 2 2 2 2 2 2 2 2 2 2 2 2 2 2 2 2 2 2 2 2 2 2 2 2 2 2 2 2 2 2 2 2 2 2 2 2 2 2 2 2 2 2 2 2 2 2 2
left_child=1 3 16 35 20 9 7 -5 12 25 48 -10 27 17 18 34 23 26 24 -7 -2 22 49 43 31 -4 -11 -6 56 30 58 32 42 -27 -12 54 -37 -18 39 -14 57 -20 45 -3 -35 -13 -47 60 -9 -17 -32 -16 53 -43 -1 -39 -19 -30 -21 -8 -28 -29
right_child=4 2 5 6 8 19 59 10 11 13 15 14 38 -15 51 21 37 28 41 29 -22 -23 -24 -25 -26 33 47 61 40 -31 50 -33 -34 44 -36 36 -38 55 -40 -41 -42 52 -44 -45 -46 46 -48 -49 -50 -51 -52 -53 -54 -55 -56 -57 -58 -59 -60 -61 -62 -63
leaf_value=1530.8988067232722 1545.3124411758029 1541.1198980772542 1530.3581934496765 1543.0278239005927 1533.9181435426599 1530.4346321317812 1532.7444732731674 1506.0825241670145 1507.2397628204833 1538.8442981760111 1523.138802752183 1519.8461668972457 1540.0497753513844 1519.9176005227782 1530.7334828673788 1520.0353853313009 1532.9368117992237 1524.183474755152 1521.708698221481 1536.1775714303567 1521.1555388236543 1512.9526357194165 1526.307841878622 1533.0929304285428 1507.4095072729019 1545.4726109067281 1533.6166937118126 1521.1720855878257 1538.6720830731958 1546.4675291057733 1553.7642515537502 1509.9726793938869 1510.0171423516033 1521.1719814174467 1532.6756084871377 1525.9790795704705 1534.1362354344863 1550.6066613206706 1527.9657284129114 1515.0279746478141 1527.0815954646939 1512.6932658963112 1541.4664912061792 1535.344053972264 1512.3233789561998 1544.3964732170407 1523.9721186624834 1526.7520920400614 1514.6005874426467 1512.534675756383 1540.1427264334422 1511.838386214205 1503.7721023390716 1504.8825455423539 1538.7719143698555 1543.0261547007744 1501.5547396354557 1523.3963968855451 1524.9669391222174 1542.7265261401035 1549.2415203907028 1531.8722692907866
leaf_weight=583.86936557292938 338.83402782678604 2147.7070419490337 335.21932235360146 272.88883855938911 518.33557334542274 717.62045574188232 457.66029343008995 563.04704338312149 2121.4969600439072 1440.1857773661613 697.33377474546432 1391.5048445463181 53.746161192655563 728.2604885995388 431.12089663743973 1942.6473689079285 272.80401748418808 992.39622560143471 255.63292801380157 380.79839837551117 130.85711780190468 1189.8308624625206 935.43698418140411 1755.1052174866199 298.21297046542168 41.477267235517502 781.67703920602798 748.78745001554489 513.81328347325325 724.18892157077789 138.91064041852951 302.76557022333145 233.12887448072433 858.93909728527069 652.78894662857056 1166.4721547067165 827.51138308644295 407.04870003461838 219.24463903903961 1990.8533126413822 755.04463571310043 3038.4206376373768 70.346505612134933 1253.8281634449959 542.88592264056206 89.627178341150284 217.93628472089767 600.45451980829239 842.02908962965012 542.78695675730705 1119.9996104836464 73.712256491184235 378.71702763438225 433.45758602023125 810.26355457305908 3535.0593392848969 40.89888995885849 100.21918219327927 256.62550017237663 325.31323808431625 85.639532089233398 202.9040350317955
leaf_count=939 302 2828 557 237 775 1067 558 448 1988 1806 1088 1748 72 1021 528 2701 402 1267 345 461 154 1341 1245 2625 291 42 1090 1044 635 685 78 323 237 1295 917 1761 1170 295 305 2315 1059 3119 68 1856 629 90 302 892 1036 564 1323 43 276 343 1084 4034 22 166 317 385 69 293
internal_value=1526.8 1531.19 1535.13 1524.35 1516.3 1531.27 1521.32 1519.72 1515.5 1528.23 1518.86 1513.33 1520.92 1530.43 1515.12 1520.67 1539.74 1531.87 1514.15 1538.38 1538.58 1518.6 1520.56 1536.98 1518.17 1520.77 1535.25 1527.14 1527.78 1540.55 1538.29 1519.56 1521.01 1518.54 1527.75 1531.88 1529.36 1543.11 1516.87 1515.69 1531.16 1511.61 1522.46 1538.99 1517.75 1521.67 1529.92 1531.72 1511.19 1518.4 1541.65 1527.97 1510.94 1511.72 1535.47 1543.81 1523.29 1536.18 1531.66 1536.89 1535.16 1523.45
internal_weight=45876.3 32336.7 20526.8 11809.9 13539.6 11155.3 8421.76 7638.79 13070 7817.11 7365.9 9336.08 3733.87 6038.59 7214.58 5960.82 9371.55 5310.33 6709.75 3338.14 469.691 4610.7 3420.87 5156.64 2603.52 1778.52 2907.96 1470.03 2402.37 2620.52 1896.33 2305.31 2002.54 1443.3 1350.12 3388.12 1993.98 4214.91 2263.84 2044.6 1369.08 4106.23 1769.41 3401.54 1401.83 1699.07 307.563 1467.77 1405.08 2485.43 1258.91 504.833 3850.6 3471.88 1394.13 3942.11 1033.3 614.032 637.424 782.974 867.317 951.691
internal_count=56956 41995 26521 15474 14961 14481 10520 9577 14505 10550 9340 9701 4804 8027 7713 7856 12040 7006 7142 3931 456 5851 4510 7309 3059 2523 3857 2112 3149 2864 2179 2768 2445 1966 2005 4954 2931 4731 2692 2387 1860 4083 2208 4684 1924 2140 392 2051 1484 3265 1401 571 3738 3462 2023 4329 1289 801 778 943 1159 1337
is_linear=0
shrinkage=1


Tree=1
num_leaves=63
num_cat=0
split_feature=12 48 37 37 23 35 35 1 23 13 1 1 1 43 35 43 37 35 1 28 37 1 41 256 11 11 1 0 43 41 43 35 33 11 37 41 41 37 28 41 37 0 1 12 1 12 48 35 37 12 0 41 37 11 6 41 35 35 256 1 43 21
split_gain=7.64543e+08 3.14695e+08 1.31941e+08 9.72246e+07 8.72263e+07 8.69391e+07 7.6029e+07 5.6362e+07 5.55339e+07 5.39516e+07 4.62547e+07 3.68877e+07 3.30147e+07 3.23138e+07 3.13763e+07 3.13593e+07 2.65586e+07 2.11841e+07 2.08102e+07 1.98867e+07 1.84416e+07 1.79222e+07 1.59772e+07 1.55819e+07 1.45386e+07 1.41228e+07 1.39872e+07 1.72632e+07 1.37116e+07 1.36764e+07 1.43617e+07 1.30684e+07 1.23824e+07 1.21577e+07 1.18043e+07 1.44497e+07 1.1615e+07 1.12403e+07 1.11808e+07 1.10882e+07 1.10123e+07 9.92272e+06 9.91015e+06 9.88506e+06 9.80858e+06 9.53302e+06 9.41085e+06 9.18479e+06 8.92423e+06 8.90362e+06 8.81705e+06 8.8002e+06 9.68369e+06 8.48525e+06 8.34362e+06 8.27155e+06 1.20988e+07 7.8412e+06 7.57624e+06 7.20594e+06 7.17642e+06 7.11843e+06
threshold=1.0000000180025095e-35 1.0000000180025095e-35 0.0076875000000000008 0.0073571428571428581 87.657509157509182 0.1125 0.15083333333333335 -8.4999999999999982 56.313852813852826 4.5000000000000009 -5.4999999999999991 -7.4999999999999991 10.500000000000002 0.0076875000000000008 0.065833333333333341 0.0082500000000000021 0.011583333333333336 0.15750000000000003 -4.4999999999999991 111.02777777777779 0.0078452380952380978 10.500000000000002 0.099166666666666681 1.0000000180025095e-35 0.25824574121058358 0.29948453608247427 13.500000000000002 83.500000000000014 0.0065833333333333343 0.13583333333333336 0.014694444444444447 0.17416666666666669 0.023851213282247766 0.25268941584731064 0.0035092592592592597 0.074166666666666672 0.072500000000000023 0.011583333333333336 44.150909090909096 0.049166666666666671 0.01902380952380953 1.5000000000000002 -12.499999999999998 13.500000000000002 -14.499999999999998 11.500000000000002 1.0000000180025095e-35 0.49750000000000005 0.011361111111111112 10.500000000000002 18.500000000000004 0.2091666666666667 0.0071944444444444451 0.29745817245817252 0.037268518518518527 0.092500000000000013 0.44250000000000006 0.10416666666666667 1.0000000180025095e-35 -1.4999999999999998 0.0082500000000000021 33.500000000000007
decision_type=2 2 2 2 2 2 2 2 2 2 2 2 2 2 2 2 2 2 2 2 2 2 2 2 2 2 2 2 2 2 2 2 2 2 2 2 2 2 2 2 2 2 2 2 2 2 2 2 2 2 2 2 2 2 2 2 2 2 2 2 2 2
left_child=4 3 14 34 19 10 8 37 -5 17 28 48 16 33 24 39 25 20 -7 -1 41 22 40 26 43 49 27 51 -4 30 54 32 -20 -11 -2 -36 42 46 -30 -13 -17 -9 -16 60 -40 -34 -6 -8 -10 -12 -43 52 -15 -46 -18 56 -19 -29 61 -31 -3 -22
right_child=1 2 5 6 7 18 47 9 11 13 12 15 -14 23 36 21 29 55 31 -21 58 -23 -24 -25 -26 -27 -28 57 38 59 -32 -33 45 -35 35 -37 -38 -39 44 -41 -42 50 -44 -45 53 -47 -48 -49 -50 -51 -52 -53 -54 -55 -56 -57 -58 -59 -60 -61 -62 -63
leaf_value=17.588485794557535 11.937995429148993 14.535205094172662 3.3819509219583241 15.484553193925581 -17.164656604452137 3.4545675561503639 4.6746961963087923 12.58895321251312 -9.5435372550721205 8.1591681344642346 11.632708861540628 -3.6083511755728597 -6.5366125105110005 0.13058738214262611 -5.7567554352817165 -6.6068289311783523 6.1342192594896288 -12.885501547777658 13.777288946444564 -5.3605710139233089 -16.195435354474302 -13.774165449875509 -0.71026445687014794 -17.331904809088197 5.9799508284713419 -1.7498965192364109 -18.367489659106326 -0.24869643777107997 17.740647193300685 -4.8538676181614386 -6.5320736642427804 16.737669054149389 8.3661077852531314 -2.9294372754634304 0.96645713132232103 8.3445489050226467 17.558714514784786 -20.055594623550025 -15.550100511466605 5.5243213212009872 -14.663148620060667 -12.341257519012109 13.015901824809312 5.1822366755688778 -3.6811678231186229 -5.5749190449611792 -7.9486453753174224 15.131866978443085 -17.966176301828778 5.4182964210142259 -5.5734335854020021 6.4761849507956954 -9.3761071247598089 -14.664258975384497 -1.5300486831308857 11.405360876811137 9.2190159408725574 14.143358496756333 -20.475549943703953 12.870050234480255 9.3007842617540373 -11.763726736006584
leaf_weight=338.83402782678604 497.76951318979263 1886.1975125074387 335.21932235360146 268.02084079384804 698.24465969204903 717.62045574188232 592.28864675760269 53.746161192655563 482.78068900108337 565.34943291544914 1603.5449585914612 690.27428212761879 728.2604885995388 328.02014049887657 73.665493726730347 2011.66844150424 711.98851206898689 173.88694056868553 781.80845212936401 130.85711780190468 1609.5807249844074 1020.110162705183 950.58225339651108 329.6920705139637 1755.1052174866199 320.40707504749298 203.18649005889893 307.02197626233101 41.477267235517502 69.96796441078186 678.27121120691299 1258.524444937706 404.15200641751289 439.25004997849464 1858.0538964569569 1032.2930482923985 2601.4335431158543 1512.0467143654823 372.71938860416412 640.97871735692024 537.51326501369476 1033.9787080585957 1539.8130199611187 512.33854672312737 804.01933187246323 176.0381675362587 459.1539905667305 325.31323808431625 902.23286002874374 899.79958766698837 900.24294543266296 117.79841020703316 1460.7501342594624 225.0862994492054 708.42910513281822 107.09814220666885 96.125221371650696 136.8136248588562 464.72185280919075 317.92067128419876 1002.9991461634636 2073.2433013319969
leaf_count=302 655 2413 557 229 711 1067 768 72 617 765 1926 1077 1021 444 114 2802 927 151 907 154 1516 1111 1255 349 2625 488 190 449 42 96 855 1229 496 598 2875 1424 2645 1296 408 897 545 1138 1972 810 1253 232 672 385 834 1333 1244 146 1778 263 1019 95 129 147 385 362 1461 2230
internal_value=2.29161e-08 4.17669 7.91805 -2.32618 -9.97518 4.24384 -5.20367 -10.736 -6.86491 -9.07251 1.35936 -7.69272 3.44667 -4.41165 12.2916 -5.95586 4.81578 -11.8549 10.9986 11.1948 -12.5619 -7.94242 -6.24258 -7.10232 9.67596 8.13396 -5.78159 -4.69357 -5.72765 1.04766 -0.54651 13.0645 9.67033 3.3108 4.82632 3.60156 15.4916 -17.217 -7.84343 0.788896 -8.30556 -8.60247 12.1588 11.583 -8.60042 4.1362 -13.5086 8.38203 -15.0303 9.39901 -9.19132 -6.76106 -7.63279 -6.08339 2.31169 -0.352543 -5.01622 4.1877 -14.4597 9.67298 12.718 -13.7006
internal_weight=45876.3 32336.7 20526.8 11809.9 13539.6 11155.3 8421.76 13070 7504.16 10400.5 7817.11 7236.14 6038.59 3887.88 9371.55 5851.13 5310.33 6512.62 3338.14 469.691 6135.51 4519.87 3499.76 2883.28 5156.64 2823.75 2553.59 2350.4 1778.52 2486.58 2098.69 2620.52 1362 1004.6 3388.12 2890.35 4214.91 2669.45 1443.3 1331.25 2549.18 1987.97 1613.48 3401.54 1401.83 580.19 1157.4 917.602 1385.01 2503.34 1934.22 1906.57 1788.77 1029.11 1420.42 377.11 270.012 443.836 4147.55 387.889 2889.2 3682.82
internal_count=56956 41995 26521 15474 14961 14481 10520 14505 9367 11826 10550 9138 8027 4866 12040 7687 7006 6960 3931 456 6585 5713 4602 3503 7309 3747 3154 2964 2523 3259 2801 2864 1635 1363 4954 4299 4731 2679 1966 1974 3347 2454 2086 4684 1924 728 1383 1153 1451 3259 2382 2368 2222 1516 1946 375 280 596 4131 458 3874 3746
is_linear=0
shrinkage=0.05


Tree=2
num_leaves=63
num_cat=0
split_feature=12 37 35 13 27 43 37 35 1 35 27 13 28 11 1 43 1 41 41 37 1 13 11 28 41 51 41 43 11 43 40 5 1 44 34 37 43 35 13 2 28 1 2 2 1 33 1 43 1 6 37 40 34 37 5 27 6 35 6 43 1 5
split_gain=6.9e+08 2.73685e+08 1.65169e+08 1.24365e+08 7.28424e+07 6.56706e+07 5.22439e+07 4.98303e+07 4.22639e+07 4.05099e+07 4.03689e+07 4.02872e+07 3.83713e+07 3.46089e+07 2.99164e+07 2.76037e+07 2.49368e+07 2.43084e+07 2.42875e+07 2.31056e+07 1.94687e+07 1.90335e+07 1.77564e+07 1.70668e+07 1.65564e+07 1.55807e+07 1.47945e+07 1.44413e+07 1.37746e+07 1.29979e+07 1.22766e+07 1.22571e+07 1.14119e+07 1.13042e+07 1.06929e+07 1.05415e+07 1.03704e+07 1.03234e+07 9.97439e+06 9.85452e+06 9.848e+06 9.56781e+06 9.42798e+06 8.46612e+06 8.22077e+06 8.14513e+06 8.0295e+06 7.96461e+06 7.69481e+06 7.66117e+06 7.39983e+06 7.37644e+06 7.29652e+06 7.24136e+06 6.9075e+06 6.80834e+06 6.69811e+06 6.52212e+06 6.32717e+06 6.31424e+06 6.63779e+06 6.25988e+06
threshold=1.0000000180025095e-35 0.0076875000000000008 0.17083333333333336 1.0000000180025095e-35 0.062895569620253181 0.0082500000000000021 0.01052777777777778 0.064166666666666691 -10.499999999999998 0.17750000000000002 0.062895569620253181 1.0000000180025095e-35 76.913194444444457 0.29948453608247427 -7.4999999999999991 0.0046944444444444447 11.500000000000002 0.069166666666666682 0.13416666666666668 0.01117857142857143 -8.4999999999999982 1.0000000180025095e-35 0.26106541323932636 118.52272727272729 0.072500000000000023 1.0000000180025095e-35 0.087500000000000008 0.0080277777777777795 0.27750275027502758 0.0070185185185185194 0.042677078267540754 0.13182720953326715 -10.499999999999998 1.0000000180025095e-35 0.01770362962208076 0.0058796296296296305 0.014694444444444447 0.15750000000000003 4.5000000000000009 -1.0000000180025095e-35 57.194594594594598 -5.4999999999999991 1.0000000180025095e-35 1.0000000180025095e-35 -7.4999999999999991 0.026760132774283723 -9.4999999999999982 0.0086388888888888904 6.5000000000000009 0.055867665418227221 0.011361111111111112 0.012960222424855549 0.0049199647434122126 0.0055277777777777782 0.033615819209039555 0.064866760168302964 0.097693531283138943 0.044166666666666674 0.086747491638795998 0.030879629629629635 10.500000000000002 0.069204980842911892
decision_type=2 2 2 2 2 2 2 2 2 2 2 2 2 2 2 2 2 2 2 2 2 2 2 2 2 2 2 2 2 2 2 2 2 2 2 2 2 2 2 2 2 2 2 2 2 2 2 2 2 2 2 2 2 2 2 2 2 2 2 2 2 2
left_child=4 7 3 10 23 17 11 15 50 20 -3 26 -10 18 -12 -2 27 41 19 -14 -8 44 29 -1 32 -22 33 51 49 56 -29 36 -9 -6 54 -24 42 52 -27 40 -4 -5 -21 45 -17 -11 -35 -26 -40 61 -7 -16 -28 -34 -31 -19 -13 -44 -20 60 -46 -23
right_child=1 2 39 5 6 8 9 24 12 43 14 22 13 -15 16 21 -18 55 58 31 25 28 35 -25 47 38 37 30 -30 34 -32 -33 53 46 -36 -37 -38 -39 48 -41 -42 -43 57 -45 59 -47 -48 -49 -50 -51 -52 -53 -54 -55 -56 -57 -58 -59 -60 -61 -62 -63
leaf_value=17.271571721489753 12.353967031067413 10.52794634663678 21.964541990503236 -2.2956434299565043 10.831566611545398 -4.752899046403483 -18.930941673794138 -2.4520287992009377 13.779448314550883 4.2545061590606563 -16.649501791690124 13.942560307044028 3.5036416265107535 -9.431190180644192 -2.3975276118645446 -10.409736034716472 -14.713053952680131 21.411302418979918 10.268271579693526 -3.0381766027014456 -2.8254203369204047 12.532057072221399 0.96526873318610584 -7.187031585630641 17.613730149862302 -15.153308019287 15.786279912117886 -7.4842729912416521 1.8345997441693378 1.3206436073955108 8.9578925570313022 -10.351307231818764 13.582460319124889 -18.818339552026721 7.9430751988625437 -10.413654943341768 -5.7933877867571919 23.71131895180114 -8.2711024522638965 15.501853997920319 7.151898347730155 5.4553485151439336 -11.285892500711528 7.5079143647190172 2.4833527056616544 -12.416322505839902 -10.768497669234737 12.657571400083341 -16.077839949250713 5.4574571117007009 -14.652235128095112 8.4687492274052598 -6.1850524466038763 7.6987903729286167 -8.0559440236048783 10.729129543730314 1.8427738807377783 7.4495036549707851 1.0466025539994959 17.736847307561735 -7.4130332092388942 6.710504990807526
leaf_weight=305.98610177636147 1768.6709823608398 282.96423491835594 127.99220341444016 520.21023806929588 56.856389999389648 275.34852802753448 1593.6397709548473 173.52795088291168 478.26066389679909 128.28113493323326 994.87748941779137 256.5464029610157 1835.5962365269661 1004.8487209677696 437.57892745733261 166.11778563261032 828.74135196208954 169.06122618913651 713.24798572063446 657.43758973479271 378.46456629037857 1242.6130876541138 288.25698497891426 93.000815898180008 1829.7886022031307 2894.055928081274 42.527243047952652 2432.9708327054977 1055.1101375818253 332.34471365809441 119.08421179652214 557.21307179331779 1141.875006467104 348.58377182483673 232.32854968309402 692.51239705085754 1018.3149252831936 37.637281775474548 1225.1607029139996 1309.4208642244339 909.86642017960548 1696.7328024804592 51.050407588481903 228.93491095304489 913.4962132871151 170.85703581571579 2782.8540837466717 1455.3467735946178 425.18873542547226 1326.8773325681686 600.42429998517036 242.86203598976135 339.01113638281822 964.82151454687119 480.22120785713196 1267.3561881780624 206.3929717540741 515.6823493540287 251.6296668946743 56.790460348129272 208.02247041463852 734.85525438189507
leaf_count=293 2408 280 96 876 77 384 1367 260 505 145 952 330 2655 1300 684 241 874 128 918 963 490 1621 389 111 1814 2689 46 3119 1622 494 147 778 1407 305 321 896 1276 23 1443 1276 1215 2458 65 271 1359 200 3231 1683 415 2071 676 350 419 1376 677 1638 329 643 348 58 332 1139
internal_value=8.69435e-08 3.96786 0.18703 -1.53423 -9.47642 1.3697 -10.1155 9.56425 -1.17777 -13.0482 -7.85026 -6.72638 0.10339 -0.886875 -8.87879 6.89663 -6.9752 6.91952 0.646246 -0.85606 -14.1276 5.20441 -1.83252 11.5705 13.146 -12.5726 -10.1024 -4.99139 6.80838 1.57373 -6.71705 -3.71446 9.87268 -11.2634 -1.51625 -7.06929 -2.06533 -1.2716 -13.3844 12.6176 8.97864 3.63656 1.03582 0.271138 0.0033451 -5.26728 -11.6646 15.4181 -10.2824 8.39656 -11.5398 1.48085 -3.73607 10.8879 -4.22086 11.9864 8.54809 5.76185 7.86336 1.47138 0.647743 10.3687
internal_weight=45876.3 32336.7 19298.8 16951.5 13539.6 11612.4 13140.7 13037.9 7959.05 7044.58 5339.08 6096.07 7083.28 6605.02 5056.11 7472.55 4061.24 3653.36 5600.17 4635.29 6516.51 5703.88 2488.6 398.987 5565.36 4922.87 3607.47 3232.5 4359.46 1507.83 2552.06 2799.7 2280.22 3188.29 1044.89 980.769 2242.49 419.176 4544.41 2347.28 1037.86 2216.94 1224.17 528.073 1344.43 299.138 3131.44 3285.14 1650.35 3304.35 875.773 680.441 381.538 2106.7 812.566 1436.42 462.939 566.733 964.878 1178.31 1121.52 1977.47
internal_count=56956 41995 24604 22017 14961 15611 14557 17391 10511 7020 6406 7537 9451 8946 6126 10851 5174 5100 7646 6380 6404 8443 3436 404 6540 5037 4101 4300 6453 2151 3266 3725 3043 3613 1492 1285 2947 488 4547 2587 1311 3334 1671 616 1990 345 3536 3497 1858 4831 1060 1034 465 2783 1171 1766 659 708 1266 1749 1691 2760
is_linear=0
shrinkage=0.05


Tree=3
num_leaves=63
num_cat=0
split_feature=12 48 37 37 35 23 35 37 23 43 35 37 13 1 1 35 11 1 1 51 23 1 1 41 32 72 256 13 5 51 1 0 37 43 43 35 35 0 38 1 37 41 1 12 44 45 40 11 35 35 44 32 41 0 11 43 40 0 16 51 44 43
split_gain=6.22725e+08 2.62447e+08 1.07836e+08 7.83645e+07 7.32765e+07 7.20404e+07 6.16927e+07 4.78029e+07 4.65458e+07 3.88427e+07 3.16701e+07 3.11372e+07 2.97534e+07 2.83464e+07 2.60046e+07 2.58565e+07 2.26851e+07 2.08819e+07 2.01503e+07 1.93543e+07 1.92563e+07 1.79592e+07 1.76877e+07 1.51834e+07 1.4532e+07 1.45287e+07 1.60722e+07 1.46336e+07 1.42281e+07 1.35232e+07 1.34689e+07 1.2651e+07 1.26328e+07 1.23608e+07 1.18225e+07 1.12706e+07 1.08578e+07 1.43759e+07 1.09907e+07 1.08402e+07 1.03722e+07 1.22225e+07 9.77639e+06 9.58779e+06 9.51744e+06 8.88364e+06 8.78214e+06 8.45016e+06 7.81836e+06 7.80621e+06 7.57669e+06 7.57164e+06 7.28773e+06 7.20656e+06 7.14302e+06 7.12879e+06 6.8394e+06 7.24224e+06 7.38426e+06 7.16626e+06 6.3939e+06 6.33506e+06
threshold=1.0000000180025095e-35 1.0000000180025095e-35 0.0076875000000000008 0.0073571428571428581 0.1125 87.657509157509182 0.15083333333333335 0.0085092592592592598 56.313852813852826 0.0082500000000000021 0.44250000000000006 0.014037037037037039 4.5000000000000009 -7.4999999999999991 -5.4999999999999991 0.065833333333333341 0.31726674409601247 -5.4999999999999991 12.500000000000002 1.0000000180025095e-35 59.302173913043482 10.500000000000002 -4.4999999999999991 0.069166666666666682 0.11922530206112296 1.0000000180025095e-35 1.0000000180025095e-35 1.0000000180025095e-35 0.046693313953488379 1.0000000180025095e-35 -8.4999999999999982 75.500000000000014 0.011583333333333336 0.0082500000000000021 0.0063611111111111117 0.15750000000000003 0.28750000000000003 60.500000000000007 0.12583333333333338 8.5000000000000018 0.0035092592592592597 0.074166666666666672 -10.499999999999998 11.500000000000002 1.0000000180025095e-35 1.0000000180025095e-35 0.02337480155779309 0.22708174178762416 0.49750000000000005 0.080833333333333354 0.59416666666666684 0.079156223893066008 0.049166666666666671 89.500000000000014 0.24257134451309212 0.012194444444444445 0.037078432431504015 90.500000000000014 2.5000000000000004 1.0000000180025095e-35 0.41250000000000003 0.0056904761904761911
decision_type=2 2 2 2 2 2 2 2 2 2 2 2 2 2 2 2 2 2 2 2 2 2 2 2 2 2 2 2 2 2 2 2 2 2 2 2 2 2 2 2 2 2 2 2 2 2 2 2 2 2 2 2 2 2 2 2 2 2 2 2 2 2
left_child=5 3 15 40 9 24 8 12 50 23 14 17 35 -11 -9 30 20 53 33 -16 -15 32 -6 47 -1 26 27 -21 31 -13 -3 61 60 52 -14 44 37 38 -24 45 -2 -42 -17 -39 -7 -32 -35 -4 -8 -36 -5 -44 -19 -10 -47 -31 57 59 -59 -34 -22 -29
right_child=1 2 4 6 22 7 48 10 11 13 -12 29 34 16 19 42 -18 18 -20 25 21 -23 36 -25 -26 -27 -28 28 -30 55 39 -33 56 46 49 -37 -38 43 -40 -41 41 -43 51 -45 -46 54 -48 -49 -50 -51 -52 -53 -54 -55 -56 -57 -58 58 -60 -61 -62 -63
leaf_value=15.214046367529589 10.918638771150642 1.6395159044154271 7.9227836365673738 21.114035447365055 3.1107455489979561 11.361082661285998 4.0650554484453449 -16.357784963309832 -12.984603516625567 -9.1164936181929388 7.3987828730160885 0.36454242042128082 6.6570021924767167 15.031380458191506 0.10988797279581648 4.89114132461577 -10.762201952618724 -0.45396172920523092 -11.167623335124876 -11.562928420190419 8.4077843753409365 -8.7790258320855408 -10.894662754751074 11.198106644227348 -5.3031255909744841 -18.893460519350345 -18.171916974110871 10.275306340710964 -9.7123275585208386 -8.8288151011692211 3.9209002526507222 14.081251014288549 7.523925745609545 -4.9193205335283539 -4.7434852735171367 14.197961603529558 17.178480166667345 15.873767216410227 6.7842674561383367 3.5126432121410156 0.68071057055162398 7.4664106490713822 20.988705791572201 6.2659682042192824 -9.567723137496511 13.45642141368873 2.7170799003217261 0.49779791525921668 13.713058239667001 5.4956962233790385 3.9725280599518413 13.91751290011651 8.7518072442965291 -3.0246970572204006 8.9104793842172452 -14.237638404372792 9.4190114285507089 9.4546925296282875 -8.5936696466322626 -4.9308041538253953 1.8536992028421064 -5.3036359500381174
leaf_weight=355.74276968836784 497.76951318979263 587.53525677323341 612.9680600464344 160.1049539744854 717.62045574188232 55.501969695091248 592.28864675760269 2689.5199374556541 782.11765709519386 943.01248377561569 209.29193642735481 234.93089526891708 463.2269494831562 251.10256153345108 406.22717696428299 272.80401748418808 407.39919796586037 424.9361589550972 561.502784460783 2682.3677679002285 801.20497497916222 438.01868239045143 105.31198313832283 961.82933804392815 113.94837594032288 551.9750112593174 577.32032677531242 74.555036753416061 913.60936456918716 987.28909111022949 437.10438334941864 125.85842347145081 128.96016699075699 1477.7825298905373 959.63626077771187 52.859238535165787 724.18892157077789 892.74385511875153 532.11191540956497 616.03711175918579 1858.0538964569569 1032.2930482923985 424.21988862752914 366.16639578342438 2553.9239138364792 1986.6378130018711 505.21244102716446 1022.2148987948895 325.31323808431625 230.94092079997063 107.91588681936264 3517.8881506919861 435.13296607136726 236.54650577902794 1529.3258579969406 1590.6896414756775 145.32271295785904 228.76066282391548 75.335803657770157 1106.1476185023785 694.83402106165886 523.1374574303627
leaf_count=328 655 952 902 113 1067 75 768 2559 867 1225 302 346 687 255 540 402 500 681 645 2715 1086 615 122 1185 128 448 500 76 1066 1226 682 138 171 2125 1358 34 685 924 656 1001 2875 1424 310 477 3029 2518 687 1555 385 327 116 4019 593 357 2156 1611 173 317 96 1459 1011 651
internal_value=-2.72336e-08 3.76946 7.18615 -2.16909 3.86448 -9.0026 -4.75245 -9.69399 -6.2489 1.21633 -11.8173 -7.00676 -5.38759 -1.26966 -12.2879 11.14 0.460415 -4.3912 -2.51202 -10.4185 1.64193 0.712801 10.0658 6.21327 10.2365 -11.2034 -10.3366 -9.28933 -5.5642 -11.1197 8.76561 -0.32646 2.01999 -0.802545 -0.120411 -8.65955 11.9704 9.98149 3.86344 9.68194 4.2523 3.10424 14.045 13.0792 -9.12257 10.6434 -2.97378 3.28114 7.48552 -2.75735 14.2122 14.6785 4.20349 -10.6718 11.4791 -12.1662 -0.949622 -1.92857 4.98345 -3.63038 5.36375 -3.36035
internal_weight=45876.3 32336.7 20526.8 11809.9 11155.3 13539.6 8421.76 13070 7504.16 7817.11 8753.86 7236.14 4316.09 5220.1 8544.57 9371.55 4277.09 4423.23 3404.57 5855.05 3869.69 3618.58 3338.14 2597.01 469.691 5448.82 4896.85 4319.53 1637.16 2812.91 5156.64 723.551 3180.57 2843.06 1653.8 2662.29 2620.52 1896.33 637.424 4569.11 3388.12 2890.35 4214.91 1258.91 2609.43 3953.07 1982.99 1635.18 917.602 1190.58 268.021 3942.11 860.069 1018.66 3515.96 2577.98 1684.53 1539.2 304.096 1235.11 1496.04 597.692
internal_count=56956 41995 26521 15474 14481 14961 10520 14505 9367 10550 8995 9138 5510 6908 8693 12040 5683 5955 4731 6134 5183 4928 3931 3642 456 5594 5146 4646 1931 3183 7309 865 4313 4086 2372 3138 2864 2179 778 6357 4954 4299 4731 1401 3104 5356 2812 2457 1153 1685 229 4329 1274 1224 4674 2837 2216 2043 413 1630 2097 727
is_linear=0
shrinkage=0.05


Tree=4
num_leaves=63
num_cat=0
split_feature=12 48 37 37 35 23 35 1 23 13 1 1 1 37 35 1 37 37 72 35 35 28 0 35 5 0 51 37 37 0 27 37 41 16 35 1 23 6 5 0 12 1 13 12 6 6 41 0 28 35 5 1 37 35 16 44 25 35 33 41 1 23
split_gain=5.62009e+08 2.36859e+08 9.73218e+07 7.0724e+07 6.61549e+07 6.50165e+07 5.56777e+07 4.4173e+07 4.20076e+07 4.10806e+07 3.7157e+07 2.82338e+07 2.77414e+07 2.56554e+07 2.33425e+07 2.33311e+07 2.09807e+07 1.98746e+07 1.85357e+07 1.92871e+07 1.55153e+07 1.51172e+07 1.47824e+07 1.47012e+07 1.43733e+07 1.88143e+07 1.31485e+07 1.29115e+07 1.24553e+07 1.19353e+07 1.06917e+07 1.3569e+07 1.0492e+07 1.03972e+07 9.77352e+06 9.7335e+06 9.59778e+06 9.34534e+06 9.86638e+06 9.26527e+06 8.95585e+06 8.47386e+06 8.28559e+06 8.25336e+06 8.20261e+06 7.78251e+06 8.41914e+06 7.70847e+06 7.33194e+06 7.31564e+06 7.31177e+06 7.31168e+06 7.29947e+06 7.05607e+06 6.94028e+06 6.83796e+06 6.81621e+06 6.67613e+06 6.62715e+06 6.6251e+06 6.53741e+06 6.46596e+06
threshold=1.0000000180025095e-35 1.0000000180025095e-35 0.0076875000000000008 0.0073571428571428581 0.11083333333333335 87.657509157509182 0.15083333333333335 -8.4999999999999982 56.313852813852826 4.5000000000000009 -5.4999999999999991 -5.4999999999999991 10.500000000000002 0.0060208333333333338 0.064166666666666691 9.5000000000000018 0.011750000000000002 0.014916666666666668 1.0000000180025095e-35 0.15750000000000003 0.19083333333333338 111.02777777777779 60.500000000000007 0.062500000000000014 0.16024691358024692 83.500000000000014 1.0000000180025095e-35 0.011750000000000002 0.0049166666666666673 54.500000000000007 0.075378787878787892 0.015527777777777781 0.070833333333333345 1.5000000000000002 0.069166666666666682 -10.499999999999998 69.395652173913064 0.037268518518518527 0.09039836567926457 52.500000000000007 10.500000000000002 -7.4999999999999991 1.0000000180025095e-35 13.500000000000002 0.066915422885572159 0.17262664963814392 0.22750000000000001 65.500000000000014 70.842592592592595 0.049166666666666671 0.13536417773705914 -12.499999999999998 0.011020833333333336 0.49750000000000005 2.5000000000000004 0.59416666666666684 4.5000000000000009 0.49750000000000005 0.023353174603174608 0.14583333333333334 9.5000000000000018 170.58943089430895
decision_type=2 2 2 2 2 2 2 2 2 2 2 2 2 2 2 2 2 2 2 2 2 2 2 2 2 2 2 2 2 2 2 2 2 2 2 2 2 2 2 2 2 2 2 2 2 2 2 2 2 2 2 2 2 2 2 2 2 2 2 2 2 2
left_child=5 3 14 34 10 21 8 42 55 18 30 39 16 60 28 17 40 23 19 27 22 -1 -6 -13 25 45 -19 33 -3 56 -4 49 51 59 41 -24 -30 38 -31 -10 47 -2 -7 -38 -27 46 57 -12 -37 -32 -43 -16 -44 -8 -22 -5 -18 -15 -28 -9 -11 -39
right_child=1 2 4 6 20 7 53 9 11 13 12 15 -14 24 32 -17 29 26 -20 -21 54 -23 35 -25 -26 44 58 -29 36 37 31 -33 -34 -35 -36 48 43 61 -40 -41 -42 50 52 -45 -46 -47 -48 -49 -50 -51 -52 -53 -54 -55 -56 -57 -58 -59 -60 -61 -62 -63
leaf_value=15.299177406312166 -5.427612395887123 10.823364823684205 15.079530510386864 20.058333653568088 1.0199913112881409 -17.654946073387737 3.8618026981901283 -5.5388219009549315 -16.621305067584863 7.0368760521756135 6.1245499404214812 -3.8283446316653329 -6.2236458343141798 -5.7116916538009948 -5.2353536931837148 -10.444605734456111 -2.4825516502976575 6.8128238131672907 -18.181281783098338 2.5227720115433003 14.77015413432995 -4.7095469780033321 -5.236267822596492 3.5408605255229157 -14.002913164658645 14.484229270390394 -6.611690558800567 -12.751724870827481 17.476620277564585 12.997370621775767 -9.5762558168857268 -13.671641014141333 15.121943610324237 -10.640115726645419 8.2570493486122718 21.391102604571586 6.4285932521820435 1.0087506446268402 -0.52263544773129766 -9.1549294692095788 3.478424767979774 5.7478108465420279 -7.6819922704195314 -1.1006249884711998 0.48561106330604942 -11.081875224558535 11.89506331542475 12.6471156224151 9.6206291428588351 -1.0580485291275827 -0.34009617136626719 10.781871473329518 -15.279428211268703 13.027405509978516 1.2533864500423024 3.7739016064551727 -23.316209785368912 16.615528388362701 -14.123014086601765 12.035514424323273 -8.0253728883723454 -23.66375204911186
leaf_weight=338.83402782678604 307.18520566821098 2429.4860587120056 62.148887157440186 160.1049539744854 726.61335876584053 1372.3899164795876 592.28864675760269 1461.8901529610157 713.79809835553169 591.59050139784813 945.31042149662971 1523.5444210767746 719.14855447411537 1531.3427919149399 74.7438984811306 1420.2463148534298 979.82327583432198 136.06375429034233 649.16929063200951 326.99092778563499 1213.295917391777 130.85711780190468 99.56455534696579 1217.7208107709885 432.99795654416084 142.30958995223045 746.33095988631248 2382.8712003827095 165.66235250234604 402.22305366396904 348.3321358859539 433.04545244574547 2763.7207844555378 1636.0344521701336 977.43847805261612 149.73475778102875 1967.2583193182945 715.87651139497757 203.06791821122169 994.29122224450111 1067.4112682938576 1313.8894320428371 545.96018877625465 446.60313081741333 395.39553061127663 602.71164333820343 75.277861982584 869.72389644384384 1136.4844278097153 911.94230350852013 789.6033421754837 1524.077935397625 751.09525936841965 325.31323808431625 103.03110048174858 107.91588681936264 40.89888995885849 34.229165554046631 484.14508965611458 55.667974025011063 82.027288258075714 27.578023940324783
leaf_count=302 478 3280 60 113 956 1140 768 1834 627 809 1296 2154 1011 1979 117 1668 1243 201 534 346 1234 154 153 1762 439 158 976 2306 157 472 508 517 2827 1869 1271 96 2941 1024 313 1291 1573 1957 796 737 531 718 83 951 1472 1411 1248 1981 743 385 149 116 22 38 459 71 111 20
internal_value=-4.2599e-08 3.58099 6.82684 -2.06064 3.67126 -8.55247 -4.51483 -9.20929 -5.93646 -7.73666 1.10627 -6.65642 2.98631 -3.66958 10.583 -4.92034 4.24744 -3.01036 -10.1646 -9.27705 9.45138 9.7247 6.7963 -0.554807 -5.52896 -4.2097 -7.93619 -9.97396 8.25424 0.761852 -5.28854 -6.03609 13.2569 -7.87507 4.03968 9.82501 5.83456 3.84895 8.46157 -12.2751 7.11271 2.3297 -14.9469 5.03557 4.1905 -6.22295 -4.43818 9.25002 10.9909 -3.41243 3.46255 10.0331 -12.0815 7.11124 13.7122 13.5016 -3.31733 -5.22354 -9.56711 -4.89415 5.20273 0.0935382
internal_weight=45876.3 32336.7 20526.8 11809.9 11155.3 13539.6 8421.76 13070 7504.16 10400.5 7726.53 7236.14 5971.06 3887.88 9371.55 5528.05 5251.91 4107.81 6512.62 5863.45 3428.72 469.691 2112.4 2741.27 3214.26 2781.27 1366.54 5536.46 5009.01 2369.47 1755.47 1693.32 4362.54 3153.59 3388.12 1385.78 2579.52 1348.75 605.291 1708.09 2882.45 2410.68 2669.45 2413.86 537.705 2243.56 1640.85 1815.03 1286.22 1260.27 2103.49 1598.82 1297.06 917.602 1316.33 268.021 1020.72 1565.57 1230.48 1517.56 673.618 743.455
internal_count=56956 41995 26521 15474 14481 14961 10520 14505 9367 11826 10421 9138 7925 4866 12040 7220 6914 5552 6960 6426 4060 456 2677 3916 3946 3507 1636 6080 7115 3094 2496 2436 4925 3774 4954 1721 3835 1829 785 1918 3820 3683 2679 3678 689 2818 2100 2247 1568 1919 3205 2098 1539 1153 1383 229 1265 2017 1435 1905 920 1044
is_linear=0
shrinkage=0.05


Tree=5
num_leaves=63
num_cat=0
split_feature=46 43 13 41 27 40 1 1 13 1 37 35 43 27 37 41 1 43 43 1 1 256 72 35 1 13 43 1 32 32 37 72 5 37 41 6 35 25 1 34 35 37 6 32 32 38 6 38 6 37 256 44 43 37 37 51 44 33 44 38 35 44
split_gain=5.07213e+08 2.13624e+08 1.0367e+08 5.77379e+07 5.43997e+07 5.39429e+07 4.08282e+07 4.0016e+07 3.83095e+07 3.51194e+07 3.07192e+07 2.91495e+07 2.71674e+07 2.63765e+07 2.70758e+07 2.45748e+07 2.44546e+07 2.22876e+07 1.95952e+07 1.87037e+07 1.73596e+07 1.62151e+07 1.53663e+07 1.69844e+07 1.52924e+07 1.4651e+07 1.39615e+07 1.23781e+07 1.1904e+07 1.18945e+07 1.25178e+07 1.17978e+07 1.14722e+07 1.14722e+07 1.12043e+07 1.12758e+07 1.05564e+07 1.00158e+07 9.37995e+06 9.36991e+06 9.33204e+06 9.5619e+06 8.7655e+06 8.68963e+06 8.26047e+06 8.17342e+06 7.97381e+06 7.86396e+06 7.90124e+06 7.85901e+06 7.80148e+06 7.76028e+06 7.70536e+06 7.59514e+06 7.43884e+06 8.39334e+06 7.29063e+06 7.10807e+06 7.04632e+06 6.94076e+06 6.83848e+06 6.78751e+06
threshold=1.0000000180025095e-35 0.0082500000000000021 1.0000000180025095e-35 0.089166666666666686 0.062895569620253181 0.01333342898615187 -8.4999999999999982 -11.499999999999998 1.0000000180025095e-35 -7.4999999999999991 0.0063148148148148156 0.18916666666666668 0.0063611111111111117 0.068337484433374854 0.0096944444444444465 0.12250000000000001 -8.4999999999999982 0.014023809523809527 0.0038611111111111116 11.500000000000002 -5.4999999999999991 1.0000000180025095e-35 1.0000000180025095e-35 0.15750000000000003 9.5000000000000018 1.0000000180025095e-35 0.0040238095238095241 -6.4999999999999991 0.085960591133004943 0.048003072196620589 0.0058796296296296305 1.0000000180025095e-35 0.10923295454545455 0.0078452380952380978 0.074166666666666672 0.10733486943164364 0.11416666666666668 1.5000000000000002 14.500000000000002 0.040906490738147137 0.13250000000000003 0.011361111111111112 0.042705167173252283 0.045804195804195813 0.035929432013769365 0.73750000000000016 0.039736842105263161 0.50250000000000006 0.10268392044092979 0.011361111111111112 1.0000000180025095e-35 0.28916666666666674 0.017546296296296299 0.011842592592592594 0.012687500000000003 1.0000000180025095e-35 0.87250000000000016 0.023692084942084943 0.64250000000000018 0.15250000000000002 0.12583333333333338 0.44416666666666677
decision_type=2 2 2 2 2 2 2 2 2 2 2 2 2 2 2 2 2 2 2 2 2 2 2 2 2 2 2 2 2 2 2 2 2 2 2 2 2 2 2 2 2 2 2 2 2 2 2 2 2 2 2 2 2 2 2 2 2 2 2 2 2 2
left_child=1 5 9 7 28 16 49 -4 22 -3 -9 17 42 -5 47 19 58 32 -18 29 -16 24 23 33 31 -20 -7 59 -2 -11 -31 34 43 56 52 -36 57 -17 61 45 41 -32 -10 -12 -19 -39 -27 -15 -49 -6 -35 -45 -14 -46 -53 -56 -8 -22 -1 -28 -57 -29
right_child=4 2 3 13 6 26 8 10 12 15 11 -13 21 14 20 37 18 44 25 -21 36 -23 -24 -25 -26 46 27 38 -30 30 40 -33 -34 50 35 -37 -38 39 -40 -41 -42 -43 -44 51 53 -47 -48 48 -50 -51 -52 54 -54 -55 55 60 -58 -59 -60 -61 -62 -63
leaf_value=3.061484884708364 16.144461056667549 -14.154142037507643 -11.788774400762968 16.436336842799523 -11.04090179153242 16.193602864659642 -2.1232235095198155 7.2152510431288697 15.127336146915908 12.646591297780319 13.69762605742538 12.360838977754575 -3.1331201018317305 11.673652029939236 -5.9067498428203669 23.92916521426298 11.470143805389128 11.425480184757161 -0.19131381508328854 -12.367234760558073 2.7901252443769793 -14.971850991903265 -17.157337242056769 2.2640013345119789 -13.164182528809171 8.8451446400262466 11.663241928710756 13.797622802040713 -2.2024492223945087 4.3902974237414236 -3.1250232168902801 -11.896427580134805 -4.6339490774563954 -10.286835216857126 7.2923153654847601 -2.8982992918860018 8.0034797233146051 -2.7945947221422998 -1.3219729598515575 15.274935431932192 2.7664981409051315 -9.3912591629991802 2.2457874444546735 8.7104690613604063 -3.2108043160560005 10.754936620308646 4.0912566011296674 7.9237871766873411 -3.0217163894497281 -16.515954715633409 -17.38292699016586 2.673032621825957 -14.586523182627857 -9.7899493219638405 11.487454694401272 -7.7861926940357185 -8.7253271577009262 -6.3262787949658854 -5.9004790966890504 0.83064355872508566 6.6888059934506732 9.5615801395467965
leaf_weight=367.09046697616577 266.74594050645828 980.26238614320755 700.27847447991371 569.66768687963486 1142.1036987304688 1383.5032886564732 668.84565263986588 1453.0218350291252 178.62419667840004 107.24975809454918 155.47986945509911 381.6522536277771 1036.9785805046558 1291.0336300730705 580.18098011612892 58.791244745254517 1490.0598625838757 63.2265245616436 1089.8566983342171 776.83063387870789 1103.941520690918 385.103385835886 620.61797571182251 322.92104211449623 400.82027307152748 1744.1899072527885 216.33918860554695 2221.2697359919548 132.24097716808319 366.6834525167942 1138.6713528633118 305.84411743283272 802.93821600079536 3221.1023724079132 547.91477540135384 537.96774160861969 896.69161549210548 511.48465061187744 136.92654094099998 121.48744630813599 307.47619864344597 1308.2599600851536 506.63386848568916 318.7057911157608 769.04599577188492 142.25500425696373 1784.5921410322189 904.94075256586075 201.61156171560287 1538.1734377741814 440.26844862103462 1221.9867697358131 171.07203602790833 1021.1248717308044 80.598914474248886 547.42012795805931 1115.6643170416355 265.17964518070221 544.88845384120941 467.22384768724442 95.887156635522842 1646.68063133955
leaf_count=631 241 1011 863 514 1364 1384 930 2091 209 99 154 397 1435 1549 830 33 1910 78 1631 871 1474 415 518 339 452 2384 275 2489 163 516 1585 327 1131 3389 625 694 1102 685 212 111 390 1599 720 438 1103 157 2701 1246 308 1318 364 1843 175 1226 94 740 1283 337 817 710 123 2153
internal_value=-2.4804e-08 3.40194 0.0498827 2.46611 -8.12485 8.32893 -8.6771 -0.399566 -7.26632 -5.52401 0.754466 -0.965495 -3.47552 6.21819 5.10808 -3.77582 5.34425 -1.96739 6.48445 -5.40177 1.81034 -5.3131 -9.6816 -8.87735 -4.07348 4.87597 11.78 10.4776 10.0635 -3.72568 -4.28828 -2.67192 0.544939 -9.53799 -1.44204 2.24368 3.78636 4.03239 11.539 2.52347 -5.44362 -6.47529 5.60358 2.2632 -6.33627 0.153809 6.44099 9.02258 5.92954 -14.183 -11.1401 1.47815 -4.75504 -6.96359 0.293613 -3.72296 -6.25082 1.02441 -2.2931 4.25903 -5.62864 11.9942
internal_weight=45876.3 32336.7 19244.1 13424.6 13539.6 13092.6 13140.7 7611.37 10460.4 5819.45 6911.09 5458.07 4070.96 5813.25 5243.58 4839.19 7020.68 5076.41 6108.7 4005.17 2845.99 3385.7 6389.42 5768.8 3000.6 4618.64 6071.94 4688.44 398.987 3228.34 3121.09 2599.78 3223.02 5445.88 2293.93 1085.88 2265.81 834.018 4004.88 775.227 2754.41 2446.93 685.258 2420.08 1853.4 653.74 3528.78 2397.59 1106.55 2680.28 3661.37 2264.6 1208.05 1790.17 1945.89 723.906 1784.51 1369.12 911.979 683.563 643.307 3867.95
internal_count=56956 41995 24698 17641 14961 17297 14557 10281 11875 7057 9418 7327 5052 7360 6846 6046 10074 6930 8626 5060 3743 4123 6823 6305 3708 6716 7223 5839 404 4189 4090 3256 4523 5966 2929 1319 2913 986 4854 953 3574 3184 929 3392 2407 842 5085 3103 1554 2682 3753 3238 1610 2329 2800 957 2213 1811 1448 985 863 4642
is_linear=0
shrinkage=0.05


Tree=6
num_leaves=63
num_cat=0
split_feature=12 48 43 37 23 1 35 37 11 23 28 41 34 35 37 43 35 1 1 1 51 41 51 37 28 11 1 0 6 13 5 43 5 0 6 39 35 5 41 43 34 43 48 35 37 11 34 23 43 22 23 1 1 26 16 44 3 35 37 41 41 6
split_gain=4.5776e+08 1.97116e+08 8.59269e+07 5.909e+07 5.37218e+07 4.95919e+07 4.55146e+07 3.78634e+07 3.74966e+07 3.58609e+07 3.16844e+07 2.8414e+07 2.58936e+07 2.57128e+07 2.4941e+07 2.42731e+07 2.40401e+07 2.09432e+07 1.96786e+07 1.73302e+07 1.70459e+07 1.68302e+07 1.33678e+07 1.29054e+07 1.27204e+07 1.24337e+07 1.18696e+07 1.50924e+07 2.08702e+07 1.1761e+07 1.10274e+07 1.01815e+07 9.74813e+06 9.65914e+06 1.09248e+07 1.0104e+07 9.52091e+06 9.42741e+06 9.37701e+06 9.10201e+06 8.9044e+06 8.66538e+06 8.60012e+06 7.99445e+06 8.64375e+06 7.39016e+06 7.3403e+06 6.98115e+06 6.8524e+06 6.83486e+06 6.80735e+06 6.672e+06 7.35243e+06 6.625e+06 6.55827e+06 6.54472e+06 6.53877e+06 6.44481e+06 6.43697e+06 6.66738e+06 6.39144e+06 6.28897e+06
threshold=1.0000000180025095e-35 1.0000000180025095e-35 0.0086388888888888904 0.0075462962962962966 87.657509157509182 -11.499999999999998 0.15083333333333335 0.0085092592592592598 0.29948453608247427 56.313852813852826 84.377192982456151 0.070833333333333345 0.010808518564666922 0.44250000000000006 0.0063148148148148156 0.0082500000000000021 0.17083333333333336 -5.4999999999999991 -5.4999999999999991 -8.4999999999999982 1.0000000180025095e-35 0.10750000000000003 1.0000000180025095e-35 0.014916666666666668 111.02777777777779 0.24536878216123501 9.5000000000000018 57.500000000000007 0.07185886402753873 12.500000000000002 0.13182720953326715 0.0070185185185185194 0.10275263951734541 44.500000000000007 0.071067821067821071 0.01176145552560647 0.067500000000000018 0.16024691358024692 0.049166666666666671 0.028250000000000001 0.010378978448293819 0.0065833333333333343 1.0000000180025095e-35 0.49750000000000005 0.0085092592592592598 0.1924501424501425 0.0095915265909860565 67.949519230769241 0.0058796296296296305 24.500000000000004 101.34597523219816 11.500000000000002 -8.4999999999999982 5.5000000000000009 3.5000000000000004 0.24083333333333337 7.5000000000000009 0.49750000000000005 0.01201851851851852 0.072500000000000023 0.042500000000000003 0.10733486943164364
decision_type=2 2 2 2 2 2 2 2 2 2 2 2 2 2 2 2 2 2 2 2 2 2 2 2 2 2 2 2 2 2 2 2 2 2 2 2 2 2 2 2 2 2 2 2 2 2 2 2 2 2 2 2 2 2 2 2 2 2 2 2 2 2
left_child=4 3 11 31 24 58 9 12 10 -5 50 17 41 18 46 38 21 -3 -9 -17 -20 30 -21 36 -1 56 27 48 32 47 33 60 -29 35 -35 -16 -24 61 -11 40 -33 42 55 44 -27 -23 -12 -13 49 -22 -7 52 -14 -10 -54 -6 -19 -8 59 -4 -2 -30
right_child=1 2 5 6 7 8 57 13 53 15 14 29 51 -15 16 19 -18 25 20 22 26 45 23 -25 -26 43 -28 28 37 -31 -32 39 -34 34 -36 -37 -38 -39 -40 -41 -42 -43 -44 -45 -46 -47 -48 -49 -50 -51 -52 -53 54 -55 -56 -57 -58 -59 -60 -61 -62 -63
leaf_value=14.008841675890924 2.8479440709929906 1.3092867542655517 -10.937625766107976 12.514939995106996 10.826758191460264 16.47270124790256 3.2005599821078179 -14.169821717293269 -3.3946606142336506 -4.2932884486625715 4.3096838748516735 20.738214610229779 -5.333560874687941 7.1093329555748417 8.3668029765537515 -13.89651561516447 10.865331042182071 11.74648891954457 0.87739543340436765 2.8648846270137729 -14.917768556303313 12.736500337862392 -7.3261455851342765 -10.811064014152819 -4.3453270746321735 7.3827665831058624 -14.695901697904922 14.394559182410115 3.5891192917596069 6.6262683741518273 -6.6539270628194647 -3.1432991077407308 -3.1823519563447036 5.1294122167129919 -1.9763683195383313 -6.9189921982837408 -1.0186047774451779 -16.777104730465929 3.395126501856025 13.330310222547817 3.6298916663722602 -8.8186518065031869 5.5934268040727666 18.997416438979553 0.14746273250239889 4.1192555492215472 11.593373660993132 13.179670530088956 -11.175984122645186 1.3624095937722911 2.0411413591924519 -11.636876711788645 6.1488521166219545 -24.681396194141346 -7.9806112350722405 -6.73812577114915 3.4398801867448086 11.98887783268043 -13.385916665334783 1.4080133098312893 9.6259674063101883 -7.6394731379606426
leaf_weight=338.83402782678604 600.76126265525818 1165.6375721991062 211.25934424996376 265.82476812601089 56.899930268526077 696.89436674118042 581.51836422085762 2689.5199374556541 1211.5971258282661 862.9016387462616 479.31978705525398 339.41125416755676 227.21294462680817 209.29193642735481 131.86091935634613 951.96297347545624 789.69961187243462 2498.1619749963284 406.22717696428299 353.06068351864815 90.99269038438797 309.3909210562706 1700.7105750441551 1594.3753294944763 130.85711780190468 1253.2725073993206 988.84082347154617 187.14894253015518 165.13528692722321 656.87327596545219 586.64480140805244 930.41547653079033 136.35347381234169 1424.021985411644 872.24106913805008 600.15675488114357 922.94206738471985 221.60261356830597 733.84842625260353 146.07892119884491 1014.158139616251 2039.5299153625965 218.58318701386452 107.89195239543915 615.52450919151306 1270.5297745168209 1242.6722988188267 3056.2309331893921 2928.3003470599651 221.16965928673744 92.566861122846603 87.288507133722305 815.05174854397774 37.688689887523651 91.327750384807587 780.19526979327202 261.73419177532196 325.31323808431625 388.7873095870018 226.73739776015282 826.00799036026001 509.27955111861229
leaf_count=302 963 1953 297 225 78 612 759 2559 1665 1256 743 211 344 302 149 920 882 3123 540 555 84 344 2202 1704 154 1816 901 177 189 902 889 1422 159 1882 1322 789 1288 185 1028 158 1501 2465 322 83 851 1753 1498 3395 2982 298 133 112 1097 22 130 962 424 385 426 357 1108 619
internal_value=-4.15725e-08 3.23184 6.19289 -1.91477 -7.71861 3.05377 -4.2182 -8.31566 4.05122 -5.51619 5.24053 9.52669 -4.48302 -10.2053 4.26324 -6.1894 2.73744 7.31321 -10.6294 -7.75914 -9.00317 1.50187 -6.48099 -7.26327 8.89532 8.79073 -9.73979 -8.64095 -3.89972 12.7505 -0.37959 3.51566 6.98604 0.835887 2.43026 -4.16551 -5.10729 -7.82997 -0.759779 1.29337 0.389139 -6.9153 -3.23809 5.76371 4.99968 5.80674 9.56594 13.9352 -10.4253 -3.38312 14.7806 1.68334 2.70902 -4.03684 4.72515 -5.54419 10.9587 6.35325 -8.70324 -4.54667 6.77199 -4.89007
internal_weight=45876.3 32336.7 20526.8 11809.9 13539.6 10572.1 8292.46 13070 9745.28 7385.63 8496 9954.74 4316.09 8753.86 7706.54 7119.8 5984.55 5902.22 8544.57 5523.05 5855.05 5194.85 4571.09 4218.03 469.691 4736.59 5448.82 4459.98 1219.52 4052.52 3614.93 3517.42 323.502 3028.28 2296.26 732.018 2623.65 896.017 1596.75 2090.65 1944.57 3095.21 1055.68 1976.69 1868.8 1579.92 1721.99 3395.64 3240.46 312.162 789.461 1220.88 1133.59 1249.29 906.379 837.095 2759.9 906.832 826.784 437.997 1426.77 674.415
internal_count=56956 41995 26521 15474 14961 13763 10322 14505 12683 9178 10996 12758 5510 8995 10251 8953 8010 8250 8693 6669 6134 7128 5749 5194 456 6297 5594 4693 1329 4508 5031 5152 336 4142 3204 938 3490 993 2284 3081 2923 3827 1362 2750 2667 2097 2241 3606 3364 382 745 1683 1571 1687 1227 1040 3547 1144 1080 654 2071 808
is_linear=0
shrinkage=0.05


Tree=7
num_leaves=63
num_cat=0
split_feature=12 43 13 41 28 40 37 1 1 49 37 35 35 27 37 1 1 40 1 28 1 1 11 51 43 51 28 43 35 43 1 44 16 41 35 37 1 6 35 2 35 37 0 35 13 12 72 256 11 11 11 5 11 5 0 41 6 43 44 0 5 11
split_gain=4.13129e+08 1.747e+08 8.58352e+07 4.86089e+07 4.5143e+07 4.48037e+07 3.62762e+07 3.27609e+07 2.94876e+07 2.73652e+07 2.5835e+07 2.77199e+07 2.48544e+07 2.2091e+07 2.31417e+07 2.20322e+07 2.14077e+07 1.91336e+07 1.87293e+07 1.6278e+07 1.58838e+07 1.47567e+07 1.40324e+07 1.28303e+07 1.27314e+07 1.26967e+07 1.25742e+07 1.18242e+07 1.15093e+07 1.12035e+07 1.06226e+07 1.10916e+07 1.0516e+07 1.02003e+07 9.96942e+06 1.16418e+07 9.53916e+06 9.17804e+06 8.94729e+06 8.83878e+06 8.8216e+06 8.79468e+06 8.35541e+06 8.05828e+06 7.79838e+06 7.7691e+06 7.56824e+06 7.52522e+06 7.26201e+06 7.14692e+06 7.04723e+06 7.20526e+06 6.931e+06 6.90583e+06 6.84238e+06 6.49746e+06 6.43699e+06 6.43508e+06 6.31687e+06 6.16725e+06 6.13589e+06 6.30322e+06
threshold=1.0000000180025095e-35 0.0082500000000000021 1.0000000180025095e-35 0.089166666666666686 88.301215277777786 0.013558658696139024 0.01052777777777778 -11.499999999999998 -7.4999999999999991 1.0000000180025095e-35 0.010351851851851853 0.1791666666666667 0.17750000000000002 0.068337484433374854 0.0096944444444444465 9.5000000000000018 -5.4999999999999991 0.03934929298508625 -3.4999999999999996 61.652617568766644 11.500000000000002 -5.4999999999999991 0.26106541323932636 1.0000000180025095e-35 0.0038611111111111116 1.0000000180025095e-35 55.432898550724644 0.0040238095238095241 0.044166666666666674 0.018416666666666668 -12.499999999999998 0.19416666666666668 2.5000000000000004 0.087500000000000008 0.14083333333333337 0.0068425925925925928 -8.4999999999999982 0.041381278538812787 0.15750000000000003 1.0000000180025095e-35 0.11416666666666668 0.0058796296296296305 1.5000000000000002 0.025833333333333337 1.0000000180025095e-35 12.500000000000002 1.0000000180025095e-35 1.0000000180025095e-35 0.29948453608247427 0.27750275027502758 0.31726674409601247 0.13293172690763055 0.27315608919382511 0.087228260869565227 64.500000000000014 0.26083333333333342 0.13527590090090094 0.0093541666666666686 0.27083333333333343 61.500000000000007 0.14729990356798459 0.24896694214876036
decision_type=2 2 2 2 2 2 2 2 2 2 2 2 2 2 2 2 2 2 2 2 2 2 2 2 2 2 2 2 2 2 2 2 2 2 2 2 2 2 2 2 2 2 2 2 2 2 2 2 2 2 2 2 2 2 2 2 2 2 2 2 2 2
left_child=4 5 8 7 18 16 9 -4 -3 22 28 19 25 -5 49 17 44 26 -1 -12 24 -16 32 -21 -18 -8 -10 -7 53 50 31 -29 56 42 35 -28 -27 -26 -35 59 52 -24 -11 -17 -2 60 47 55 -30 -15 51 58 -23 -9 -39 57 -6 -38 -25 -14 61 -32
right_child=1 2 3 13 6 27 12 10 15 33 11 -13 39 14 21 43 20 -19 -20 23 -22 40 41 29 37 36 34 30 48 -31 45 -33 -34 38 -36 -37 46 54 -40 -41 -42 -43 -44 -45 -46 -47 -48 -49 -50 -51 -52 -53 -54 -55 -56 -57 -58 -59 -60 -61 -62 -63
leaf_value=-5.1491444184867028 -7.1519299013029318 -12.940850525979299 -10.697031730240795 15.031498875710552 7.067493410094861 14.849440277675724 -3.2579529915627421 2.1877354865930267 14.827764865638787 10.69299346164847 12.746621390165695 10.649145883114869 -12.465997082161365 9.5287916655699547 -5.4995403141657997 6.7517379201722783 11.370834741973791 10.61905953456721 15.098005971043131 6.3944930317129218 -2.1613484790818105 3.0038413718068067 1.8367578020968844 5.8357873855655464 7.9381508489634003 -15.316926325712314 2.5081403614197075 12.578614079847613 6.6657858220455326 -13.093404382503511 13.480995429617394 -10.40016569292016 -5.9138113647840331 -2.7179884166647419 5.1609004993463916 -5.5752868702693794 -5.8189302771792297 -0.22519999945293254 23.335463709219852 7.3423851620743266 7.2924394858065957 -8.7449096604733043 -9.1168179769688287 -10.330320007500386 1.4799945375991173 5.8038285713306479 -16.679657860244458 -15.78772592903417 -2.7011729520638803 2.3001934079304269 -12.471795678673351 -9.2610921163698539 -5.1391805269681763 -5.8989300955622594 5.8951671207074057 5.2308557188724158 -0.68005108710843087 -10.746341885276031 -3.164681557071642 2.4806090510679439 5.8718411883272195 8.5459651181192324
leaf_weight=181.69767621159554 341.92047235369682 980.26238614320755 700.27847447991371 569.66768687963486 745.34851807355881 1351.4189360737801 468.41640919446945 889.74652171134949 100.66174334287643 54.145588934421539 137.25598776340485 358.00526449084282 154.71900922060013 1984.4601072669029 580.18098011612892 73.524604648351669 1293.948742300272 299.44871428608894 307.54402983188629 231.79404711723328 511.51143229007721 1017.5035088658333 275.84663280844688 229.50372239947319 2060.9588861465454 1462.6131371855736 549.18205371499062 87.44748318195343 2065.880440056324 446.40268111228943 2081.8605268001556 131.45987492799759 323.1952363550663 379.85282871127129 326.95545035600662 2357.4629025161266 886.80204278230667 845.96561327576637 36.083854466676712 236.13482645153999 896.69161549210548 681.43254658579826 3143.8888586163521 1131.9542331397533 1114.6202146112919 858.48645848035812 470.38384428620338 490.81536731123924 229.95043131709099 413.12583708763123 240.41679474711418 412.11333224177361 351.6176570057869 375.39672067761421 992.32453343272209 76.481735736131668 418.70496913790703 2620.9433013498783 1294.6223824620247 124.59242451190948 481.89684143662453 938.80074793100357
leaf_count=219 452 1011 863 514 1011 1349 608 1298 87 73 135 377 181 2512 830 81 1603 318 274 338 789 1349 377 320 2814 1203 789 101 2877 489 2227 182 469 460 399 3042 1080 1269 21 278 1102 889 3557 1330 1891 1221 359 407 385 591 282 539 462 596 1457 86 648 2610 1782 151 652 1290
internal_value=-2.57634e-08 3.07025 0.0389213 2.23751 -7.33267 7.52583 -7.89167 -0.391879 -5.0329 -5.05973 0.652309 -2.49947 -10.3456 5.68021 4.66428 -3.43101 4.8639 -1.48781 7.57849 -4.0727 6.24525 1.61551 -0.973895 -4.88134 7.07327 -11.1866 -2.57512 10.7397 3.61746 -5.87776 9.52704 -1.22077 2.06535 -7.82344 -3.11687 -4.048 -11.8047 5.64714 -0.457767 0.221422 3.43738 -5.69573 -8.78142 -9.28845 -0.546335 10.0665 -10.6746 -9.98139 5.72759 8.28324 -4.39793 -3.39542 0.912551 -0.211762 3.07863 -9.18628 4.28074 -9.50063 -1.80939 -5.79877 11.1113 11.9472
internal_weight=45876.3 32336.7 19244.1 13424.6 13539.6 13092.6 13050.4 7611.37 5819.45 6058.5 6911.09 3350.11 6991.9 5813.25 5243.58 4839.19 7161.25 3633.71 489.242 2992.11 5704.71 2845.99 2444.53 2854.85 5193.2 6476.46 3334.26 5931.37 3560.97 2623.06 4579.95 218.907 1487.25 3613.97 3233.6 2906.64 6008.04 3899.25 415.937 515.446 2265.81 957.279 3198.03 1205.48 1456.54 4361.04 4545.43 4075.04 2295.83 2397.59 2176.66 1936.24 1369.12 1265.14 1838.29 3584.23 1164.05 3507.75 1524.13 279.311 3502.56 3020.66
internal_count=56956 41995 24698 17641 14961 17297 14468 10281 7057 7505 9418 4262 6963 7360 6846 6046 10275 4635 493 3885 7932 3743 3394 3750 7143 6353 4317 7022 5156 3412 5673 283 2128 4111 4230 3831 5745 5540 481 610 2913 1266 3630 1411 2343 5390 4542 4183 3262 3103 2923 2641 1811 1894 2726 3776 1659 3690 2102 332 4169 3517
is_linear=0
shrinkage=0.05


Tree=8
num_leaves=63
num_cat=0
split_feature=12 48 37 35 37 23 35 43 23 11 1 13 37 39 11 43 1 34 43 16 11 2 28 23 1 11 66 35 40 43 37 37 40 35 28 43 37 40 28 4 1 1 12 37 34 21 12 51 2 0 35 23 40 22 37 0 23 1 40 16 37 48
split_gain=3.72848e+08 1.64411e+08 7.0784e+07 4.9929e+07 4.92553e+07 4.47422e+07 3.83919e+07 3.15325e+07 3.0758e+07 2.83261e+07 2.63847e+07 2.19484e+07 2.14434e+07 2.078e+07 2.02319e+07 1.99856e+07 1.42454e+07 1.33925e+07 1.32092e+07 1.2972e+07 1.24495e+07 1.24233e+07 1.26816e+07 1.15037e+07 1.11065e+07 1.07703e+07 1.03316e+07 1.00153e+07 9.87357e+06 9.85892e+06 9.48318e+06 9.18894e+06 8.9725e+06 8.96041e+06 8.66932e+06 8.62412e+06 8.588e+06 8.99985e+06 8.49845e+06 8.41417e+06 8.24158e+06 7.86494e+06 7.85925e+06 7.71237e+06 8.80168e+06 7.5688e+06 6.88726e+06 6.8834e+06 6.64212e+06 6.47716e+06 6.39208e+06 6.33881e+06 6.29002e+06 6.26545e+06 6.42092e+06 6.22988e+06 6.22533e+06 6.17441e+06 6.12604e+06 5.89259e+06 5.79629e+06 6.47682e+06
threshold=1.0000000180025095e-35 1.0000000180025095e-35 0.0076875000000000008 0.11083333333333335 0.0075462962962962966 86.887163561076605 0.15083333333333335 0.0065833333333333343 56.313852813852826 0.2983765383608275 -12.499999999999998 4.5000000000000009 0.014037037037037039 0.011043432203389833 0.27806414662084772 0.01052777777777778 -5.4999999999999991 0.01545391429676588 0.0080277777777777795 3.5000000000000004 0.23046398046398051 -1.0000000180025095e-35 55.432898550724644 67.191452991453005 -8.4999999999999982 0.33143939393939398 1.0000000180025095e-35 0.49750000000000005 0.013701292080077246 0.012546296296296298 0.010175925925925927 0.010690476190476193 0.017263844096056528 0.17083333333333336 211.94770889487873 0.020690476190476193 0.0035092592592592597 0.016898164160110762 76.913194444444457 7.5000000000000009 -12.499999999999998 10.500000000000002 13.500000000000002 0.0060208333333333338 0.024454529684796493 37.500000000000007 10.500000000000002 1.0000000180025095e-35 1.0000000180025095e-35 87.500000000000014 0.18750000000000003 46.877976190476197 0.038081816843311467 21.500000000000004 0.012194444444444445 60.500000000000007 76.186970338983073 15.500000000000002 0.0092128961976872068 2.5000000000000004 0.0099166666666666691 1.0000000180025095e-35
decision_type=2 2 2 2 2 2 2 2 2 2 2 2 2 2 2 2 2 2 2 2 2 2 2 2 2 2 2 2 2 2 2 2 2 2 2 2 2 2 2 2 2 2 2 2 2 2 2 2 2 2 2 2 2 2 2 2 2 2 2 2 2 2
left_child=5 4 14 9 36 25 8 13 -6 10 -4 16 18 27 17 28 -9 42 58 20 30 22 -5 -17 -20 51 48 60 31 -24 -13 -12 -26 47 35 -23 -2 -38 -11 -15 -16 52 -3 45 -45 -22 -30 -18 -14 -35 -32 -1 55 -49 -55 -25 -19 -50 -10 -57 61 -7
right_child=1 2 3 21 6 7 -8 11 12 38 15 19 26 39 40 23 33 56 24 -21 43 34 29 41 32 -27 -28 -29 46 -31 50 -33 -34 49 -36 -37 37 -39 -40 -41 -42 -43 -44 44 -46 -47 -48 53 57 -51 -52 -53 -54 54 -56 59 -58 -59 -60 -61 -62 -63
leaf_value=16.463227276325661 9.2595089752512099 9.0330878952202678 -8.8257745076583074 16.346525600058921 11.620363954168951 -5.3996168947711256 5.8225159556966561 -14.389278742569212 -3.2564623723316775 10.338416949282651 6.5327002655175734 4.1127614418431504 -12.01034172362359 10.20989173255176 -11.653051595130187 11.377766630671658 -1.3360183754526826 18.849811634654706 -11.668732540771007 -12.074673621854874 -4.4436273366161743 12.949469558299326 6.6429153268636263 -3.7199673854098423 -6.3880506880904786 -16.199541366058725 8.3996482864234068 15.116797691769381 11.023492077956611 -1.6624506733873123 -5.7800598911120531 -1.0671551714722558 -0.47662328101814011 -3.5845932182279792 -23.142584329191461 3.723891094493796 0.13904151276221677 5.8376842758388774 -7.626773438835059 -6.649042340522171 4.6329216925849437 -8.6531782944982432 3.2750971148419086 -9.6156294559339628 -0.9174383328984107 13.666887793181429 3.9746708224442209 -14.72199313657323 -5.6205065835269039 17.693644885096255 12.194493271165634 4.2823325387352771 7.757210618924586 -7.3173590044808918 -11.51420280973505 3.3904852800219234 11.606550080037573 -15.099153153390382 4.1417613559162705 -5.3590288723736741 -9.4591892143846703 3.0739540649174311
leaf_weight=220.48544645309448 497.76951318979263 3735.8132200241089 521.2502193748951 211.83544036746025 265.82476812601089 961.35725772380829 906.83160230517387 1726.2401439845562 476.21217066049576 70.09627902507782 839.95689627528191 566.01375526189804 1409.2699698805809 388.26331946253777 81.675188392400742 204.35186293721199 240.80920499563217 330.05225604772568 542.67287683486938 702.19783160090446 196.22309157252312 1408.4285292029381 879.11312052607536 1006.5431851148605 1470.1886868774891 41.217769116163254 81.909773141145706 61.974911004304886 991.95275208353996 601.99769765138626 686.63710734248161 755.46098613739014 1139.3615197837353 172.74351078271866 18.476907581090927 308.87242224812508 1942.770753890276 1076.8815232813358 1081.2974490523338 91.440292805433273 1589.0811037421227 293.54206466674805 704.35829138755798 1588.6989233195782 356.00866839289665 81.715487658977509 532.60718542337418 608.74615725874901 1118.7502528429031 45.10261806845665 53.300801336765289 207.14823815226555 236.57012742757797 1984.3772980868816 1685.4319207668304 951.69800353050232 2930.5724200904369 202.97963199019432 678.45681190490723 241.20358166098595 578.88573977351189 294.62334284186363
leaf_count=175 655 5031 678 177 225 1221 1144 1465 701 80 1238 810 1420 495 118 216 363 207 538 783 267 1430 1179 1313 1953 42 124 72 1153 864 821 1154 1600 184 13 397 3059 1438 1422 128 2294 407 1124 1805 480 98 766 538 1449 34 63 237 293 2292 1531 1335 3266 190 978 366 604 453
internal_value=-2.64379e-10 2.91674 5.621 2.92982 -1.78356 -6.96604 -3.88658 -7.51041 -5.07869 0.701488 1.96835 -8.66811 -5.70217 -2.30086 8.8244 2.89775 -10.5007 9.90651 -3.48459 -5.86837 -4.6333 7.95131 4.90379 -0.0647895 -5.16048 8.21 -9.09754 -4.65207 5.6836 3.2672 -0.758794 2.93402 -3.80705 -9.08376 10.9236 11.2902 3.17441 2.17132 -6.53306 6.99627 3.83678 -0.921451 8.11968 -6.90983 -8.02329 0.880965 8.56098 -9.56119 -9.62233 0.820829 -4.48528 10.5627 0.0102288 -10.0241 -9.24484 -0.823029 12.3397 -7.07615 1.09056 1.62134 -5.31978 -3.41192
internal_weight=45876.3 32336.7 20526.8 11155.3 11809.9 13539.6 8292.46 13070.8 7385.63 7726.53 6575.14 10694.2 7119.8 2376.54 9371.55 6053.89 6463.45 7700.8 4306.89 4230.8 3528.6 3428.72 1692.95 2933.91 3152.22 468.851 2812.91 1896.84 3119.98 1481.11 1305.95 1595.42 2609.55 4737.21 1735.78 1717.3 3517.42 3019.65 1151.39 479.704 1670.76 2729.56 4440.17 2222.65 1944.71 277.939 1524.56 4519.36 2731 217.846 739.938 427.634 2436.01 4278.56 3669.81 2199.44 3260.62 1321.73 1154.67 1192.9 1834.87 1255.98
internal_count=56956 41995 26521 14481 15474 14961 10322 14507 9178 10421 8919 11534 8953 2973 12040 8241 6407 9628 5770 5127 4344 4060 2220 3930 4091 454 3183 2350 4311 2043 1694 2392 3553 4942 1840 1827 5152 4497 1502 623 2412 3714 6155 2650 2285 365 1919 4724 3059 218 884 412 3307 4361 3823 3014 3473 1639 1679 1701 2278 1674
is_linear=0
shrinkage=0.05


Tree=9
num_leaves=63
num_cat=0
split_feature=46 48 43 43 23 1 1 28 49 1 37 35 1 1 43 37 23 1 35 37 35 256 72 5 0 51 35 37 35 51 8 37 28 38 37 256 37 35 35 35 33 0 6 0 0 18 23 37 1 25 8 37 35 1 37 1 15 14 6 15 49 0
split_gain=3.36496e+08 1.48381e+08 6.63164e+07 4.46656e+07 4.03799e+07 3.85251e+07 2.97714e+07 2.95923e+07 2.73216e+07 2.66869e+07 2.45066e+07 2.69228e+07 2.10491e+07 2.00708e+07 1.97765e+07 1.91034e+07 1.59692e+07 1.46966e+07 1.38087e+07 1.3769e+07 1.78018e+07 1.30247e+07 1.29386e+07 1.27234e+07 1.5455e+07 1.23741e+07 1.1704e+07 1.16913e+07 1.14047e+07 1.06122e+07 1.05526e+07 1.04586e+07 1.00452e+07 9.44905e+06 1.12192e+07 9.21729e+06 8.97393e+06 8.81046e+06 8.1015e+06 8.09689e+06 7.87845e+06 7.76414e+06 7.48068e+06 7.48047e+06 7.39061e+06 9.48867e+06 7.37173e+06 8.39024e+06 7.11545e+06 6.96763e+06 6.89276e+06 6.88399e+06 6.80682e+06 6.75634e+06 6.60143e+06 6.73415e+06 6.46443e+06 6.4586e+06 6.38356e+06 6.20392e+06 6.11571e+06 5.52649e+06
threshold=1.0000000180025095e-35 1.0000000180025095e-35 0.0086388888888888904 0.0073571428571428581 86.887163561076605 -11.499999999999998 -8.4999999999999982 72.343750000000014 1.0000000180025095e-35 -7.4999999999999991 0.0056904761904761911 0.17083333333333336 10.500000000000002 -3.4999999999999996 0.0063611111111111117 0.011583333333333336 55.080735930735941 8.5000000000000018 0.13083333333333336 0.0076875000000000008 0.19750000000000004 1.0000000180025095e-35 1.0000000180025095e-35 0.16760299625468167 75.500000000000014 1.0000000180025095e-35 0.044166666666666674 0.019694444444444448 0.15750000000000003 1.0000000180025095e-35 4.5000000000000009 0.0036851851851851859 111.02777777777779 0.25250000000000006 0.008861111111111113 1.0000000180025095e-35 0.0040238095238095241 0.10416666666666667 0.067500000000000018 0.07583333333333335 0.021003875968992249 46.500000000000007 0.042705167173252283 12.500000000000002 60.500000000000007 2.5000000000000004 48.300637958532704 0.0076875000000000008 11.500000000000002 3.5000000000000004 4.5000000000000009 0.011750000000000002 0.039166666666666676 2.5000000000000004 0.013250000000000003 11.500000000000002 8.5000000000000018 3.5000000000000004 0.081799933087989302 1.0000000180025095e-35 1.0000000180025095e-35 29.500000000000004
decision_type=2 2 2 2 2 2 2 2 2 2 2 2 2 2 2 2 2 2 2 2 2 2 2 2 2 2 2 2 2 2 2 2 2 2 2 2 2 2 2 2 2 2 2 2 2 2 2 2 2 2 2 2 2 2 2 2 2 2 2 2 2 2
left_child=1 3 13 18 32 -4 60 -7 14 41 52 15 16 33 42 26 50 39 31 -18 25 23 28 24 57 -21 -12 38 36 -17 -30 -1 -2 -3 -35 54 -10 -26 -27 46 53 -5 -8 -38 49 56 -15 -48 58 59 -11 -45 -9 -40 55 -33 -46 -16 -28 -31 -6 -52
right_child=4 2 5 9 6 7 8 10 22 12 11 -13 -14 17 21 29 19 -19 -20 20 -22 -23 -24 -25 37 27 48 -29 30 44 -32 35 -34 34 -36 -37 43 -39 40 -41 -42 -43 -44 51 45 -47 47 -49 -50 -51 61 -53 -54 -55 -56 -57 -58 -59 -60 -61 -62 -63
leaf_value=10.357376594626871 12.353329081711784 9.2128791993542176 -7.7802680057080487 -15.245620723859199 -9.3834932552186228 13.113229515076988 13.900757423691122 2.8968784253210988 -1.5883197228560075 19.02262257782936 -2.0250899517926793 9.469257639654387 -7.6272964831128691 17.818475134850427 -1.319654276903373 5.2575836033182686 2.7494289284238187 4.276699331815851 12.569726064726714 4.9949937006701965 8.1566021897916148 -12.930196899202427 -14.829417137509564 -12.128770340564969 0.73776895740820514 -5.7594903167051008 7.0017704730727832 -10.696628507305396 10.855007702458716 5.9463805318404468 -7.3212234306328243 3.8539343957643526 -3.9627054677819609 5.0136666792473132 -3.6239311266162026 -14.238070641433323 -13.279429592405263 13.160663300163092 7.0409808696357921 12.626891445561329 -5.4268649502600681 -7.2910443058163041 1.9550543575045396 -5.6159689645214774 14.532139396775387 -2.7589011562904093 9.9838479443992778 4.3689685642308191 -5.0142026644166835 -21.093425236496135 -19.710680974494856 -9.6572383647133506 10.226427695820608 -2.5247300690394634 -4.897910284893304 -5.9773514255583855 -7.3823145157573284 -7.0634228987732826 1.2961659898179789 -6.5031166238739573 -14.171843645270862 7.7922648092105238
leaf_weight=348.23461702466011 337.99433591961861 777.07297322154045 826.78405159711838 430.6878696680069 1297.0554481446743 734.29829657077789 177.66650027036667 432.98421466350555 530.59123083949089 136.1326008439064 902.23158302903175 918.36189714074135 1456.2205391824245 220.96273505687714 977.24223738908768 378.6522199511528 1438.4156876504421 1089.808293223381 371.80164751410484 354.64986228942871 333.00911575555801 385.06254941225052 619.61944288015366 348.70379769802094 454.57861465215683 1558.6940422952175 1672.6508215069771 678.32443058490753 163.07848572731018 109.56299212574959 156.47193974256516 1694.260136783123 130.85711780190468 1384.6832998692989 516.03976610302925 94.418735206127167 685.11934852600098 208.04048022627831 421.99614590406418 2703.5475928783417 464.97596201300621 1066.0919513702393 499.55195748806 2097.5352747738361 143.4506776034832 1126.6799134910107 2331.6508352160454 930.97267571091652 178.82508942484856 75.165732175111771 22.633787304162979 2117.6277914941311 1180.0600826144218 328.12561127543449 322.42687115073204 194.14065542817116 43.965680241584778 980.45636829733849 693.47736367583275 1154.9184028804302 1372.3899164795876 94.639585465192795
leaf_count=447 300 1022 1080 355 1539 716 207 656 656 103 1307 1025 1764 164 1253 569 2101 1570 424 534 369 415 516 325 651 2075 2271 695 181 130 157 2595 154 2114 834 111 620 237 602 2789 611 1326 713 2592 150 1601 2962 1303 274 49 22 2082 1429 496 450 290 67 1223 1027 1412 1140 104
internal_value=-1.88279e-08 2.7709 5.33995 -1.69438 -6.61774 2.5822 -7.13489 3.46135 -5.926 -3.49887 2.67483 1.45726 -2.24994 8.26872 -2.70474 0.321706 -0.907152 9.63064 3.54539 -1.46482 -2.92912 -4.27835 -7.96459 -3.15627 -1.96223 -3.89888 2.86803 -4.81258 -7.2249 -2.57291 1.95478 2.28091 7.7995 4.56768 2.66859 1.06087 -7.76503 4.63815 -3.37365 10.5737 -0.313163 -9.57992 5.08898 -8.43382 -3.69022 -1.02604 8.98024 8.38167 4.60272 -6.30358 11.3688 -7.64624 8.25898 2.85665 1.71425 2.84321 9.39127 -4.19625 5.32954 -5.42441 -11.8452 2.48419
internal_weight=45876.3 32336.7 20526.8 11809.9 13539.6 10572.1 13070.8 9745.28 10401.3 8784.6 9010.99 7397.94 7287.82 9954.74 4031.3 6479.58 5831.6 7276.94 3025.28 5578.19 4139.78 3354.08 6370.04 2969.02 2620.32 3806.77 3447.18 3452.12 5750.42 3032.4 319.55 2653.48 468.851 2677.8 1900.72 2305.25 5430.87 662.619 2773.79 6187.13 1215.1 1496.78 677.218 4900.28 2653.74 1314.1 3483.59 3262.62 2544.95 1339.65 253.406 4215.16 1613.04 750.122 2210.83 1888.4 187.416 1957.7 2366.13 1264.48 2669.45 117.273
internal_count=56956 41995 26521 15474 14961 13763 14507 12683 11828 11157 11967 9882 9476 12758 5024 8857 7712 8788 4317 7483 5382 4104 6804 3689 3364 5013 4879 4479 6288 3978 338 3893 454 3970 2948 3446 5950 888 3784 7218 1709 1681 920 5294 3409 1818 4429 4265 3572 1591 229 4674 2085 1098 3335 2885 217 2476 3298 1542 2679 126
is_linear=0
shrinkage=0.05


Tree=10
num_leaves=63
num_cat=0
split_feature=46 48 37 1 37 35 23 35 37 1 37 1 35 51 41 23 1 256 35 11 256 72 1 11 34 41 6 1 37 37 11 27 41 51 35 37 256 39 1 35 23 0 178 34 18 23 1 0 44 23 6 39 39 1 32 41 44 16 1 44 44 35
split_gain=3.03687e+08 1.33913e+08 6.00559e+07 4.43463e+07 4.14215e+07 3.77154e+07 3.64428e+07 3.15641e+07 2.79327e+07 2.3658e+07 1.93934e+07 1.89528e+07 1.85313e+07 1.80456e+07 1.66559e+07 1.54652e+07 1.37003e+07 1.35174e+07 1.32675e+07 1.31667e+07 1.30523e+07 1.30335e+07 1.39959e+07 1.11266e+07 1.08647e+07 1.04785e+07 1.21598e+07 1.04225e+07 1e+07 9.55228e+06 9.46634e+06 9.27248e+06 9.75496e+06 8.924e+06 8.69923e+06 8.57321e+06 8.42405e+06 8.39146e+06 9.28667e+06 8.00124e+06 7.85251e+06 7.76841e+06 7.60031e+06 7.69518e+06 7.25222e+06 8.12029e+06 6.92926e+06 6.84561e+06 6.83114e+06 6.70245e+06 6.65743e+06 6.45872e+06 6.29731e+06 6.28055e+06 6.16643e+06 6.13137e+06 6.12865e+06 5.96538e+06 5.87337e+06 5.86808e+06 5.68609e+06 5.65683e+06
threshold=1.0000000180025095e-35 1.0000000180025095e-35 0.0063148148148148156 -5.4999999999999991 0.0095119047619047648 0.15083333333333335 86.887163561076605 0.09583333333333334 0.0078452380952380978 10.500000000000002 0.011750000000000002 -7.4999999999999991 0.44250000000000006 1.0000000180025095e-35 0.069166666666666682 52.040299227799231 15.500000000000002 1.0000000180025095e-35 0.069166666666666682 0.23413839371286183 1.0000000180025095e-35 1.0000000180025095e-35 -8.4999999999999982 0.29745817245817252 0.0095915265909860565 0.074166666666666672 0.083920187793427234 -12.499999999999998 0.0058796296296296305 0.014916666666666668 0.33143939393939398 0.17262664963814392 0.13916666666666669 1.0000000180025095e-35 0.1791666666666667 0.0040238095238095241 1.0000000180025095e-35 0.027794245858761991 13.500000000000002 0.054166666666666675 78.087645687645704 77.500000000000014 1.0000000180025095e-35 0.0083211714995696049 2.5000000000000004 118.88194444444446 -9.4999999999999982 72.500000000000014 0.025833333333333337 57.563815789473693 0.058055274688237284 0.031047149122807021 0.014448590381426202 4.5000000000000009 0.060915275200989494 0.23583333333333337 0.31083333333333335 1.5000000000000002 14.500000000000002 0.09583333333333334 0.85583333333333345 0.32250000000000006
decision_type=2 2 2 2 2 2 2 2 2 2 2 2 2 2 2 2 2 2 2 2 2 2 2 2 2 2 2 2 2 2 2 2 2 2 2 2 2 2 2 2 2 2 2 2 2 2 2 2 2 2 2 2 2 2 2 2 2 2 2 2 2 2
left_child=1 4 24 23 18 11 30 9 14 10 19 -6 13 56 42 51 29 21 35 57 34 22 -15 27 50 -24 37 59 -16 39 -2 32 47 -31 40 -1 -37 38 52 -17 -9 58 43 48 45 -21 -20 60 -8 -26 -3 -13 -27 -48 -29 -28 -10 -5 -42 -4 -12 -7
right_child=6 2 3 7 5 61 8 20 12 -11 31 15 -14 17 28 16 -18 -19 46 44 -22 -23 25 -25 49 26 55 54 -30 33 -32 -33 -34 -35 -36 36 -38 -39 -40 -41 41 -43 -44 -45 -46 -47 53 -49 -50 -51 -52 -53 -54 -55 -56 -57 -58 -59 -60 -61 -62 -63
leaf_value=5.7410912021426439 9.6152416449600882 8.0386224929454411 3.6274276696123118 9.812745685539511 -11.577908142135753 2.1667841974627002 10.263364281033631 14.140891684199572 11.50355407506396 -5.6641729194586539 -4.559924590034373 3.374465524739946 6.4377383442650045 -11.945004607827974 8.1124778424902022 -5.4906111985852668 -13.452669436954361 -14.618739859198607 -3.8503413520228058 8.1719257330037092 -12.787254247810086 -14.175701076850807 -8.0774520195913038 -9.493110416279805 17.86516568420944 19.620562470534956 -8.1621591568913967 10.577273598705762 -2.5315736328444776 4.3458232495716684 -15.474747128484637 -22.253174590365923 9.0103036200170177 -7.8544219844940022 11.837187173716135 -0.43506878229711216 -12.256035104042811 -7.6578957922044557 -12.250372897311813 0.72336929698117114 3.995864645457134 9.2910089058442864 22.401029686470807 -1.2153944154688674 0.75503838597578832 -28.405055692289682 8.7941374053625605 3.6223119878865648 -7.4233201793974688 9.7908348088652843 2.1393672925536187 23.240091246716261 4.2984892793760237 1.878367932612063 0.22090833095410489 7.6307453495311792 -2.4389492505900368 3.2323222890968268 -15.888969922861756 -7.9480381254173977 6.965815854964446 10.582505355131925
leaf_weight=548.61632081866264 427.63368460536003 1329.5048982203007 133.14145520329475 1611.8250125348568 1117.8992862403393 469.38179251551628 56.18349102139473 325.86464285850525 92.538459569215775 775.83585026860237 1058.7489487528801 127.97747924923897 210.20805302262306 1495.9378878474236 448.69462978839874 863.36625391244888 424.28652426600456 1007.2058846056461 181.77300873398781 601.7685184776783 73.279636293649673 877.38783413171768 3371.1672047972679 459.80580884218216 272.88023537397385 79.177816271781921 896.74379596114159 159.08555892109871 434.18869569897652 165.31016686558723 41.217769116163254 47.585287541151047 264.48047533631325 1606.4653939604759 1314.6243334412575 2964.1613299250603 158.78819987177849 196.46638622879982 74.387908160686493 1295.131089836359 1338.2818702161312 967.31973144412041 25.117913722991943 840.70368993282318 1415.282692283392 15.566356122493742 987.22064876556396 493.02529665827751 1928.9827511012554 4421.0380158722401 746.93170100450516 60.142943888902664 438.1471506357193 491.84725314378738 1489.4741913378239 65.979136139154434 531.57269540429115 437.99358186125755 38.194817513227463 616.22893488407135 119.03933870792389 347.51216271519661
leaf_count=824 412 1802 186 1893 1096 619 77 269 110 1141 1354 137 303 1388 587 1196 404 840 241 753 106 728 3767 623 179 65 957 164 610 253 42 30 304 1855 1273 4389 204 221 71 1857 1802 1204 21 1182 2123 8 1259 732 2327 5390 1188 23 469 709 2313 74 710 654 41 846 143 408
internal_value=-1.81192e-08 2.63236 5.07296 3.17564 -1.60966 -4.29636 -6.28685 4.62932 -6.77814 2.55705 3.60865 -5.74573 -8.23983 -8.57788 -3.12306 -4.3105 -4.91687 -9.18024 1.65397 5.57907 8.12323 -8.44943 -7.69027 -2.36835 8.92805 -6.44764 -3.30961 -1.00216 2.87789 -3.9954 7.40953 -0.448132 0.0880133 -6.71611 8.50782 -0.0234427 -1.03611 1.2955 4.26829 -1.76213 6.86833 5.8572 -4.98141 -5.2248 2.72754 7.24962 5.36218 -1.32434 -6.92276 10.2602 5.91655 9.7256 6.64357 6.49438 1.22029 -7.07981 -0.371661 8.40668 3.4441 -5.89141 -3.39502 5.74689
internal_weight=45876.3 32336.7 20526.8 13756.5 11809.9 6477.47 13539.6 10898.7 13070.8 6841.15 6065.32 5660.58 9336.92 9126.71 3733.87 4542.68 4354.56 8502.6 5332.41 4082.44 4057.57 7495.4 6618.01 2857.74 6770.35 5122.07 1750.9 2397.93 882.883 3930.27 468.851 1982.88 1935.29 1771.78 3984.29 3671.57 3122.95 788.179 591.713 2158.5 2669.66 2343.8 2850.99 2825.87 2032.62 617.335 1660.84 1670.81 1985.17 4693.92 2076.44 188.12 517.325 1479.07 1648.56 962.723 624.111 2049.82 1376.48 749.37 1177.79 816.894
internal_count=56956 41995 26521 17962 15474 7848 14961 13830 14507 9135 7994 6821 9703 9400 4804 5725 5565 8580 7626 5431 4695 7740 7012 4132 8559 5624 1857 3509 1197 5161 454 2563 2533 2108 4589 5417 4593 826 605 3053 3316 3047 3607 3586 2884 761 2209 2229 2404 5569 2990 160 534 1968 2477 1031 820 2547 1843 1032 1497 1027
is_linear=0
shrinkage=0.05


Tree=11
num_leaves=63
num_cat=0
split_feature=12 43 41 48 41 23 43 28 1 1 23 41 44 43 11 1 1 13 256 1 32 1 5 0 4 6 5 1 41 39 11 28 43 277 15 44 23 16 39 72 0 256 0 5 10 34 13 33 43 34 5 0 34 1 0 6 21 5 27 43 41 16
split_gain=2.74078e+08 1.26483e+08 6.47857e+07 4.45691e+07 3.40686e+07 3.28909e+07 2.57553e+07 2.32412e+07 2.27734e+07 2.23512e+07 2.07414e+07 1.88676e+07 1.79127e+07 1.77834e+07 1.50494e+07 1.43134e+07 1.38984e+07 1.29737e+07 1.26111e+07 1.22484e+07 1.10617e+07 1.03238e+07 9.98714e+06 1.20905e+07 9.65958e+06 9.59994e+06 9.20892e+06 9.01528e+06 8.87856e+06 1.24304e+07 8.80806e+06 8.80289e+06 8.33211e+06 8.32463e+06 8.02976e+06 7.86642e+06 7.66974e+06 7.65228e+06 7.57351e+06 7.54159e+06 7.5286e+06 7.43122e+06 7.49262e+06 8.94311e+06 6.69283e+06 6.65e+06 6.56918e+06 6.53987e+06 6.47792e+06 6.10429e+06 6.07599e+06 6.0062e+06 5.98345e+06 5.95342e+06 5.90532e+06 5.80963e+06 5.78929e+06 5.76436e+06 5.74501e+06 5.6575e+06 5.55131e+06 5.50721e+06
threshold=1.0000000180025095e-35 0.0082500000000000021 0.10750000000000003 1.0000000180025095e-35 0.070833333333333345 87.657509157509182 0.0065833333333333343 57.746428571428574 -4.4999999999999991 -7.4999999999999991 84.219519704433523 0.1491666666666667 0.47583333333333339 0.014023809523809527 0.24602774274905426 -7.4999999999999991 -7.4999999999999991 4.5000000000000009 1.0000000180025095e-35 15.500000000000002 0.14854215918045707 -10.499999999999998 0.16760299625468167 77.500000000000014 7.5000000000000009 0.021980676328502421 0.12141687141687144 12.500000000000002 0.065833333333333341 0.016283102143757885 0.2202612346446898 111.02777777777779 0.011020833333333336 1.0000000180025095e-35 15.500000000000002 0.35583333333333339 64.199095022624448 1.5000000000000002 0.010559640522875819 1.0000000180025095e-35 57.500000000000007 1.0000000180025095e-35 64.500000000000014 0.12922201138519926 14.500000000000002 0.038135032452649813 4.5000000000000009 0.0047698412698412703 0.012194444444444445 0.037086366001991951 0.069971440228478191 18.500000000000004 0.016424406999631484 8.5000000000000018 19.500000000000004 0.10733486943164364 33.500000000000007 0.041885964912280707 0.18441295546558709 0.011842592592592594 0.04083333333333334 1.0000000180025095e-35
decision_type=2 2 2 2 2 2 2 2 2 2 2 2 2 2 2 2 2 2 2 2 2 2 2 2 2 2 2 2 2 2 2 2 2 2 2 2 2 2 2 2 2 2 2 2 2 2 2 2 2 2 2 2 2 2 2 2 2 2 2 2 2 2
left_child=5 4 3 16 9 31 12 -5 30 46 -4 15 24 26 33 -8 -3 39 20 28 21 -12 23 47 -7 -16 35 36 48 34 -9 -1 -23 53 -30 -10 -6 -38 56 51 -13 42 -15 44 -44 58 -2 -19 -18 -37 -25 -17 -29 55 60 -11 -14 -27 -31 -56 -53 -34
right_child=1 2 10 7 27 6 11 8 13 14 18 40 38 41 25 17 19 22 -20 -21 -22 32 -24 50 -26 57 -28 52 29 45 -32 -33 61 -35 -36 49 37 -39 -40 -41 -42 -43 43 -45 -46 -47 -48 -49 -50 -51 -52 54 -54 -55 59 -57 -58 -59 -60 -61 -62 -63
leaf_value=11.281091349697023 -8.1482285090921618 -10.035782034860572 13.672769045573146 12.532726214572808 16.954075538622078 13.210291551350009 -11.438686831895952 0.85486261452789558 9.3916389617517595 9.6427553271330098 -3.5510060921781328 -4.1754267617597742 -7.4140984654532636 -4.4007164759464485 6.2424486017637877 -10.754986881013691 -2.7652041810383197 17.972382301890249 -10.612484181696603 -11.334181213821111 -9.8623628272242509 9.5191671919097001 -12.207536052064922 7.8662805318009763 -4.311537794845079 3.9206594275888018 -1.4997980670217519 -6.4919022899983121 9.8002356141127862 -3.2278897092955621 -6.8375049640378069 -3.9874159521374959 6.4686817899172686 -1.8603609041576732 -3.8472946599845801 2.5882857786235185 10.522762507549324 4.9019478615639835 4.1056665698881698 -14.473100862445506 5.5930767493451885 -16.340728934372912 6.5531631682569342 -7.0507556714952528 -19.902608089933068 9.3939646472426173 0.25092490857411831 -5.5380383865854501 -7.7241541749612512 12.226862858188202 -2.3389455884291053 -6.237500886801735 8.7267301978532377 2.974091934019258 -4.4073135075244378 3.6545414881533178 -1.5641815648949502 -1.7775774054308362 -19.858434078205033 -9.0536549310838268 10.67325557877971 2.3304166915040034
leaf_weight=338.83402782678604 314.60116112232208 1127.6617729663849 558.48100969195366 393.08973520994186 379.90562978386879 273.09371170401573 2411.351663172245 514.28538817167282 771.65652611851692 2800.2435021698475 376.43352058529854 482.01573467254639 969.89006191492081 988.27550536394119 1208.4517405033112 1293.1400651037693 1462.4632419645786 30.084053874015808 153.31883773207664 501.23088586330414 140.47254514694214 848.37679478526115 345.07407912611961 314.07073777914047 110.47748136520386 741.62149673700333 652.48786404728889 139.10379055142403 382.48230686783791 1305.4803059399128 1346.3423473834991 130.85711780190468 1333.3087894022465 227.22068446874619 150.06603235006332 1830.533065199852 3440.8889587819576 734.84295371174812 272.69681906700134 488.26990282535553 333.85514685511589 89.011706233024597 540.44516268372536 194.31921303272247 25.012530624866486 101.23602268099785 895.30868473649025 1763.0320510566235 1198.058827906847 180.4607743024826 272.31018018722534 102.80277219414711 120.56497845053673 511.06149289011955 1065.9778807163239 473.52920201420784 749.94652539491653 1105.2764873206615 54.081176847219467 1699.9383617639542 91.924463361501694 2024.9943923354149
leaf_count=302 405 1216 484 381 251 331 2330 755 935 3498 508 520 1078 1230 1607 1272 2007 26 208 535 175 1010 329 397 163 1097 1001 189 470 1778 1869 154 1700 391 204 2568 3891 1071 377 386 424 97 704 299 24 112 1495 2238 1523 163 366 105 153 800 1283 730 1023 1719 39 1766 91 2703
internal_value=-3.65192e-09 2.50074 -0.0785635 -1.89868 6.2919 -5.97251 -6.43968 0.696727 0.0444465 4.34654 4.54548 -7.48592 -1.73098 1.72281 5.42157 -8.08951 -5.00765 -7.00789 3.50027 -3.90776 3.95834 4.38195 -4.25825 -3.10545 8.16359 2.77763 3.8464 9.63591 -3.10792 -0.584865 -4.7113 7.02725 5.09182 7.43505 5.95452 5.10001 10.1524 9.53361 -3.63573 -8.5877 -0.178146 -2.24811 -1.53051 2.2029 5.38292 -2.96886 -1.93303 -5.14359 -4.99827 3.45322 3.12706 -7.91215 0.574154 7.99309 -6.67046 8.7766 -4.8632 0.510548 -3.88943 -7.26297 1.74552 3.97338
internal_weight=45876.3 32336.7 19244.1 13808.7 13092.6 13539.6 13070 7525.92 7132.83 8277.31 5435.39 10693.8 2376.1 5272.2 7067.4 9877.98 6282.76 7466.62 4876.9 5155.1 4723.59 4583.11 2724.57 2379.5 383.571 3055.35 3435.14 4815.31 4653.87 1993.35 1860.63 469.691 4206.68 4012.05 532.548 2782.65 4555.64 4175.73 1992.53 4742.05 815.871 1837.06 1748.05 759.777 565.458 1460.8 1209.91 1793.12 2660.52 2010.99 586.381 4253.78 259.669 3784.83 2960.64 3273.77 1719.84 1846.9 1359.56 2765.92 194.727 3358.3
internal_count=56956 41995 24698 17910 17297 14961 14505 10026 9645 11742 6788 11533 2972 7021 9842 10589 7884 8259 6304 6668 6096 5921 3356 3027 494 4423 4667 5555 6133 2603 2624 456 5413 5419 674 3666 5213 4962 2478 4903 944 2354 2257 1027 728 1929 1900 2264 3530 2731 763 4517 342 5028 3245 4228 2101 2816 1817 3049 196 4403
is_linear=0
shrinkage=0.05


Tree=12
num_leaves=63
num_cat=0
split_feature=12 37 35 13 28 11 37 23 35 13 16 35 43 23 43 11 35 28 11 43 23 41 0 6 11 43 37 8 16 41 37 66 5 2 37 11 5 2 0 35 34 2 33 40 39 6 37 2 43 6 40 38 37 0 43 0 41 6 40 43 38 33
split_gain=2.47355e+08 1.14975e+08 7.46152e+07 4.71862e+07 2.97987e+07 2.84567e+07 2.6271e+07 2.44582e+07 2.4111e+07 1.89142e+07 1.8185e+07 1.70633e+07 1.47609e+07 1.4491e+07 1.36447e+07 1.25892e+07 1.20992e+07 1.58129e+07 1.07912e+07 1.06999e+07 1.06262e+07 1.0216e+07 9.99394e+06 9.15246e+06 9.09128e+06 9.07304e+06 8.94015e+06 8.37028e+06 8.21404e+06 7.88777e+06 7.83999e+06 7.81722e+06 7.56262e+06 1.16343e+07 7.47551e+06 7.36708e+06 7.16759e+06 6.82017e+06 6.75148e+06 6.70208e+06 7.12218e+06 6.61004e+06 6.59294e+06 6.58603e+06 1.3884e+07 7.04563e+06 6.33369e+06 6.24786e+06 6.20659e+06 6.07251e+06 6.00864e+06 6.19679e+06 5.98122e+06 5.8129e+06 5.78793e+06 5.73469e+06 5.55564e+06 5.54662e+06 5.41109e+06 5.40516e+06 6.94712e+06 5.33178e+06
threshold=1.0000000180025095e-35 0.0075462962962962966 0.13250000000000003 1.0000000180025095e-35 88.301215277777786 0.25728429985855733 0.01052777777777778 68.715197956577285 0.065833333333333341 1.0000000180025095e-35 2.5000000000000004 0.17750000000000002 0.0046944444444444447 52.040299227799231 0.010690476190476193 0.27750275027502758 0.47916666666666669 84.942129629629633 0.26106541323932636 0.010175925925925927 46.877976190476197 0.1125 72.500000000000014 0.038278388278388288 0.19521722560975613 0.029583333333333336 0.013027777777777779 3.5000000000000004 3.5000000000000004 0.087500000000000008 0.014916666666666668 1.0000000180025095e-35 0.14208074534161494 1.0000000180025095e-35 0.0055277777777777782 0.22511261261261264 0.13536417773705914 1.0000000180025095e-35 29.500000000000004 0.15750000000000003 0.0049199647434122126 1.0000000180025095e-35 0.021678403755868551 0.02018996730331039 0.018553045349222117 0.073350071736011491 0.0058796296296296305 -1.0000000180025095e-35 0.010690476190476193 0.12922201138519926 0.023762948317190429 0.22750000000000001 0.011020833333333336 1.5000000000000002 0.01201851851851852 43.500000000000007 0.097500000000000017 0.02339261285909713 0.0088977333671848065 0.0053518518518518533 0.32750000000000007 0.031045524691358028
decision_type=2 2 2 2 2 2 2 2 2 2 2 2 2 2 2 2 2 2 2 2 2 2 2 2 2 2 2 2 2 2 2 2 2 2 2 2 2 2 2 2 2 2 2 2 2 2 2 2 2 2 2 2 2 2 2 2 2 2 2 2 2 2
left_child=4 8 3 7 20 10 9 38 12 29 13 31 -2 -5 32 36 17 -4 28 35 -1 27 61 -7 -10 55 49 57 59 53 -12 43 33 -15 -26 -9 47 -21 -3 40 -31 -13 -23 54 45 -45 -20 -14 -24 56 51 -36 -29 -6 -8 -17 -25 -16 -37 -11 -61 -19
right_child=1 2 16 5 6 23 11 19 24 18 30 41 15 14 21 25 -18 22 46 37 -22 42 48 26 34 -27 -28 52 -30 39 -32 -33 -34 -35 50 58 -38 -39 -40 -41 -42 -43 -44 44 -46 -47 -48 -49 -50 -51 -52 -53 -54 -55 -56 -57 -58 -59 -60 60 -62 -63
leaf_value=16.661640255537087 8.2506349785318296 -11.372675175249213 14.658556440998153 14.099098969354339 9.3852429951871379 0.023756243955258466 -8.428140919994723 1.468697511019998 12.34650979762249 10.078157389108185 -0.48229560201417965 -4.6669362858384149 2.9740135815022302 3.184485199503305 14.865738559577171 -6.5966246144379781 10.894972258119431 2.7108068165822612 1.9303064715082714 -10.53352599606694 1.1282239050335163 7.8529988381656679 10.896355492160998 -2.4785395433535116 9.4878576008442828 14.466065703888042 -8.3100150743061754 0.46883627494854319 -7.749810149301597 17.557221968731898 -9.4905888635542528 1.9159920187468442 -1.0750587629092663 10.03900826549928 8.671408251233224 -9.5923430195591628 0.22411788369899993 -5.8578998886110307 12.873173296542033 21.054047881456277 -3.9551470889099321 6.6972784061942594 -2.3946003392531581 17.2593229063561 -8.2571331625596898 -1.5103401811623598 -7.0496151559906099 7.3422463297333014 2.9714296575627142 -8.0562757446589455 9.6236443902801074 0.85594613509391826 -5.9801730424781496 -7.1379140375946495 -11.978744510520292 0.27808567031396708 5.8120621849623681 0.19573070535214562 -2.5651212671538164 9.015391125780333 -0.31131184827305314 -3.7932506668234272
leaf_weight=167.32801228761673 1781.0418905317783 33.020356297492981 339.44205552339554 302.75982746481895 54.145588934421539 1586.0986978709698 2325.3391257226467 589.41835752129555 1299.9666091799736 265.76038655638695 677.0746887922287 279.31143373250961 1433.4523854851723 1396.7197525501251 109.65021041035652 443.58813220262527 1053.4576059579849 859.73928821086884 275.84663280844688 1420.0718359351158 321.9136937558651 556.18370696902275 494.51616927981377 801.92088541388512 2142.6533236801624 90.178569346666336 1061.150406062603 602.00971955060959 177.49708145856857 43.443359643220901 375.46916216611862 162.46974438428879 413.54728078842163 1111.8350646495819 359.80365735292435 461.47837424278259 809.29234087467194 1730.1743007004261 220.06022927165031 36.083854466676712 336.40946906805038 236.13482645153999 218.66086754202843 78.374332070350647 1505.6499788463116 138.08752539753914 681.43254658579826 1908.3437823355198 493.72514161467552 340.23911201953888 510.42084103822708 859.48398980498314 892.6578506231308 3143.8888586163521 2266.5351314246655 959.50650957226753 270.1411592066288 156.24723812937737 674.09466165304184 268.93976917862892 775.05148637294769 497.39100685715675
leaf_count=108 2418 33 283 244 73 2259 2426 828 1286 333 1083 332 2227 2028 120 647 1150 1150 377 1428 385 705 565 1150 2432 87 1264 837 243 47 485 190 607 1364 457 574 1299 2156 188 21 413 278 308 73 1478 171 889 2619 649 489 587 1277 1137 3557 2015 1496 346 234 897 346 1206 602
internal_value=-1.41322e-09 2.3757 -0.0061084 -1.492 -5.67388 0.372805 -6.12805 -5.44551 6.10768 -3.71808 2.34739 -8.2163 4.28204 3.45163 2.86095 3.02978 6.35387 4.57204 -0.321227 -6.23224 6.44089 0.176979 3.11224 -2.94098 8.72857 -0.907289 -4.84212 -1.92858 2.34401 -6.01575 -3.69578 -8.91313 5.18975 6.22253 7.51401 -3.06675 4.44607 -7.96558 9.70973 0.461385 -1.4948 0.539207 4.96113 -9.19178 -6.55487 5.28559 -4.46199 5.46851 6.93706 -2.23647 5.06894 3.16224 -3.38269 -6.85816 -10.1807 -1.89535 -0.389451 6.24532 -5.42087 3.71192 2.09131 0.327057
internal_weight=45876.3 32336.7 19739 16000.7 13539.6 10872.4 13050.4 5128.32 12597.7 6058.5 6812.82 6991.9 7425.4 5760.27 5457.51 5644.36 3738.27 2684.81 2444.53 4875.24 489.242 2535.41 2345.37 4059.55 5172.33 1493.27 2473.45 1760.57 1487.25 3613.97 1052.54 6476.46 2922.1 2508.55 3872.36 1724.99 4151.09 3150.25 253.081 415.937 379.853 515.446 774.845 6313.99 1722.11 216.462 957.279 3341.8 988.241 1412.3 1729.71 1219.29 1494.67 3198.03 4591.87 1403.09 1072.06 265.897 1135.57 1309.75 1043.99 1357.13
internal_count=56956 41995 25163 20764 14961 14660 14468 6104 16832 7505 9152 6963 10793 7584 7340 8375 4399 3249 3394 5883 493 3341 2966 5508 6039 2230 3249 2328 2128 4111 1568 6353 3999 3392 4753 2299 6145 3584 221 481 460 610 1013 6163 1722 244 1266 4846 1214 1985 2321 1734 1974 3630 4441 2143 1496 354 1471 1885 1552 1752
is_linear=0
shrinkage=0.05


Tree=13
num_leaves=63
num_cat=0
split_feature=12 43 41 37 34 40 1 32 23 43 43 44 1 11 23 51 48 48 13 35 1 43 41 35 43 37 1 37 1 43 23 12 6 13 51 1 1 32 11 33 11 37 1 37 41 44 32 37 43 13 34 281 35 32 72 1 1 10 21 43 37 43
split_gain=2.23238e+08 1.06156e+08 5.53642e+07 3.16417e+07 3.5886e+07 3.06105e+07 2.78574e+07 2.82202e+07 2.48464e+07 2.06662e+07 2.00191e+07 1.93985e+07 1.57533e+07 1.51806e+07 1.51502e+07 1.42035e+07 1.26552e+07 1.25894e+07 1.21962e+07 1.13549e+07 1.03925e+07 1.03684e+07 1.00829e+07 9.61468e+06 9.12924e+06 8.91738e+06 8.87245e+06 8.82102e+06 8.76301e+06 8.41522e+06 8.39332e+06 8.3135e+06 8.11989e+06 7.94731e+06 7.30967e+06 6.99881e+06 6.8819e+06 6.86858e+06 6.56456e+06 6.51337e+06 7.03385e+06 6.6943e+06 6.4403e+06 6.4137e+06 6.34327e+06 6.2117e+06 6.07188e+06 6.0702e+06 5.77972e+06 5.72211e+06 5.65366e+06 5.74597e+06 5.59326e+06 5.57365e+06 5.40948e+06 5.35477e+06 5.32738e+06 8.25939e+06 5.43019e+06 5.19494e+06 5.09744e+06 5.08501e+06
threshold=1.0000000180025095e-35 0.0082500000000000021 0.065833333333333341 0.0096944444444444465 0.035320511270563772 0.012592925498904539 -5.4999999999999991 0.079156223893066008 51.529411764705891 0.0076875000000000008 0.014023809523809527 0.49250000000000005 -4.4999999999999991 0.26425937974409025 174.68634423897586 1.0000000180025095e-35 1.0000000180025095e-35 1.0000000180025095e-35 1.0000000180025095e-35 0.49750000000000005 10.500000000000002 0.0040238095238095241 0.069166666666666682 0.039166666666666676 0.01201851851851852 0.0046944444444444447 -6.4999999999999991 0.013509259259259261 -2.4999999999999996 0.0036851851851851859 65.336879432624116 15.500000000000002 0.18016393442622955 1.0000000180025095e-35 1.0000000180025095e-35 14.500000000000002 -13.499999999999998 0.070925553319919524 0.24896694214876036 0.028381652661064429 0.21455026455026457 0.025351851851851855 10.500000000000002 0.005488095238095239 0.21083333333333334 0.31083333333333335 0.023532668881506093 0.020879629629629633 0.01052777777777778 1.0000000180025095e-35 0.004555969456692086 1.0000000180025095e-35 0.09583333333333334 0.22767145135566189 1.0000000180025095e-35 -4.4999999999999991 12.500000000000002 8.5000000000000018 27.500000000000004 0.030527777777777782 0.011361111111111112 0.027357142857142858
decision_type=2 2 2 2 2 2 2 2 2 2 2 2 2 2 2 2 2 2 2 2 2 2 2 2 2 2 2 2 2 2 2 2 2 2 2 2 2 2 2 2 2 2 2 2 2 2 2 2 2 2 2 2 2 2 2 2 2 2 2 2 2 2
left_child=6 5 10 20 8 13 33 -8 -5 11 12 32 60 29 18 -11 45 54 -10 25 23 -7 56 28 42 -15 -23 48 -4 -2 -12 36 -9 -1 -29 38 -25 -6 -28 40 41 -36 -24 -31 50 -14 -18 -32 -20 -45 -26 61 -48 -38 -13 -39 57 58 -17 -22 -3 -52
right_child=1 2 3 4 37 21 7 9 14 15 30 17 16 19 -16 22 46 -19 27 -21 59 26 24 31 44 -27 35 34 -30 43 47 -33 -34 -35 39 -37 53 55 -40 -41 -42 -43 -44 49 -46 -47 52 -49 -50 -51 51 -53 -54 -55 -56 -57 -58 -59 -60 -61 -62 -63
leaf_value=-11.264338174711234 8.9926412420920823 -3.5677896717719273 -6.6527422983321731 12.491328296383005 17.520431933512647 11.830166508993365 10.194426289492355 11.337068955901778 -5.7451897816898505 2.5634980557691156 7.6277630863943022 -4.0347430053629409 7.6294630446588787 4.7955149514141198 -18.032636957945947 -13.065223584190262 15.118965753406696 3.8691239867382565 8.0329893927412677 15.590017042100612 -3.8449739688246285 2.0520448933392719 5.4705875327691587 -2.3476290430320725 10.799105114813253 -2.9204085534170887 9.6712297298292995 4.011614271638333 4.2911490840253093 7.1066019381896739 -7.0262253232885641 0.33255773658590171 -6.6116911041139961 -6.6601140882789274 0.078848418964208133 -2.8752153822109898 8.3273849589348927 -1.7050770198051588 5.4274543295202324 -12.312782100588073 -4.9682810620879341 18.221163769769657 -9.0516937107192241 -1.8731427163652148 2.7052396370406435 -4.0645903267958001 0.4632541928356072 -14.047876464711042 0.67093950500251553 3.7854193158994907 -5.7030244458075998 20.263490893999027 6.9502292240586945 -19.323826189686166 -13.78020418048299 7.8245853961178087 -13.3038151860938 -2.0524475486918488 -7.5098673252478498 13.222107136188274 -9.5570609881884785 -12.067485450841216
leaf_weight=1950.0960426926613 1007.7618867456913 758.72084197402 264.13273921608925 285.72218072414398 153.68948882818222 1476.9599006175995 338.73714160919189 398.98167788982391 1648.7400148808956 462.33334916830063 85.426405966281891 1348.7813826203346 121.89397257566452 497.18872740864754 155.2207282781601 542.61714023351669 91.452451437711716 534.15416094660759 343.1261802315712 108.49105748534203 426.39759007096291 750.53488579392433 356.25364342331886 163.71996238827705 46.760434687137604 1516.9295413792133 2848.7554301321507 340.2447489798069 594.87028068304062 1020.6791037023067 1596.8606776297092 440.03113517165184 74.829673826694489 1804.4807771444321 359.27511745691299 144.585125207901 3132.3459822535515 177.77974006533623 1339.8441762328148 207.63491043448448 1101.3775918781757 59.22863358259201 97.166824519634247 595.92983415722847 214.01929402351379 1660.6515382230282 1470.6010302007198 381.29168680310249 1195.2366278767586 1784.961094379425 1441.4971472620964 19.403003484010696 429.29435211420059 18.330966114997864 159.20095267891884 862.90452691912651 438.7771138548851 587.17756569385529 2323.1898100674152 49.792963236570358 668.07121524214745 401.18570193648338
leaf_count=1702 1280 1144 382 227 108 1508 328 474 1977 633 82 1699 166 710 113 436 71 730 451 84 641 1109 516 244 46 2302 3200 507 818 1461 1980 656 94 2233 458 225 3817 293 1869 239 1450 39 111 897 280 2295 2165 332 1719 2652 1503 17 547 18 130 936 391 734 2529 51 772 375
internal_value=-5.01588e-09 2.25692 -0.106055 1.98231 -0.226213 5.73011 -5.39019 -3.98532 -1.87859 -4.4938 -3.55007 -0.612321 -1.89668 3.30716 -2.63751 -5.9029 -0.204632 -2.72709 -2.18276 -0.166965 4.97215 8.14245 -6.50807 5.69803 -4.08172 -1.01572 7.07107 -0.553997 0.926039 4.97957 -7.717 6.78985 8.5024 -9.05151 -2.68699 7.94039 7.64714 7.65376 8.31374 -4.00631 -2.87155 2.64643 2.3585 3.79064 -5.45728 -3.26493 2.53478 -8.37966 2.31302 2.3691 -6.37246 -6.80367 1.92903 8.16651 -5.06359 6.19664 -8.11427 -7.45483 -8.56173 -2.06035 -6.37216 -7.08868
internal_weight=45876.3 32336.7 19244.1 11979.8 6890.18 13092.6 13539.6 9785.07 5695.81 9446.33 7264.26 2515.95 5200.69 6531.94 5410.08 6930.38 3773.89 2042.14 5254.86 2122.61 5089.62 6560.68 6468.05 4613.43 2576.29 2014.12 5083.72 3606.12 859.003 4409.33 2063.58 3754.43 473.811 3754.58 2067.76 4333.18 3314.4 1194.37 4188.6 1727.52 1519.88 418.504 453.42 3401.57 2122.87 1782.55 1991.35 1978.15 1538.36 2380.89 1908.85 1862.09 1899.9 3150.68 1507.98 1040.68 3891.76 3452.98 2865.81 476.191 1426.79 1842.68
internal_count=56956 41995 24698 15144 8517 17297 14961 11026 7180 10698 9554 3127 7160 9386 6953 7571 5244 2559 6840 3096 6627 7911 6938 5935 2848 3012 6403 4863 1200 6290 2394 4735 568 3935 2693 5294 4079 1337 5069 2186 1947 497 627 5010 2221 2461 2783 2312 2170 3549 1941 1895 2712 3835 1829 1229 4090 3699 2965 692 1916 1878
is_linear=0
shrinkage=0.05


Tree=14
num_leaves=63
num_cat=0
split_feature=13 37 35 1 11 28 16 6 46 1 72 35 28 43 35 43 6 256 0 1 1 1 329 23 11 1 72 256 43 44 35 37 11 11 5 0 44 37 37 37 2 0 8 13 18 5 6 8 38 33 6 44 38 0 23 23 38 256 0 37 35 34
split_gain=2.03489e+08 9.11071e+07 5.99199e+07 4.15708e+07 4.01913e+07 3.01883e+07 2.80005e+07 2.77171e+07 2.74522e+07 2.27704e+07 1.79707e+07 1.61733e+07 1.80835e+07 1.57489e+07 1.4446e+07 1.38642e+07 1.26632e+07 1.07323e+07 1.05396e+07 1.00437e+07 1.05369e+07 9.99167e+06 1.01484e+07 9.36693e+06 1.00266e+07 8.75676e+06 8.74594e+06 8.72332e+06 8.47656e+06 1.07994e+07 8.01293e+06 8.26825e+06 7.99921e+06 7.56266e+06 7.32669e+06 7.67981e+06 7.12242e+06 6.50504e+06 6.27889e+06 6.12641e+06 5.97136e+06 5.96282e+06 5.93586e+06 5.7123e+06 5.82462e+06 5.70749e+06 5.42631e+06 5.7537e+06 5.21245e+06 5.20804e+06 5.19813e+06 5.10562e+06 5.08788e+06 5.01576e+06 4.80669e+06 4.7502e+06 6.04836e+06 4.74847e+06 4.67557e+06 4.66346e+06 4.98069e+06 4.58716e+06
threshold=1.0000000180025095e-35 0.010175925925925927 0.1125 -6.4999999999999991 0.29948453608247427 89.262500000000017 2.5000000000000004 0.037268518518518527 1.0000000180025095e-35 11.500000000000002 1.0000000180025095e-35 0.31750000000000006 59.730357142857152 0.0053518518518518533 0.080833333333333354 0.0076875000000000008 0.17883795309168446 1.0000000180025095e-35 60.500000000000007 10.500000000000002 -1.4999999999999998 -11.499999999999998 1.0000000180025095e-35 38.378654970760245 0.23046398046398051 5.5000000000000009 1.0000000180025095e-35 1.0000000180025095e-35 0.008861111111111113 0.86583333333333345 0.13750000000000004 0.0067500000000000008 0.28800719054956353 0.22134276060568142 0.09039836567926457 43.500000000000007 0.84916666666666674 0.0049166666666666673 0.0063611111111111117 0.011361111111111112 1.0000000180025095e-35 59.500000000000007 6.5000000000000009 13.500000000000002 3.5000000000000004 0.2085622710622711 0.10652482269503548 4.5000000000000009 0.12583333333333338 0.031045524691358028 0.09039836567926457 0.5475000000000001 0.70750000000000013 24.500000000000004 47.579349593495941 55.080735930735941 0.53250000000000008 1.0000000180025095e-35 24.500000000000004 0.0035092592592592597 0.13083333333333336 0.010378978448293819
decision_type=2 2 2 2 2 2 2 2 2 2 2 2 2 2 2 2 2 2 2 2 2 2 2 2 2 2 2 2 2 2 2 2 2 2 2 2 2 2 2 2 2 2 2 2 2 2 2 2 2 2 2 2 2 2 2 2 2 2 2 2 2 2
left_child=3 4 7 39 6 55 10 19 9 15 13 12 -4 -2 16 59 23 21 48 20 41 -9 25 -15 45 32 28 33 29 50 31 -17 -23 -20 35 42 -34 -26 -6 61 -33 -3 52 44 -35 -25 47 -8 -14 -37 51 -10 -22 -39 -36 58 -57 -30 -5 -7 -61 -1
right_child=1 2 11 5 38 8 46 17 26 -11 -12 -13 18 14 -16 30 -18 -19 27 -21 34 22 -24 24 37 -27 -28 -29 57 -31 -32 40 36 43 54 49 -38 53 -40 -41 -42 -43 -44 -45 -46 -47 -48 -49 -50 -51 -52 -53 -54 -55 -56 56 -58 -59 -60 60 -62 -63
leaf_value=-9.957078300544822 9.5043609555175887 -6.1939392657655974 14.723165887544576 -1.9215348404592811 1.2191131537028195 11.606234398355415 4.5380666092477533 -9.2682184973469059 13.075448735115859 -7.7127370976345722 -2.1655026928381829 9.8682505481674685 -10.170218820432115 16.344036243824526 8.4957891619983297 2.8687115068636744 -2.9939102701499793 -12.704899469950163 9.0004139035596253 -6.3008658753771911 -4.222130003617715 -0.18753848672191073 -13.20555767260084 7.2087540563951924 6.4533492535190167 -7.0145582155999895 -11.886060695311103 -12.794067933672437 -6.2274645875525954 -5.2751625682951584 4.6579430730872522 -6.6830729791417118 -7.8519789233030552 10.071993592176073 16.200854710367228 10.148646585246368 10.559388778172227 -16.781258122135529 -4.3360975259957319 -11.539485576244196 -1.8450742918602696 2.7155082979532272 -5.8596144869870805 -4.7107691716303188 0.27507562581028655 -4.2042422406574902 -4.557855730106037 -2.8811419228380672 -1.039457391094641 -17.524955623276103 -2.6954219531779313 0.68601736906665556 10.206414395851588 1.2079333705714648 -1.6257057572992435 11.946656393599042 -6.5611788735548435 -11.87078070497382 17.295145355126483 1.7625867912558346 10.592058478391666 -4.3164946811727765
leaf_weight=727.04103651642799 3874.0848705470562 500.63020369410515 272.63384258747101 37.319794714450836 947.73160627484322 182.88579896092415 650.37575989961624 920.11601424217224 170.71708902716637 1175.4677557647228 579.33170050382614 1001.3669530153275 192.57365074753761 176.07170847058296 3056.5117014944553 602.64255473017693 544.92350965738297 436.62812003493309 592.31542348861694 433.19690909981728 88.425544589757919 2342.3192104995251 254.49611279368401 2616.2131759226322 709.13842776417732 981.21423983573914 591.0542987883091 75.49372473359108 3213.0631141960621 1268.8004439175129 451.24147212505341 999.30342867970467 630.91005644202232 254.2937403023243 40.516886860132217 716.10630011558533 57.299239754676819 39.591442108154297 1097.9043198823929 1790.9800879955292 1763.0411269962788 300.53502011299133 179.09130418300629 249.53033083677292 376.10332551598549 114.33041730523109 544.49463358521461 436.8421833217144 829.8707272708416 17.414776474237442 233.10834047198296 162.12299928069115 197.70583340525627 1819.6411556601524 566.80774059891701 98.607121467590332 79.922351121902466 421.67603453993797 208.46777310967445 1081.8677823841572 187.38443428277969 714.83319973945618
leaf_count=751 4664 612 207 37 1386 195 980 1002 186 1408 864 1112 229 129 3629 874 805 433 736 568 118 3176 277 3478 1002 1185 497 91 3355 1490 527 1154 780 273 27 829 73 31 1540 1529 2358 428 232 349 521 190 853 706 1086 16 328 238 214 2812 827 108 120 407 145 1674 205 900
internal_value=-1.405e-08 2.45585 -0.791491 -4.51535 4.81628 -3.24729 5.7039 -3.09678 -3.69236 -1.42035 6.4501 4.40382 2.479 6.83551 5.69637 -0.016401 4.27501 -5.1764 1.18019 0.749268 1.92066 -4.54259 -3.5234 4.99848 4.62149 -2.90919 -6.10807 3.78258 -5.48367 -2.7132 -1.59862 -2.43762 -1.57996 4.6326 4.03771 6.30446 -6.31908 2.37891 -1.7624 -9.5865 -3.59526 -2.85181 1.27921 1.69244 4.22702 6.73088 -0.48347 1.55704 -2.7592 9.49164 3.03048 7.04068 5.74744 0.824862 -0.43643 9.86859 3.66125 -6.88216 14.3773 4.14168 3.06611 -7.16066
internal_weight=45876.3 29714.8 12507.6 16161.5 17207.2 12928.7 15161.6 8663.41 12504.4 6443.83 13529.8 3844.18 2842.81 12950.5 9076.42 5268.37 6019.91 5622.98 2570.18 3040.43 2607.23 5186.35 4266.24 5474.99 5298.91 4011.74 6060.54 1547.74 5469.49 1834.75 3816.23 3364.99 3030.53 1472.24 1806.07 1198.74 688.209 2568.37 2045.64 3232.85 2762.34 801.165 465.223 879.927 630.397 2730.54 1631.71 1087.22 1022.44 733.521 565.948 332.84 286.131 1859.23 607.325 424.317 178.529 3634.74 245.788 1452.14 1269.25 1441.87
internal_count=56956 38470 15401 18486 23069 15306 20143 10797 14896 8395 17604 4604 3492 16740 12076 6987 8447 6926 3285 3871 3303 6493 5491 7642 7513 5214 6501 1970 6004 2242 4913 4386 4029 1879 2263 1409 853 3845 2926 3180 3512 1040 564 1143 794 3668 2539 1686 1315 845 752 424 332 2843 854 410 228 3762 182 2074 1879 1651
is_linear=0
shrinkage=0.05


Tree=15
num_leaves=63
num_cat=0
split_feature=48 37 1 12 256 35 37 1 35 1 37 28 11 41 35 37 16 37 35 22 72 25 256 1 21 1 35 37 11 1 41 37 37 72 41 28 25 27 35 8 13 37 11 6 8 22 37 39 13 35 11 38 72 178 21 6 16 41 39 6 38 41
split_gain=1.84512e+08 6.58814e+07 4.66274e+07 4.59553e+07 3.92851e+07 3.07074e+07 2.71999e+07 2.44146e+07 2.43488e+07 1.81104e+07 1.80301e+07 1.66653e+07 1.3609e+07 1.32637e+07 1.15775e+07 1.0921e+07 1.06862e+07 9.9109e+06 9.23271e+06 9.14453e+06 9.03769e+06 8.9692e+06 8.92188e+06 8.64446e+06 8.63246e+06 8.48187e+06 8.47108e+06 8.53429e+06 8.36871e+06 8.33015e+06 8.24654e+06 8.51288e+06 8.14605e+06 7.71539e+06 7.18269e+06 7.17809e+06 6.91105e+06 6.592e+06 6.54859e+06 6.41999e+06 6.26063e+06 6.20258e+06 8.25296e+06 6.10993e+06 5.9826e+06 5.9469e+06 5.84669e+06 5.78094e+06 5.58631e+06 5.56121e+06 5.30222e+06 5.24729e+06 5.23306e+06 5.22868e+06 5.172e+06 7.83568e+06 5.12194e+06 5.06288e+06 5.92931e+06 4.8848e+06 5.01908e+06 4.80082e+06
threshold=1.0000000180025095e-35 0.0063148148148148156 -5.4999999999999991 1.0000000180025095e-35 1.0000000180025095e-35 0.09583333333333334 0.0086851851851851864 10.500000000000002 0.19250000000000003 -5.4999999999999991 0.011750000000000002 88.301215277777786 0.23413839371286183 0.11583333333333336 0.080833333333333354 0.014916666666666668 2.5000000000000004 0.016178571428571431 0.1791666666666667 22.500000000000004 1.0000000180025095e-35 2.5000000000000004 1.0000000180025095e-35 -5.4999999999999991 39.500000000000007 12.500000000000002 0.1541666666666667 0.012194444444444445 0.24896694214876036 4.5000000000000009 0.059166666666666673 0.0050833333333333347 0.014212962962962964 1.0000000180025095e-35 0.074166666666666672 71.349662162162176 1.5000000000000002 0.17262664963814392 0.062500000000000014 4.5000000000000009 14.500000000000002 0.020375000000000001 0.26106541323932636 0.18942218080149117 4.5000000000000009 33.500000000000007 0.010351851851851853 0.017588185890257561 10.500000000000002 0.18916666666666668 0.19063283208020051 0.28750000000000003 1.0000000180025095e-35 1.0000000180025095e-35 29.500000000000004 0.048980407836865261 3.5000000000000004 0.089166666666666686 0.022550551470588241 0.025807525807525811 0.83416666666666683 0.15916666666666671
decision_type=2 2 2 2 2 2 2 2 2 2 2 2 2 2 2 2 2 2 2 2 2 2 2 2 2 2 2 2 2 2 2 2 2 2 2 2 2 2 2 2 2 2 2 2 2 2 2 2 2 2 2 2 2 2 2 2 2 2 2 2 2 2
left_child=3 16 14 9 5 7 19 10 13 -1 12 -11 52 15 32 23 24 48 33 -5 22 -12 26 -8 28 30 27 34 -2 38 31 -21 50 35 53 -7 -15 41 -25 -17 43 42 54 45 51 -14 -37 -40 -16 -19 -3 -28 56 -13 55 -23 -4 58 -48 60 -36 -27
right_child=1 2 4 6 -6 18 8 -9 -10 11 21 20 40 36 17 39 -18 49 -20 25 -22 37 -24 29 -26 61 44 -29 -30 -31 -32 -33 -34 -35 59 46 -38 -39 47 -41 -42 -43 -44 -45 -46 -47 57 -49 -50 -51 -52 -53 -54 -55 -56 -57 -58 -59 -60 -61 -62 -63
leaf_value=-9.8498787582254952 7.9767609918891198 4.0288411290156985 7.8383499384070561 -6.7831537940521534 -10.81791696852253 12.653814636308145 -7.8341973273315606 -6.2312423647363637 6.5940853846263625 10.595175542201808 10.964757009428205 -4.0834359097566963 0.77979595197664708 16.692845973966246 5.7724016053767668 -3.8857352533324629 0.021637091071521668 -7.439842223477509 9.7113885658067698 5.2093858971787022 -10.774757964734336 6.7282246159073642 -10.043946743497926 -2.5283581919132394 11.470645666582564 -5.8296797835037859 19.374476002025606 -6.8853746353494119 4.0163476758280359 -4.9974365898211719 5.2708051746687508 -1.8116514757409758 -10.792615422927241 -7.1071112614115322 18.091482216076695 7.6921348081592429 -0.077345254420838783 -19.50462593231525 7.7156828119988434 -9.6628150994041508 -4.6926525874126872 -7.3747989963959988 -4.9226751364671415 -8.5961353828866436 -3.1371068847405712 6.3990464782850562 1.6974079605970571 -2.2053844883963061 -1.7246443219697114 2.9867778724588785 -4.997087449443165 1.6766210078577863 -4.2797500375670579 20.361879572040902 3.4921807693875828 -12.091925015564989 -5.0447760099118799 5.6215868344415121 -10.8955865898065 -0.75426849462180479 1.1408776452260609 15.812042711009548
leaf_weight=2365.8718732595444 3851.4358623623848 182.24201253056526 2161.1506824195385 300.52414652705193 519.53229406476021 309.0383053123951 804.28499254584312 935.54551783204079 574.89633643627167 171.8400354385376 145.57327827811241 2458.1226858496666 1073.7159248292446 65.38590407371521 612.65784573554993 703.92105978727341 534.43232619762421 537.67019414901733 1493.8431110978127 663.32593759894371 650.50556999444962 90.720980554819107 664.05709859728813 728.58254501223564 1078.4953483939171 399.90093559026718 83.580981731414795 2058.8601031303406 2040.6153717339039 1169.2649540305138 1945.6791479587555 1236.5557901859283 603.2315681874752 127.76092207431793 84.605852633714676 970.13483983278275 1016.4167160689831 51.56471848487854 433.94381469488144 1517.8931451141834 347.67928370833397 368.36524930596352 643.27602002024651 115.54401609301567 154.41424089670181 838.56363758444786 751.47101253271103 221.92444133758545 418.00815072655678 167.79646992683411 1518.1389378905296 83.950286775827408 100.57683363556862 22.071043521165848 1058.6801043450832 141.67366287112236 80.005413293838501 821.98607024550438 106.75136160850525 380.43162760138512 90.261300444602966 27.379987746477127
leaf_count=2183 4763 287 2628 423 647 257 920 1307 685 163 160 2977 1557 36 858 906 834 664 1475 1002 572 116 679 1014 1149 610 60 2049 2827 1528 2651 1906 606 154 78 1200 1306 34 572 1581 522 405 855 157 168 1104 1043 309 651 264 2245 124 149 23 1445 155 124 1013 126 503 122 25
internal_value=-3.1749e-09 2.92348 1.22568 -3.43934 2.6591 3.20897 -1.3711 1.36842 -3.27868 -6.07467 2.35356 -4.78073 4.17285 -4.1307 -3.47693 -5.11307 6.83552 -0.393644 6.48452 1.64731 -5.17328 -1.07944 -4.57401 -3.31377 7.35794 2.24025 -3.90338 -4.40047 6.60514 -1.89007 2.98282 0.639678 -5.80067 4.92307 -2.71505 5.44243 0.936272 -1.82418 0.734318 -7.83251 1.50643 -1.42826 -0.295837 2.56928 3.9624 3.24392 4.60156 4.35872 2.73182 -4.95985 -4.02971 10.506 6.87773 -3.8659 2.00948 -4.74502 7.37844 2.81709 0.131008 2.42514 9.34208 -4.44289
internal_weight=45876.3 24797.9 17292.9 21078.5 13253.2 12733.6 11809.9 8152.64 7236.51 9268.57 7217.09 6902.7 4717.24 6661.62 4039.75 5579.81 7504.98 1736.13 4580.99 4573.37 6730.86 2499.85 6080.36 3358 6970.55 4272.84 5416.3 5094.35 5892.05 2553.72 3845.56 1899.88 2303.61 3087.14 3035.49 2959.38 1081.8 2354.28 1384.45 2221.81 2375.5 2302.72 1934.35 2027.82 321.946 1912.28 2650.34 655.868 1030.67 705.467 1700.38 167.531 2341.73 2480.19 1291.07 232.395 2241.16 1680.21 858.222 555.299 174.867 427.281
internal_count=56956 31781 22208 25175 16633 15986 15474 10718 8857 9701 9411 7518 6241 8172 5575 6830 9573 2437 5268 6617 7355 3170 6783 4343 8739 6194 6104 5752 7590 3423 5559 2908 3138 3793 3703 3639 1342 3010 1895 2487 3340 2976 2571 2818 352 2661 3382 881 1509 928 2532 184 2901 3000 1716 271 2752 2182 1169 703 200 635
is_linear=0
shrinkage=0.05


Tree=16
num_leaves=63
num_cat=0
split_feature=46 43 41 37 28 41 256 28 1 5 37 1 23 0 41 6 43 256 37 37 6 32 41 43 41 37 43 32 11 1 33 37 23 1 43 72 1 1 10 6 6 38 6 256 41 6 11 6 14 1 1 5 18 66 21 43 8 21 0 16 1 1
split_gain=1.68345e+08 8.36412e+07 4.59183e+07 3.39395e+07 2.55618e+07 2.44816e+07 2.20967e+07 2.34837e+07 1.92743e+07 2.24527e+07 1.89167e+07 1.67158e+07 1.47411e+07 1.46449e+07 1.41477e+07 1.22568e+07 1.06575e+07 9.93674e+06 9.86508e+06 9.58877e+06 9.52727e+06 8.69763e+06 7.97572e+06 7.71847e+06 1.10872e+07 7.70807e+06 7.5978e+06 7.46188e+06 7.45569e+06 7.33567e+06 6.88988e+06 6.82413e+06 6.79444e+06 6.35233e+06 6.33116e+06 6.32917e+06 7.47966e+06 6.64528e+06 6.59969e+06 1.01719e+07 6.28241e+06 6.25903e+06 6.42058e+06 6.06519e+06 6.00786e+06 6.99514e+06 5.78363e+06 6.37763e+06 5.69222e+06 5.59303e+06 6.52085e+06 5.50038e+06 5.40626e+06 5.32459e+06 5.29385e+06 5.17156e+06 5.10216e+06 5.05567e+06 5.00015e+06 7.36777e+06 5.62822e+06 5.77157e+06
threshold=1.0000000180025095e-35 0.0082500000000000021 0.10750000000000003 0.00617857142857143 57.746428571428574 0.070833333333333345 1.0000000180025095e-35 88.301215277777786 -5.4999999999999991 0.13811445341159209 0.010690476190476193 -8.4999999999999982 84.219519704433523 54.500000000000007 0.074166666666666672 0.062114197530864203 0.0040238095238095241 1.0000000180025095e-35 0.0058796296296296305 0.051250000000000011 0.041960093896713617 0.14854215918045707 0.26083333333333342 0.023250000000000003 0.2141666666666667 0.0085092592592592598 0.012194444444444445 0.17694497153700192 0.26794918998527251 13.500000000000002 0.0084534632034632042 0.011020833333333336 64.199095022624448 -3.4999999999999996 0.0063611111111111117 1.0000000180025095e-35 -8.4999999999999982 8.5000000000000018 8.5000000000000018 0.066915422885572159 0.13527590090090094 0.47750000000000009 0.023952954675846246 1.0000000180025095e-35 0.069166666666666682 0.098476102516739786 0.22869249394673127 0.14608739837398377 2.5000000000000004 9.5000000000000018 -1.4999999999999998 0.11922530206112296 1.0000000180025095e-35 1.0000000180025095e-35 27.500000000000004 0.0036851851851851859 5.5000000000000009 43.500000000000007 18.500000000000004 3.5000000000000004 -9.4999999999999982 5.5000000000000009
decision_type=2 2 2 2 2 2 2 2 2 2 2 2 2 2 2 2 2 2 2 2 2 2 2 2 2 2 2 2 2 2 2 2 2 2 2 2 2 2 2 2 2 2 2 2 2 2 2 2 2 2 2 2 2 2 2 2 2 2 2 2 2 2
left_child=1 5 3 28 -5 11 7 33 31 13 14 -1 -4 26 34 29 -13 21 -16 22 49 23 35 40 30 -22 -10 32 51 56 -25 -6 -7 -2 -9 36 -12 38 44 -40 -14 42 -20 55 -38 -46 47 54 -41 50 -18 -3 -43 57 -17 -34 -15 -28 -36 60 -60 -62
right_child=6 2 12 4 8 27 -8 10 9 -11 19 16 17 15 18 46 20 -19 41 -21 25 -23 -24 24 -26 -27 53 -29 -30 -31 -32 -33 43 -35 58 -37 37 -39 39 48 -42 52 -44 -45 45 -47 -48 -49 -50 -51 -52 -53 -54 -55 -56 -57 -58 -59 59 -61 61 -63
leaf_value=-2.5803182642316744 -1.1884994309295827 6.8675953802005383 11.449945841080488 9.4617105372882104 -3.6971605396276668 14.414845821987848 -10.499152569132326 -0.78869520890830636 -0.063035232471802635 -6.1032556938022466 -9.8567440423964694 7.474933307517488 6.1409685399583758 8.8189710333385261 9.1988649831150227 -7.9976695271173028 1.466541553763826 -9.6531361401487512 22.329616164133711 3.8341166468988841 3.0669098559795427 -8.9743732573960937 5.2833768137096895 15.671599038657696 4.7550472607360481 -2.6922113985162266 -6.3325964676969519 -13.374964461209927 -0.62768519831826664 -5.1607037661912072 -4.6170361225894707 -9.0356485317551929 11.362394936179626 11.454457476853241 -8.5769920916789832 -11.621198367747951 -7.4356589189934388 -9.6683482161891501 10.783734640843679 16.109358404361718 -0.49094417177281741 18.630520773009348 2.2450612540425943 -6.7657390374128017 2.0053549574127087 -7.2431268273985614 -4.419880425259116 -6.0328205391960026 -4.5401049973340681 -0.50173972113917331 7.3333143854582943 -0.053789280347105839 -4.5066056589603098 11.073447156087639 8.0128085355303309 6.91449199037657 3.0733966447117731 9.6992343672506749 -8.527325344093148 -10.113650890896611 0.89926234707917896 -5.9044047227973495
leaf_weight=1025.8053827285767 148.76075422763824 1377.45181453228 558.48100969195366 408.17224782705307 948.14874950051308 386.54128506779671 1456.2859829068184 1272.8755147457123 1220.7824555039406 2485.5391915142536 1198.8181533515453 1883.4200441539288 2512.6677143275738 744.85145515203476 363.59824398159981 60.773306280374527 629.54810082912445 153.31883773207664 45.393235772848129 223.53198844194412 1467.325394064188 140.47254514694214 135.28515088558197 44.398924320936203 882.2529391348362 961.84347078204155 1501.9054744839668 40.950384646654129 718.92726796865463 168.04478958249092 727.53672203421593 1623.8427135050297 802.93300053477287 299.12863013148308 736.49003088474274 656.06901532411575 1585.4311930835247 722.23533892631531 162.89544424414635 35.482721239328384 416.25719729065895 26.37543797492981 322.44271484017372 73.262735515832901 452.28256124258041 373.1243017911911 776.39571955800056 166.17689570784569 561.48117685317993 396.88409468531609 1912.4879647195339 362.60458469390869 590.38125196099281 48.160297006368637 343.17500761151314 3511.6189055144787 802.8878418803215 50.840579450130463 315.26793605089188 381.93167361617088 1026.4213714003563 447.65301388502121
leaf_count=1606 196 1783 484 411 1351 255 1445 1731 1583 3259 1038 2408 3176 943 466 79 962 208 28 314 2220 175 146 39 1220 1434 1853 57 1076 216 929 1815 770 259 746 518 1658 741 177 37 557 29 460 111 488 387 1033 234 683 640 2472 594 698 63 454 4362 1099 64 361 413 1381 561
internal_value=-3.65617e-09 1.95989 -0.137589 -1.66992 -2.82373 5.04284 -4.68079 -3.97957 -3.28203 -2.1187 -4.41203 3.39376 3.75533 -0.435529 -2.29325 1.95893 4.23886 2.87418 2.16066 -6.33033 3.10346 3.28079 -6.71654 3.65641 0.926069 0.786552 -3.03418 7.87756 3.65558 4.7612 -3.45011 -7.06765 8.05984 7.25526 -3.72957 -6.99898 -6.40341 -5.33996 -4.35402 -0.290789 5.19844 -0.438466 4.72362 7.5 -5.63469 -2.17541 -1.61181 2.21221 -3.31273 5.01851 5.88038 5.42527 -3.51715 -5.29984 5.60406 7.74224 5.83846 -5.80768 -5.01694 -3.80938 -2.46375 -1.1669
internal_weight=45876.3 32336.7 19244.1 13808.7 11349.7 13092.6 13539.6 12083.4 10941.5 8369.53 11635.5 8277.31 5435.39 5883.99 5528.83 3062.31 7251.51 4876.9 1348.19 6106.64 5368.09 4723.59 5883.11 4583.11 1654.19 2429.17 2821.69 4815.31 2458.98 1715.78 771.936 2571.99 4774.36 447.889 4180.64 5747.82 5091.75 3892.93 3170.7 759.859 2928.92 984.593 367.836 4387.81 2410.84 825.407 1346.52 570.125 596.964 2938.92 2542.04 1740.06 616.757 1600.91 403.948 4314.55 1547.74 1552.75 2907.76 2171.27 1789.34 1474.07
internal_count=56956 41995 24698 17910 14457 17297 14961 13516 14046 10880 13061 11742 6788 7621 6874 4058 10136 6304 1681 6187 7728 6096 5873 5921 2188 3654 3563 5555 3453 2258 968 3166 5498 455 5193 5727 5209 4171 3430 897 3733 1215 488 5243 2533 875 1800 767 720 4074 3434 2377 727 1980 533 5132 2042 1917 3462 2716 2303 1942
is_linear=0
shrinkage=0.05


Tree=17
num_leaves=63
num_cat=0
split_feature=49 37 35 11 1 23 6 256 6 43 40 40 35 32 1 0 41 34 41 37 0 35 1 0 37 1 0 33 34 22 1 35 37 37 2 44 11 27 25 33 93 6 66 43 256 43 6 1 72 43 43 33 37 11 1 33 41 43 2 43 12 14
split_gain=1.55891e+08 6.85129e+07 4.6607e+07 3.33246e+07 3.27569e+07 2.43738e+07 2.1982e+07 2.17387e+07 1.98003e+07 1.9142e+07 2.13217e+07 1.34706e+07 1.28185e+07 1.43547e+07 1.10595e+07 1.09691e+07 1.08729e+07 1.01728e+07 9.55883e+06 9.01886e+06 8.91595e+06 8.83841e+06 8.25546e+06 8.44572e+06 1.1209e+07 8.08279e+06 8.76004e+06 7.84819e+06 7.67192e+06 7.2838e+06 7.03338e+06 6.69228e+06 6.60295e+06 6.56316e+06 6.49112e+06 6.18243e+06 5.97997e+06 5.91061e+06 5.88942e+06 6.90051e+06 5.78187e+06 5.76676e+06 5.59281e+06 5.57097e+06 5.56092e+06 5.4094e+06 5.39584e+06 5.3074e+06 5.05392e+06 4.99545e+06 4.86604e+06 4.74059e+06 4.6651e+06 4.6627e+06 4.59515e+06 4.55615e+06 4.55279e+06 4.46426e+06 4.4581e+06 4.41566e+06 4.38355e+06 4.36e+06
threshold=1.0000000180025095e-35 0.010175925925925927 0.1125 0.29948453608247427 -6.4999999999999991 56.313852813852826 0.037268518518518527 1.0000000180025095e-35 0.096579867858530913 0.008861111111111113 0.0092128961976872068 0.023572763128626252 0.31750000000000006 0.070925553319919524 13.500000000000002 33.500000000000007 0.11750000000000001 0.017292593186662587 0.082500000000000004 0.015527777777777781 60.500000000000007 0.099166666666666681 13.500000000000002 18.500000000000004 0.011361111111111112 10.500000000000002 43.500000000000007 0.021003875968992249 0.01509151091588209 26.500000000000004 -5.4999999999999991 0.30583333333333335 0.0036851851851851859 0.0060208333333333338 1.0000000180025095e-35 0.37916666666666671 0.19157801418439721 0.12220009955201594 1.5000000000000002 0.018960648148148154 1.0000000180025095e-35 0.044610281923714766 1.0000000180025095e-35 0.021750000000000002 1.0000000180025095e-35 0.013027777777777779 0.039736842105263161 4.5000000000000009 1.0000000180025095e-35 0.0051759259259259267 0.017845238095238098 0.015764458105646636 0.011361111111111112 0.18530782438067209 -3.4999999999999996 0.020280732860520099 0.4991666666666667 0.023416666666666672 -1.0000000180025095e-35 0.0058796296296296305 13.500000000000002 2.5000000000000004
decision_type=2 2 2 2 2 2 2 2 2 2 2 2 2 2 2 2 2 2 2 2 2 2 2 2 2 2 2 2 2 2 2 2 2 2 2 2 2 2 2 2 2 2 2 2 2 2 2 2 2 2 2 2 2 2 2 2 2 2 2 2 2 2
left_child=1 3 6 7 52 15 25 8 14 10 35 22 13 -4 18 -6 19 33 32 28 57 27 23 -11 40 26 38 56 36 -12 -22 42 -1 -10 -28 -7 -8 61 -3 53 -25 -31 43 -26 -32 54 -5 -43 -37 -48 51 -30 -2 -40 -34 -35 -13 58 -15 -18 -20 -36
right_child=4 2 12 46 5 9 16 -9 17 11 29 21 -14 20 -16 -17 59 -19 60 -21 30 -23 -24 24 31 -27 34 -29 50 41 44 -33 45 55 37 48 -38 -39 39 -41 -42 47 -44 -45 -46 -47 49 -49 -50 -51 -52 -53 -54 -55 -56 -57 -58 -59 -60 -61 -62 -63
leaf_value=9.1879914632779229 -6.3368616539632221 12.877216029564543 11.258209409188451 1.5646186764055769 -3.1729850068108512 8.0416159139076235 2.2144819349277576 -5.0806798864305049 3.3138668377048028 -9.2040404792608221 -3.400959581685389 -2.1967662410617463 8.7802390849198062 -4.1980421411271145 -0.93107791739545476 13.870694171532572 13.820124029606564 6.050971720748116 9.3648499600284616 -8.3862048818494568 -3.2890853764797314 4.2557880615310717 -10.303000826051909 -1.6575119019481737 -6.2162679195115373 -5.5990916630706069 -0.036736550180003408 -10.238401083469043 6.7195183304411445 8.0425463246469455 5.8481944397711523 8.1456407133909448 2.3975947982510855 -1.3557405333131829 14.941256408104259 -3.350648355040462 -7.1111219239761825 -15.946391494694538 7.635805418464102 -8.6735912430645801 26.862067653127895 4.9598469005743491 8.0775910088548368 -12.908306935964937 -11.583586800784323 0.271856067003377 2.8058054924061966 -4.301384945533604 -11.728344633611712 -5.2313674507178174 -7.6480137651430624 -1.3033074935265678 -10.157928758885923 -2.5982075229467787 6.2711150115084875 -32.055088468016244 8.9830145469213445 -9.856323736864713 3.3752568608244156 -0.55503917353152799 4.4949502193898745 5.661668278344262
leaf_weight=1055.7665740847588 1441.8742362558842 61.481993168592453 379.18625381588936 754.6938844025135 135.86545866727829 110.77585062384605 194.31078064441681 516.11788237094879 1247.0751232504845 995.16992521286011 302.06613436341286 937.43273243308067 1001.3669530153275 497.79662409424782 479.69110277295113 309.33925276994705 56.781163573265076 1274.6025881767273 3512.1264723241329 1749.8900374472141 317.47428491711617 568.72839814424515 863.0026663839817 2045.7906955480576 1880.830535441637 433.19690909981728 632.68409532308578 304.58236446976662 241.95727396011353 786.96242347359657 1097.526643872261 76.138474315404892 979.40594816207886 1470.1714921593666 148.5125018954277 2178.9218918383121 1490.7181689739227 28.786502778530121 157.67287537455559 342.5263603925705 17.927143394947052 448.87376722693443 60.536843687295914 372.60592716932297 47.74135810136795 574.28352448344231 236.75353726744652 236.04826804995537 196.23181468248367 1054.1885044872761 216.27705743908882 770.37512296438217 1790.9800879955292 378.40271523594856 3508.026436150074 12.186103314161299 100.8631466627121 184.34111508727074 318.74848559498787 902.67338860034943 532.09743899106979 857.16656586527824
leaf_count=1290 1651 61 301 1065 136 146 263 843 1842 934 414 1136 1112 686 736 248 60 1587 3813 1954 478 681 847 2728 2116 568 870 287 347 1043 1362 97 1539 2231 140 2891 1799 27 183 374 6 590 89 308 57 854 382 316 154 1479 247 1147 1529 502 4678 6 139 217 391 1109 724 1146
internal_value=-1.43918e-08 2.14952 -0.666513 4.19645 -3.95213 -2.8265 -2.69965 5.00469 5.3601 -3.23649 -0.516113 -4.64565 3.91545 2.20185 6.48783 8.66939 -4.55166 2.36297 6.83805 -5.54893 0.807952 -0.96846 -5.7593 -5.03968 -4.10919 0.725469 1.77631 -3.181 -3.84491 3.6714 3.29609 -6.43998 5.59118 0.640735 3.95266 -3.50431 -6.03573 6.39259 -2.08325 -3.13014 -1.40977 5.12282 -6.9199 -7.3228 5.12154 4.84096 -1.79394 1.7681 -4.0428 -3.75738 -0.840209 0.614226 -8.45371 0.411865 5.4257 -1.60811 -1.11073 -2.82833 -1.24171 0.295693 8.72412 7.03202
internal_weight=45876.3 29714.8 12507.6 17207.2 16161.5 12928.7 8663.41 15161.6 14645.4 12483.5 4259.88 8223.61 3844.18 2842.81 10641.4 445.205 5622.98 4004.04 10161.7 4663.53 2463.63 1911.61 6312 5449 4453.83 3040.43 2607.23 1342.88 2913.64 1773.95 1462.74 2390.11 6117.48 2729.43 1667.15 2485.93 1685.03 1034.47 940.084 878.602 2063.72 1471.88 2313.97 2253.44 1145.27 5061.72 2045.64 684.922 2375.15 1290.94 1228.61 1012.33 3232.85 536.076 4487.43 1482.36 1038.3 1000.89 816.545 959.455 4044.22 1005.68
internal_count=56956 38470 15401 23069 18486 15306 10797 20143 19300 14922 5554 9368 4604 3492 13634 384 6926 5666 12898 5757 3191 2243 7125 6278 5344 3871 3303 1562 3803 2363 1897 2610 8361 4079 2183 3191 2062 1313 1120 1059 2734 1949 2513 2424 1419 7071 2926 906 3045 1861 1741 1494 3180 685 6217 2237 1275 1294 1077 1169 4537 1286
is_linear=0
shrinkage=0.05


Tree=18
num_leaves=63
num_cat=0
split_feature=48 16 11 1 1 10 6 6 43 43 5 2 41 41 23 35 37 10 43 1 6 23 37 3 17 5 23 37 41 23 43 28 1 30 41 16 21 35 1 35 12 33 35 21 34 41 28 37 5 1 40 37 72 43 51 40 33 37 43 34 39 28
split_gain=1.40991e+08 5.39894e+07 4.11108e+07 3.47299e+07 2.49648e+07 3.15525e+07 2.39161e+07 2.23473e+07 1.95765e+07 1.75856e+07 1.61928e+07 1.22095e+07 1.16575e+07 1.01533e+07 1.01046e+07 9.91221e+06 1.15626e+07 9.8181e+06 9.19675e+06 9.06425e+06 8.88544e+06 8.74309e+06 8.3914e+06 8.37015e+06 7.58106e+06 7.78684e+06 7.48879e+06 7.29299e+06 6.98686e+06 6.95488e+06 6.76409e+06 6.7249e+06 6.62473e+06 6.5459e+06 6.50827e+06 6.35572e+06 6.87824e+06 6.27917e+06 6.19312e+06 6.76515e+06 6.11794e+06 5.84952e+06 5.38315e+06 5.2955e+06 5.22491e+06 5.14121e+06 5.12638e+06 5.04706e+06 4.99174e+06 4.99008e+06 4.8465e+06 4.84036e+06 4.83669e+06 4.80812e+06 4.78384e+06 4.70325e+06 4.67398e+06 4.53534e+06 5.92086e+06 5.23657e+06 5.037e+06 4.51746e+06
threshold=1.0000000180025095e-35 2.5000000000000004 0.24896694214876036 -5.4999999999999991 7.5000000000000009 3.5000000000000004 0.13811445341159209 0.15821566110397947 0.010690476190476193 0.004511904761904763 0.14371772805507746 -1.0000000180025095e-35 0.074166666666666672 0.082500000000000004 137.83205128205131 0.11916666666666668 0.010351851851851853 7.5000000000000009 0.0065833333333333343 -4.4999999999999991 0.13182720953326715 46.284146341463419 0.011361111111111112 7.5000000000000009 2.5000000000000004 0.19586530264279628 56.313852813852826 0.011361111111111112 0.049166666666666671 56.883838383838388 0.0096944444444444465 60.297101449275367 -7.4999999999999991 1.5000000000000002 0.21583333333333335 1.5000000000000002 45.500000000000007 0.070833333333333345 -13.499999999999998 0.039166666666666676 6.5000000000000009 0.036220085470085477 0.14583333333333334 37.500000000000007 0.030966080402217034 0.11416666666666668 183.39204545454547 0.0092129629629629645 0.085960591133004943 -10.499999999999998 0.0070749960270308264 0.0058796296296296305 1.0000000180025095e-35 0.0056904761904761911 1.0000000180025095e-35 0.024368048950126169 0.024039432789432793 0.010175925925925927 0.026583333333333337 0.029226887197413991 0.027227463312368975 98.200284090909108
decision_type=2 2 2 2 2 2 2 2 2 2 2 2 2 2 2 2 2 2 2 2 2 2 2 2 2 2 2 2 2 2 2 2 2 2 2 2 2 2 2 2 2 2 2 2 2 2 2 2 2 2 2 2 2 2 2 2 2 2 2 2 2 2
left_child=3 2 8 22 5 11 9 10 13 -4 17 -5 20 19 15 16 43 21 37 -2 31 -7 38 -21 32 52 -12 -23 51 -3 -28 -10 -14 -18 -32 36 -13 -6 -1 -40 47 -34 -24 -11 56 -35 48 -33 49 -31 -45 -19 -26 -8 -29 -50 -9 58 -20 -59 -60 -30
right_child=1 29 6 4 18 7 53 44 12 14 26 35 24 -15 -16 -17 33 28 57 23 -22 27 42 -25 25 -27 30 54 61 46 34 40 41 45 -36 -37 -38 -39 39 -41 -42 -43 -44 50 -46 -47 -48 -49 55 -51 -52 -53 -54 -55 -56 -57 -58 59 60 -61 -62 -63
leaf_value=-8.6316229596375447 1.5040064995148459 9.6794192333443227 7.8087963229293624 -7.6578349524396394 -3.123658789517219 14.360553771484204 1.1865436270984706 -5.5466586857022628 13.825138052703835 0.80493337760202466 13.505728033620688 0.083327134626633464 -9.9614779167411101 9.0241133674912692 -12.371341988236949 5.4431052480404611 11.608284128076381 8.0309515407298786 -4.7838806242237446 7.2300340970071222 -8.9091488248165724 3.3246260136369274 -9.411707189183435 -0.15791103165054887 7.0005123825434827 -5.1679263211272444 1.8332018148414269 8.633527982037327 8.0776625156696706 -7.222211865382242 -4.8599429895096975 3.1382367724994098 3.571363485862169 -4.7621633286374019 10.268965148503893 -4.6395375538897587 31.903863129227478 7.0835626159310117 -6.8813093912994923 -0.24468187299262134 2.6750301298932584 -15.255175090260082 -1.5902507850041518 -7.5195906512062498 5.0805366909255332 2.4305220379209476 -18.247617430371221 -8.6511343537520808 -7.9062735535934694 -0.9698038804877005 6.4941468010736587 -1.4576803182441225 -2.8580005416226548 -6.3176796591210236 -4.167054595972032 2.1894603180553185 -17.705681658553342 -8.3558546777823626 16.871797934597343 -0.81592999117159837 -5.767640208907765 -3.6392518743815447
leaf_weight=647.39232379198074 1177.8138665854931 95.897962003946304 1093.1729809045792 1620.7966420650482 454.86836698651314 120.78869071602821 258.59434768557549 899.47267657518387 92.58803853392601 2134.2521203160286 82.466637223958969 1177.0008331537247 137.97070300579071 2968.066678404808 139.67471843957901 1132.7260228395462 74.525954276323318 194.21872681379318 1410.56365275383 3736.7879137992859 286.98512974381447 1021.9537563323975 2335.1111895143986 427.20637163519859 2152.4261043965816 154.4932781457901 785.51550534367561 80.666985034942627 1802.5895230174065 400.42144012451172 1265.2208065986633 132.28791651129723 559.19349825382233 1442.7743229269981 75.318859428167343 1172.8143576085567 17.231155693531036 225.2972811460495 630.90078336000443 981.17684078216553 698.47959333658218 44.545822888612747 242.86985647678375 66.796940296888351 105.73211598396301 300.1207392513752 61.819834411144257 289.33562484383583 871.41530656814575 1571.6960670053959 807.99339592456818 436.40450498461723 132.0453976392746 1222.8050554394722 766.82926246523857 132.96418172121048 86.650798678398132 1990.0649208724499 60.610172182321548 260.41160002350807 41.31644394993782 86.197285026311874
leaf_count=696 1820 86 1309 1722 657 80 375 1115 70 3157 76 1426 162 3118 162 1363 70 275 1955 4564 371 1472 2070 648 2567 205 1167 111 2249 515 1586 205 674 1826 90 1292 10 280 762 1394 1006 53 320 99 124 429 42 314 1203 2380 1070 652 157 1579 893 182 59 2088 55 338 57 104
internal_value=-9.63518e-09 2.55555 3.44294 -3.00649 -1.89884 -0.695821 0.77734 1.15186 5.22273 1.96894 2.2301 -4.31444 2.63638 6.67943 0.922188 1.23377 0.245877 3.94795 -5.0932 5.37666 -0.9977 1.32307 -6.72527 6.47207 4.34984 5.69598 -1.27763 0.480695 6.0215 -3.5781 -1.85106 0.874556 -0.076665 -2.9031 -4.00992 -2.0251 0.542455 0.257369 -4.50085 -2.84198 -0.195943 2.18228 -8.67485 2.14782 -5.4825 -3.52361 -3.99654 -4.95212 -3.70056 -2.2393 5.42409 1.46462 6.43068 -5.00774 -2.94866 -6.56976 -6.61507 -6.06033 -3.94294 -7.48338 7.69479 7.54295
internal_weight=45876.3 24797.9 21663.7 21078.5 16241 11797.9 8673.44 7810.03 12990.2 7192.04 6718.17 3987.84 4680.35 8309.87 6098.86 5959.19 4826.46 4509.65 4443.13 5341.81 1499.68 1990.24 4837.45 4163.99 3180.67 2438.96 2208.52 1869.45 2519.41 3134.21 2126.06 1212.69 741.71 1817.42 1340.54 2367.05 1194.23 680.166 2259.47 1612.08 1120.1 603.739 2577.98 3009.04 1091.86 1742.9 3038.32 421.624 2976.5 1972.12 874.79 630.623 2284.47 1481.4 847.496 1004.38 986.123 3762.97 1512.49 2250.48 101.927 1888.79
internal_count=56956 31781 27373 25175 19933 14503 11439 10053 15934 9485 8755 4450 5784 10150 8176 8014 6651 5836 5430 7032 1966 2556 5242 5212 3818 2929 2919 2476 3280 4408 2843 1595 889 2325 1676 2728 1436 937 2852 2156 1525 727 2390 4326 1298 2255 4322 519 4280 2895 1169 927 2724 1954 1004 1385 1174 4493 2067 2426 112 2353
is_linear=0
shrinkage=0.05


Tree=19
num_leaves=63
num_cat=0
split_feature=12 43 48 16 11 256 28 40 43 41 37 34 23 2 41 11 39 37 5 37 34 27 35 6 11 34 23 8 35 277 34 8 37 35 51 5 10 6 11 0 16 23 6 6 40 38 72 277 35 23 43 6 5 0 35 37 256 37 72 6 72 35
split_gain=1.29913e+08 6.53609e+07 3.68768e+07 2.20507e+07 1.99168e+07 1.87049e+07 1.9074e+07 1.68912e+07 1.51832e+07 1.48528e+07 1.38943e+07 1.24876e+07 1.21474e+07 1.23784e+07 1.16779e+07 9.66116e+06 8.90904e+06 8.89045e+06 8.46622e+06 7.7761e+06 8.26097e+06 7.74388e+06 7.63558e+06 7.54956e+06 6.80277e+06 6.79401e+06 6.57731e+06 6.30706e+06 6.28552e+06 5.84011e+06 5.80376e+06 5.50839e+06 5.4819e+06 6.60106e+06 5.72213e+06 5.48185e+06 5.45271e+06 5.85704e+06 5.37033e+06 5.79388e+06 5.2781e+06 5.24969e+06 5.18228e+06 5.05341e+06 5.03511e+06 5.02152e+06 4.9267e+06 4.91455e+06 4.79533e+06 4.59299e+06 4.45851e+06 4.43954e+06 5.79882e+06 7.05068e+06 4.3869e+06 4.31001e+06 4.30674e+06 4.27166e+06 4.23748e+06 4.19848e+06 4.19407e+06 5.65279e+06
threshold=1.0000000180025095e-35 0.0068425925925925928 1.0000000180025095e-35 2.5000000000000004 0.25824574121058358 1.0000000180025095e-35 88.301215277777786 0.013039979237907879 0.0065833333333333343 0.12083333333333335 0.01117857142857143 0.036149334132836115 85.098823529411774 1.0000000180025095e-35 0.1491666666666667 0.26425937974409025 0.010559640522875819 0.008861111111111113 0.08842144452717797 0.010690476190476193 0.011524617310770617 0.13976744186046516 0.097500000000000017 0.13811445341159209 0.29948453608247427 0.021868577497742164 51.529411764705891 5.5000000000000009 0.16750000000000001 1.0000000180025095e-35 0.027233158139896591 5.5000000000000009 0.0063148148148148156 0.20583333333333334 1.0000000180025095e-35 0.14371772805507746 7.5000000000000009 0.10050505050505053 0.19521722560975613 38.500000000000007 1.5000000000000002 35.666295884315915 0.057307060755336627 0.11451990632318503 0.016799253245550354 0.38750000000000001 1.0000000180025095e-35 1.0000000180025095e-35 0.49750000000000005 46.877976190476197 0.016842592592592593 0.13021739130434787 0.094987468671679218 22.500000000000004 0.24083333333333337 0.013027777777777779 1.0000000180025095e-35 0.0040238095238095241 1.0000000180025095e-35 0.062114197530864203 1.0000000180025095e-35 0.1791666666666667
decision_type=2 2 2 2 2 2 2 2 2 2 2 2 2 2 2 2 2 2 2 2 2 2 2 2 2 2 2 2 2 2 2 2 2 2 2 2 2 2 2 2 2 2 2 2 2 2 2 2 2 2 2 2 2 2 2 2 2 2 2 2 2 2
left_child=5 7 9 4 12 6 49 15 16 10 24 27 -4 17 19 47 48 45 31 20 -10 23 -20 32 35 57 -11 41 -19 40 -25 -15 -6 34 -34 42 -16 -38 39 50 -9 -12 54 -18 -5 -14 56 59 58 -1 -33 52 -22 -54 -3 -36 -28 -17 -8 -2 61 -21
right_child=1 2 3 44 21 -7 8 29 14 26 11 -13 13 18 36 25 43 28 22 60 51 -23 -24 30 -26 -27 46 -29 -30 -31 -32 38 33 -35 55 -37 37 -39 -40 -41 -42 -43 -44 -45 -46 -47 -48 -49 -50 -51 -52 -53 53 -55 -56 -57 -58 -59 -60 -61 -62 -63
leaf_value=13.256124694942216 6.41830202683352 4.2409126964440373 10.172312959259031 -6.0888959956401205 4.7120371347295578 -9.4651478093048453 -1.5035431678589763 8.4262935354483286 -5.1771416993207362 14.815750709990184 15.314422840516109 3.7128904433049139 7.2850656258483957 10.268734318551489 -2.9154533529401618 4.0498976282869661 9.8126811799483917 -2.4278524005882893 -0.5789180318501963 -6.4105494371479566 6.1533853297509049 -13.142260745475296 7.6634622846670517 -8.2930618520090427 -5.2850398299582224 7.1625349439232187 2.6727901761693067 -8.2359582099555997 5.4031019567764638 -1.3067604689608658 6.583615506264362 4.9906580618571414 6.1291574362468069 8.0192465902708125 -0.067380044707199202 -2.8559425776111773 13.067400708269441 0.2270208246501888 2.8218726625138317 11.814464581881159 3.8626554988301645 -4.3810601881554208 -1.1694889749953012 -0.29114153932457115 -0.54502553864100911 1.6338006829274292 -12.390627682788574 -2.8238120733769896 11.736182364344501 2.7727069632760104 -18.344914315361361 -3.8250356358624091 28.254873648794497 -4.4544802921716755 -24.602651764659438 -4.8530980138223034 -11.349739209943996 -2.8838607091051522 -9.8198078793132204 2.7907618290447758 -10.483169051540148 1.6948493114312324
leaf_weight=166.0124679505825 2125.4539767205715 1093.0957846343517 755.76205670833588 876.22489401698112 758.84729105234146 1456.2859829068184 1428.9789528548717 3720.7245225310326 2477.8265625238419 98.483513832092285 34.516466081142426 355.54175072908401 684.98196390271187 950.10867369174957 375.02360457181931 279.12401679158211 302.44556969404221 1485.7183738648891 822.25402277708054 4178.0806880295277 418.79636946320534 113.14176091551781 426.84139722585678 390.30307000875473 735.79102563858032 273.68851882219315 1297.1376280486584 1757.1467569172382 309.64787715673447 189.72934558987617 78.795152306556702 74.760494828224182 253.49472931027412 225.445152759552 1269.3473550975323 1058.1559801697731 154.32390853762627 209.20062056183815 838.23579725623131 427.53798493742943 763.59778472781181 1708.5807768702507 930.71870592236519 209.45539325475693 769.0207342505455 922.42271837592125 61.482548475265503 210.04023814201355 62.374338746070862 281.87691640853882 28.185910910367966 502.49433821439743 17.396731555461884 310.97171422839165 13.343477070331572 747.51392596960068 57.169827669858932 1087.7746149897575 171.5669666826725 1276.798446983099 589.74923139810562 226.78248018026352
leaf_count=106 2824 1512 659 1294 1060 1445 1880 4044 2932 61 20 445 827 968 419 406 349 2101 1214 4176 546 128 477 500 979 314 1699 1894 370 320 98 82 336 238 1863 1557 162 288 1166 395 1031 2074 1389 299 1134 1363 67 396 73 349 24 673 13 351 8 967 70 1674 159 1947 459 282
internal_value=-9.40685e-09 1.7217 0.225566 1.91843 2.68902 -4.11193 -3.46676 5.09918 -3.85651 -2.20459 -3.09621 -5.21515 4.15133 3.49853 -4.7225 3.15364 -0.0893999 1.34101 5.55618 -5.23368 -3.50552 -0.255663 2.23767 0.135882 -0.963624 -0.0281992 2.32152 -6.12203 -1.07724 7.28565 -5.7942 7.34378 0.990595 -0.140908 -0.951207 0.0636255 1.31439 5.67804 5.3134 9.25035 7.64919 -3.99105 1.58013 5.67848 -3.49758 4.04204 1.45241 4.59872 -1.86494 6.65844 -1.39844 -0.191027 2.25297 -2.72156 3.89306 -1.84112 2.08085 -1.46797 -2.39499 5.05696 -6.5234 -5.99325
internal_weight=45876.3 32336.7 22409.8 13208.6 11563.3 13539.6 12083.4 9926.93 11635.5 9201.16 7686.89 3855.79 7726.46 6970.7 9460.65 5252.88 2174.82 3402.77 3567.92 8722.1 3727.49 3836.89 1249.1 3723.75 3831.1 1640.59 1514.27 3500.24 1795.37 4674.05 469.098 2318.83 3254.65 2495.8 2270.36 3095.31 738.548 363.525 1368.72 530.484 4484.32 1743.1 2037.16 511.901 1645.25 1607.4 1415.79 3612.29 1662.92 447.889 102.946 1249.66 747.165 328.368 1106.44 2016.86 1354.31 1366.9 1600.55 3402.25 4994.61 4404.86
internal_count=56956 41995 29039 17264 14836 14961 13516 12956 13061 11775 9878 4433 9646 8987 10301 7561 2760 4661 4326 9432 4515 5190 1691 5062 5445 2394 1897 3988 2471 5395 598 2635 4464 3404 3166 4466 869 450 1667 501 5075 2094 2909 648 2428 2190 1836 5167 2112 455 106 1583 910 364 1520 2830 1769 2080 2039 4771 4917 4458
is_linear=0
shrinkage=0.05


Tree=20
num_leaves=63
num_cat=0
split_feature=13 43 256 1 11 1 28 28 72 12 23 41 1 40 43 1 0 13 37 35 11 6 40 43 6 37 33 16 41 72 33 11 329 43 40 1 66 34 3 16 35 1 40 39 35 15 331 35 1 35 13 35 8 14 37 23 35 9 116 36 11 43
split_gain=1.17954e+08 5.46004e+07 3.69817e+07 3.57106e+07 2.67727e+07 2.65717e+07 2.19991e+07 1.94209e+07 1.8654e+07 1.74576e+07 1.74214e+07 1.67724e+07 1.59816e+07 1.37196e+07 1.19027e+07 9.45344e+06 1.10324e+07 9.89554e+06 9.04189e+06 9.97514e+06 8.89394e+06 8.08415e+06 7.68921e+06 7.41292e+06 6.95415e+06 6.94884e+06 6.69719e+06 6.76726e+06 6.40519e+06 6.37209e+06 6.04554e+06 5.98262e+06 5.96845e+06 5.90303e+06 9.24704e+06 5.72304e+06 5.40363e+06 5.35881e+06 5.17088e+06 5.16772e+06 4.92542e+06 6.58893e+06 4.89809e+06 4.86633e+06 4.86546e+06 4.83686e+06 5.14313e+06 4.8368e+06 4.65226e+06 4.49203e+06 4.41142e+06 4.35525e+06 4.28555e+06 4.18877e+06 4.14866e+06 4.14688e+06 4.55744e+06 4.14656e+06 4.12966e+06 4.07468e+06 4.05568e+06 4.17524e+06
threshold=1.0000000180025095e-35 0.0063611111111111117 1.0000000180025095e-35 -10.499999999999998 0.29948453608247427 -7.4999999999999991 88.301215277777786 63.471428571428582 1.0000000180025095e-35 1.0000000180025095e-35 165.82088414634151 0.069166666666666682 11.500000000000002 0.013558658696139024 0.012194444444444445 10.500000000000002 56.500000000000007 13.500000000000002 0.0046944444444444447 0.13083333333333336 0.26161035226455792 0.039736842105263161 0.042677078267540754 0.024212962962962967 0.050316455696202543 0.014694444444444447 0.023353174603174608 3.5000000000000004 0.15916666666666671 1.0000000180025095e-35 0.0044831730769230782 0.19395370088333844 1.0000000180025095e-35 0.011361111111111112 0.010249745877602696 -7.4999999999999991 1.0000000180025095e-35 0.025828746032832584 9.5000000000000018 3.5000000000000004 0.069166666666666682 3.5000000000000004 0.025241670110923198 0.025759740259740264 0.11083333333333335 2.5000000000000004 1.0000000180025095e-35 0.49750000000000005 17.500000000000004 0.04083333333333334 11.500000000000002 0.11750000000000001 7.5000000000000009 5.5000000000000009 0.053250000000000013 39.158333333333339 0.10916666666666668 3.5000000000000004 1.0000000180025095e-35 1.5000000000000002 0.25595575723199099 0.0065833333333333343
decision_type=2 2 2 2 2 2 2 2 2 2 2 2 2 2 2 2 2 2 2 2 2 2 2 2 2 2 2 2 2 2 2 2 2 2 2 2 2 2 2 2 2 2 2 2 2 2 2 2 2 2 2 2 2 2 2 2 2 2 2 2 2 2
left_child=5 13 3 25 6 60 55 57 10 29 11 14 18 20 24 16 23 38 -11 22 -2 -6 26 32 48 31 27 40 -25 33 -16 -3 45 34 47 -22 -23 -28 -18 -39 -20 -42 -35 49 -26 46 -13 -9 -8 -44 -15 -17 -37 -19 -10 -5 -57 -7 -40 -29 61 -1
right_child=1 2 -4 4 21 7 8 9 54 12 -12 15 -14 50 30 51 17 53 19 -21 35 36 -24 28 44 -27 37 59 -30 -31 -32 -33 -34 42 -36 52 -38 39 58 -41 41 -43 43 -45 -46 -47 -48 -49 -50 -51 -52 -53 -54 -55 -56 56 -58 -59 -60 -61 -62 -63
leaf_value=0.494329282690463 5.0649208539007944 4.5984764761705597 -8.4066852199622844 12.955551890061571 0.76048188068868983 -1.2278812464858382 4.437873384746438 -4.606527213650387 -6.1784189132244549 5.9839355126627387 -13.213510713385745 7.6952506619081618 -6.2633107501108398 8.6175523947040631 22.724837144743212 -3.2265492436085648 7.6013112289700464 7.1907526202351422 -1.6743087172492157 4.9657915997670692 -5.9427351461211586 -5.5571503944037888 8.9333469860625474 -9.3159131039845686 -1.433097620864425 -8.9751416237474775 -11.045539420553011 -7.4824541395851689 2.1609086386216396 -9.5103405172952051 -3.4910175790556104 -4.3290198393205896 -9.8059581137745369 -6.7642311880045387 2.3790827864051063 0.15306041818370514 11.712496878574765 -3.832283850935192 -3.3226865066435067 20.183581457812675 5.9574974475744051 -2.3670462589841592 -5.3248550621707578 -4.7627221919724958 5.7590319504570147 1.3337510152601131 -16.445637076007809 10.494160761072294 -9.2976616279111699 10.633789127646596 4.5936543124681801 5.2110680543917773 6.9781942021154677 0.38929781662891183 13.269428175574541 3.7108757198892017 10.951337548984824 13.389192175062863 24.071285070768607 18.994251078883551 -9.541746592262923 -7.0008938859045742
leaf_weight=221.08286488056183 3042.3279908597469 220.15649971365929 1094.8619614541531 407.74616175889969 930.90578743815422 61.552445739507675 1952.3926159143448 1991.8050719499588 764.67688167095184 591.35566556453705 176.13697803020477 698.82613790035248 1183.0644682049751 2749.4704503118992 22.298842757940292 597.98456379771233 3619.2250161468983 298.6488439142704 2046.8651275932789 699.65556758642197 289.96024218201637 1600.9295465052128 169.99870282411575 252.43394613265991 1485.0692189335823 726.24314740300179 330.99854490160942 466.03681454062462 234.50830790400505 612.27759569883347 1593.4221431910992 1271.3637061417103 83.202123463153839 2305.2081980109215 721.38267847895622 913.47946092486382 46.614803373813629 151.88806256651878 166.17011249065399 26.274581283330917 593.19304004311562 396.64492869377136 68.921920210123062 412.41515645384789 279.39192804694176 828.49168637394905 22.782058864831924 54.478276014328003 63.657131254673004 122.4128642976284 905.42028871178627 205.49292945861816 307.3946191072464 935.37393409013748 28.442372739315033 499.61373129487038 384.66617861390114 229.12651780247688 14.99949476122856 14.999009132385252 1525.577577829361 1164.3323585093021
leaf_count=288 4244 303 1414 288 1243 73 2709 2299 1039 778 185 851 1416 2927 11 890 4341 412 2954 827 428 2069 189 288 2254 756 325 611 334 513 2213 1775 121 2287 879 1380 56 193 247 21 827 562 76 447 367 1103 19 69 90 158 1193 234 372 1343 20 632 312 175 7 16 1314 1189
internal_value=-1.41547e-08 1.86976 0.545683 1.02587 1.75604 -3.43777 2.53542 -2.48751 1.97178 -2.77419 2.40864 2.61469 -0.992404 5.33912 0.462815 4.07382 4.65132 5.9255 0.143879 -0.561423 3.50764 -2.96406 -1.48285 1.62585 1.99798 -4.96424 -1.92258 -1.14682 -3.78875 -4.66422 -3.12921 -3.01127 3.24012 -4.14152 -2.48851 0.371795 -5.06853 -7.28221 7.18867 -0.290538 -0.273986 2.62171 -5.71423 -1.70519 -0.294267 3.94038 6.93309 -4.2045 4.00417 4.88522 7.62072 -1.06859 1.87151 2.03533 -5.48099 8.78403 6.86051 10.294 -1.05467 -6.65689 -7.76325 -5.80482
internal_weight=45876.3 29714.8 21506.7 20411.9 18194.1 16161.5 15615.7 13250.6 14323.6 12959.9 13530.5 13354.4 6670.97 8208.05 5396.23 7958.14 7154.66 5034.42 5487.91 4896.55 4553.16 2578.45 4196.9 2120.24 3780.51 2217.76 4026.9 3517.74 486.942 6288.9 1615.72 1491.52 1633.3 5676.62 2767.67 1510.83 1647.54 509.161 3800.39 178.163 3036.7 989.838 2908.96 603.75 1764.46 1550.1 721.608 2046.28 2016.05 191.335 3654.89 803.477 1220.87 1234.02 793.119 1292.03 884.28 290.679 181.17 481.036 2910.99 1385.42
internal_count=56956 38470 27926 26512 23678 18486 20310 15695 19078 15447 18019 17834 8719 10544 7644 10190 9066 6350 7303 6525 6424 3368 5698 2716 5420 2834 5509 4970 622 6728 2224 2078 2094 6215 3247 2180 2125 539 4595 214 4343 1389 2968 681 2621 1973 870 2368 2799 234 4120 1124 1752 1755 1059 1232 944 248 254 627 2791 1477
is_linear=0
shrinkage=0.05


Tree=21
num_leaves=63
num_cat=0
split_feature=12 43 40 40 256 28 28 1 28 1 72 43 1 10 23 11 43 6 5 1 5 40 11 6 21 11 23 43 33 1 16 10 34 33 5 43 7 40 39 8 11 38 51 256 1 5 34 1 34 40 5 28 34 1 7 13 6 34 15 33 34 11
split_gain=1.0693e+08 5.4714e+07 3.11167e+07 1.80382e+07 1.59538e+07 1.59094e+07 1.55935e+07 1.44147e+07 1.40276e+07 1.32612e+07 1.40865e+07 1.20579e+07 1.10167e+07 1.64831e+07 1.05796e+07 1.03935e+07 1.02388e+07 1.02058e+07 1.02785e+07 8.79861e+06 1.28916e+07 8.73732e+06 8.2849e+06 7.67092e+06 7.42313e+06 7.42353e+06 7.41478e+06 7.22076e+06 7.13623e+06 7.11945e+06 6.78338e+06 5.96317e+06 5.63462e+06 8.41884e+06 5.63473e+06 5.62848e+06 8.93468e+06 7.01498e+06 8.14154e+06 5.48162e+06 5.44583e+06 5.40315e+06 5.38583e+06 5.20118e+06 5.1922e+06 5.11983e+06 5.03299e+06 5.02215e+06 5.019e+06 4.90046e+06 4.87746e+06 4.68605e+06 4.61276e+06 4.55357e+06 4.5333e+06 4.46836e+06 4.46804e+06 4.36614e+06 5.26136e+06 4.18598e+06 4.17453e+06 4.15187e+06
threshold=1.0000000180025095e-35 0.0086388888888888904 0.017263844096056528 0.012592925498904539 1.0000000180025095e-35 88.301215277777786 57.194594594594598 -7.4999999999999991 181.82013574660635 -8.4999999999999982 1.0000000180025095e-35 0.014023809523809527 9.5000000000000018 7.5000000000000009 68.715197956577285 0.24536878216123501 0.014694444444444447 0.16024691358024692 0.16024691358024692 -6.4999999999999991 0.12746615087040622 0.047467981820753832 0.30918462980318656 0.038278388278388288 41.500000000000007 0.20067114093959734 121.64870689655173 0.023027777777777782 0.013491527241527244 -12.499999999999998 3.5000000000000004 9.5000000000000018 0.021265684989302768 0.021678403755868551 0.054299754299754303 0.012194444444444445 6.5000000000000009 0.018729989062118941 0.01716132799466133 4.5000000000000009 0.25324894514767943 0.99416666666666675 1.0000000180025095e-35 1.0000000180025095e-35 14.500000000000002 0.22276159654800434 0.034536579530785767 -1.0000000180025095e-35 0.038135032452649813 0.014185754680845507 0.13069358178053833 166.36231884057975 0.069870908574926838 -2.4999999999999996 4.5000000000000009 12.500000000000002 0.10923295454545455 0.017495138213265531 5.5000000000000009 0.031045524691358028 0.0095915265909860565 0.2298073936004971
decision_type=2 2 2 2 2 2 2 2 2 2 2 2 2 2 2 2 2 2 2 2 2 2 2 2 2 2 2 2 2 2 2 2 2 2 2 2 2 2 2 2 2 2 2 2 2 2 2 2 2 2 2 2 2 2 2 2 2 2 2 2 2 2
left_child=4 3 6 15 5 53 -3 -4 14 -7 12 19 13 30 -9 45 32 18 26 -8 31 22 27 46 25 -5 40 48 -29 -27 35 60 33 34 -16 36 49 41 39 -39 57 -37 -24 -13 51 -2 -17 -38 59 -11 -25 55 -22 -1 56 -31 -51 58 -15 -18 -21 -36
right_child=1 2 7 24 -6 9 11 8 -10 10 -12 43 -14 17 16 23 21 -19 -20 20 52 -23 42 50 -26 29 -28 28 -30 44 -32 -33 -34 -35 61 37 47 38 -40 -41 -42 -43 -44 -45 -46 -47 -48 -49 -50 54 -52 -53 -54 -55 -56 -57 -58 -59 -60 -61 -62 -63
leaf_value=-0.31685026217042611 4.3172544430392277 8.2166624298814082 -3.1074966311941044 7.8991489977220333 -8.6744189267778538 -6.9267444221907271 -5.3614090842908242 8.6557032364921831 -11.179528325390592 -3.2585424027781267 -8.2024859665363774 -5.1130335713907966 -6.569543509135011 18.288925047266499 6.752889907030049 1.7038109408377722 1.8729057408978116 -2.6719224794739844 -3.9983888928640319 -4.77676234718842 -4.9344335534524806 5.299438647979084 8.0850938262667533 -1.1640415521189291 9.8854192519167068 -5.1474302516699382 -14.103717614760468 4.494591680677904 -4.8889184323672721 5.7195379028342117 -7.4854333981319705 3.9356009097238438 6.988755731878463 -10.231708232856025 5.0025697932053381 -8.0556641725982008 -0.68240277584701081 26.872201963468338 -2.4861103853213282 -2.1656970518724159 3.6784002861977778 13.850377131546622 -8.9759621938354268 -13.744033480901733 -5.100262771245772 -3.7921012176072413 11.921998811455582 8.3617640684943186 9.5470738511516 17.280088178386631 -8.5806694781122186 -11.656526661681522 11.800456649876937 10.065750817141353 -3.4463490265755823 1.2811481824820024 -2.7534565538391775 14.861315527038224 3.2703878208190611 -10.140433986879762 0.84976259536302035 -1.3548058911132994
leaf_weight=170.53695222735405 3590.073283970356 329.55967500805855 1362.7841790020466 1692.1651649773121 1456.2859829068184 2262.0535017848015 1217.1403753459454 690.40274679660797 185.38055214285851 1640.1951795518398 1021.9339676201344 2318.1101607680321 1131.9742666184902 74.872426867485046 779.67164686322212 1306.1914650797844 1849.3144659698009 692.41183385252953 278.8318330347538 443.00566774606705 1400.5936856865883 831.48360726237297 52.703244775533676 1395.9386586248875 931.57112339138985 202.98556467890739 41.617471277713776 263.37900987267494 878.28492668271065 3271.962425917387 680.40221098065376 1255.9975834488869 1244.7058673202991 118.4447765648365 425.73643067479134 876.16396254301071 263.9795643389225 41.35269370675087 873.6731139421463 26.775902330875397 541.52270159125328 29.083136051893234 378.21324872970581 188.76333156228065 137.76986801624298 205.79309368133545 132.75672408938408 366.7400866150856 209.73452413082123 86.361545383930206 263.52514046430588 42.939721256494522 42.424265086650848 277.35243213176727 98.807243764400482 685.95585706830025 41.066232025623322 301.94170781970024 263.70688879489899 75.471236795186996 1288.4676338136196 647.28611141443253
leaf_count=223 5052 325 1776 1880 1445 2289 1584 622 185 1902 962 2832 1276 75 971 1900 2531 934 334 621 1993 1094 69 2142 919 277 33 325 1090 4054 764 1768 1462 147 602 911 379 31 943 38 749 41 460 178 206 318 108 467 204 77 383 69 38 232 134 1032 55 299 368 98 1757 923
internal_value=-2.08107e-09 1.562 -0.219274 3.93672 -3.73052 -3.13468 -2.44615 1.67135 2.42597 -3.49064 -2.66141 -2.87708 -1.98338 -1.2643 2.72463 2.12364 2.19657 2.35046 4.66499 -1.59611 -0.561709 0.667219 -0.371764 -0.0251496 5.7313 5.08994 6.63908 0.485488 -2.72417 3.99503 -2.84334 1.31277 4.35497 2.69183 3.51805 -2.11628 -0.56843 -4.20891 -1.18793 15.4597 7.3694 -7.35188 -6.88931 -5.76293 4.44344 3.87761 2.64654 4.57644 2.2022 -2.30703 -2.34181 4.77208 -4.44243 6.1125 4.59141 4.95031 10.8239 10.4899 6.59154 1.40186 -0.589811 1.16757
internal_weight=45876.3 32336.7 18477.1 13859.6 13539.6 12083.4 8484.06 9993 8630.21 11635.5 9373.41 8154.5 8351.48 7219.51 8444.83 6894.28 7754.43 2194.9 1502.49 5647.63 4430.49 4538.58 3707.1 3098.41 6965.35 6033.78 1223.66 3276.18 1141.66 4341.61 5024.6 2987.47 3215.84 1971.14 1852.69 4344.2 2497.15 1847.05 941.802 68.1286 1182.04 905.247 430.916 2506.87 4138.63 3795.87 1438.95 630.72 2134.52 1866.43 1659.46 4000.86 1443.02 447.889 226.235 3957.92 127.428 640.521 338.579 1924.79 1731.47 1073.02
internal_count=56956 41995 23655 18340 14961 13516 11096 12559 10783 13061 10772 10771 9810 8534 10598 9903 9976 2792 1858 7761 6177 5871 4777 4533 8437 7518 1524 4248 1415 5638 5742 4146 4105 2643 2496 4978 3014 1964 1012 69 1491 952 529 3010 5361 5370 2008 846 2833 2168 2525 5155 2031 455 266 5086 132 742 443 2629 2378 1525
is_linear=0
shrinkage=0.05


Tree=22
num_leaves=63
num_cat=0
split_feature=13 43 45 11 2 35 5 51 43 36 39 35 27 2 28 34 18 28 13 41 43 41 5 51 33 28 34 33 0 28 256 44 41 41 18 35 18 11 41 0 43 11 11 41 12 34 33 15 35 11 43 43 22 11 35 33 329 11 32 28 22 21
split_gain=9.89296e+07 4.56895e+07 3.16782e+07 2.3375e+07 2.08765e+07 1.5269e+07 1.3582e+07 1.33479e+07 1.22114e+07 1.17052e+07 1.14068e+07 1.08616e+07 1.03384e+07 1.00265e+07 1.0019e+07 9.3975e+06 1.04888e+07 9.1454e+06 8.13494e+06 8.04061e+06 7.4309e+06 7.12201e+06 6.81931e+06 6.73431e+06 7.27205e+06 6.40033e+06 6.71568e+06 6.70211e+06 6.10643e+06 6.04601e+06 5.99608e+06 5.78846e+06 5.72692e+06 5.62627e+06 5.93225e+06 5.43418e+06 5.81756e+06 5.40046e+06 5.30718e+06 5.28093e+06 5.27887e+06 5.20578e+06 5.1334e+06 5.07559e+06 4.75835e+06 4.65658e+06 4.63698e+06 4.48021e+06 4.46533e+06 4.44171e+06 4.2667e+06 4.23287e+06 4.46205e+06 4.10619e+06 4.03494e+06 3.90387e+06 3.8982e+06 3.86183e+06 3.84257e+06 3.83442e+06 3.81927e+06 4.70227e+06
threshold=1.0000000180025095e-35 0.0063611111111111117 1.0000000180025095e-35 0.24896694214876036 1.0000000180025095e-35 0.10250000000000002 0.13536417773705914 1.0000000180025095e-35 0.008861111111111113 6.5000000000000009 0.013621242263483645 0.070833333333333345 0.13536417773705914 1.0000000180025095e-35 54.462857142857153 0.033158274298907317 3.5000000000000004 54.462857142857153 12.500000000000002 0.26250000000000001 0.013027777777777779 0.04083333333333334 0.039344685242518065 1.0000000180025095e-35 0.025234788359788363 62.735087719298257 0.027853921928376789 0.020161945974298458 44.500000000000007 88.301215277777786 1.0000000180025095e-35 0.27583333333333343 0.04083333333333334 0.069166666666666682 2.5000000000000004 0.07583333333333335 2.5000000000000004 0.31444622792937404 0.11083333333333335 54.500000000000007 0.012546296296296298 0.2242184982275218 0.30283094098883578 0.10916666666666668 10.500000000000002 0.017916117206710675 0.016322684246112242 2.5000000000000004 0.0075000000000000006 0.26425937974409025 0.0067500000000000008 0.0032500000000000007 17.500000000000004 0.26425937974409025 0.25250000000000006 0.022541771094402679 1.0000000180025095e-35 0.16011049723756909 0.18942218080149117 133.53359683794469 21.500000000000004 27.500000000000004
decision_type=2 2 2 2 2 2 2 2 2 2 2 2 2 2 2 2 2 2 2 2 2 2 2 2 2 2 2 2 2 2 2 2 2 2 2 2 2 2 2 2 2 2 2 2 2 2 2 2 2 2 2 2 2 2 2 2 2 2 2 2 2 2
left_child=4 10 5 6 9 30 13 -6 11 17 18 51 14 29 -5 16 39 45 35 25 21 50 59 -7 41 -10 27 32 -24 -4 33 -31 -27 46 -35 36 -2 -20 -13 -16 -33 57 -18 55 -30 -1 -3 -41 -22 -38 -19 -9 -53 56 -50 -8 -54 -25 -36 -15 -34 -62
right_child=1 2 3 12 7 23 43 8 19 -11 -12 38 -14 22 15 -17 42 20 37 -21 48 -23 28 24 -26 26 -28 -29 44 31 -32 40 60 34 58 -37 49 -39 -40 47 -42 -43 -44 -45 -46 -47 -48 -49 54 -51 -52 52 53 -55 -56 -57 -58 -59 -60 -61 61 -63
leaf_value=-2.740483899199496 6.8788065564050163 -3.150939771735386 8.0890849528789381 9.2203910997256422 5.7086086028036309 8.6859281351212889 -1.930471370526357 4.4802118509249205 14.614716430026021 14.328180982868009 7.5238337123927028 3.9596736260082062 -11.474309708090722 9.0816234752246796 -1.2734987993057096 5.2247144262015972 -2.1740862746787428 -3.5764675648080928 1.2750487765359595 6.2695072403276733 16.281243744452144 -2.0994209349618376 -2.4411380203534025 -9.6144630423546555 -4.6235381013114658 -6.9348205171093342 1.7864491646162504 -8.9984242615178935 7.3194390500258111 4.3504874461296827 -8.3179825503227995 1.7973863145042384 -8.6001271598660942 4.2875606369771715 -1.9036249567934247 7.166253271168272 3.5689015992637807 -9.019719295016289 15.021655351913864 11.5074167567029 -3.9420710070449516 0.046962178995000103 -7.2229370892027083 4.0512634911315146 1.5756046728501922 12.671214056201398 -7.7671851650397548 2.1827705461596869 -8.0187193680847759 -1.5370593199777804 -7.9512928363915059 -8.5231277541581871 2.068952530361944 -4.1858691415651368 2.9931778780341283 -11.571621875426395 -12.654036285626354 9.3887635995989438 -14.712490132914901 -11.121198135326384 -7.9759334493350895 -1.3090391067418692
leaf_weight=93.222627907991409 817.4313482940197 1842.0446934700012 434.40133363008499 273.09519621729851 601.72658270597458 303.97282743453979 778.77089214324951 282.53899383544922 46.905907571315765 76.907454699277878 2733.4988574981689 584.6623974442482 207.97685751318932 1535.2630906105042 1305.3655723929405 617.50473529100418 1685.8805276453495 943.64607706665993 1192.7006232440472 207.39314404129982 19.558383733034134 2031.1106749475002 283.98477312922478 29.144376993179321 464.98480245471001 1021.1821966469288 465.61082008481026 706.07838580012321 1133.5395565032959 1309.5999110639095 578.21570265293121 1291.5014427304268 242.27296724915504 415.6332101225853 1791.5466628968716 1423.276269286871 1253.3403907120228 142.62413439154625 133.11320099234581 146.47160142660141 580.78811994194984 554.62451100349426 717.8143789768219 325.98696365952492 528.77233818173409 103.3484274148941 771.98271596431732 1068.7483952045441 2791.6442246437073 645.18142867088318 1361.3656765222549 235.05005106329918 775.72055906057358 614.33481419086456 85.741364747285843 121.35944455862045 47.724510937929153 323.37284472584724 60.530065208673477 23.851247787475586 297.34323745965958 2393.3453580439091
leaf_count=119 1046 2543 425 277 797 338 1169 352 28 62 2980 761 241 1565 1867 732 2468 1178 1793 237 16 2470 386 35 616 1087 524 689 1314 1707 656 1897 276 533 2344 1674 1831 181 110 167 859 682 882 440 792 94 854 1576 2637 1039 1378 261 1137 856 124 118 56 369 46 28 351 2886
internal_value=-3.57201e-09 1.71236 0.501131 1.85337 -3.14835 -2.22203 3.56623 -1.47478 -2.01151 -5.07797 4.88601 0.75066 -0.520696 4.40307 -0.128926 -0.589653 -1.31877 -5.27885 3.56891 -3.38391 -5.56804 -4.25811 6.30859 1.95234 0.460624 -3.77095 -3.9392 -4.51126 4.33478 2.55597 -3.50348 1.80057 -3.71 -2.93322 -1.11078 4.66364 3.35216 0.175479 6.01114 0.934688 0.0169947 3.06668 -3.68182 -1.29438 5.49236 5.36231 -4.51422 3.30668 -7.52874 1.83372 -6.16029 -1.18036 -2.13642 -1.09231 -7.69058 -3.23033 1.21565 7.81767 -2.32225 8.77256 -2.5872 -2.04579
internal_weight=45876.3 29714.8 21506.7 14370.7 16161.5 7136.05 8347.82 8655 8053.28 7506.54 8208.05 2673.14 6022.86 7121.7 5814.88 5541.79 4924.28 7429.64 5474.55 5380.13 7233.07 4336.12 3505.41 1676.1 1372.13 5172.74 5125.83 4660.22 1946.3 3616.29 5459.95 3181.89 3954.14 4881.74 2267.71 4139.23 2715.95 1335.32 717.776 2520.59 1872.29 907.142 2403.69 1226.12 1662.31 196.571 2614.03 1215.22 2896.94 1898.52 2305.01 1955.37 1672.83 1437.78 2877.39 900.13 823.445 352.517 1852.08 1559.11 2932.96 2690.69
internal_count=56956 38470 27926 18910 18486 9016 10700 10408 9611 8078 10544 3533 8210 8973 7969 7692 6960 8016 7564 6078 7803 5026 4085 2040 1702 5841 5813 5289 2492 4888 6976 4463 4600 6320 2923 5590 3916 1974 871 3610 2756 1086 3350 1727 2106 213 3397 1743 2777 2870 2556 2662 2310 2049 2761 1287 1193 404 2390 1593 3513 3237
is_linear=0
shrinkage=0.05


Tree=23
num_leaves=63
num_cat=0
split_feature=13 37 1 11 1 16 23 37 23 0 37 51 1 0 38 18 1 23 21 1 10 0 4 2 37 16 51 37 21 13 329 14 0 1 1 43 11 16 44 37 0 14 43 33 15 40 38 18 33 28 37 37 25 51 36 44 33 10 0 43 0 38
split_gain=8.92839e+07 4.53101e+07 2.80711e+07 2.25626e+07 2.12613e+07 1.92306e+07 1.58079e+07 1.52604e+07 1.449e+07 1.46649e+07 1.11918e+07 1.15728e+07 1.06516e+07 1.04108e+07 1.00723e+07 1.10262e+07 9.32559e+06 8.94607e+06 9.58439e+06 8.89449e+06 1.02791e+07 8.57766e+06 8.42173e+06 7.78191e+06 7.73153e+06 7.38297e+06 6.64368e+06 6.97609e+06 6.51622e+06 6.05253e+06 5.75398e+06 5.74851e+06 6.83908e+06 5.67567e+06 6.58774e+06 5.45387e+06 5.21806e+06 5.19467e+06 5.1476e+06 4.86556e+06 4.80054e+06 6.73082e+06 4.99123e+06 4.79762e+06 4.694e+06 4.68861e+06 4.67497e+06 4.62141e+06 4.57895e+06 4.42906e+06 4.33245e+06 4.32439e+06 4.2808e+06 4.25545e+06 4.18018e+06 4.11649e+06 4.83909e+06 4.10308e+06 4.01603e+06 3.9294e+06 4.10914e+06 3.87309e+06
threshold=1.0000000180025095e-35 0.0071944444444444451 -10.499999999999998 0.29948453608247427 -7.4999999999999991 2.5000000000000004 56.313852813852826 0.0078452380952380978 165.82088414634151 60.500000000000007 0.052083333333333336 1.0000000180025095e-35 10.500000000000002 19.500000000000004 0.45250000000000007 2.5000000000000004 5.5000000000000009 39.158333333333339 41.500000000000007 9.5000000000000018 8.5000000000000018 33.500000000000007 4.5000000000000009 -1.0000000180025095e-35 0.051250000000000011 2.5000000000000004 1.0000000180025095e-35 0.046083333333333344 27.500000000000004 12.500000000000002 1.0000000180025095e-35 6.5000000000000009 88.500000000000014 13.500000000000002 -5.4999999999999991 0.011583333333333336 0.21886405109489054 2.5000000000000004 0.78916666666666679 0.0046944444444444447 15.500000000000002 1.0000000180025095e-35 0.0086388888888888904 0.049866452991453002 3.5000000000000004 0.020826180201107502 0.099166666666666681 1.0000000180025095e-35 0.023011786600496281 54.462857142857153 0.016020833333333335 0.025351851851851855 2.5000000000000004 1.0000000180025095e-35 6.5000000000000009 0.0041666666666666675 0.0027923976608187138 12.500000000000002 83.500000000000014 0.0036851851851851859 32.500000000000007 0.17416666666666669
decision_type=2 2 2 2 2 2 2 2 2 2 2 2 2 2 2 2 2 2 2 2 2 2 2 2 2 2 2 2 2 2 2 2 2 2 2 2 2 2 2 2 2 2 2 2 2 2 2 2 2 2 2 2 2 2 2 2 2 2 2 2 2 2
left_child=4 14 50 5 55 8 21 13 9 17 11 -9 22 38 -2 -16 39 -4 24 20 23 -6 31 49 35 33 -5 29 -25 47 -20 58 -33 34 -17 45 -24 40 -8 -15 -30 -42 -43 -12 -22 46 -19 -28 -37 -13 61 -14 57 -50 -46 -1 -57 -7 -11 -36 -61 -3
right_child=1 2 3 26 6 52 7 10 -10 12 43 19 51 16 15 25 -18 18 30 -21 44 -23 36 28 -26 -27 27 -29 37 -31 -32 32 -34 -35 59 48 -38 -39 -40 -41 41 42 -44 -45 54 -47 -48 -49 53 -51 -52 -53 -54 -55 -56 56 -58 -59 -60 60 -62 -63
leaf_value=7.8212519410428882 6.2382711929374128 1.6422522189677318 10.140427365134041 5.6909874556995028 -3.3510926138301209 0.61589506186327503 8.4035731442540946 2.6149002494322233 -13.16139005920046 7.4494218727863517 8.2776023520474507 9.2198027154867273 -2.3856972505369849 7.7275896236599166 5.9283355773245328 -0.7481009091897397 -2.1310719278087791 -17.633302053497214 8.2027210576576302 -7.6960554357233129 8.3057011088582637 11.720605081494838 4.8877817703098971 -9.3211212590732053 8.3020372481155782 -3.6200389466121146 22.679424974225523 7.149623840996802 -7.1932749202084159 -8.6889200094462957 -19.392838784496327 1.690078943867741 7.0306322429535726 -7.3221266052406877 8.0054647487773476 -1.2831132204701841 -0.54198435532383227 -5.4149453424155825 -4.7675918885542439 2.1368855876400032 11.801703672318311 5.6899908112482072 -2.1804225986858508 -4.7141770134983618 -1.4659589436925975 5.2265725446624849 -0.22729635706698481 -3.4077206259951272 2.0714226770199913 -7.5033618073893811 -8.3531132719001615 7.4903968478961476 -2.9354157396809635 -8.1740728405512542 15.377455875178578 23.861106293990215 -7.2373551526696946 24.701110438788358 14.762274362804703 -7.8420099166207784 3.4884992684225979 -4.8712038492156786
leaf_weight=46.975160598754883 3843.3298290967941 282.16684404015541 230.2789948284626 176.70408311486244 135.86545866727829 50.942291915416718 79.558654248714447 611.46072152256966 147.29974141716957 1471.5047971606255 272.63040259480476 40.411387205123901 765.93367099761963 558.39561474323273 2287.0931405723095 1008.5040193498135 1018.2837903499603 39.551198273897171 428.88349536061287 1725.4279186427593 149.81871518492699 309.33925276994705 837.9491945207119 349.65222415328026 225.46297606825829 571.41887444257736 17.194350361824036 123.87274122238159 211.60492071509361 743.19248014688492 19.760237842798233 1108.584810346365 1305.3160800337791 144.20359009504318 490.90247756242752 1217.9929993450642 937.5285884141922 727.07535526156425 1097.5935869514942 1284.1511783599854 128.2317096889019 264.73825526237488 842.555932700634 96.11201286315918 1355.5486403405666 429.30414897203445 1565.007802605629 1343.2430543601513 123.0860096514225 1954.2343634665012 721.75373142957687 129.59302008152008 2264.1634178757668 573.89382341504097 37.865141898393631 12.564223617315291 2851.4534170031548 27.083846807479858 215.1992729306221 82.590078622102737 2570.2915968000889 1194.0005335509777
leaf_count=36 4563 408 199 245 136 76 106 871 148 1738 308 50 1037 718 2840 1621 1510 43 539 1749 203 248 1050 329 220 957 12 133 192 854 17 1498 1601 232 572 1604 1335 821 1244 1757 157 382 1024 127 1741 526 2208 1767 197 1987 744 129 3215 622 35 11 2744 9 183 115 3650 1563
internal_value=-7.70799e-09 1.62674 0.130045 0.836376 -2.99094 1.59904 -2.14092 -2.46293 2.42227 2.61973 -3.63433 -4.00865 4.12317 0.080436 4.17374 3.06477 1.70898 0.522019 0.042905 -4.52874 -3.62719 7.1211 4.89732 -4.83047 -0.703461 1.71938 -3.641 -4.38129 -2.98581 -5.06029 6.98729 6.14287 4.57798 2.42951 2.76817 -1.21764 2.02063 -1.96698 -3.87741 3.83118 -0.234636 0.957149 -0.298719 4.89132 -0.104041 0.585413 -0.656342 -3.07801 -3.13263 -7.16455 -5.1784 -0.956513 -2.5386 -6.36473 -1.00825 -6.86013 -7.10093 8.97617 8.38244 3.89616 3.13576 -3.62617
internal_weight=45876.3 29714.8 18716.4 16518.5 16161.5 14114.3 13250.6 12805.4 11772.1 11624.8 8767.37 8398.63 6771.61 4037.98 10998.3 7155 2860.83 4853.22 4622.94 7787.16 6061.74 445.205 5876.08 4518.5 4174.3 4867.91 2404.21 2227.5 2523.86 2103.63 448.644 4100.6 2413.9 4296.49 4152.29 3948.84 1775.48 2174.21 1177.15 1842.55 1447.13 1235.53 1107.29 368.742 1543.23 2033.86 1604.56 1360.44 1914.97 1994.65 2197.92 895.527 2342.19 696.98 1393.41 2910.99 2864.02 78.0261 1686.7 3143.78 2652.88 1476.17
internal_count=56956 38470 23920 21205 18486 18194 15695 15311 14894 14746 9976 9541 8571 5335 14550 9987 3985 6175 5976 8670 6921 384 7405 4942 5420 7147 3011 2766 2905 2633 556 5020 3099 6190 5958 5200 2385 2576 1350 2475 1755 1563 1406 435 1979 2777 2251 1779 2423 2037 2715 1166 3300 819 1776 2791 2755 85 1921 4337 3765 1971
is_linear=0
shrinkage=0.05


Tree=24
num_leaves=63
num_cat=0
split_feature=12 37 35 37 256 51 256 72 1 28 27 35 41 23 8 33 35 43 43 43 34 22 23 44 256 40 1 1 33 1 35 329 1 27 34 28 6 18 41 14 256 1 6 6 66 33 34 41 1 6 34 33 23 5 8 8 5 0 276 41 35 1
split_gain=8.13803e+07 4.53003e+07 3.34163e+07 2.41537e+07 1.44514e+07 1.32602e+07 1.31855e+07 1.30769e+07 1.33612e+07 1.23497e+07 1.06327e+07 1.15222e+07 1.04336e+07 9.93055e+06 9.6456e+06 9.61816e+06 9.85632e+06 9.54369e+06 9.46389e+06 8.85862e+06 8.78312e+06 7.6746e+06 7.74131e+06 7.49258e+06 6.97672e+06 6.75643e+06 6.69843e+06 7.16741e+06 6.54007e+06 6.47647e+06 6.39492e+06 6.3869e+06 5.8627e+06 5.63491e+06 5.60883e+06 5.56443e+06 5.99856e+06 5.51802e+06 5.47682e+06 5.40773e+06 5.34504e+06 5.32866e+06 5.22665e+06 5.1221e+06 5.05296e+06 4.92217e+06 5.21023e+06 4.69572e+06 4.58237e+06 4.51246e+06 4.40999e+06 6.3858e+06 4.393e+06 4.27079e+06 4.26697e+06 7.01736e+06 4.15372e+06 5.37058e+06 4.09618e+06 4.04419e+06 4.26422e+06 3.96852e+06
threshold=1.0000000180025095e-35 0.0063148148148148156 0.11583333333333336 0.01117857142857143 1.0000000180025095e-35 1.0000000180025095e-35 1.0000000180025095e-35 1.0000000180025095e-35 -8.4999999999999982 63.471428571428582 0.029557367501456031 0.044166666666666674 0.074166666666666672 164.60837245696402 3.5000000000000004 0.024039432789432793 0.067500000000000018 0.0092129629629629645 0.010351851851851853 0.012194444444444445 0.011027187965898192 22.500000000000004 216.62643678160921 0.50583333333333347 1.0000000180025095e-35 0.02266727638263737 11.500000000000002 -13.499999999999998 0.016002873563218393 13.500000000000002 0.1791666666666667 1.0000000180025095e-35 16.500000000000004 0.074350469872857941 0.022027272667244482 180.12447405329596 0.16024691358024692 2.5000000000000004 0.10750000000000003 10.500000000000002 1.0000000180025095e-35 13.500000000000002 0.15170694284618338 0.052911534154535277 1.0000000180025095e-35 0.029177350427350434 0.02817975328053831 0.11750000000000001 -1.0000000180025095e-35 0.15260706430327342 0.021265684989302768 0.018844845630559919 57.563815789473693 0.07185886402753873 3.5000000000000004 7.5000000000000009 0.14017543859649126 71.500000000000014 1.0000000180025095e-35 0.09583333333333334 0.49750000000000005 6.5000000000000009
decision_type=2 2 2 2 2 2 2 2 2 2 2 2 2 2 2 2 2 2 2 2 2 2 2 2 2 2 2 2 2 2 2 2 2 2 2 2 2 2 2 2 2 2 2 2 2 2 2 2 2 2 2 2 2 2 2 2 2 2 2 2 2 2
left_child=6 20 3 4 10 48 7 8 -1 -10 -3 42 17 14 29 16 49 23 43 59 32 -13 26 -11 28 30 27 -23 39 47 -21 35 54 -30 -17 36 41 -29 56 -18 52 -20 -12 -14 -19 46 -36 -7 -5 -16 -35 -52 -22 -50 -2 -56 57 -39 -54 60 -4 -45
right_child=1 2 19 5 -6 13 -8 -9 9 12 11 21 18 -15 15 34 24 44 31 25 40 22 -24 -25 -26 -27 -28 37 33 -31 -32 -33 -34 50 45 -37 -38 38 -40 -41 -42 -43 -44 61 -46 -47 -48 -49 53 -51 51 -53 58 -55 55 -57 -58 -59 -60 -61 -62 -63
leaf_value=-5.7591611416282156 5.8062009526948977 9.7188639571933102 2.837956502905961 -1.4504110327144302 -9.0072023479707628 0.30146164323521168 -7.7489948959978312 -7.4009432548048126 9.7683106388188268 6.7090927934873283 -1.0916585904938543 -5.9175814457363671 13.150634356613992 -13.997319422081516 -4.5559845885164014 -13.595445374699331 9.3396207698223179 -4.9039923921977016 3.6203437306680963 -4.6402670706925555 12.062435827743069 -4.2679247859816956 -20.408897088106258 -1.5365972862429158 -11.85691196810442 3.6470026204663881 -3.0169225262844308 6.5968098244271278 8.0076723041852613 -9.9407022355885033 3.7887888558344898 -8.710507149196415 -8.4755944206267824 -4.587164964650368 -4.4829281110458536 -13.231031784712712 -4.2669691127082405 -0.012264661341187795 5.9691763499368946 -0.10076088184748228 -5.6605691137880916 -7.001536563187182 -8.8438703239122525 5.829290592267526 9.6850145727040307 -11.415036157169599 12.571367945088726 8.5079087978187378 11.774715996102266 -11.071547417480939 11.594680422463513 -1.7904169406258708 5.7119508721154402 1.7251264230609697 -0.19185955740527247 4.8418816101474089 -2.8019302140947038 4.7185499134292241 -9.8574643276879907 8.1962377487270199 8.0915616001539927 -6.1408214053742345
leaf_weight=2057.5566112399101 947.51239660382271 355.53602355718613 1461.7759699523449 252.71353986859322 357.35580670833588 1126.3488154411316 1456.2859829068184 1324.4086240231991 245.83729982376099 312.76795434951782 2575.1346288919449 283.07162803411484 194.41891154646873 215.68449136614799 2227.2552008032799 357.45860627293587 278.4768799841404 3122.3142547607422 1186.3637332320213 653.16753160953522 275.81964015960693 305.35311582684517 36.602118313312531 2311.9280485808849 136.85038262605667 1404.0675419270992 477.03313240408897 1188.8710796236992 134.17417502403259 134.50007373094559 343.27794337272644 218.83533823490143 116.73805722594261 1030.9575781226158 296.62534177303314 72.601140677928925 425.20639538764954 1164.6381169557571 956.54944416880608 333.20641276240349 101.52899384498596 131.12453275918961 237.47723132371902 332.00285801291466 60.501947343349457 223.08091324567795 52.748653411865234 206.23000338673592 225.05143907666206 301.73597824573517 112.38051229715347 430.27341285347939 4777.3669283092022 199.37599202990532 1641.5992234051228 1197.3576104044914 451.62257149815559 1237.2133033573627 42.621756255626678 947.31111964583397 524.95572897791862 87.489204883575439
leaf_count=2099 1233 311 1908 385 497 1583 1445 1270 216 424 3701 430 185 163 2779 308 343 3405 1423 854 180 416 29 3010 138 1708 711 1556 116 133 385 197 177 1339 374 50 490 1791 1212 437 176 131 318 432 75 233 67 276 233 283 132 547 5801 341 2647 1696 721 1768 67 954 538 109
internal_value=8.1471e-10 1.36267 0.191489 -0.843583 0.859243 -2.82448 -3.25446 -2.71278 -2.13568 -1.27886 1.23963 0.901416 -1.60004 -3.42199 -3.11302 -4.0131 -3.14232 -2.78604 1.001 3.66496 4.35302 2.122 2.51317 -0.554012 -0.886461 1.41235 2.65829 3.16869 -0.239196 0.516068 -1.73644 -0.641122 2.56059 -1.82816 -8.68136 0.331649 0.896674 3.62295 2.69499 4.1971 5.69913 2.56319 -1.7462 6.44201 -4.62667 -5.61285 -1.90806 1.57149 3.88003 -5.33336 -2.66681 0.98156 5.92546 7.05389 2.90084 1.93117 1.59741 2.42462 5.57428 5.50795 4.22612 3.33281
internal_weight=45876.3 32336.7 23236.1 17901.6 9626.46 8275.13 13539.6 12083.4 10758.9 8701.39 9269.1 8913.57 8455.55 7597.99 7382.3 5915.22 4985.31 5807.51 2648.04 5334.56 9100.54 6100.95 5817.88 2624.7 2456.32 2400.51 5781.28 5304.25 2319.47 1467.08 996.445 2034.13 3903.21 1707.79 929.914 1815.3 1742.69 4998.89 3810.02 611.683 5197.34 1317.49 2812.61 613.911 3182.82 572.455 349.374 1332.58 677.141 2528.99 1573.61 542.654 5095.81 424.427 3786.47 2838.96 2853.47 2401.85 4819.99 2934.04 1986.73 419.492
internal_count=56956 41995 30018 23671 13461 10210 14961 13516 12246 10147 12964 12653 9931 9251 9088 7096 6114 6914 3017 6347 11977 8634 8204 3434 3052 2947 8175 7464 2914 1992 1239 2291 5753 2134 982 2094 2044 7048 5492 780 6224 1554 4019 726 3480 674 441 1859 959 3062 2018 679 6048 574 5576 4343 4280 3559 5868 3400 2446 541
is_linear=0
shrinkage=0.05


Tree=25
num_leaves=63
num_cat=0
split_feature=13 37 35 11 1 23 1 0 16 8 6 16 21 0 5 11 41 37 2 1 8 37 44 1 23 44 66 0 13 11 23 5 0 0 5 43 21 11 0 0 14 41 43 1 1 14 37 33 43 35 34 43 25 34 6 16 1 38 35 22 23 14
split_gain=7.50774e+07 3.8091e+07 2.65544e+07 1.97169e+07 1.80742e+07 1.50392e+07 1.44865e+07 1.70472e+07 1.39924e+07 1.36761e+07 1.31408e+07 1.2677e+07 9.59206e+06 8.94488e+06 9.12226e+06 8.1669e+06 7.30107e+06 7.26887e+06 7.69207e+06 6.97711e+06 6.57352e+06 6.68975e+06 6.5264e+06 6.51234e+06 6.05756e+06 5.89989e+06 5.77606e+06 5.68878e+06 6.26512e+06 5.57302e+06 5.31069e+06 5.15742e+06 5.26887e+06 5.14831e+06 6.33509e+06 5.11341e+06 5.02227e+06 4.88557e+06 4.81008e+06 4.75696e+06 4.73193e+06 4.70096e+06 4.6517e+06 4.60418e+06 5.013e+06 4.59279e+06 4.58967e+06 4.38625e+06 5.6496e+06 5.36569e+06 4.54253e+06 4.44747e+06 4.31784e+06 4.23911e+06 4.20887e+06 4.20302e+06 4.10765e+06 4.00126e+06 4.10935e+06 3.9856e+06 3.94204e+06 3.85617e+06
threshold=1.0000000180025095e-35 0.010175925925925927 0.1791666666666667 0.29948453608247427 -5.4999999999999991 78.087645687645704 8.5000000000000018 18.500000000000004 3.5000000000000004 3.5000000000000004 0.062114197530864203 2.5000000000000004 39.500000000000007 54.500000000000007 0.11558704453441297 0.19521722560975613 0.13916666666666669 0.005488095238095239 1.0000000180025095e-35 15.500000000000002 3.5000000000000004 0.013861111111111114 0.69916666666666683 -9.4999999999999982 127.15592203898053 0.34083333333333338 1.0000000180025095e-35 74.500000000000014 13.500000000000002 0.30320054477357855 33.593103448275869 0.063966175668303329 57.500000000000007 29.500000000000004 0.17047223663726002 0.0032500000000000007 40.500000000000007 0.18770973154362419 68.500000000000014 26.500000000000004 8.5000000000000018 0.017500000000000005 0.0085092592592592598 -3.4999999999999996 5.5000000000000009 1.0000000180025095e-35 0.0082500000000000021 0.010913338453661036 0.019541666666666669 0.070833333333333345 0.0060568695325165529 0.0099166666666666691 1.5000000000000002 0.010234017356742143 0.14048793859649125 1.5000000000000002 -5.4999999999999991 0.16750000000000001 0.19083333333333338 44.500000000000007 23.222488038277515 3.5000000000000004
decision_type=2 2 2 2 2 2 2 2 2 2 2 2 2 2 2 2 2 2 2 2 2 2 2 2 2 2 2 2 2 2 2 2 2 2 2 2 2 2 2 2 2 2 2 2 2 2 2 2 2 2 2 2 2 2 2 2 2 2 2 2 2 2
left_child=4 3 5 11 46 -3 7 22 9 36 13 12 15 20 29 -2 27 -11 33 23 37 25 -6 -17 31 -22 30 61 40 55 -20 32 52 -19 38 -8 45 -7 57 -33 -29 -23 -32 -18 -45 -9 53 48 -37 -49 -50 -51 -25 -1 -47 56 -15 -35 -59 -13 -5 -12
right_child=1 2 -4 60 6 10 35 8 -10 17 16 59 -14 14 -16 19 43 18 26 -21 21 41 -24 24 -26 -27 -28 28 -30 -31 42 39 -34 34 -36 47 -38 -39 -40 -41 -42 -43 -44 44 -46 54 -48 49 50 51 -52 -53 -54 -55 -56 -57 -58 58 -60 -61 -62 -63
leaf_value=-5.6910615165272995 5.8845041269398726 5.652192404127808 5.1260578579442422 15.555999282626409 6.7875104141840312 12.760706534634867 9.5875571860598239 16.182584155268369 -5.0406488065521691 5.1106204378868831 -3.5809784954558035 -1.1481228405791224 7.2942207135704509 -0.68277851354275032 -2.2486973208289052 -0.9930460154373979 -3.5952053025019683 -8.1999691710251135 12.577414483707631 -5.9557695245739763 13.578522519511887 16.959016289401585 -5.4651740991989266 12.43549615146476 -6.8981363696814446 -1.5927300511602522 12.465417971611162 6.0115148866462524 -5.9386896782894141 -5.5792134143796606 4.0373236352941522 -14.630638615887442 6.1194610065971631 -12.433914844444571 -8.7690804930516606 -3.8419922285019128 9.6463921623164381 0.18828253227905661 4.2960914930681007 2.3594799455141953 -1.6836273244460029 -6.8368118360506784 -1.2431459233218736 8.9642433347743111 -4.4685286154360488 3.9384658255701952 -6.8656290916327229 -8.5260963492337929 17.788718236740674 1.8370084280929593 -0.64990314918826164 -5.6873658172974189 1.7917530287675476 1.2291967107377804 -5.5316158270772853 1.071576150228321 8.0327555396885444 -2.2425188048609486 14.377683026577461 9.2537064176299815 -1.8707966628511703 -7.32380058757738
leaf_weight=522.48678171634674 2879.2799693644047 682.01760280132294 1738.4318815469742 32.982672393321991 114.87670791149139 100.51625147461891 60.427160263061523 64.836514502763748 1057.0324339270592 592.31098866462708 1162.6035232841969 1533.7394678890705 2047.7574882805347 159.32568681240082 864.8868091404438 894.387874096632 258.95962509512901 413.08847200870514 87.550543993711472 221.26368877291679 70.712141901254654 21.185864329338074 2014.9079811871052 101.95684579014778 136.94486436247826 683.52938616275787 105.21120226383209 256.805435359478 711.16701844334602 137.13631266355515 549.40975946187973 41.778582096099854 2785.7195919156075 90.459097146987915 265.07916715741158 730.70573407411575 484.56487542390823 334.13399037718773 390.80119141936302 2964.9842386245728 899.61313062906265 1020.7840576469898 1731.4273634850979 249.34653502702713 96.271943747997284 712.17514708638191 2734.3492459952831 1205.0015464127064 58.39520850777626 276.49887329339981 78.045466184616089 677.80800956487656 1455.7649661302567 383.88494551181793 140.46832370758057 481.34496173262596 892.43973281979561 580.00592559576035 39.739372342824936 97.973108917474747 2012.6532537639141 1686.3833402395248
leaf_count=596 3429 693 1922 15 160 103 66 74 1269 838 1391 2421 2334 232 1226 1434 340 433 59 355 72 19 2110 75 194 970 104 338 855 163 820 43 3542 80 314 1016 539 480 478 4113 1278 1134 2090 297 139 935 2511 1244 44 368 95 762 2085 529 151 718 1092 766 35 118 2911 1939
internal_value=-9.53788e-09 1.49171 -0.608015 3.01797 -2.74268 -1.53365 -1.84103 -0.868178 0.279533 1.17972 -2.0195 3.63966 4.14175 -0.112626 1.91934 3.57953 -3.72743 -0.0787406 -0.801496 2.80807 -2.42174 -3.75687 -4.80429 3.03943 3.52114 -0.170385 1.00194 -4.39052 -2.2458 4.07763 0.492693 3.71526 4.81723 -3.30882 -1.8298 -4.81422 5.52863 3.09575 -0.159088 2.1234 0.02523 -6.35298 0.0288176 1.44563 5.22255 3.35384 -5.84353 -5.10177 -2.09804 -6.30802 7.24164 -3.50727 2.48841 -2.76005 2.37832 4.94143 6.71249 -2.61062 -1.1768 -0.523565 -1.58982 -5.79644
internal_weight=45876.3 29714.8 12507.6 17207.2 16161.5 10769.2 12520.8 9433.95 7304.16 6247.13 10087.1 15161.6 13529.8 4766 2535.13 11482.1 5321.15 4845.08 4252.77 8602.8 2230.86 1796.21 2129.78 8381.54 7487.15 754.242 2473.6 4716.57 1867.59 1670.25 2368.39 7350.2 4343.44 1779.17 1366.08 3086.88 1402.04 434.65 1101.01 3006.76 1156.42 1041.97 2280.84 604.578 345.618 917.48 3640.72 3026.45 867.146 2159.31 136.441 954.307 1557.72 906.372 852.643 1533.11 1051.77 710.204 619.745 1631.71 2045.64 2848.99
internal_count=56956 38470 15401 23069 18486 13479 14850 11255 8985 7716 12786 20143 17604 6209 3431 15270 6577 6017 5179 11841 2778 2195 2270 11486 10052 1042 3073 5801 2471 2205 2969 9858 5702 2106 1673 3595 1699 583 1359 4156 1616 1153 2910 776 436 1160 3636 3529 1155 2374 139 1130 2160 1125 1086 2042 1324 881 801 2539 2926 3330
is_linear=0
shrinkage=0.05


Tree=26
num_leaves=63
num_cat=0
split_feature=48 256 13 256 43 51 43 40 45 41 11 11 1 33 2 5 28 1 20 28 72 43 0 35 6 21 40 266 1 18 0 23 0 0 23 41 35 33 22 6 6 329 43 22 39 8 1 35 1 8 32 11 1 0 2 39 6 25 44 15 35 1
split_gain=6.81719e+07 3.15829e+07 2.8848e+07 2.11854e+07 1.87739e+07 1.66615e+07 1.67699e+07 1.84065e+07 1.64373e+07 1.25607e+07 1.14216e+07 9.79792e+06 8.58976e+06 7.86498e+06 7.43459e+06 7.81526e+06 7.78561e+06 7.09207e+06 6.52638e+06 6.37598e+06 6.30986e+06 5.86228e+06 8.16007e+06 5.84032e+06 5.73166e+06 5.68824e+06 5.65844e+06 5.60894e+06 5.55668e+06 5.49271e+06 5.30583e+06 5.22095e+06 5.19235e+06 4.89323e+06 4.88695e+06 5.42524e+06 5.80207e+06 6.2773e+06 6.0746e+06 4.98558e+06 4.87825e+06 4.63296e+06 4.62665e+06 4.58582e+06 4.54617e+06 4.57669e+06 4.49648e+06 4.48268e+06 4.15837e+06 4.39914e+06 4.13656e+06 4.13276e+06 4.10903e+06 4.09883e+06 3.943e+06 3.89758e+06 3.83987e+06 4.37306e+06 4.15392e+06 3.81241e+06 3.95965e+06 3.75676e+06
threshold=1.0000000180025095e-35 1.0000000180025095e-35 12.500000000000002 1.0000000180025095e-35 0.0063611111111111117 1.0000000180025095e-35 0.011750000000000002 0.015404701888152319 1.0000000180025095e-35 0.12250000000000001 0.30283094098883578 0.23194202898550728 -12.499999999999998 0.021137287509238736 1.0000000180025095e-35 0.050252525252525264 44.150909090909096 3.5000000000000004 1.0000000180025095e-35 59.010638297872347 1.0000000180025095e-35 0.0040238095238095241 10.500000000000002 0.097500000000000017 0.1988372093023256 41.500000000000007 0.014589861489049354 1.0000000180025095e-35 15.500000000000002 2.5000000000000004 42.500000000000007 44.033333333333339 49.500000000000007 71.500000000000014 117.37566137566138 0.065833333333333341 0.49750000000000005 0.014420793075684382 8.5000000000000018 0.032522474881015347 0.34641025641025647 1.0000000180025095e-35 0.022018518518518521 46.500000000000007 0.020015432098765436 3.5000000000000004 -14.499999999999998 0.07583333333333335 -8.4999999999999982 3.5000000000000004 0.13100686498855837 0.27675941080196403 10.500000000000002 60.500000000000007 1.0000000180025095e-35 0.011430248155600271 0.039736842105263161 4.5000000000000009 0.41250000000000003 1.0000000180025095e-35 0.1125 10.500000000000002
decision_type=2 2 2 2 2 2 2 2 2 2 2 2 2 2 2 2 2 2 2 2 2 2 2 2 2 2 2 2 2 2 2 2 2 2 2 2 2 2 2 2 2 2 2 2 2 2 2 2 2 2 2 2 2 2 2 2 2 2 2 2 2 2
left_child=3 2 4 5 26 50 7 12 23 19 14 24 -7 44 16 -16 -10 33 29 32 21 -14 -23 31 -4 -12 47 34 40 -13 55 -6 -8 46 35 43 37 38 -37 -40 56 -24 48 -21 -11 -46 -18 51 -39 -50 54 -2 -32 -25 -1 -17 57 -9 -58 -15 -61 -33
right_child=1 -3 11 -5 8 6 9 28 10 13 25 18 20 59 15 30 17 -19 -20 27 -22 22 41 53 -26 -27 -28 -29 -30 -31 52 61 -34 -35 -36 36 -38 42 39 -41 -42 -43 -44 -45 45 -47 -48 -49 49 -51 -52 -53 -54 -55 -56 -57 58 -59 -60 60 -62 -63
leaf_value=1.3597110092103109 3.998957144412806 -6.9715143646460707 2.270039521092182 -7.7625279711826352 12.18307568273304 -7.5039328505099334 -6.1892701650464597 7.1996879205767543 9.5422501746301176 8.8776055467447108 -3.5425358833642422 1.2318034845478907 2.6983115431838738 12.040207718812326 7.5862235238764244 7.1477655372554088 -10.133999078811653 -8.1610682933876806 8.0557864172949731 -6.1958884892323738 -7.0556142126795569 -10.832853203294754 -0.78937950109985644 -1.2975578970069059 -5.2715968710342338 8.3801569014285455 7.2865733381035911 10.3754433285012 -7.189907669143949 -4.2074334303294911 5.2315685466111788 -1.9700994139671186 14.989139632230883 3.9134958055288447 -10.526188058438329 -11.530033936604845 12.68199656843966 -8.7866219361774576 5.0650868503187585 -2.0287152602561109 -17.036362583479853 -7.2486305873469838 -8.7937479658820639 9.8174103255601839 8.0710709172013022 -1.4260807422557413 0.72378603937040564 6.6465993018202214 4.0050149140589824 -3.7490629555700128 -6.3646747611047427 -1.1671505378694913 -0.24210834144279683 5.3787992939203981 7.0740311042635682 -7.1740436220981296 4.8911897778348745 -11.49279012813551 -1.0893453820226895 -9.9171047895687607 -0.87035423558337099 -8.8494958841365783
leaf_weight=539.92320215702057 1611.307629019022 990.42189192771912 2212.8689151704311 1527.0425980687141 61.261022657155991 611.07222816348076 47.227362126111984 908.11390259861946 325.22365272045135 266.91591343283653 819.80293324589729 567.42701694369316 953.55848586559296 33.281860649585724 1891.3060409426689 63.420793563127518 101.67004835605621 181.83077248930931 133.90199360251427 3263.7042884528637 448.28245559334755 226.88581585884094 4986.3902383744717 412.68209967017174 284.30370593070984 113.94316756725311 2477.580035507679 60.804900854825974 119.19303634762764 2549.8934932053089 1647.3929652571678 2168.4295944869518 74.746365070343018 1640.5229787528515 362.62951070070267 111.58483165502548 57.324903339147568 291.75517126917839 406.80011489987373 633.23396024107933 27.463466674089432 293.97609859704971 590.66684731841087 45.329967796802521 173.34416371583939 472.99402490258217 1534.3975854218006 1139.0100565850735 234.1374534368515 836.08736228942871 93.343637347221375 509.54924494028091 432.97624757885933 519.0144137442112 684.72811472415924 189.29682758450508 663.10771042108536 32.405567765235901 516.50328606367111 245.20436260104179 238.68934521079063 218.44220098853111
leaf_count=760 2328 1317 3050 1561 46 602 60 1146 269 331 1121 768 1267 31 1981 79 99 220 157 3455 471 188 6797 521 346 142 2546 95 135 3625 1943 2923 56 2197 305 94 51 228 499 808 22 370 538 59 222 608 2215 1344 311 981 88 772 615 637 918 257 869 39 704 223 283 263
internal_value=-2.65497e-10 1.77701 2.14096 -2.09058 3.12293 -1.64758 -2.04001 -0.631318 2.02285 -3.67226 3.14561 -0.943967 -1.8218 0.597987 3.75581 5.19762 2.14604 1.45052 -2.75308 -4.54288 -1.31925 -0.921231 -1.54794 -0.947557 1.41142 -2.08763 5.48544 -4.74337 3.31817 -3.21736 3.26131 -2.22977 6.78901 1.9839 -4.8779 -4.56136 -3.08019 -3.37126 -0.443506 0.745963 3.90137 -1.14899 -5.09797 -5.97652 3.38802 1.121 0.0490514 4.11654 -3.49518 -2.05267 3.78137 2.75777 4.09236 2.4216 4.55471 -3.57991 4.17259 6.55564 2.27256 -4.32878 -5.45463 -2.59969
internal_weight=45876.3 24797.9 23807.5 21078.5 18059.1 19551.4 18233.4 9786.95 12321.6 8446.46 8941.78 5748.4 7520.17 1430.43 8008.04 4224.39 3783.65 3458.42 3251.22 7016.03 6909.09 6460.81 5507.25 3379.83 2497.17 933.746 5737.45 6894.06 2266.79 3117.32 2333.09 2448.13 121.974 3276.59 6833.25 6470.62 3161.59 3104.27 1151.62 1040.03 2147.59 5280.37 1952.65 3309.03 913.254 646.338 1636.07 3259.87 1361.98 1070.22 1317.99 2120.86 2080.37 931.697 1224.65 252.718 2120.13 940.519 1179.61 517.176 483.894 2386.87
internal_count=56956 31781 30464 25175 22518 23614 21848 12610 15528 9238 11138 7946 9695 1698 9875 4875 5000 4731 4550 7540 9093 8622 7355 4390 3396 1263 6990 7424 2915 4393 2894 3232 116 4511 7329 7024 3510 3459 1401 1307 2780 7167 2058 3514 1161 830 2314 4444 1520 1292 1766 3100 2558 1158 1678 336 2758 1185 1573 537 506 3186
is_linear=0
shrinkage=0.05


end of trees

feature_importances:
Column_1=193
Column_37=152
Column_35=134
Column_43=126
Column_41=86
Column_11=81
Column_0=76
Column_6=71
Column_23=68
Column_28=50
Column_5=45
Column_34=42
Column_13=38
Column_256=37
Column_33=36
Column_40=36
Column_44=31
Column_16=29
Column_12=28
Column_51=28
Column_72=28
Column_2=21
Column_8=19
Column_38=19
Column_48=18
Column_21=17
Column_32=17
Column_39=17
Column_27=15
Column_18=11
Column_22=11
Column_10=10
Column_14=10
Column_25=10
Column_15=8
Column_66=7
Column_46=6
Column_49=6
Column_329=6
Column_3=4
Column_4=3
Column_36=3
Column_45=3
Column_277=3
Column_7=2
Column_178=2
Column_9=1
Column_17=1
Column_20=1
Column_26=1
Column_30=1
Column_93=1
Column_116=1
Column_266=1
Column_276=1
Column_281=1
Column_331=1

parameters:
[boosting: gbdt]
[objective: regression]
[metric: l2]
[tree_learner: serial]
[device_type: cpu]
[data_sample_strategy: bagging]
[data: ]
[valid: ]
[num_iterations: 500]
[learning_rate: 0.05]
[num_leaves: 63]
[num_threads: 16]
[seed: 42]
[deterministic: 0]
[force_col_wise: 0]
[force_row_wise: 0]
[histogram_pool_size: -1]
[max_depth: -1]
[min_data_in_leaf: 20]
[min_sum_hessian_in_leaf: 0.001]
[bagging_fraction: 0.8]
[pos_bagging_fraction: 1]
[neg_bagging_fraction: 1]
[bagging_freq: 0]
[bagging_seed: 400]
[bagging_by_query: 0]
[feature_fraction: 0.8]
[feature_fraction_bynode: 1]
[feature_fraction_seed: 30056]
[extra_trees: 0]
[extra_seed: 12879]
[early_stopping_round: 0]
[early_stopping_min_delta: 0]
[first_metric_only: 0]
[max_delta_step: 0]
[lambda_l1: 0]
[lambda_l2: 0]
[linear_lambda: 0]
[min_gain_to_split: 0]
[drop_rate: 0.1]
[max_drop: 50]
[skip_drop: 0.5]
[xgboost_dart_mode: 0]
[uniform_drop: 0]
[drop_seed: 17869]
[top_rate: 0.2]
[other_rate: 0.1]
[min_data_per_group: 100]
[max_cat_threshold: 32]
[cat_l2: 10]
[cat_smooth: 10]
[max_cat_to_onehot: 4]
[top_k: 20]
[monotone_constraints: ]
[monotone_constraints_method: basic]
[monotone_penalty: 0]
[feature_contri: ]
[forcedsplits_filename: ]
[refit_decay_rate: 0.9]
[cegb_tradeoff: 1]
[cegb_penalty_split: 0]
[cegb_penalty_feature_lazy: ]
[cegb_penalty_feature_coupled: ]
[path_smooth: 0]
[interaction_constraints: ]
[verbosity: -1]
[saved_feature_importance_type: 0]
[use_quantized_grad: 0]
[num_grad_quant_bins: 4]
[quant_train_renew_leaf: 0]
[stochastic_rounding: 1]
[linear_tree: 0]
[max_bin: 255]
[max_bin_by_feature: ]
[min_data_in_bin: 3]
[bin_construct_sample_cnt: 200000]
[data_random_seed: 175]
[is_enable_sparse: 1]
[enable_bundle: 1]
[use_missing: 1]
[zero_as_missing: 0]
[feature_pre_filter: 1]
[pre_partition: 0]
[two_round: 0]
[header: 0]
[label_column: ]
[weight_column: ]
[group_column: ]
[ignore_column: ]
[categorical_feature: ]
[forcedbins_filename: ]
[precise_float_parser: 0]
[parser_config_file: ]
[objective_seed: 16083]
[num_class: 1]
[is_unbalance: 0]
[scale_pos_weight: 1]
[sigmoid: 1]
[boost_from_average: 1]
[reg_sqrt: 0]
[alpha: 0.9]
[fair_c: 1]
[poisson_max_delta_step: 0.7]
[tweedie_variance_power: 1.5]
[lambdarank_truncation_level: 30]
[lambdarank_norm: 1]
[label_gain: ]
[lambdarank_position_bias_regularization: 0]
[eval_at: ]
[multi_error_top_k: 1]
[auc_mu_weights: ]
[num_machines: 1]
[local_listen_port: 12400]
[time_out: 120]
[machine_list_filename: ]
[machines: ]
[gpu_platform_id: -1]
[gpu_device_id: -1]
[gpu_use_dp: 0]
[num_gpu: 1]

end of parameters

pandas_categorical:null
