tree
version=v4
num_class=1
num_tree_per_iteration=1
label_index=0
max_feature_idx=466
objective=regression
feature_names=Column_0 Column_1 Column_2 Column_3 Column_4 Column_5 Column_6 Column_7 Column_8 Column_9 Column_10 Column_11 Column_12 Column_13 Column_14 Column_15 Column_16 Column_17 Column_18 Column_19 Column_20 Column_21 Column_22 Column_23 Column_24 Column_25 Column_26 Column_27 Column_28 Column_29 Column_30 Column_31 Column_32 Column_33 Column_34 Column_35 Column_36 Column_37 Column_38 Column_39 Column_40 Column_41 Column_42 Column_43 Column_44 Column_45 Column_46 Column_47 Column_48 Column_49 Column_50 Column_51 Column_52 Column_53 Column_54 Column_55 Column_56 Column_57 Column_58 Column_59 Column_60 Column_61 Column_62 Column_63 Column_64 Column_65 Column_66 Column_67 Column_68 Column_69 Column_70 Column_71 Column_72 Column_73 Column_74 Column_75 Column_76 Column_77 Column_78 Column_79 Column_80 Column_81 Column_82 Column_83 Column_84 Column_85 Column_86 Column_87 Column_88 Column_89 Column_90 Column_91 Column_92 Column_93 Column_94 Column_95 Column_96 Column_97 Column_98 Column_99 Column_100 Column_101 Column_102 Column_103 Column_104 Column_105 Column_106 Column_107 Column_108 Column_109 Column_110 Column_111 Column_112 Column_113 Column_114 Column_115 Column_116 Column_117 Column_118 Column_119 Column_120 Column_121 Column_122 Column_123 Column_124 Column_125 Column_126 Column_127 Column_128 Column_129 Column_130 Column_131 Column_132 Column_133 Column_134 Column_135 Column_136 Column_137 Column_138 Column_139 Column_140 Column_141 Column_142 Column_143 Column_144 Column_145 Column_146 Column_147 Column_148 Column_149 Column_150 Column_151 Column_152 Column_153 Column_154 Column_155 Column_156 Column_157 Column_158 Column_159 Column_160 Column_161 Column_162 Column_163 Column_164 Column_165 Column_166 Column_167 Column_168 Column_169 Column_170 Column_171 Column_172 Column_173 Column_174 Column_175 Column_176 Column_177 Column_178 Column_179 Column_180 Column_181 Column_182 Column_183 Column_184 Column_185 Column_186 Column_187 Column_188 Column_189 Column_190 Column_191 Column_192 Column_193 Column_194 Column_195 Column_196 Column_197 Column_198 Column_199 Column_200 Column_201 Column_202 Column_203 Column_204 Column_205 Column_206 Column_207 Column_208 Column_209 Column_210 Column_211 Column_212 Column_213 Column_214 Column_215 Column_216 Column_217 Column_218 Column_219 Column_220 Column_221 Column_222 Column_223 Column_224 Column_225 Column_226 Column_227 Column_228 Column_229 Column_230 Column_231 Column_232 Column_233 Column_234 Column_235 Column_236 Column_237 Column_238 Column_239 Column_240 Column_241 Column_242 Column_243 Column_244 Column_245 Column_246 Column_247 Column_248 Column_249 Column_250 Column_251 Column_252 Column_253 Column_254 Column_255 Column_256 Column_257 Column_258 Column_259 Column_260 Column_261 Column_262 Column_263 Column_264 Column_265 Column_266 Column_267 Column_268 Column_269 Column_270 Column_271 Column_272 Column_273 Column_274 Column_275 Column_276 Column_277 Column_278 Column_279 Column_280 Column_281 Column_282 Column_283 Column_284 Column_285 Column_286 Column_287 Column_288 Column_289 Column_290 Column_291 Column_292 Column_293 Column_294 Column_295 Column_296 Column_297 Column_298 Column_299 Column_300 Column_301 Column_302 Column_303 Column_304 Column_305 Column_306 Column_307 Column_308 Column_309 Column_310 Column_311 Column_312 Column_313 Column_314 Column_315 Column_316 Column_317 Column_318 Column_319 Column_320 Column_321 Column_322 Column_323 Column_324 Column_325 Column_326 Column_327 Column_328 Column_329 Column_330 Column_331 Column_332 Column_333 Column_334 Column_335 Column_336 Column_337 Column_338 Column_339 Column_340 Column_341 Column_342 Column_343 Column_344 Column_345 Column_346 Column_347 Column_348 Column_349 Column_350 Column_351 Column_352 Column_353 Column_354 Column_355 Column_356 Column_357 Column_358 Column_359 Column_360 Column_361 Column_362 Column_363 Column_364 Column_365 Column_366 Column_367 Column_368 Column_369 Column_370 Column_371 Column_372 Column_373 Column_374 Column_375 Column_376 Column_377 Column_378 Column_379 Column_380 Column_381 Column_382 Column_383 Column_384 Column_385 Column_386 Column_387 Column_388 Column_389 Column_390 Column_391 Column_392 Column_393 Column_394 Column_395 Column_396 Column_397 Column_398 Column_399 Column_400 Column_401 Column_402 Column_403 Column_404 Column_405 Column_406 Column_407 Column_408 Column_409 Column_410 Column_411 Column_412 Column_413 Column_414 Column_415 Column_416 Column_417 Column_418 Column_419 Column_420 Column_421 Column_422 Column_423 Column_424 Column_425 Column_426 Column_427 Column_428 Column_429 Column_430 Column_431 Column_432 Column_433 Column_434 Column_435 Column_436 Column_437 Column_438 Column_439 Column_440 Column_441 Column_442 Column_443 Column_444 Column_445 Column_446 Column_447 Column_448 Column_449 Column_450 Column_451 Column_452 Column_453 Column_454 Column_455 Column_456 Column_457 Column_458 Column_459 Column_460 Column_461 Column_462 Column_463 Column_464 Column_465 Column_466
feature_infos=[1:294] [-52:58] [-1:1] [0:56] [0:51] [0:0.75] [0:0.72727272727272729] [0:36] [0:35] [0:16] [0:18] [0:0.55000000000000004] [0:42] [0:41] [0:86] [0:91] [0:12] [0:4] [0:4] [0:7] [0:2] [0:52] [0:52] [3.9036144578313254:452.03225806451616] [0:16] [0:19] [0:19] [0:0.63157894736842102] [3.7108433734939759:496.73684210526318] [0:16] [0:17] [0:22] [0:0.63157894736842102] [0:0.5083333333333333] [0:0.37980715135739906] [0:0.88833333333333331] [0:42] [0:0.5083333333333333] [0:19.698333333333334] [0:0.5] [0:0.47749999999999998] [0:0.95499999999999996] [0:39] [0:0.5] [0:19.336666666666666] [0:1] [0:1] [0:1] [0:1] [0:1] [0:1] [0:1] [0:1] [0:1] none none none [0:1] none none [0:1] [0:1] none [0:1] [0:1] [0:1] [0:1] [0:1] [0:1] [0:1] [0:1] none [0:1] [0:1] [0:1] [0:1] [0:1] none [0:1] [0:1] [0:1] [0:1] [0:1] [0:1] none [0:1] none [0:1] [0:1] [0:1] none none [0:1] [0:1] [0:1] none [0:1] none none [0:1] none [0:1] none none none [0:1] [0:1] none none none none [0:1] [0:1] [0:1] [0:1] none [0:1] [0:1] none [0:1] [0:1] [0:1] [0:1] [0:1] [0:1] none none [0:1] [0:1] none none [0:1] none none none none none none [0:1] none none none [0:1] [0:1] none none none none [0:1] [0:1] [0:1] [0:1] none none [0:1] [0:1] [0:1] none [0:1] [0:1] [0:1] [0:1] none [0:1] none none [0:1] none [0:1] [0:1] [0:1] [0:1] none [0:1] none [0:1] [0:1] [0:1] [0:1] none [0:1] [0:1] [0:1] none none none none none [0:1] [0:1] none [0:1] [0:1] [0:1] [0:1] none none none [0:1] none [0:1] [0:1] [0:1] [0:1] [0:1] none none none none none [0:1] none none none none none none none none none none none none none none none none [0:1] none none none none none none none none none [0:1] [0:1] [0:1] [0:1] [0:1] none [0:1] none none [0:1] [0:1] none none none [0:1] none none none none [0:1] [0:1] [0:1] [0:1] [0:1] [0:1] [0:1] [0:1] [0:1] none [0:1] [0:1] none [0:1] [0:1] [0:1] [0:1] [0:1] none none [0:1] [0:1] [0:1] [0:1] [0:1] [0:1] [0:1] [0:1] [0:1] [0:1] [0:1] [0:1] none [0:1] [0:1] [0:1] none [0:1] [0:1] none [0:1] [0:1] [0:1] none [0:1] [0:1] [0:1] [0:1] [0:1] [0:1] [0:1] none none none none none [0:1] [0:1] none none none none none none none none none none none none none none none [0:1] [0:1] [0:1] [0:1] [0:1] [0:1] [0:1] [0:1] [0:1] none [0:1] [0:1] [0:1] none none [0:1] none none [0:1] [0:1] none none none [0:1] none none [0:1] [0:1] [0:1] none none [0:1] none [0:1] none none none none none [0:1] [0:1] [0:1] none none [0:1] none none [0:1] none none none none none none none none none none none none none none none none none none none none none none [0:1] none none none none none [0:1] none none none none none none none [0:1] [0:1] none none none none none none none none none none none none none none none none none none none none none none none none none [0:1] [0:1] none none none none [0:1] none none none none none none none none none none none none none [0:1] none none none none none none
tree_sizes=6875 6938 6961 6943 6935 6964 6957 6941 6952 6956 6930 6931 6959 6954 6959 6959 6944 6971 6952 6951 6952 6933 6957 6976 6977 6960 6939

Tree=0
num_leaves=63
num_cat=0
split_feature=48 43 46 46 1 1 28 43 41 28 37 43 41 41 28 40 37 28 46 49 11 35 1 35 11 41 43 1 1 37 34 11 41 23 1 11 7 0 11 23 23 41 41 43 35 34 6 49 34 43 41 43 43 51 1 23 37 0 1 41 76 43
split_gain=9.37341e+08 2.36864e+08 1.74267e+08 1.43207e+08 1.17049e+08 9.98676e+07 7.82815e+07 7.79816e+07 6.47135e+07 6.28143e+07 5.4869e+07 4.46684e+07 4.37729e+07 4.36204e+07 3.92263e+07 3.30538e+07 2.72633e+07 2.94217e+07 2.64967e+07 2.57306e+07 2.48536e+07 2.11917e+07 2.10028e+07 2.04362e+07 1.86447e+07 1.78595e+07 1.77805e+07 1.77595e+07 1.64211e+07 1.5618e+07 1.49391e+07 1.3565e+07 1.33362e+07 1.21415e+07 1.1516e+07 1.14854e+07 1.14279e+07 1.17884e+07 1.13277e+07 1.04725e+07 1.0052e+07 1.00192e+07 9.98103e+06 9.16837e+06 9.0043e+06 8.8934e+06 8.63372e+06 8.62604e+06 8.57026e+06 8.45201e+06 1.56873e+07 8.29429e+06 7.95737e+06 8.6711e+06 7.53202e+06 7.38358e+06 7.36928e+06 7.27358e+06 9.78621e+06 7.09612e+06 6.93465e+06 6.83369e+06
threshold=1.0000000180025095e-35 0.0068425925925925928 1.0000000180025095e-35 1.0000000180025095e-35 9.5000000000000018 5.5000000000000009 91.163129973474824 0.0073571428571428581 0.13916666666666669 57.746428571428574 0.010690476190476193 0.00617857142857143 0.067500000000000018 0.11583333333333336 52.690000000000005 0.042677078267540754 0.0073571428571428581 61.652617568766644 1.0000000180025095e-35 1.0000000180025095e-35 0.24896694214876036 0.12916666666666668 4.5000000000000009 0.12583333333333338 0.25500200080032015 0.054166666666666675 0.0075462962962962966 11.500000000000002 8.5000000000000018 0.010351851851851853 0.016074245777367782 0.23281766650921118 0.20750000000000005 32.813226744186053 6.5000000000000009 0.25887605042016815 4.5000000000000009 56.500000000000007 0.17939876215738287 73.955000000000013 106.48684210526316 0.29583333333333339 0.39750000000000002 0.014916666666666668 0.090833333333333335 0.011241486903353397 0.11451990632318503 1.0000000180025095e-35 0.014352943653631515 0.011842592592592594 0.027500000000000004 0.010690476190476193 0.012194444444444445 1.0000000180025095e-35 3.5000000000000004 84.656862745098053 0.0085092592592592598 43.500000000000007 12.500000000000002 0.20250000000000004 1.0000000180025095e-35 0.0038611111111111116
decision_type=2 2 2 2 2 2 2 2 2 2 2 2 2 2 2 2 2 2 2 2 2 2 2 2 2 2 2 2 2 2 2 2 2 2 2 2 2 2 2 2 2 2 2 2 2 2 2 2 2 2 2 2 2 2 2 2 2 2 2 2 2 2
left_child=2 12 4 5 7 8 40 25 9 -3 24 -8 18 16 -5 22 45 -18 31 41 38 33 29 35 48 -1 -6 -22 32 30 -16 -2 49 -19 55 51 -35 -38 -7 -15 -4 43 -41 -13 61 -9 -26 -28 -11 50 -21 -12 -31 -54 -47 -14 -20 -40 -59 -10 -52 -33
right_child=1 3 6 14 26 20 11 13 59 10 23 19 34 39 15 -17 17 21 56 28 27 -23 -24 -25 46 -27 47 -29 -30 52 -32 44 -34 36 -36 -37 37 -39 57 42 -42 -43 -44 -45 -46 54 -48 -49 -50 -51 60 -53 53 -55 -56 -57 -58 58 -60 -61 -62 -63
leaf_value=1531.0450806017807 1543.1120166849128 1549.4464829558685 1548.213192176627 1549.0280333538751 1523.7167002940776 1541.064826860144 1522.9401906026001 1525.002759333071 1540.9703551726432 1536.1965979555787 1533.4458172383809 1523.2325009711421 1554.2707359692965 1547.3585215997668 1523.3548260826756 1539.6213586207302 1543.2014015082991 1547.5963953274297 1534.4243612085661 1510.4633475825983 1525.0400918690289 1529.4096191204314 1512.8806646628018 1535.0540086760695 1533.8442159037716 1539.51161175025 1519.031809275421 1513.1336766005218 1507.2507556908513 1523.8449260324276 1537.4437973145004 1540.5313211631744 1528.1670830414228 1523.0254166383063 1538.6272529106977 1521.3339840102676 1513.8022705861179 1520.4129865876846 1516.0004574089926 1529.1021267031049 1527.0229329312867 1544.9810393668563 1540.8180298715308 1513.4547099882964 1543.3153663600631 1536.5146342347689 1524.2943211580696 1510.6658088832846 1541.5396415207722 1511.2119595239074 1518.6757901551832 1525.7134558700382 1531.520609271917 1513.9516333369429 1523.7284347159191 1546.3434852565817 1523.7828156594023 1532.5286946194512 1522.2900054761558 1546.91112957583 1550.3087782145267 1533.5669402775773
leaf_weight=1470.8155654072762 2076.304374396801 623.70849514007568 192.19570022821426 132.17640739679337 429.37772080302238 198.9627288877964 1414.0589604973793 691.38955849409103 936.92524519562721 1545.8286280333996 531.31429049372673 633.30860263109207 329.16322952508926 111.10970962047577 685.60126543045044 227.38516542315483 139.96380358934402 35.73477378487587 344.80445310473442 923.11036869883537 816.77274951338768 515.12194469571114 795.23679968714714 775.56381756067276 1176.7701117396355 1080.4068893492222 390.19628834724426 507.97370558977127 1379.5833599865437 476.24961525201797 259.31432440876961 506.16169238090515 148.2813276052475 953.99596560001373 449.69460028409958 922.02707794308662 1553.0403071641922 1191.9473641216755 111.10454392433167 965.78841596841812 78.956985294818878 40.197481244802475 223.93879646062851 385.79041564464569 503.59981125593185 456.02066910266876 296.2494350373745 1464.7572765350342 1458.7366444170475 2925.8501613736153 1177.2759184241295 998.72585043311119 77.854013949632645 717.14619648456573 154.09853693842888 2729.4411947131157 308.02000585198402 769.11422765254974 335.04909557104111 1084.4907491505146 17.584223449230194 1158.2461151182652
leaf_count=2220 2656 549 148 104 664 243 1796 1050 1087 2231 738 807 198 94 1009 239 125 34 515 913 1294 721 835 1008 1785 1464 556 591 1130 629 342 695 175 1256 660 1243 1748 1589 132 1325 108 38 293 422 623 609 449 1496 1826 2762 1389 1355 122 801 230 2845 387 1143 524 1066 13 1857
internal_value=1528.43 1535.01 1520.69 1531.52 1524.71 1533.89 1515.57 1527.15 1536.13 1534.18 1532.95 1514.78 1541.84 1524.42 1522.33 1521.24 1522.53 1520.65 1538.78 1513.27 1525.4 1519.9 1519.85 1527.98 1536.53 1534.63 1514.55 1520.47 1512.1 1522.35 1527.22 1540.22 1513.39 1518.59 1546.1 1525.74 1518.31 1516.67 1530.01 1532.68 1542.04 1520.5 1531.31 1519.53 1537.46 1528.89 1531.92 1512.43 1538.79 1512.95 1515.36 1528.4 1518.73 1515.67 1533.29 1547.2 1529.4 1528.19 1529.42 1544.16 1519.14 1535.68
internal_weight=46009.6 24865.7 21143.9 16460.3 11827.7 13089.3 9316.19 9543.37 10350.3 8328.92 7705.22 9045.04 8405.44 6992.15 3370.96 3238.79 5691.31 4389.8 4897.14 7630.98 2738.98 4249.84 3011.4 3227.63 4477.58 2551.22 2284.33 1324.75 6571.69 2216.17 944.916 4244.31 5192.1 3734.72 3508.3 2452.07 3698.98 2744.99 1414.23 1300.84 271.153 1059.3 1189.73 1019.1 2168.01 1301.51 1473.02 1854.95 3004.57 5043.82 2117.97 1530.04 1271.25 795 610.119 3058.6 652.824 1215.27 1104.16 2021.42 1194.86 1664.41
internal_count=56956 31781 25175 21345 15474 17264 9701 12758 13337 11184 10635 9445 10436 9074 4081 3977 7362 5473 6733 7649 3927 5348 3738 4344 6291 3684 2716 1885 6382 2903 1351 5831 5252 4627 3703 3336 4593 3337 2042 1712 256 1267 1618 1229 3175 1889 2234 2052 4057 5077 2315 2093 1552 923 839 3043 902 1799 1667 2153 1402 2552
is_linear=0
shrinkage=1


Tree=1
num_leaves=63
num_cat=0
split_feature=48 43 12 12 1 1 43 28 41 37 41 43 41 28 40 28 28 28 12 13 37 11 40 35 1 43 11 43 1 1 37 38 41 1 43 35 41 23 43 1 11 43 27 23 41 9 41 35 11 43 13 256 43 0 43 40 11 1 5 7 16 43
split_gain=8.4595e+08 2.1377e+08 1.57276e+08 1.29244e+08 1.05636e+08 9.01305e+07 7.11412e+07 7.06779e+07 5.85504e+07 5.08801e+07 4.28037e+07 4.006e+07 3.95051e+07 3.5425e+07 2.9919e+07 2.48286e+07 2.47139e+07 2.44636e+07 2.39133e+07 2.30128e+07 2.29673e+07 2.24304e+07 2.06383e+07 1.94182e+07 1.88029e+07 1.6204e+07 1.6203e+07 1.60469e+07 1.6028e+07 1.5088e+07 1.41485e+07 1.4479e+07 1.32159e+07 1.28416e+07 1.20446e+07 1.20294e+07 1.19481e+07 1.12947e+07 1.05563e+07 1.04357e+07 1.02232e+07 9.52498e+06 9.44519e+06 9.36989e+06 9.04993e+06 8.96148e+06 8.92748e+06 8.49095e+06 8.3924e+06 8.33737e+06 8.02934e+06 7.94125e+06 7.76183e+06 7.61763e+06 8.28816e+06 1.07498e+07 7.57591e+06 7.368e+06 7.96061e+06 8.19499e+06 7.35038e+06 7.30003e+06
threshold=1.0000000180025095e-35 0.0068425925925925928 1.0000000180025095e-35 1.0000000180025095e-35 9.5000000000000018 5.5000000000000009 0.0080277777777777795 83.937142857142859 0.11083333333333335 0.010690476190476193 0.11583333333333336 0.00617857142857143 0.067500000000000018 58.506097560975618 0.042677078267540754 57.746428571428574 57.746428571428574 74.616515837104089 1.0000000180025095e-35 4.5000000000000009 0.0073571428571428581 0.24896694214876036 0.010033361775460952 0.12916666666666668 4.5000000000000009 0.014694444444444447 0.25595575723199099 0.0075462962962962966 11.500000000000002 8.5000000000000018 0.010351851851851853 0.45250000000000007 0.20250000000000004 6.5000000000000009 0.022845238095238096 0.09583333333333334 0.20750000000000005 32.813226744186053 0.004511904761904763 5.5000000000000009 0.17939876215738287 0.013250000000000003 0.068337484433374854 73.955000000000013 0.29583333333333339 2.5000000000000004 0.39750000000000002 0.17583333333333337 0.25384979862591811 0.016020833333333335 7.5000000000000009 1.0000000180025095e-35 0.0043541666666666676 14.500000000000002 0.010879629629629631 0.0092128961976872068 0.31444622792937404 -8.4999999999999982 0.074271079590228536 4.5000000000000009 3.5000000000000004 0.012194444444444445
decision_type=2 2 2 2 2 2 2 2 2 2 2 2 2 2 2 2 2 2 2 2 2 2 2 2 2 2 2 2 2 2 2 2 2 2 2 2 2 2 2 2 2 2 2 2 2 2 2 2 2 2 2 2 2 2 2 2 2 2 2 2 2 2
left_child=2 12 7 13 6 8 22 60 9 16 15 -9 18 -3 24 -8 -5 -11 -2 29 -17 40 52 37 30 35 41 -6 -23 36 31 -15 34 38 42 -19 51 -22 -20 -14 -7 -18 -10 -12 49 -39 -45 -27 -37 -21 -29 53 -4 -13 55 -55 -40 -47 59 -59 -1 -32
right_child=1 3 4 5 27 21 10 11 32 17 43 19 39 14 -16 20 26 25 33 44 23 28 -24 -25 -26 47 -28 50 -30 -31 61 -33 -34 -35 -36 48 -38 45 56 -41 -42 -43 -44 46 -46 57 -48 -49 -50 -51 -52 -53 -54 54 -56 -57 -58 58 -60 -61 -62 -63
leaf_value=17.422731281854908 0.92923274968783842 19.002148848798729 6.7446237099804938 21.235104300929748 -4.4731279131756887 12.007592260799553 13.300562029830488 -5.2074473576721658 22.249919223134924 14.673097053195256 18.05599764749271 -18.620604947053931 17.965623054484638 8.6974878178372652 10.636297428972119 -0.39933116924939926 11.031595422621036 -2.0036782570646259 15.034155403615006 -5.1606522588574046 18.212582286903455 -3.215906086441453 9.0227404520168157 0.89869844047041791 -14.76736254578012 -8.3725466150450192 2.629753399788711 -16.847127159191437 -14.527000346524993 -20.115775461679711 -4.350941484172929 -5.0596076166976545 17.561579342232726 4.2835969217048699 1.9352956679604192 10.515745661892609 -0.24526414237251992 -17.034560547003846 10.602422452849353 10.46759632409819 -0.2189197369631517 3.7969686674800074 10.972945197172956 0.66269779255703543 15.727994202841908 -13.925044274379596 11.773134736008359 6.6216937796028006 -0.93397207578019759 -14.628127218610693 -8.6311393116331576 -20.048674315763925 -1.7208183175606639 -13.897589016518262 -14.698696538560185 -4.6492022341776575 -1.17853332800597 3.1408767954648833 -10.07137824718739 -7.2489818404775068 -7.5600066718941994 -12.184294462099473
leaf_weight=215.8932089805603 652.82445895671844 138.16378945112228 375.64840891957283 343.21495461463928 429.37772080302238 198.9627288877964 160.17076823115349 1415.4940092563629 213.29299902915955 255.23009726405144 110.22839647531509 721.88748604059219 2957.893236219883 267.01553639769554 227.38516542315483 1132.0444419980049 2097.5039978325367 1067.454892128706 1798.9172766804695 667.84800970554352 35.73477378487587 816.77274951338768 1618.4468772411346 486.74145039916039 795.23679968714714 858.84698042273521 1283.4574988782406 1482.9960291087627 507.97370558977127 1379.5833599865437 475.84789544343948 674.13209956884384 1084.4907491505146 578.27172943949699 327.57662430405617 449.3750835955143 148.2813276052475 404.94202953577042 1718.8924191296101 550.40578830242157 1215.2678671479225 580.97509041428566 1434.2734811902046 938.64435338973999 40.197481244802475 634.71580284833908 223.93879646062851 106.07798844575882 248.56990787386894 356.76610517501831 371.9575357735157 599.31562578678131 969.86416098475456 696.63676536083221 2467.8554703891277 572.34333127737045 148.23056790232658 269.49704727530479 1541.0771830976009 641.67780965566635 34.091324269771576 793.18250206112862
leaf_count=188 902 112 579 287 664 243 146 1799 156 265 92 678 2919 348 239 1638 2758 1506 2174 863 34 1294 2248 682 835 1109 1986 1519 591 1130 628 998 1066 973 448 570 175 407 2444 784 1799 878 1815 1288 38 697 293 113 380 374 533 493 1459 750 2446 728 240 330 2050 815 39 921
internal_value=4.82729e-08 6.25187 -7.35235 2.939 -3.52518 5.18741 -1.21335 -12.2113 7.32175 4.88558 -4.11084 -12.9344 12.7394 -5.79147 -6.8511 -6.08595 8.36397 -0.130222 9.83812 -14.364 -6.68931 -2.87808 5.21852 -8.46307 -8.17417 -1.51403 7.24896 -13.1834 -7.55314 -15.4667 -5.8019 -1.15654 13.1268 11.2084 10.6918 1.3337 -14.2347 -9.7548 12.3007 16.7893 1.50118 9.46237 12.4329 4.12377 -7.54418 -10.041 2.80281 -6.72417 6.43798 -8.45719 -15.1996 -14.6449 0.642615 -13.9185 -13.0101 -9.72632 9.66713 -9.1236 -7.88085 -4.17599 14.0157 -9.24702
internal_weight=46009.6 24865.7 21143.9 16460.3 11827.7 13089.3 9543.37 9316.19 10350.3 7290.71 6579.41 9066.21 8405.44 3370.96 3232.8 5306.6 4305.15 2985.55 4897.14 7650.71 5146.43 2738.98 2963.96 4014.39 3005.41 2730.32 3961.94 2284.33 1324.75 6585.9 2210.18 941.148 3059.63 4244.31 1975.14 1765.4 5206.32 3527.64 3666.04 3508.3 1414.23 2678.48 1647.57 1272.81 1064.81 3491.91 1162.58 964.925 697.945 1024.61 1854.95 5058.04 1345.51 4458.72 3736.84 1268.98 1867.12 3086.97 2452.25 911.175 249.985 1269.03
internal_count=56956 31781 25175 21345 15474 17264 12758 9701 13337 9852 8472 9474 10436 4081 3969 6799 5909 3943 6733 7675 6653 3927 4286 5015 3730 3678 5622 2716 1885 6400 2895 1346 3485 5831 2419 2456 5270 4333 4858 3703 2042 3636 1971 1673 1275 4299 1581 1222 950 1237 2052 5095 2038 4602 3924 1478 2684 3892 3195 1145 227 1549
is_linear=0
shrinkage=0.05


Tree=2
num_leaves=63
num_cat=0
split_feature=13 43 41 28 37 12 1 28 43 1 41 35 38 43 1 12 28 40 37 12 35 43 37 41 5 43 43 256 1 11 40 41 34 45 35 5 1 41 1 28 1 36 11 6 43 11 1 45 1 11 11 256 11 35 35 33 8 44 11 51 43 41
split_gain=7.63024e+08 2.42536e+08 1.32142e+08 1.10311e+08 1.06035e+08 9.78484e+07 8.22697e+07 5.2537e+07 5.0201e+07 4.7158e+07 4.17877e+07 4.10132e+07 3.83677e+07 3.51069e+07 2.86562e+07 2.66402e+07 2.60302e+07 2.19923e+07 2.08855e+07 2.03364e+07 1.86129e+07 1.84723e+07 1.71396e+07 1.66914e+07 1.56347e+07 1.43349e+07 1.40916e+07 1.34021e+07 1.33645e+07 1.20661e+07 1.11024e+07 1.10053e+07 1.09773e+07 1.05122e+07 1.04563e+07 1.03449e+07 9.98276e+06 9.78175e+06 1.23869e+07 9.54265e+06 9.42878e+06 9.41241e+06 9.40291e+06 9.22155e+06 8.89815e+06 8.61489e+06 8.5255e+06 8.41035e+06 8.29552e+06 8.04857e+06 7.89198e+06 7.7017e+06 7.70007e+06 7.67839e+06 7.51227e+06 1.04788e+07 8.09734e+06 7.49828e+06 7.4322e+06 7.3832e+06 7.39904e+06 1.38885e+07
threshold=1.0000000180025095e-35 0.0070185185185185194 0.13083333333333336 60.297101449275367 0.010175925925925927 1.0000000180025095e-35 9.5000000000000018 91.163129973474824 0.0080277777777777795 9.5000000000000018 0.067500000000000018 0.09583333333333334 0.4991666666666667 0.00617857142857143 3.5000000000000004 1.0000000180025095e-35 84.942129629629633 0.042677078267540754 0.00617857142857143 1.0000000180025095e-35 0.16583333333333336 0.014916666666666668 0.0073571428571428581 0.059166666666666673 0.13182720953326715 0.004511904761904763 0.018685185185185187 1.0000000180025095e-35 8.5000000000000018 0.19157801418439721 0.011703692399758086 0.39750000000000002 0.016904096387106261 1.0000000180025095e-35 0.045833333333333344 0.16760299625468167 -13.499999999999998 0.28750000000000003 -11.499999999999998 81.561751152073739 -11.499999999999998 6.5000000000000009 0.24896694214876036 0.13667496886674971 0.0075462962962962966 0.28642149929278643 -7.4999999999999991 1.0000000180025095e-35 -5.4999999999999991 0.27486263736263744 0.25384979862591811 1.0000000180025095e-35 0.2310870947234584 0.065833333333333341 0.069166666666666682 0.020759222661396581 3.5000000000000004 0.4825000000000001 0.29745817245817252 1.0000000180025095e-35 0.011842592592592594 0.027500000000000004
decision_type=2 2 2 2 2 2 2 2 2 2 2 2 2 2 2 2 2 2 2 2 2 2 2 2 2 2 2 2 2 2 2 2 2 2 2 2 2 2 2 2 2 2 2 2 2 2 2 2 2 2 2 2 2 2 2 2 2 2 2 2 2 2
left_child=5 10 3 45 9 7 8 48 23 12 15 19 35 57 27 50 53 20 -14 -6 22 30 -18 36 26 -17 34 37 31 -20 -13 41 -12 -16 -21 40 -7 38 -4 -40 -5 59 -11 -36 -8 -3 -24 -23 -1 -32 -2 -31 -27 -10 -48 -56 -57 -9 -41 -15 61 -61
right_child=1 2 14 4 11 6 44 13 16 42 32 21 18 28 33 25 17 -19 29 24 -22 47 46 -25 -26 52 -28 -29 -30 51 49 -33 -34 -35 43 -37 -38 -39 39 58 -42 -43 -44 -45 -46 -47 54 -49 -50 -51 -52 -53 -54 -55 55 56 -58 -59 -60 60 -62 -63
leaf_value=-7.6880687925936986 5.0558440838059937 19.687402885826629 -2.8084760887655724 1.3249467650031039 -12.830374679905322 -13.915602965525034 -6.6994009692191714 4.3593952621045604 -1.134976111501367 -2.4468131058143952 12.1995257765807 -4.1508258992996865 5.1395999942379316 -5.7168211435977092 -5.7607823158977887 12.846077231837434 -1.1996702931386158 7.9846620177195717 6.7096943096968928 -10.00671512848807 5.9064149318957107 -10.848708910894137 -14.572857032421915 11.036206129972165 -12.723363900548357 10.454724944111582 -11.072678522213705 -9.5247732703891721 -19.109987519347317 -2.8016350352108121 7.8482858077094493 4.1658773893890411 17.487790451329655 5.8860341015708428 0.75952571479891351 -2.0539442018585725 2.4933567720946108 17.389904829661557 20.945404356411153 11.610595686188416 10.808089498831853 16.226414217722077 -12.608836460163197 -8.5794598581453858 -16.029118692469609 5.3316189880188354 -10.692993857284982 -1.8024892905709564 16.858209797376531 -2.1281488633178252 -4.6524314543994896 -15.139894765600657 5.0941355103461472 18.055724217677913 0.21376134460956028 0.9507523875537347 -12.763320605911852 -7.1389468453139218 -3.2153038262413673 -16.863680179128739 -16.138783052673485 -8.5478049601934796
leaf_weight=43.152316004037857 424.10841849446297 695.07549795508385 147.55823713541031 296.61813458800316 1564.879645049572 100.6799795627594 309.58026623725891 162.44391822814941 80.225889056921005 431.80655226111412 1751.5021490454674 392.33729621767998 1800.7498901486397 254.01983344554901 262.03721097111702 2259.0767857134342 790.76247853040695 265.4909662604332 326.69588014483452 379.6520721912384 266.66826990246773 429.20227062702179 643.55237102508545 651.68022862076759 688.62755849957466 1197.6595714986324 605.23702535033226 66.067592173814774 1379.5833599865437 1704.787951529026 891.71296238899231 85.98377388715744 2231.6492607295513 743.32714796066284 1500.9726042747498 201.84405183792114 1167.8205149769783 936.36644038558006 267.62301930785179 1228.2929355204105 2253.3310853540897 25.843133956193924 481.43648275732994 320.82812631130219 1464.7572765350342 122.99733716249466 1283.3661344945431 640.13797873258591 170.09497019648552 261.43817323446274 413.36884665489197 136.61457461118698 1520.218881726265 148.79582384228706 507.71069514751434 140.60195502638817 459.03802272677422 1114.8884415328503 90.778226017951965 890.70244964957237 2784.7785305678844 1150.7742780447006
leaf_count=63 619 583 217 441 1687 109 457 207 95 686 2233 561 2712 391 358 2953 1139 329 456 503 330 525 692 839 872 1720 694 96 1130 2608 1181 105 2144 1025 2088 329 1711 899 203 1444 2916 18 615 434 1496 155 1588 854 139 392 573 166 2381 128 722 166 533 1361 147 864 2529 1345
internal_value=-1.758e-08 4.77911 1.60446 -0.359712 -1.31564 -8.67527 -4.8578 -12.5962 -2.25523 2.85678 11.2171 -5.46571 4.30543 -13.2615 10.0694 8.51446 -5.09707 -5.96068 1.15969 -8.09313 -6.86552 -0.381141 -7.75594 4.53231 -5.97223 9.90278 -4.31582 12.7214 -14.7357 -2.14589 3.11456 -13.5734 15.1624 2.85042 -2.45818 8.84246 1.19099 13.2717 11.0482 12.3368 9.70498 -13.8722 -7.80395 -0.885116 -14.4013 17.529 -9.46457 -5.43338 11.8911 5.58647 0.263954 -3.71702 7.45633 11.3333 -8.08949 -5.07214 -9.54768 -5.67665 10.5903 -14.0253 -14.4626 -12.176
internal_weight=46009.6 29666.6 19869 16127 15308.9 16343 8280.73 8062.27 6506.39 7633.88 9797.58 7675.03 6720.64 7849.02 3742.05 5814.43 4586.21 4357.19 3968.85 5060.2 4091.7 2614.83 3825.03 1920.18 3495.32 4976.96 2806.69 2736.69 6571.69 2168.1 1545.49 5192.1 3983.15 1005.36 2201.45 2751.79 1268.5 2670.62 1734.25 1586.69 2549.95 5106.12 913.243 1821.8 1774.34 818.073 3034.27 1069.34 213.247 1153.15 837.477 1841.4 2717.88 229.022 2390.72 1107.35 599.64 1277.33 1319.07 5080.28 4826.26 2041.48
internal_count=56956 38470 25847 21458 20720 18486 10334 8152 8381 10929 12623 9791 9628 7950 4389 8246 5722 5499 5942 6278 5170 3513 4840 2659 4591 7054 3719 3006 6382 3230 2134 5252 4377 1383 3025 3686 1820 2910 2011 1794 3357 5147 1301 2522 1953 738 3701 1379 202 1573 1192 2774 4101 223 3009 1421 699 1568 1591 5129 4738 2209
is_linear=0
shrinkage=0.05


Tree=3
num_leaves=63
num_cat=0
split_feature=48 43 12 41 1 32 12 43 32 11 12 43 41 35 1 37 37 1 35 11 41 37 44 13 1 0 0 16 1 43 23 37 37 35 1 37 43 6 0 35 36 23 43 43 43 44 41 39 23 39 33 33 1 41 43 256 1 37 9 5 4 256
split_gain=6.95744e+08 1.752e+08 1.27161e+08 1.1009e+08 8.59896e+07 7.94825e+07 7.53097e+07 5.77463e+07 5.3776e+07 4.82103e+07 3.77774e+07 3.47151e+07 3.28559e+07 2.63825e+07 2.4879e+07 2.47552e+07 2.0725e+07 1.95388e+07 1.8575e+07 1.80662e+07 1.74173e+07 1.56683e+07 1.53871e+07 1.45164e+07 1.32533e+07 1.41218e+07 1.30525e+07 1.38845e+07 1.30431e+07 1.29328e+07 1.26726e+07 1.2657e+07 1.24174e+07 1.21798e+07 1.16129e+07 1.10562e+07 1.00582e+07 9.81142e+06 9.71709e+06 9.55038e+06 8.99574e+06 8.96638e+06 8.92591e+06 8.82776e+06 8.70111e+06 8.39992e+06 8.37926e+06 8.31682e+06 8.09465e+06 7.76031e+06 7.63191e+06 7.4519e+06 7.34459e+06 7.33001e+06 7.32178e+06 7.26079e+06 7.21248e+06 7.00723e+06 6.9411e+06 7.38977e+06 6.84e+06 6.82007e+06
threshold=1.0000000180025095e-35 0.0078452380952380978 1.0000000180025095e-35 0.13750000000000004 9.5000000000000018 0.043797953964194385 1.0000000180025095e-35 0.0073571428571428581 0.079156223893066008 0.25105042016806728 1.0000000180025095e-35 0.00617857142857143 0.11583333333333336 0.072500000000000023 10.500000000000002 0.0075462962962962966 0.0060208333333333338 3.5000000000000004 0.12916666666666668 0.23194202898550728 0.29250000000000004 0.010175925925925927 0.51416666666666677 4.5000000000000009 7.5000000000000009 101.50000000000001 34.500000000000007 3.5000000000000004 10.500000000000002 0.0075462962962962966 32.813226744186053 0.005488095238095239 0.01117857142857143 0.067500000000000018 8.5000000000000018 0.0096944444444444465 0.004511904761904763 0.12208672086720869 42.500000000000007 0.067500000000000018 5.5000000000000009 106.48684210526316 0.0050833333333333347 0.0050833333333333347 0.012687500000000003 0.46583333333333338 0.10750000000000003 0.020140366430260053 73.955000000000013 0.018183501683501687 0.016395872616802854 0.010758417508417511 11.500000000000002 0.39750000000000002 0.014916666666666668 1.0000000180025095e-35 13.500000000000002 0.0075462962962962966 2.5000000000000004 0.076436222005842283 7.5000000000000009 1.0000000180025095e-35
decision_type=2 2 2 2 2 2 2 2 2 2 2 2 2 2 2 2 2 2 2 2 2 2 2 2 2 2 2 2 2 2 2 2 2 2 2 2 2 2 2 2 2 2 2 2 2 2 2 2 2 2 2 2 2 2 2 2 2 2 2 2 2 2
left_child=2 10 8 5 7 -3 24 22 41 15 35 45 16 19 21 51 -9 61 30 52 23 -11 -4 34 25 44 -17 28 37 -6 -18 -15 33 -32 40 50 -21 47 -19 -23 55 -1 -24 -33 -7 60 -27 -28 -14 -35 -2 -8 -12 -50 -25 -13 -31 -38 -34 -60 -10 -5
right_child=1 3 4 17 29 6 9 12 11 14 13 20 48 31 -16 26 18 38 -20 36 -22 39 42 54 -26 46 27 -29 -30 56 32 43 58 49 -36 -37 57 -39 -40 -41 -42 -43 -44 -45 -46 -47 -48 -49 53 -51 -52 -53 -54 -55 -56 -57 -58 -59 59 -61 -62 -63
leaf_value=17.678708730097249 3.3801484850715591 16.567462552827909 11.060859976296095 13.843069877418799 -4.1207963474954203 -4.4423529502134356 4.966591501934853 2.4788755621162406 10.25154124413317 2.1345709101954435 13.003550935275806 -12.627336164074821 16.585529279079136 18.52456590280784 -13.746195063345381 -8.201510779303872 17.378416256557735 -13.301610824901189 2.1020597898958484 10.351774781414163 3.5888279857889551 -10.160218474531334 6.7412005400051855 -4.5169790873166846 -16.180169984285445 -1.0714225817191885 8.6614311199342726 -8.7942822185211256 -7.0391563010511593 -10.057925653322432 -7.4274998356392885 15.872240846950456 -17.313593798433672 5.4312522569922619 -18.338259280968845 -4.3253353236690968 6.4079914801376141 -1.3779283587603457 5.866264241843659 -2.0145138685016581 10.540864572001897 -2.4335827293394097 -0.45125516868585258 10.363895672720034 -11.416007195823772 -6.0298444018411779 19.586698827169077 1.8854917727556086 0.58395161673301776 -6.3223514318476406 16.512925028957145 11.708979835936844 -0.78318644973997209 10.624103250040466 -13.245097891882729 -18.46550642209279 -16.382938456539595 -0.53037920940119665 -5.351292777942696 -11.586852209228141 -12.33146248811952 -6.3056809571773575
leaf_weight=178.48152679204941 580.764529556036 685.05844613909721 796.67254850268364 2070.7197565436363 429.37772080302238 786.67848369479179 654.59498935937881 773.57898131012917 149.6790788769722 1465.3904761373997 2176.6005695164204 4452.8110398054123 111.10970962047577 1385.5194702446461 486.93184691667557 294.76055398583412 50.80890354514122 73.597690016031265 577.12575972080231 917.03670686483383 154.73812422156334 579.31272101402283 764.26299196481705 634.89606508612633 461.46243739128113 208.54324635863304 1367.0050277113914 237.26774802803993 252.37900269031525 772.04791894555092 1383.0929208099842 1277.5948032736778 301.23924866318703 380.10792353749275 1360.8473972976208 420.98223572969437 944.42663109302521 503.07048746943474 650.7036047577858 949.7853801548481 39.792815864086151 80.36928391456604 990.28691428899765 1688.8533800542355 1036.8116504848003 1229.876238912344 64.197462290525436 677.18964338302612 965.78841596841812 222.72322735190392 136.65797290205956 1095.8786245286465 101.08807781338692 223.93879646062851 386.58210295438766 604.91043722629547 1082.9056459367275 591.98516964912415 775.24679365754128 1227.3891648948193 43.209394127130508 42.867835193872452
leaf_count=142 861 626 1040 2152 664 1112 977 1126 196 2257 2796 4611 94 1243 555 370 47 78 781 1259 189 766 1173 809 445 282 1823 340 386 984 1832 1345 267 538 1097 564 1474 756 877 1334 31 108 1471 2188 1205 1547 51 909 1325 280 146 1418 179 293 423 493 1068 941 974 1517 55 66
internal_value=3.55452e-08 5.66973 -6.66774 2.16334 -3.22643 0.0378912 -0.980314 -1.14064 -11.0368 1.2683 10.6933 -11.679 -3.49 11.7694 -3.26441 4.37334 -5.12861 11.0057 -6.3253 9.18494 -13.0153 -1.55997 5.29827 -13.3588 -8.50904 -6.82032 1.84389 2.81889 3.8031 -11.9404 -7.4458 14.579 -7.73982 -4.84238 -14.2348 2.10716 6.20794 4.87733 3.91858 -5.10059 -13.1393 11.4341 2.6817 12.7362 -8.40748 -4.50837 3.79107 6.41673 3.67912 1.08874 5.88174 9.18764 12.3917 2.47378 -7.82017 -13.3256 -13.7504 3.73461 -10.2374 -9.17298 5.19267 13.4344
internal_weight=46009.6 24865.7 21143.9 14644.2 11827.7 11806.3 11121.3 9543.37 9316.19 8563.57 10221.5 9057.34 6992.15 9083.1 3481.42 5082.15 5691.31 2837.89 4917.73 4731.14 7634.58 2994.49 2551.22 7479.84 2557.69 2096.23 3331.67 3036.91 2799.64 2284.33 4340.61 4351.97 4289.8 1985.92 6458.36 1138.4 2453.45 2547.27 724.301 1529.1 5097.51 258.851 1754.55 2966.45 1823.49 1422.76 272.741 2044.19 1300.84 602.831 717.423 1750.47 2277.69 1189.73 1021.48 5057.72 1854.95 1536.41 2303.88 2002.64 192.888 2113.59
internal_count=56956 31781 25175 18785 15474 15612 14986 12758 9701 11891 12996 9451 9074 11425 4912 6979 7362 3173 6236 6649 7653 4357 3684 7464 3095 2650 4584 4214 3874 2716 5455 4776 5408 2650 6232 1571 3674 3488 955 2100 5135 250 2644 3533 2317 1798 333 2732 1712 818 1007 2395 2975 1618 1232 5104 2052 2415 2758 2491 251 2218
is_linear=0
shrinkage=0.05


Tree=4
num_leaves=63
num_cat=0
split_feature=48 12 12 37 1 35 28 1 37 1 1 35 5 38 1 23 37 37 27 35 28 41 1 41 33 38 0 6 0 1 37 38 23 38 296 37 39 5 37 0 5 23 9 41 41 14 41 1 28 16 16 6 51 23 39 37 1 28 1 1 35 23
split_gain=6.27909e+08 1.58352e+08 1.14763e+08 9.94997e+07 7.76057e+07 6.28884e+07 5.28494e+07 4.42021e+07 3.68922e+07 3.62985e+07 3.05874e+07 2.90589e+07 2.42818e+07 2.28706e+07 2.2536e+07 2.23301e+07 2.38842e+07 2.2258e+07 1.88204e+07 1.72675e+07 1.67239e+07 1.65285e+07 1.64261e+07 1.52138e+07 1.45555e+07 1.43535e+07 1.40115e+07 1.24945e+07 1.24765e+07 1.66908e+07 1.40383e+07 1.18633e+07 1.35643e+07 1.16901e+07 1.11908e+07 1.08828e+07 1.0763e+07 1.10622e+07 1.07423e+07 1.0719e+07 1.10042e+07 1.03177e+07 9.83987e+06 9.69722e+06 9.55371e+06 9.0259e+06 8.68065e+06 8.65728e+06 8.58088e+06 8.1191e+06 8.09954e+06 7.99966e+06 7.67191e+06 7.56232e+06 7.55678e+06 7.38573e+06 7.34595e+06 7.15487e+06 7.13244e+06 6.97043e+06 6.70054e+06 6.63198e+06
threshold=1.0000000180025095e-35 1.0000000180025095e-35 1.0000000180025095e-35 0.0076875000000000008 9.5000000000000018 0.10916666666666668 91.163129973474824 10.500000000000002 0.0092129629629629645 5.5000000000000009 3.5000000000000004 0.14250000000000004 0.13293172690763055 0.45250000000000007 5.5000000000000009 86.887163561076605 0.010351851851851853 0.011583333333333336 0.062895569620253181 0.069166666666666682 52.357287449392722 0.22583333333333336 -8.4999999999999982 0.20583333333333334 0.016395872616802854 0.99416666666666675 63.500000000000007 0.10923295454545455 53.500000000000007 -12.499999999999998 0.0071944444444444451 0.50583333333333347 27.389285714285716 0.33750000000000008 1.0000000180025095e-35 0.0043541666666666676 0.016488997113997119 0.21767001114827203 0.0075462962962962966 50.500000000000007 0.13182720953326715 120.15686274509805 2.5000000000000004 0.060833333333333343 0.12916666666666668 3.5000000000000004 0.099166666666666681 9.5000000000000018 91.800653594771248 2.5000000000000004 2.5000000000000004 0.071067821067821071 1.0000000180025095e-35 106.48684210526316 0.006540064102564103 0.0035092592592592597 14.500000000000002 47.561111111111117 10.500000000000002 -11.499999999999998 0.024166666666666673 136.81649831649835
decision_type=2 2 2 2 2 2 2 2 2 2 2 2 2 2 2 2 2 2 2 2 2 2 2 2 2 2 2 2 2 2 2 2 2 2 2 2 2 2 2 2 2 2 2 2 2 2 2 2 2 2 2 2 2 2 2 2 2 2 2 2 2 2
left_child=2 10 6 9 8 7 53 17 12 13 15 18 19 -3 23 -2 24 31 -10 55 -7 22 -20 25 46 28 48 39 34 -30 -31 -5 -33 -11 54 -15 37 43 -6 -19 41 -41 -38 -24 57 51 -17 -35 -22 59 -37 -32 -44 -1 -8 -4 -40 -18 -12 -28 -57 -21
right_child=1 3 4 5 38 20 14 -9 11 33 58 -13 -14 35 -16 16 44 27 21 61 26 -23 36 -25 -26 -27 49 -29 29 30 45 32 -34 47 -36 50 42 -39 56 40 -42 -43 52 -45 -46 -47 -48 -49 -50 -51 -52 -53 -54 -55 -56 60 -58 -59 -60 -61 -62 -63
leaf_value=16.617540528344485 17.382453642246162 15.580953108441191 11.088293320321933 8.3820801105160623 -5.3386115676059083 20.931789801015743 -7.2943409173734244 -10.040595691779705 8.6070261128642223 11.508871016336956 -7.6838324381956884 5.6655723075724804 -3.325326943978872 13.057913309895785 -15.369074435434237 -1.8944819653930762 18.030513154490585 -2.7805389972143999 -12.952974489016771 11.022682103367778 5.575955818572373 9.7786433193050009 -3.1918847224947182 4.1631425173503604 12.190230156007487 0.73625975480363848 -0.77553076552203426 -5.8574170432819699 -15.442658544584781 4.9842108672078735 26.889879739223467 23.242796556579506 1.6697545940548602 5.4599267437243348 20.844525422349509 8.9633712862740715 -17.987515454436913 -11.906274770817504 -10.114568409530223 6.8698890636834138 -5.4082388771234502 -13.317432552767656 3.2766651949616952 5.815692625790108 3.3329076336040857 -8.4034585769163783 9.7397980771874657 -2.9331395277917673 -9.5741175803809515 1.2046044611993327 -0.69623582079582358 -6.4054425248914271 -7.8204606975376123 -1.7621194934456232 -13.060503256882734 -5.4255651436399361 -16.64667684609822 -8.428489159601142 -16.156232935974554 12.983222990954079 2.6198800802158635 -17.613728575946297
leaf_weight=192.19570022821426 159.06329590082169 3210.8477432131767 210.60122194886208 1736.2428455352783 561.67851668596268 295.03135135769844 669.46712970733643 758.96220475435257 231.58760115504265 410.76943722367287 746.85831546783447 697.05885893106461 1284.5505822300911 1885.6324352025986 2333.9245149493217 942.98813438415527 26.077120989561081 945.24119687080383 823.01324564218521 941.74387383460999 1132.2081404924393 159.59270384907722 1061.5633502006531 193.17702785134315 317.68913620710373 293.19468796253204 97.5236756503582 769.81053647398949 443.03363132476807 314.97025337815285 35.440001040697098 76.090995192527771 1718.2250287532806 701.62646967172623 25.788970589637756 2605.4107801616192 212.69087556004524 256.45598077774048 882.26637396216393 1237.8019516766071 261.05941155552864 66.705372720956802 177.16172379255295 415.83726090192795 222.10809496045113 942.86443349719048 193.17334911227226 546.59594944119453 101.8731609582901 185.40391474962234 236.72856140136719 36.745042443275452 1288.5422503948212 78.956985294818878 3756.4351268112659 315.14825347065926 840.38639503717422 1264.5288305580616 372.20393097400665 1641.2352893352509 1447.162545144558 20.661972463130951
leaf_count=148 139 3326 292 2233 854 203 843 1004 251 526 923 959 1910 2237 2217 1388 21 1196 915 1188 1558 168 1500 213 356 355 155 1060 443 380 19 43 2626 1130 20 3531 175 336 1089 1686 374 72 250 533 265 1076 220 873 106 270 417 52 1641 108 3827 440 773 1572 376 1895 2180 20
internal_value=4.40475e-09 5.38625 -6.33435 7.19654 -3.06511 3.95576 -10.4849 1.40505 -1.08361 10.9188 -3.40829 -3.85142 2.40808 12.3244 -11.137 -0.868628 -1.84723 2.68043 -5.28533 4.91713 9.54733 -6.01739 -6.61262 -9.66517 2.7291 -10.075 8.48384 -0.284713 -10.5842 -7.03727 -4.23741 5.43566 2.5846 4.19235 -11.9969 10.1128 -5.08336 -2.32052 -11.3433 1.42387 3.96236 5.83762 -7.93751 -0.656563 -6.24548 -7.09888 0.0836108 1.78461 4.32532 11.1509 8.1588 9.94124 -6.47914 11.2656 -12.1883 2.23869 -13.3012 -7.89388 -10.5018 12.2115 1.18114 10.4079
internal_weight=46009.6 24865.7 21143.9 20621 11827.7 11023.4 9316.19 7570.14 9543.37 9597.61 4244.69 5323.5 4219.87 7938.62 9045.04 3125.63 2966.56 6811.18 4626.44 2935.32 3453.28 4394.86 4235.26 6711.12 1453.85 6517.94 3158.24 3280.62 6224.74 1773.05 1330.02 3530.56 1794.32 1658.99 4451.69 4727.77 3412.25 1733.86 2284.33 2510.81 1565.57 1304.51 1678.39 1477.4 1512.71 1015.05 1136.16 1248.22 1234.08 1924.16 2842.14 72.185 1465.7 271.153 4425.9 1972.91 1722.65 1290.61 1119.06 1738.76 1762.31 962.406
internal_count=56956 31781 25175 26521 15474 14481 9701 10294 12758 12040 5260 6728 6030 9511 9445 3961 3822 9290 5769 4120 4187 5518 5350 7228 1964 7015 3984 4388 6660 1970 1527 4902 2669 2529 4690 6185 4435 2369 2716 3328 2132 1758 2066 2033 1858 1147 1608 2003 1664 2320 3948 71 1891 256 4670 2912 1862 1593 1299 2050 2620 1208
is_linear=0
shrinkage=0.05


Tree=5
num_leaves=63
num_cat=0
split_feature=13 43 41 43 43 32 1 40 32 46 41 1 46 32 37 1 41 35 37 46 32 1 41 46 1 13 37 5 43 43 35 43 38 16 1 43 41 1 39 38 27 1 1 50 6 5 39 51 35 5 27 34 35 51 37 27 35 13 37 37 34 51
split_gain=5.68293e+08 1.87955e+08 1.04803e+08 7.54451e+07 7.25931e+07 5.71874e+07 4.76225e+07 4.29947e+07 3.68121e+07 3.52046e+07 3.43149e+07 3.4074e+07 3.11464e+07 2.71611e+07 3.23751e+07 2.13144e+07 1.89992e+07 1.74457e+07 1.72899e+07 1.70889e+07 1.70713e+07 1.63209e+07 1.46332e+07 1.35636e+07 1.34098e+07 1.2041e+07 1.20014e+07 1.14444e+07 1.12757e+07 1.11213e+07 1.0852e+07 1.00444e+07 1.3487e+07 9.98461e+06 9.97151e+06 1.02182e+07 9.69911e+06 9.67692e+06 9.22813e+06 8.94483e+06 8.19259e+06 7.73103e+06 7.56091e+06 7.38401e+06 7.69504e+06 7.28707e+06 7.17623e+06 1.07799e+07 9.19385e+06 7.02803e+06 6.74332e+06 6.61438e+06 6.48086e+06 6.39555e+06 6.3734e+06 6.32344e+06 6.23426e+06 6.17314e+06 6.13835e+06 6.11388e+06 6.35589e+06 6.03755e+06
threshold=1.0000000180025095e-35 0.0068425925925925928 0.089166666666666686 0.0080277777777777795 0.013416666666666669 0.079156223893066008 5.5000000000000009 0.0092128961976872068 0.043797953964194385 1.0000000180025095e-35 0.067500000000000018 9.5000000000000018 1.0000000180025095e-35 0.070925553319919524 0.0096944444444444465 10.500000000000002 0.28750000000000003 0.16583333333333336 0.010175925925925927 1.0000000180025095e-35 0.054299754299754303 -7.4999999999999991 0.23750000000000002 1.0000000180025095e-35 -10.499999999999998 19.500000000000004 0.00617857142857143 0.16575091575091577 0.0065833333333333343 0.004511904761904763 0.067500000000000018 0.04341666666666668 0.48083333333333339 2.5000000000000004 -9.4999999999999982 0.0032500000000000007 0.39750000000000002 10.500000000000002 0.015979326513213984 0.36750000000000005 0.15590277777777781 8.5000000000000018 4.5000000000000009 1.0000000180025095e-35 0.13359580052493442 0.09699820788530468 0.02643187830687831 1.0000000180025095e-35 0.077500000000000013 0.03468323977546111 0.14608739837398377 0.024656786466471726 0.09416666666666669 1.0000000180025095e-35 0.010879629629629631 0.073350071736011491 0.042500000000000003 11.500000000000002 0.0046481481481481486 0.0040238095238095241 0.006396801304398572 1.0000000180025095e-35
decision_type=2 2 2 2 2 2 2 2 2 2 2 2 2 2 2 2 2 2 2 2 2 2 2 2 2 2 2 2 2 2 2 2 2 2 2 2 2 2 2 2 2 2 2 2 2 2 2 2 2 2 2 2 2 2 2 2 2 2 2 2 2 2
left_child=3 10 4 7 8 21 13 28 -3 11 19 17 15 -4 31 18 24 22 39 29 -6 -5 26 37 -16 30 -7 34 55 -2 -26 32 -15 42 -9 -36 41 50 -8 -10 46 61 -12 44 56 -14 -32 -48 -49 -41 -22 -47 54 -28 -40 -1 -20 -21 -51 -31 -61 -11
right_child=1 2 6 5 20 9 38 27 12 36 33 -13 45 14 16 -17 -18 -19 43 57 23 -23 -24 -25 25 -27 53 -29 -30 59 40 -33 -34 -35 35 -37 -38 -39 52 49 -42 -43 -44 -45 -46 51 47 48 -50 58 -52 -53 -54 -55 -56 -57 -58 -59 -60 60 -62 -63
leaf_value=13.944394392254512 11.128372408300974 15.862565276733751 17.035626375786908 -13.215401908098253 6.9794076610168787 0.42285197351996112 6.8386523482738797 -5.5316295635600188 9.7761083254340111 -4.5203548688313537 15.377297795013774 -14.187765444410482 -3.6406058399797283 12.699701126583838 -8.2649648600722863 -7.0802975746514027 12.723949223430253 5.9629622433185254 -8.2099595599476771 4.1887717453863003 -4.1013910400370497 12.712875157240626 8.8947979854196078 -12.374142337894629 -2.4634866498140155 -11.226778697200064 -0.015137784881573302 -2.6345712671198833 -10.733815423966441 11.507332831861552 9.0665398601350287 17.148130369102244 4.7277647434235304 3.6645427156074648 23.185847762575282 6.7459191372689675 2.4904587673755167 -13.585712223295033 -1.8871830862353756 6.6447929949770135 -14.230577880528799 -16.780395292848066 9.6707300505229536 -6.2431190286071665 -6.9828356804781038 -12.795128469977154 10.641590789284059 14.651952193021405 -6.4829171763860307 7.3349178024433375 -18.664174324964019 9.6323798549922888 1.5512180420833497 -8.4495248041096875 -10.139171989370961 -4.1817073385321937 3.4129726567506107 -4.8020010093040248 -0.42479644388379167 -4.7343746039880088 5.9262220461915707 -12.714668990012164
leaf_weight=49.438338190317154 2259.0767857134342 403.86446779966354 704.68568456172943 73.064749926328659 203.64080962538719 506.72128719091415 264.19476547837257 148.29514706134796 814.90070724487305 237.38617336750031 2885.4537646472454 1409.912618637085 1218.6250786483288 1212.7996143102646 309.63694128394127 580.75047582387924 441.01152265071869 321.87737938761711 126.41761061549187 491.71840387582779 2137.5167475640774 358.43234205245972 155.59354895353317 1160.390283703804 530.63739496469498 143.1413209438324 242.38066536188126 446.60828104615211 822.7093126475811 462.9916689991951 970.99168494343758 489.20527005195618 943.14120873808861 238.39982116222382 104.07984328269958 1028.7681521773338 99.712172240018845 350.22892984747887 503.63611409068108 1164.4766047894955 49.650075972080231 1212.9348936378956 726.61805793642998 446.59467405080795 257.57241600751877 421.23844197392464 231.67069318890572 61.425519555807114 317.04687440395355 333.29316660761833 82.562679350376129 35.657992124557495 454.33034151792526 3090.8874703943729 437.03192213177681 1798.1329597532749 1320.2106755673885 312.0996395945549 1082.9837015867233 150.70788812637329 1934.3894327878952 4236.0605421364307
leaf_count=50 2953 369 590 88 224 709 354 176 1079 360 2853 1427 1729 1379 429 844 507 410 174 693 3012 331 186 1261 665 167 363 707 941 619 1250 414 1374 356 83 1312 129 428 753 1621 60 966 986 580 381 477 275 56 393 482 80 42 715 3796 506 2397 1910 443 1760 240 2987 4055
internal_value=-2.42987e-08 4.12443 1.40103 -7.48687 -1.5338 -9.54824 5.81949 -1.88822 1.14319 -10.218 9.94031 -7.43903 0.381325 7.7751 6.6303 2.03327 3.12416 -5.23516 2.98752 7.44589 -7.11769 8.32248 -6.13727 -7.88718 1.50469 2.81733 -6.74635 4.25769 -5.86481 8.57423 3.74741 10.68 9.21229 13.5752 6.66034 8.25633 -12.9687 -5.8615 -1.72981 5.20927 5.76835 -13.2398 14.2293 -0.520166 0.979564 -5.65965 6.39635 2.14697 -3.05276 3.76725 -4.64297 -11.0448 -3.35257 -7.83621 -5.72104 -3.69668 2.39727 0.697911 1.4013 6.30979 5.15569 -12.2798
internal_weight=46009.6 29666.6 20205.2 16343 12140.9 11945 8064.24 4398.03 8206.59 11513.5 9461.46 5727.37 7802.72 6405.04 5700.36 6127.2 3055.21 4317.46 5546.45 5610.98 3934.34 431.497 3995.58 3730.7 2614.2 2304.56 3839.99 1727.75 2670.28 4807.17 2161.42 2645.15 2155.94 3850.47 1281.14 1132.85 5786.09 2570.31 1659.19 3395.65 1630.78 5686.38 3612.07 2150.8 1704.2 1675.52 1581.13 610.143 378.472 2580.75 2220.08 456.896 1395 3333.27 940.668 1847.57 1446.63 803.818 1416.28 2548.09 2085.1 4473.45
internal_count=56956 38470 26340 18486 16453 12820 9887 5666 11448 12401 12130 6891 11079 7559 6969 8831 3802 5464 7987 7935 5005 419 5054 4781 3295 2866 4868 2278 3388 6799 2699 3167 2753 4195 1571 1395 5510 3520 2328 4942 2034 5381 3839 3045 2465 2248 1974 724 449 3863 3092 519 1974 4159 1259 2447 2084 1136 2242 3846 3227 4415
is_linear=0
shrinkage=0.05


Tree=6
num_leaves=63
num_cat=0
split_feature=48 43 12 41 28 43 12 28 1 11 41 34 43 11 1 37 28 37 41 1 41 37 6 37 5 51 256 1 41 1 43 35 43 0 35 37 5 41 5 37 34 1 6 1 43 1 6 12 23 35 23 11 21 27 23 41 41 16 34 41 35 6
split_gain=5.14939e+08 1.36664e+08 9.41844e+07 8.65714e+07 6.92743e+07 6.61836e+07 5.84447e+07 4.40445e+07 4.39531e+07 3.84919e+07 3.14003e+07 3.13032e+07 2.44184e+07 2.38252e+07 1.96835e+07 1.88289e+07 1.73422e+07 1.70325e+07 1.59095e+07 1.48653e+07 1.48233e+07 1.47059e+07 1.37054e+07 1.28178e+07 1.27191e+07 1.2336e+07 1.17322e+07 1.13084e+07 1.48043e+07 1.87969e+07 1.12367e+07 1.05228e+07 1.01818e+07 1.00791e+07 9.82697e+06 9.74846e+06 9.23205e+06 8.92578e+06 8.7015e+06 8.35778e+06 1.21251e+07 8.20562e+06 8.1846e+06 8.1607e+06 7.82873e+06 7.71279e+06 7.61303e+06 7.39372e+06 7.21234e+06 6.88426e+06 6.74981e+06 6.71153e+06 6.69677e+06 6.68737e+06 6.67916e+06 6.4781e+06 6.30647e+06 6.27077e+06 6.20312e+06 6.16592e+06 6.20418e+06 6.15001e+06
threshold=1.0000000180025095e-35 0.0076875000000000008 1.0000000180025095e-35 0.13750000000000004 57.746428571428574 0.0080277777777777795 1.0000000180025095e-35 83.937142857142859 7.5000000000000009 0.25105042016806728 0.11583333333333336 0.017602290870978827 0.01052777777777778 0.23473824312333633 11.500000000000002 0.01117857142857143 57.746428571428574 0.0075462962962962966 0.054166666666666675 2.5000000000000004 0.2091666666666667 0.0060208333333333338 0.11451990632318503 0.0093541666666666686 0.13182720953326715 1.0000000180025095e-35 1.0000000180025095e-35 2.5000000000000004 0.032500000000000008 -6.4999999999999991 0.010175925925925927 0.09583333333333334 0.0065833333333333343 42.500000000000007 0.085833333333333359 0.013685185185185186 0.17416582406471184 0.072500000000000023 0.10551619433198382 0.01117857142857143 0.010234017356742143 8.5000000000000018 0.062114197530864203 13.500000000000002 0.013685185185185186 17.500000000000004 0.09699820788530468 1.0000000180025095e-35 32.813226744186053 0.14083333333333337 73.955000000000013 0.25384979862591811 37.500000000000007 0.20135135135135138 122.33854166666667 0.24916666666666668 0.070833333333333345 2.5000000000000004 0.029226887197413991 0.39750000000000002 0.070833333333333345 0.13293172690763055
decision_type=2 2 2 2 2 2 2 2 2 2 2 2 2 2 2 2 2 2 2 2 2 2 2 2 2 2 2 2 2 2 2 2 2 2 2 2 2 2 2 2 2 2 2 2 2 2 2 2 2 2 2 2 2 2 2 2 2 2 2 2 2 2
left_child=2 11 7 4 -3 18 26 -1 10 15 16 13 27 41 22 37 -7 -15 38 61 -14 -18 30 -13 31 -23 34 28 32 -30 56 52 -9 -21 35 45 58 -8 -4 40 -27 57 -33 -10 -36 -6 -22 -19 -41 -50 -12 -25 -17 -42 -32 -35 -11 -2 -20 60 -52 -5
right_child=1 3 5 19 6 8 9 12 43 14 50 23 20 17 -16 24 21 47 36 33 46 25 -24 51 -26 39 -28 -29 29 -31 54 42 -34 55 44 -37 -38 -39 -40 48 53 -43 -44 -45 -46 -47 -48 -49 49 -51 59 -53 -54 -55 -56 -57 -58 -59 -60 -61 -62 -63
leaf_value=11.207542307220878 11.773167232354664 15.553793534355822 3.0921440353931717 13.518643790215911 -4.4451074933932579 11.47611332293601 3.4489330533114493 -4.18612687614511 -8.3231077490555041 1.6426795364310924 16.426281894782175 15.160695098025531 -12.799240004796836 6.7390942513886234 -13.106848066658817 -4.5019615574648393 1.9074269059477669 -9.307282980177078 7.3929164562697522 -11.820354456093552 -9.5374193397909206 4.1547716615462873 -8.0277454405861999 11.591890312639261 -9.3625646647597431 -10.160767347047852 -16.160949332073709 -11.177051907546048 -9.3549636293774636 5.9313479820268382 -1.5663093346590422 10.358831807733839 -11.785645299530152 2.5550126195153795 4.8017568540113214 -13.732210504004184 -0.80102565184059227 8.7452369395342497 -3.5548193187918891 18.090365648652384 -0.67469032729393552 2.7992428821153186 -0.083257012243513451 -14.31418621432022 -6.3200020292669343 -22.086673773614201 8.9444346794441412 0.94751722306425334 -10.425843647504596 -1.5455403082028099 -4.1723658117945925 4.5399970966504455 4.7066381751685613 -24.762755098667551 -16.435318574375785 11.959760213308087 10.787898824479939 2.8227797251141187 17.134172327245093 10.948408350849775 4.6252376195248175 6.7403710620721746
leaf_weight=249.98453325033188 2543.2863636612892 676.58784404397011 1113.4452449381351 1562.9321403503418 1017.8244498372078 160.17076823115349 1546.937106192112 927.50503793358803 1233.1461237668991 538.12094721198082 106.2342432141304 2407.5616908371449 5094.0413246154785 1838.3021356463432 421.27010369300842 678.61654305458069 623.47401189804077 225.04641899466515 959.44026878476143 87.85050630569458 104.2145319879055 262.71012404561043 658.08641645312309 1051.5942929685116 306.97302269935608 597.21158501505852 339.98875072598457 1122.4020529985428 321.53043341636658 536.93203124403954 1607.3571754097939 451.75692254304886 839.84414955973625 494.43200999498367 307.80987596511841 541.93318822979927 299.24659645557404 1637.6483084857464 882.69260254502296 24.118343472480774 1076.2891206741333 335.19819420576096 320.99487656354904 1054.4336276650429 325.60386499762535 65.970760256052017 119.73941007256508 802.77550822496414 1898.7989386618137 246.58561760187149 320.12278670072556 496.80294784903526 278.43954673409462 29.605778485536575 79.249987214803696 290.78945836424828 290.15820369124413 212.00668740272522 196.97756913304329 207.16333675384521 535.83689793944359 425.81041213870049
leaf_count=227 3127 588 1692 1550 1432 146 2277 1142 1601 866 88 2345 4819 2730 459 904 885 293 1371 96 130 414 864 1269 449 746 351 1279 441 691 2426 548 847 708 413 518 475 2154 1306 19 1490 549 461 1028 416 37 125 1233 2220 349 453 700 389 16 81 343 373 321 191 268 716 511
internal_value=-1.38049e-08 4.87771 -5.7363 1.85968 0.00881606 -2.77463 -0.912584 -9.49639 -5.17569 1.03008 -2.95551 9.43041 -10.0673 7.14061 -2.95206 3.77127 -4.70626 3.85697 3.0516 9.67969 -12.2457 -5.25092 -1.60383 12.8782 0.0168416 -6.33017 -7.50162 -6.97641 -5.18085 0.205979 0.0771567 1.68132 -7.79742 4.24092 -6.19843 -8.25682 7.02662 6.17252 0.152855 -7.04145 -4.41981 10.1859 6.02127 -11.0846 -0.91534 -5.51895 0.344105 -1.29782 -9.09949 -9.40516 4.40913 9.32929 -1.82287 -1.31955 -2.26497 6.03785 4.84638 11.0845 9.05219 3.2083 1.335 12.0673
internal_weight=46009.6 24865.7 21143.9 14953.1 12091.3 11827.7 11414.7 9316.19 8375.9 8815.61 6088.32 9912.57 9066.21 5956.62 3594.24 5221.37 4918.96 2866.12 3451.8 2861.81 5318 4758.79 3172.97 3955.96 2036.78 4135.32 2599.13 3748.21 2625.81 858.462 2514.89 1729.81 1767.35 873.072 2259.14 1625.73 1455.66 3184.59 1996.14 3872.61 1703.11 3090.49 772.752 2287.58 633.414 1083.8 223.954 1027.82 2169.5 2145.38 1169.36 1548.4 957.056 1105.89 1686.61 785.221 828.279 2755.29 1156.42 1063.12 855.96 1988.74
internal_count=56956 31781 25175 19214 16006 15474 15418 9701 10439 12251 7810 12567 9474 8253 5069 7182 6285 4256 5035 3208 5074 6139 4610 4314 2751 5254 3167 4400 3121 1132 3746 2302 1989 1147 2816 1987 2037 4431 2998 4840 2252 3997 1009 2629 829 1469 255 1526 2588 2569 1525 1969 1293 1506 2507 1051 1239 3448 1562 1437 1169 2061
is_linear=0
shrinkage=0.05


Tree=7
num_leaves=63
num_cat=0
split_feature=49 43 41 43 43 28 1 40 11 41 1 12 16 32 37 5 28 28 11 40 41 11 1 0 35 37 37 12 51 43 1 1 43 28 13 43 11 16 43 38 15 1 1 41 8 35 35 28 12 1 1 39 43 1 1 0 1 37 35 21 13 6
split_gain=4.66743e+08 1.53967e+08 8.76859e+07 6.20858e+07 6.1619e+07 5.34976e+07 3.99947e+07 3.60403e+07 3.14003e+07 2.94186e+07 2.88604e+07 3.36409e+07 2.58724e+07 2.29735e+07 2.76463e+07 1.89356e+07 1.68171e+07 1.63319e+07 1.57234e+07 1.5707e+07 1.55749e+07 1.50721e+07 1.1809e+07 1.15152e+07 1.08026e+07 1.17388e+07 1.04962e+07 1.04937e+07 9.75308e+06 1.51515e+07 9.66847e+06 1.15784e+07 9.65091e+06 9.44551e+06 9.12768e+06 9.03173e+06 8.89685e+06 8.62028e+06 8.39313e+06 1.16695e+07 7.87627e+06 7.87453e+06 7.69743e+06 7.51292e+06 7.47062e+06 7.39423e+06 7.28392e+06 7.24337e+06 7.11569e+06 6.93828e+06 7.1641e+06 6.8425e+06 6.6934e+06 6.56479e+06 6.43319e+06 6.41228e+06 7.19404e+06 7.77174e+06 7.51935e+06 6.38942e+06 6.29483e+06 6.16193e+06
threshold=1.0000000180025095e-35 0.0068425925925925928 0.089166666666666686 0.0080277777777777795 0.013416666666666669 89.831560283687949 5.5000000000000009 0.0092128961976872068 0.27602627257799678 0.067500000000000018 10.500000000000002 1.0000000180025095e-35 2.5000000000000004 0.070925553319919524 0.0096944444444444465 0.16760299625468167 75.468013468013481 58.506097560975618 0.26064311594202905 0.042677078267540754 0.28750000000000003 0.25728429985855733 -10.499999999999998 88.500000000000014 0.14083333333333337 0.0073571428571428581 0.010175925925925927 1.0000000180025095e-35 1.0000000180025095e-35 0.023416666666666672 5.5000000000000009 -8.4999999999999982 0.0065833333333333343 27.761403508771934 19.500000000000004 0.0042129629629629635 0.30461293743372225 2.5000000000000004 0.049666666666666671 0.48083333333333339 10.500000000000002 8.5000000000000018 -6.4999999999999991 0.39750000000000002 4.5000000000000009 0.052500000000000012 0.10583333333333335 65.160645161290333 1.0000000180025095e-35 12.500000000000002 -9.4999999999999982 0.019232051282051285 0.0032500000000000007 -14.499999999999998 -7.4999999999999991 17.500000000000004 -12.499999999999998 0.0086851851851851864 0.042500000000000003 41.500000000000007 10.500000000000002 0.098476102516739786
decision_type=2 2 2 2 2 2 2 2 2 2 2 2 2 2 2 2 2 2 2 2 2 2 2 2 2 2 2 2 2 2 2 2 2 2 2 2 2 2 2 2 2 2 2 2 2 2 2 2 2 2 2 2 2 2 2 2 2 2 2 2 2 2
left_child=1 9 4 7 8 42 13 32 12 18 11 43 15 -4 38 17 -6 -3 35 24 22 -8 -16 28 25 -13 45 -18 -24 34 31 51 -2 -10 40 -1 41 47 39 -15 -30 53 -5 55 61 -19 -28 -11 60 50 -35 -9 -33 -29 -27 -7 -57 58 -58 -49 -20 -14
right_child=3 2 6 5 16 10 21 30 33 37 -12 19 44 14 20 -17 27 26 48 -21 -22 -23 23 -25 -26 54 46 36 29 -31 -32 52 -34 49 -36 -37 -38 -39 -40 -41 -42 -43 -44 -45 -46 -47 -48 59 -50 -51 -52 -53 -54 -55 -56 56 57 -59 -60 -61 -62 -63
leaf_value=11.557106188329536 -3.3411745417501808 17.268572790490296 15.623412379879689 -7.7129331624446493 7.0770623187106416 -14.454509296462849 2.3053442740806416 -7.1995188651256798 19.140547109092097 20.491631571869902 -14.515107033795893 -1.1600234285007789 4.7969274574833305 11.713151872228666 -7.8205102429347919 -6.0027636286988377 -11.298775475032723 3.5173631618647843 3.1549302723678831 6.7295333530907575 11.505519255923573 -7.4132112874079557 8.7000612696779047 9.9082881693737814 2.3852193306795346 -12.454359497117899 -0.79326341667214817 -13.820794456633415 4.4998062134871422 -9.0626778880544929 -2.3329587268858329 20.849401748417151 -9.8515921704612452 -10.596909472063158 -14.753628651833331 6.5524210629620727 -12.228479408355664 3.1585430170721831 15.801559809056315 4.3198335258583631 -13.044511330849495 -10.65919911804882 12.117785550721806 3.3685488438618756 -8.7047552026363295 8.7558822068357518 6.5448476462479199 11.389067016021192 4.4463596362802305 -13.536013157333466 -2.3226472615977722 21.91309667973659 7.0722684332631278 -1.976080688140148 -6.7642640638210114 -15.810571019795351 -8.562608336950154 -10.693764443341053 2.0109020674690226 17.547048166384435 -10.049849692635467 -6.5413754685679795
leaf_weight=1500.2775690853596 1847.5712979435921 267.61204677820206 704.68568456172943 57.048549711704254 213.90369275212288 1170.0138623714447 991.79343035817146 198.66595590114594 42.900061875581741 294.38645389676094 2142.9012537300587 812.41959765553474 280.65841817855835 1218.6361583471298 309.63694128394127 404.43306088447571 1154.4811317622662 1208.2885003685951 182.4592596590519 269.24273350834846 441.01152265071869 667.39971286058426 328.28019469976425 434.82577508687973 374.65840017795563 623.13119578361511 1149.2648495733738 126.03189617395401 991.33758309483528 407.36895966529846 455.21364945173264 97.133048802614212 822.7093126475811 311.64024940133095 74.366489261388779 2258.6584868133068 418.45274549722672 238.39982116222382 476.89251047372818 949.61742427945137 68.384562164545059 392.72172266244888 344.01607468724251 89.692516535520554 506.48712706565857 1522.3121401071548 479.16605046391487 2822.5581571161747 1490.994595259428 195.39238324761391 1629.3220707178116 22.465709954500198 954.27305945754051 1628.7482612431049 2448.9681227207184 492.66073697805405 474.04891553521156 2385.5950455665588 260.56683832406998 495.12721157073975 178.5939082801342 209.1090541779995
leaf_count=1860 2447 218 590 90 240 1069 1417 255 34 175 1900 1160 445 1383 429 610 1253 1764 259 337 507 911 442 553 500 659 1583 160 1288 436 657 82 941 433 80 3289 499 356 405 1379 67 533 312 113 730 2044 644 3277 2289 200 2433 14 1270 2320 3037 404 561 2371 307 387 238 310
internal_value=-8.67269e-09 3.7378 1.27291 -6.78505 -1.41156 -8.65503 5.31446 -1.70622 1.05479 9.00164 -9.27873 -8.08513 2.91451 7.10662 6.05377 4.37225 -6.55611 5.27917 6.69203 -4.98255 2.81379 -1.60388 1.34751 2.57931 -5.72292 -6.50495 4.54311 -7.33994 0.874889 -0.791618 3.92073 6.1578 -5.34702 -4.08877 2.17938 8.54991 -5.55876 12.3673 9.79602 8.47514 3.36766 -4.25913 9.29701 -10.9686 -4.44707 6.43784 1.36598 12.975 2.92125 -4.55524 -3.65116 -4.24184 8.34505 -2.82679 -7.91842 -11.2374 -10.1956 -9.30902 -4.8122 12.3081 -3.37678 -0.0440265
internal_weight=46009.6 29666.6 20205.2 16343 12140.9 11945 8064.24 4398.03 8206.59 9461.46 11543.9 9401 6027.33 6405.04 5700.36 5031.08 3934.34 4626.64 5610.98 4528.42 3055.21 1659.19 2614.2 2304.56 4259.18 3884.52 4359.03 3720.44 1869.74 1541.46 1727.75 1272.54 2670.28 2179.25 1134.09 3758.94 2565.95 3850.47 2645.15 2168.25 1059.72 2147.5 401.065 4872.58 996.255 2730.6 1628.43 3612.07 1852.05 2136.35 1940.96 221.132 1051.41 1754.78 3072.1 4782.89 3612.87 3120.21 734.616 3317.69 361.053 489.767
internal_count=56956 38470 26340 18486 16453 12820 9887 5666 11448 12130 12418 10518 8348 7559 6969 6863 5005 6253 7935 5693 3802 2328 3295 2866 5356 4856 6035 4765 2313 1871 2278 1621 3388 3100 1435 5149 3512 4195 3167 2762 1355 3013 402 4825 1485 3808 2227 3839 2786 3066 2866 269 1352 2480 3696 4712 3643 3239 868 3664 497 755
is_linear=0
shrinkage=0.05


Tree=8
num_leaves=63
num_cat=0
split_feature=48 37 12 35 43 34 1 28 12 11 28 43 43 27 1 1 40 1 40 37 35 37 40 35 13 23 45 40 43 6 26 39 16 2 16 51 40 5 39 40 36 11 40 1 32 1 1 43 43 11 40 37 37 39 23 23 39 19 28 1 37 38
split_gain=4.23051e+08 1.16682e+08 7.77519e+07 7.4363e+07 5.46634e+07 4.19519e+07 3.83682e+07 3.70397e+07 3.59854e+07 2.73926e+07 2.42795e+07 2.34742e+07 1.9904e+07 1.96048e+07 1.85907e+07 1.74229e+07 1.73677e+07 1.66823e+07 1.64078e+07 1.45075e+07 1.51188e+07 1.3407e+07 1.2704e+07 1.25352e+07 1.20981e+07 1.18268e+07 1.15198e+07 1.1475e+07 1.04345e+07 9.77598e+06 1.02272e+07 9.25045e+06 9.05779e+06 8.92478e+06 8.35608e+06 7.95986e+06 7.8922e+06 7.70007e+06 7.45752e+06 9.65245e+06 7.31906e+06 7.17809e+06 7.08738e+06 7.19739e+06 7.00165e+06 6.87094e+06 6.86617e+06 6.62131e+06 6.60751e+06 6.43597e+06 6.39775e+06 6.33318e+06 6.26033e+06 6.24555e+06 6.19808e+06 6.15526e+06 6.14094e+06 6.11316e+06 6.01141e+06 5.95681e+06 5.53053e+06 5.44991e+06
threshold=1.0000000180025095e-35 0.0076875000000000008 1.0000000180025095e-35 0.087500000000000008 0.0075462962962962966 0.010307757049149026 7.5000000000000009 91.163129973474824 1.0000000180025095e-35 0.23244068592905806 82.141711229946537 0.011314814814814816 0.00617857142857143 0.067117117117117139 11.500000000000002 9.5000000000000018 0.025687270960150312 4.5000000000000009 0.040652837085710082 0.01117857142857143 0.067500000000000018 0.0058796296296296305 0.010101872276404246 0.15083333333333335 4.5000000000000009 79.760416666666671 1.0000000180025095e-35 0.011629902389530739 0.010690476190476193 0.1167748917748918 4.5000000000000009 0.025068055555555555 3.5000000000000004 -1.0000000180025095e-35 2.5000000000000004 1.0000000180025095e-35 0.024811888816224145 0.1180340557275542 0.02600245098039216 0.022061477307083441 6.5000000000000009 0.31444622792937404 0.068204194345682062 -9.4999999999999982 0.04210992907801419 13.500000000000002 7.5000000000000009 0.0053518518518518533 0.010175925925925927 0.194537658463833 0.042677078267540754 0.0036851851851851859 0.013685185185185186 0.016923979776092456 90.062500000000014 106.48684210526316 0.038400106837606841 1.0000000180025095e-35 80.164983164983184 -8.4999999999999982 0.0073571428571428581 0.27750000000000002
decision_type=2 2 2 2 2 2 2 2 2 2 2 2 2 2 2 2 2 2 2 2 2 2 2 2 2 2 2 2 2 2 2 2 2 2 2 2 2 2 2 2 2 2 2 2 2 2 2 2 2 2 2 2 2 2 2 2 2 2 2 2 2 2
left_child=2 5 7 8 22 17 13 55 25 28 -5 27 -9 -6 29 21 19 32 26 20 -15 -7 -4 59 33 -3 35 47 -10 30 41 -18 51 40 -29 -13 -30 -24 39 54 42 44 43 -14 -11 57 52 -12 -46 -17 -33 -2 -27 -22 -28 -1 -38 -8 -23 -21 -26 -60
right_child=1 3 4 10 6 15 45 12 9 14 11 18 24 16 -16 49 31 -19 -20 23 53 58 37 -25 60 46 38 34 36 -31 -32 50 -34 -35 -36 -37 56 -39 -40 -41 -42 -43 -44 -45 48 -47 -48 -49 -50 -51 -52 -53 -54 -55 -56 -57 -58 -59 61 -61 -62 -63
leaf_value=14.42160586478999 10.59751017346407 12.475143804589653 -0.23695765792934301 14.842861288123817 9.4857721905963768 12.933289224284202 -9.085901462307417 -3.7129135826821003 7.0979316359297826 13.666443515441442 8.8338407204342477 5.9188878462125842 -13.43250180918 -4.5593617833505018 -13.323854355742066 13.011625632367169 7.6897075530868726 -1.7187080769373855 9.5928750656117145 -13.29021428374319 7.5284715315506237 16.129480392726112 8.8686894935183727 2.8366803551504223 2.6852301592739671 -4.2887693589837834 1.7656058442078668 10.679367742222636 -1.8914654331182028 -7.0829197762113871 -18.493364674729698 -4.8602306762317369 -6.5881535731111827 -12.484337491386967 -1.4818859295661617 -7.9928555128115271 9.3356022912762811 1.8498256644484141 -4.6809613495071636 9.9847096425117687 19.83563818148858 -5.5586541671349945 9.8890375680354445 -7.6265330046577748 4.0349884795655662 -12.89981379951301 -14.619685373872025 -0.95586503423536007 -1.9517656181132037 -1.5561945274391069 5.1084849346971568 5.115625429326407 -10.680974367366984 -1.1835023100096091 -15.167865153070506 -2.1602455434320791 -13.511682719095649 -0.022045079950716459 10.996411690239626 -7.0827884858932038 -6.8652184768612363 5.6852436466564313
leaf_weight=192.19570022821426 726.69317829608917 71.151918798685074 1435.1090519428253 634.38330119848251 323.2786400616169 4229.5671193599701 1057.8559077084064 1414.0589604973793 1362.6795716583729 116.6645759344101 267.29314535856247 123.17064663767815 754.95061531662941 1686.9524495601654 369.70009058713913 94.618938833475113 474.44475546479225 944.03977915644646 476.66016000509262 513.36174732446671 464.59794595837593 219.8838255405426 1024.0252414345741 269.92653399705887 183.3063548207283 943.56384554505348 662.86835321784019 1838.6557315289974 848.05049708485603 615.0979255437851 72.741692095994949 455.95554107427597 136.43982535600662 3923.5329151451588 153.00308781862259 622.34838637709618 305.95254841446877 631.8600201010704 329.22456532716751 410.98570281267166 22.238948196172714 400.45749896764755 48.892397880554199 1822.0704829990864 919.9918172955513 1082.9056459367275 350.03436589241028 488.16631019115448 923.5643844306469 381.53540566563606 248.75986364483833 1916.0313718616962 644.77355608344078 369.1986101269722 58.835084438323975 78.956985294818878 32.53862988948822 225.72310793399811 724.22509944438934 1563.7485237121582 875.99014469981194 1450.1247242987156
leaf_count=148 882 72 2178 548 365 4607 1363 1796 1886 110 380 180 717 2344 411 114 588 1444 563 516 632 176 1371 360 265 1310 994 2062 1143 823 68 589 212 3663 237 795 368 944 469 505 14 589 59 1929 1408 1068 335 736 1359 602 316 2731 657 505 59 108 38 320 840 2015 1002 2068
internal_value=-1.64654e-08 4.42114 -5.19936 1.4142 -2.50844 8.32251 -4.53026 -8.61573 -1.75861 0.19019 5.58681 4.50567 -9.16159 -2.5107 -2.73528 10.5767 -3.15205 4.0238 1.18017 -4.47089 -1.83702 11.2408 3.20626 -7.29971 -10.1713 -7.54572 -0.636423 7.75487 4.11292 -1.45119 -0.0276477 2.29238 5.97444 -10.9706 9.74512 -5.69443 0.684798 6.1904 1.94296 3.86826 -8.72772 0.541353 -8.96962 -9.32742 1.78754 -9.96661 -8.28063 2.50788 1.03581 1.33865 -1.34134 6.62303 -6.88364 3.67088 0.385147 9.59313 7.13933 -7.49198 8.25099 -8.61697 -5.21256 7.45427
internal_weight=46009.6 24865.7 21143.9 14042.6 11827.7 10823.2 8736.71 9316.19 7976.96 5967.44 6065.59 5431.21 9045.04 6370.22 3418.22 7099.96 6046.95 3723.2 2684.09 4867.79 2520.75 6623.8 3090.99 2347.04 7630.98 2009.52 2207.43 2747.12 2549.22 3048.52 2433.42 1179.16 2779.16 6571.69 1991.66 745.519 1186.54 1655.89 1461.91 1132.69 2648.15 2360.68 2625.91 2577.02 1960.22 2366.48 1938.37 755.459 1843.56 476.154 704.715 2642.72 1588.34 833.797 721.703 271.153 338.491 1283.58 2394.23 2077.11 1059.3 2174.35
internal_count=56956 31781 25175 18105 15474 13676 10981 9701 10577 8203 7528 6980 9445 8230 4768 8407 7865 5269 3565 6372 3481 7691 4493 2891 7649 2374 3002 3415 3435 4357 3534 1493 3825 6382 2299 975 1549 2315 2027 1558 2719 3466 2705 2646 2877 2751 2302 1116 2767 716 905 3613 1967 1137 1053 256 406 1683 3084 2531 1267 2908
is_linear=0
shrinkage=0.05


Tree=9
num_leaves=63
num_cat=0
split_feature=49 43 1 23 37 43 28 35 46 34 38 1 46 43 0 37 256 51 45 5 6 5 35 1 27 46 1 23 37 37 37 43 16 28 38 5 0 1 0 10 43 43 37 34 8 0 239 43 5 256 1 72 28 28 0 1 28 35 37 34 256 23
split_gain=3.82299e+08 1.29121e+08 7.23477e+07 5.57207e+07 5.14293e+07 5.11586e+07 4.4482e+07 3.57269e+07 2.63301e+07 2.55463e+07 2.44935e+07 2.41633e+07 2.6719e+07 2.03254e+07 1.69609e+07 1.61845e+07 1.57712e+07 1.39127e+07 1.22655e+07 1.20461e+07 1.18252e+07 1.16658e+07 1.13495e+07 1.00349e+07 9.46134e+06 9.18174e+06 8.94539e+06 8.70076e+06 9.29497e+06 8.67065e+06 8.49258e+06 8.48586e+06 8.19869e+06 8.13424e+06 8.80023e+06 7.92028e+06 8.19739e+06 7.77571e+06 7.52139e+06 7.05424e+06 7.01806e+06 7.03592e+06 7.00839e+06 6.99445e+06 6.92122e+06 7.61523e+06 8.06202e+06 6.87117e+06 6.86026e+06 6.67738e+06 6.66015e+06 6.59892e+06 7.40001e+06 6.41062e+06 7.64773e+06 6.39135e+06 6.37639e+06 6.32148e+06 6.94626e+06 6.11355e+06 5.93156e+06 5.67791e+06
threshold=1.0000000180025095e-35 0.0070185185185185194 5.5000000000000009 83.635489510489535 0.010175925925925927 0.0080277777777777795 89.831560283687949 0.13583333333333336 1.0000000180025095e-35 0.017602290870978827 0.4941666666666667 10.500000000000002 1.0000000180025095e-35 0.051750000000000011 77.500000000000014 0.0076875000000000008 1.0000000180025095e-35 1.0000000180025095e-35 1.0000000180025095e-35 0.11639196206818696 0.10923295454545455 0.077350427350427367 0.16583333333333336 14.500000000000002 0.14608739837398377 1.0000000180025095e-35 8.5000000000000018 160.61410018552877 0.0073571428571428581 0.013416666666666669 0.0093541666666666686 0.052416666666666674 2.5000000000000004 75.468013468013481 0.27250000000000002 0.051414221517314306 44.500000000000007 -13.499999999999998 24.500000000000004 1.5000000000000002 0.011842592592592594 0.044250000000000005 0.01117857142857143 0.0093587406103599145 4.5000000000000009 34.500000000000007 1.0000000180025095e-35 0.01117857142857143 0.035929432013769365 1.0000000180025095e-35 -6.4999999999999991 1.0000000180025095e-35 91.163129973474824 22.402777777777782 64.500000000000014 -11.499999999999998 167.7805194805195 0.069166666666666682 0.0075462962962962966 0.010808518564666922 1.0000000180025095e-35 169.33710691823902
decision_type=2 2 2 2 2 2 2 2 2 2 2 2 2 2 2 2 2 2 2 2 2 2 2 2 2 2 2 2 2 2 2 2 2 2 2 2 2 2 2 2 2 2 2 2 2 2 2 2 2 2 2 2 2 2 2 2 2 2 2 2 2 2
left_child=1 9 3 53 10 8 50 16 19 15 32 12 22 20 23 26 17 -6 29 57 38 -16 27 47 35 -17 43 28 -8 -19 -11 44 55 -9 61 37 -37 -20 -12 -14 -41 -42 -23 56 -30 -46 -47 -4 -40 51 -7 52 -10 -3 -55 -5 -1 -2 -59 -39 -32 -35
right_child=5 2 14 4 7 6 11 33 49 30 13 -13 39 -15 21 25 -18 18 24 -21 -22 42 -24 -25 -26 -27 -28 -29 31 -31 60 -33 -34 34 -36 36 -38 59 48 40 41 -43 -44 -45 45 46 -48 -49 -50 -51 -52 -53 -54 54 -56 -57 -58 58 -60 -61 -62 -63
leaf_value=6.2387147418858513 2.5953515591691589 20.215422944805169 -2.1448635325399561 2.5243687221700948 5.4713402143493042 -7.2908813532236536 -0.1486384964642567 18.837865152003086 15.293600860563693 13.131281373683088 -8.1981430944519662 -13.198201843260314 -12.988176285561716 14.643666507386181 6.4277340385444894 3.9140445454075556 -13.364104525899027 -1.7337543253181771 -8.9842138335288286 -1.655321793954929 -3.1639649919410573 0.29753393426359315 4.2849699288894083 -13.861325953326679 -15.393676709426103 -4.8778562592771877 1.1391698121109586 -17.440867394825535 -3.3553555705249489 -8.755328563543765 8.7336009104407211 10.763069678746083 0.91043164795131859 7.6653281498009109 -1.5143027337613111 -11.686559170679779 -1.4510894448444775 -8.2553413688704165 6.4212837341289912 -5.3533728910843159 -10.704502409977493 3.697017612277496 -7.5100044278565479 10.329133566285002 -13.765509852414494 -7.045246416550687 18.053701217213643 -7.7997265386989572 1.2441045423956509 -13.962338158439463 11.15534271181272 -13.331877954337285 -4.1834457003783818 6.1169116112791206 15.292973471984789 9.9512562641221383 -24.605078429713529 17.037278572608781 5.0305486373948707 3.8730675984834977 -14.056279411335575 -17.743789129871406
leaf_weight=1440.0455736517906 707.26675900816917 251.87895566225052 857.85019356012344 329.07689219713211 511.57690462470055 57.048549711704254 839.50847810506821 107.31972479820251 50.237047165632248 2357.7528028488159 141.67158395051956 2142.9012537300587 1330.7215595543385 306.4536811709404 436.17059931159019 1452.3365707993507 347.30436766147614 678.62872472405434 151.95347809791565 1069.763340741396 1081.5765472352505 649.30966967344284 336.51398342847824 448.74453520774841 111.39430192112923 373.28773540258408 453.80098721385002 141.62338909506798 1146.2814329564571 1248.6035633087158 1431.0138020217419 73.268657267093658 347.44144010543823 985.62301167845726 420.20063415169716 250.69690811634064 890.29113680124283 112.82785877585411 1189.0608298778534 1077.9516715705395 2375.9559729993343 87.948711186647415 515.72294583916664 2243.2603593766689 473.85028722882271 1484.6748362481594 32.698985517024994 1437.1100703775883 1385.406178176403 211.64130666851997 344.01607468724251 194.45793896913528 1666.5498427450657 408.92497777938843 510.5978165268898 2419.6857071816921 16.953627705574036 204.03625908493996 294.07953977584839 1313.4429377019405 29.132454842329025 22.487784504890442
leaf_count=2141 1031 130 1328 458 719 90 1226 66 45 2337 162 1900 1180 258 587 2201 400 922 209 1551 1604 998 419 458 119 503 780 118 1516 1418 1804 77 507 1211 603 283 1251 155 1688 1280 2256 109 723 2807 475 1828 34 1862 2184 207 312 179 2061 528 420 2898 11 182 410 1677 39 21
internal_value=-1.57244e-08 3.38282 1.06647 2.66264 1.80687 -6.14067 -7.83813 -1.19617 -1.53039 8.08027 4.78988 -8.40685 -7.31469 2.25697 -4.63658 6.04019 -3.04393 -2.36374 -3.20619 2.20663 1.25743 -0.547277 -4.54967 -7.02307 -1.11142 2.11635 7.76464 -5.25889 -4.83293 -6.28285 11.2755 -6.05771 8.14738 5.56219 4.56469 -0.526343 -3.70002 1.76809 3.01805 -9.88442 -8.7183 -10.1904 -3.15862 8.57719 -6.45052 -8.2323 -6.50437 -5.68595 3.63527 -5.53544 8.5315 -4.60229 -3.6135 13.1481 11.2122 9.06212 5.87982 5.63407 9.9487 2.91363 8.2789 7.09853
internal_weight=46009.6 29666.6 19869 15524.1 14352.7 16343 11945 7152.35 4398.03 9797.58 7200.37 11543.9 9401 4104.17 4344.91 5979.68 5616.72 5269.42 4757.84 2275.15 3797.72 1601.2 4528.42 2743.7 2830.61 1825.62 4154.06 4191.91 4050.28 1927.23 3817.9 3210.77 3096.2 1535.63 1428.31 2719.21 1140.99 1578.22 2716.14 4872.58 3541.86 2463.9 1165.03 3700.26 3137.51 1991.22 1517.37 2294.96 2574.47 2122.89 401.065 1911.24 1716.79 1171.4 919.523 2748.76 1457 1205.38 498.116 1426.27 1460.15 1008.11
internal_count=56956 38470 25847 19891 18813 18486 12820 9054 5666 12623 9759 12418 10518 5896 5956 8443 7153 6753 6034 3174 5638 2308 5693 3648 3694 2704 5739 5274 5156 2340 4180 3930 3863 1901 1835 3575 1534 2041 4034 4825 3645 2365 1721 4959 3853 2337 1862 3190 3872 2492 402 2285 2106 1078 948 3356 2152 1623 592 1832 1843 1232
is_linear=0
shrinkage=0.05


Tree=10
num_leaves=63
num_cat=0
split_feature=48 46 46 1 1 37 32 34 256 37 1 35 11 11 0 1 34 256 1 35 1 1 41 39 8 1 41 39 1 37 0 41 0 16 0 1 0 39 3 3 11 51 4 11 11 0 11 37 27 39 37 40 37 6 41 15 23 9 27 16 23 23
split_gain=3.47451e+08 9.78856e+07 6.32501e+07 6.29689e+07 4.57299e+07 4.33194e+07 2.79681e+07 2.74158e+07 2.38047e+07 2.31009e+07 1.97022e+07 1.86124e+07 1.76625e+07 1.72497e+07 1.70758e+07 1.67926e+07 1.54447e+07 1.46434e+07 1.46096e+07 1.44189e+07 1.30492e+07 1.30207e+07 1.11044e+07 1.13856e+07 1.07021e+07 1.05999e+07 1.02677e+07 1.00723e+07 9.9658e+06 9.7124e+06 9.65276e+06 9.08587e+06 8.99576e+06 8.93494e+06 8.51622e+06 8.33919e+06 1.04564e+07 8.42806e+06 8.10757e+06 8.06159e+06 7.9593e+06 7.76668e+06 7.74664e+06 8.33972e+06 7.30005e+06 7.24249e+06 6.43258e+06 6.38181e+06 6.37552e+06 6.18551e+06 6.13458e+06 7.27668e+06 5.96049e+06 5.93191e+06 5.87386e+06 6.27854e+06 5.85857e+06 5.76976e+06 5.7247e+06 5.67391e+06 5.63805e+06 5.4741e+06
threshold=1.0000000180025095e-35 1.0000000180025095e-35 1.0000000180025095e-35 5.5000000000000009 6.5000000000000009 0.0076875000000000008 0.080540540540540564 0.021265684989302768 1.0000000180025095e-35 0.0092129629629629645 3.5000000000000004 0.14250000000000004 0.23244068592905806 0.23348909657320874 60.500000000000007 11.500000000000002 0.016999763910213284 1.0000000180025095e-35 -8.4999999999999982 0.069166666666666682 -10.499999999999998 5.5000000000000009 0.14083333333333337 0.023624094202898554 4.5000000000000009 -11.499999999999998 0.1125 0.018019850628930821 14.500000000000002 0.005488095238095239 88.500000000000014 0.085833333333333359 56.500000000000007 3.5000000000000004 34.500000000000007 -8.4999999999999982 53.500000000000007 0.0070861111111111116 2.5000000000000004 5.5000000000000009 0.17939876215738287 1.0000000180025095e-35 4.5000000000000009 0.31444622792937404 0.23697775366250681 32.500000000000007 0.18210405946255007 0.0035092592592592597 0.040408163265306128 0.015839947089947095 0.013509259259259261 0.038081816843311467 0.005488095238095239 0.10923295454545455 0.4991666666666667 7.5000000000000009 65.336879432624116 1.5000000000000002 0.075378787878787892 2.5000000000000004 106.48684210526316 47.579349593495941
decision_type=2 2 2 2 2 2 2 2 2 2 2 2 2 2 2 2 2 2 2 2 2 2 2 2 2 2 2 2 2 2 2 2 2 2 2 2 2 2 2 2 2 2 2 2 2 2 2 2 2 2 2 2 2 2 2 2 2 2 2 2 2 2
left_child=2 3 4 5 9 16 60 13 10 19 20 18 45 50 34 -14 44 21 54 47 29 26 23 31 33 -16 35 -28 32 -3 41 48 -6 61 -9 -8 37 -37 -38 -21 -39 -26 43 -15 -2 -5 -47 -1 -22 -43 -7 -52 -18 -36 55 -11 -23 -49 -27 -48 -4 -20
right_child=1 8 6 12 28 7 17 14 -10 11 -12 -13 15 42 25 -17 52 -19 24 39 22 56 -24 -25 30 58 27 -29 -30 -31 -32 -33 -34 -35 53 36 38 40 -40 -41 -42 49 -44 -45 -46 46 59 57 -50 -51 51 -53 -54 -55 -56 -57 -58 -59 -60 -61 -62 -63
leaf_value=7.6515520308186584 9.4748819524315451 11.798581438636921 13.354967285490112 -13.794938586177615 -9.0416101553253583 6.4344175055345048 -10.9802723471555 -7.0982459199152874 -13.683108100129227 -13.914554360699993 -7.7494860163976327 5.2916752079962821 -0.058957684482838918 1.7893939736044979 -1.4146040641718736 -9.1014577467980331 14.509015914067575 -13.827554164332467 16.77783730725427 9.2149316073744032 16.749128960934396 9.5481197595945186 11.456695989423388 -9.3437067678732912 5.58230876136881 17.60997984558356 14.334020215742228 -3.0563987060465472 -11.221003628526129 -8.6274120617066643 3.3243660920355715 9.7337043244205024 -2.6479637687658895 -7.6196947549960203 6.0833191239984883 -2.9951082357202603 6.246844516842855 -12.644229475508634 -4.3371369909876947 -0.51756867921396676 -6.7685417678137387 -3.3203251473287629 -6.7536567984013622 -6.5851943060132747 5.6537449194580853 10.57325425154824 3.9494951987868654 -10.508852752662875 -0.17566447810296387 -9.6812000180076012 -1.0703855180751309 18.615137215622809 9.9387904147106152 -3.5738469406445788 13.057150315417411 -5.1266289791196655 -11.362005031221237 0.19529501169546906 10.212203764486638 -6.5833950878149752 -2.5389350021122263 2.418542128807462
leaf_weight=273.30525496602058 2836.5931508243084 65.824473857879639 178.48152679204941 56.835838854312897 957.10103464126587 1772.1049737036228 1078.8093967437744 169.71807071566582 457.33635342121124 505.25239777565002 970.75551009178162 636.31576952338219 1557.6683559417725 1721.1081356704235 177.89456191658974 765.87397995591164 1533.1659508645535 1043.8250336945057 71.65136057138443 951.02006247639656 58.062612056732178 34.074033290147781 284.31182226538658 238.98761144280434 132.10611873865128 306.63097763061523 100.26692289113998 490.96104565262794 1073.5740883946419 502.23303437232971 326.26171696186066 332.03735083341599 1293.8855423927307 223.02428075671196 1177.8375922143459 861.12373453378677 260.3818211555481 858.35270476341248 593.04785484075546 274.09352296590805 1754.4148327410221 653.63027015328407 471.75582805275917 359.34751844406128 2234.5452229976654 330.65494456887245 1105.0361448228359 133.78347033262253 1335.1414402127266 920.32829710841179 553.01511263847351 51.29851022362709 1334.3151952922344 183.8321390748024 27.607833206653595 340.03258046507835 1981.281874448061 2133.8894777595997 1777.2071151435375 144.58713284134865 81.172723531723022 900.84050679206848
leaf_count=378 3500 76 142 50 1254 2379 1158 243 511 487 1163 860 2455 2491 245 1000 1333 912 48 1174 39 40 295 269 176 197 107 547 1120 696 394 363 1866 308 1470 1046 326 754 657 422 1967 889 628 510 3188 417 1636 152 1848 1043 732 32 1490 274 29 445 1935 3185 2003 248 110 1244
internal_value=-7.90258e-09 4.00668 -4.71195 5.42998 -2.28491 6.77714 -7.79328 4.34472 -2.90783 -0.340903 -1.60667 -2.66463 -0.236803 1.88546 7.54017 -3.0395 9.44952 -8.25716 -3.89922 2.58192 0.510482 -7.5315 2.22107 0.884258 -2.34726 10.3006 -6.36309 -0.107141 -7.25704 -6.26052 -4.55541 2.30108 -5.36649 1.4065 3.46318 -7.04726 -6.06675 -7.28497 -1.10796 7.03749 -8.69884 -6.06231 -0.96885 0.34289 7.79114 3.74104 4.37174 0.433706 0.529686 -7.03967 4.95092 0.600664 12.3824 4.77955 -9.63819 -10.3794 -11.0085 -0.436206 11.3008 2.73079 8.38624 3.47651
internal_weight=46009.6 24865.7 21143.9 20621 11827.7 16660.4 9316.19 8721.75 4244.69 8503.14 3787.35 4737.05 3960.66 4928.63 3793.12 2323.54 7938.62 9056.54 4100.74 3766.09 2816.6 8012.71 2248.54 1964.23 3227.84 2261.73 5997.36 591.228 3324.56 568.058 2032.33 1725.24 2250.99 1195.52 1531.39 5406.13 4327.32 3473.89 853.43 1225.11 2612.77 1706.06 2552.21 2080.46 5071.14 1637.11 1580.28 2540.98 1393.2 1573.96 2376.42 604.314 2867.48 1361.67 872.893 845.285 2015.36 2267.67 2083.84 1249.62 259.654 972.492
internal_count=56956 31781 25175 26521 15474 20715 9701 11204 5260 11234 4749 5923 5806 6772 4432 3455 9511 9449 5063 5311 3586 8537 2814 2519 4102 2445 6562 654 4240 772 2502 2250 3120 1600 1987 5908 4750 3767 983 1596 2721 2108 3629 3001 6688 2351 2301 3715 1887 1932 3143 764 2823 1744 961 932 1975 3337 2200 1884 252 1292
is_linear=0
shrinkage=0.05


Tree=11
num_leaves=63
num_cat=0
split_feature=13 43 41 43 43 28 1 11 44 41 41 5 23 41 28 1 43 16 12 12 43 11 51 256 11 256 28 11 39 13 41 1 39 1 1 66 43 6 45 5 28 16 10 16 116 41 1 28 5 41 7 1 6 39 16 1 11 63 41 8 41 43
split_gain=3.13721e+08 1.10844e+08 6.89971e+07 4.53375e+07 4.41463e+07 3.75269e+07 2.53967e+07 2.5249e+07 2.34533e+07 2.26354e+07 2.24612e+07 2.07426e+07 1.91038e+07 1.92395e+07 1.67476e+07 1.62696e+07 1.59777e+07 1.57979e+07 1.38486e+07 1.38219e+07 1.24813e+07 1.20412e+07 1.19389e+07 1.13695e+07 1.10545e+07 1.10515e+07 1.07372e+07 9.98546e+06 9.95125e+06 9.74328e+06 8.62097e+06 9.1216e+06 8.10165e+06 7.9658e+06 9.37485e+06 7.90315e+06 8.36206e+06 7.67568e+06 7.63029e+06 7.6189e+06 7.33436e+06 7.20144e+06 7.15675e+06 6.93994e+06 6.82579e+06 6.47637e+06 6.40771e+06 6.12481e+06 6.12459e+06 5.96731e+06 5.96563e+06 5.8786e+06 5.78029e+06 5.73938e+06 6.69773e+06 5.71016e+06 5.69825e+06 5.38288e+06 5.38712e+06 5.36512e+06 6.63712e+06 5.343e+06
threshold=1.0000000180025095e-35 0.0068425925925925928 0.092500000000000013 0.013416666666666669 0.0080277777777777795 89.831560283687949 5.5000000000000009 0.27602627257799678 0.52083333333333337 0.1125 0.067500000000000018 0.16760299625468167 86.887163561076605 0.28750000000000003 58.506097560975618 10.500000000000002 0.022845238095238096 3.5000000000000004 1.0000000180025095e-35 1.0000000180025095e-35 0.0042129629629629635 0.21455026455026457 1.0000000180025095e-35 1.0000000180025095e-35 0.30320054477357855 1.0000000180025095e-35 74.616515837104089 0.25728429985855733 0.022228997289972904 11.500000000000002 0.052500000000000012 5.5000000000000009 0.021051678108314268 -13.499999999999998 8.5000000000000018 1.0000000180025095e-35 0.01435416666666667 0.068337484433374854 1.0000000180025095e-35 0.040270270270270282 27.761403508771934 2.5000000000000004 9.5000000000000018 1.5000000000000002 1.0000000180025095e-35 0.15916666666666671 10.500000000000002 40.358974358974372 0.17416582406471184 0.029166666666666671 3.5000000000000004 -2.4999999999999996 0.13667496886674971 0.023948992852501627 3.5000000000000004 -7.4999999999999991 0.29120068821432965 1.0000000180025095e-35 0.060833333333333343 4.5000000000000009 0.46666666666666673 0.0093541666666666686
decision_type=2 2 2 2 2 2 2 2 2 2 2 2 2 2 2 2 2 2 2 2 2 2 2 2 2 2 2 2 2 2 2 2 2 2 2 2 2 2 2 2 2 2 2 2 2 2 2 2 2 2 2 2 2 2 2 2 2 2 2 2 2 2
left_child=4 10 3 7 8 55 12 11 48 15 20 14 -4 16 -3 18 21 30 -7 47 49 -14 -18 24 26 32 -5 -8 -24 56 31 51 39 -21 -35 36 -20 -31 -28 -11 -9 61 -32 -12 59 -30 52 -10 -1 -2 -33 -16 53 54 -40 -6 -22 58 -42 -34 -61 -23
right_child=1 2 6 23 5 9 27 40 19 25 43 -13 13 -15 17 -17 22 -19 35 33 29 41 28 -25 -26 -27 38 -29 45 37 42 50 44 34 -36 -37 -38 -39 46 -41 57 -43 -44 -45 -46 -47 -48 -49 -50 -51 -52 -53 -54 -55 -56 -57 -58 -59 -60 60 -62 -63
leaf_value=7.9273963137123831 4.2238492878891689 14.695713252598381 14.471340866964717 8.2365625729374052 -7.4339371676671453 -9.5538234715401416 2.331822170217384 16.706612588177574 19.039671865072272 19.460596523011361 11.395176510557022 -6.7608560364607628 9.3998440477718006 11.681539225924729 -0.23047889205861463 -12.836278212278945 8.2213424891911409 -6.6894230408223541 -3.6793811053943082 -14.951636403514781 6.6647955718672938 9.0985269297879423 4.7609073273643263 -14.248413657058236 -10.554398867927421 -15.915131262928924 -7.4127982575020361 -5.86404223504094 -12.178354290733125 3.8046674102581961 2.6098269165283372 12.973807059339842 0.47508265210771383 2.9118984368121588 -7.1717339136723623 10.902762864200566 -8.5604151702443385 -4.3119121268412712 2.921023078155697 1.6462348061250098 -5.9420599337058313 -3.7425177076848621 7.7070924684561506 5.5931356099922702 28.022974940277887 0.15097239833133544 -9.8256412451394652 -6.4565563588890944 -1.6135296866923401 10.194923081449401 -7.8522209724602847 5.499738549026854 -7.8678834757224756 -7.3079428493460599 -10.973288273228269 10.217808467816903 0.093191131452575765 20.623864369481371 -0.3068310113601237 -8.3422829340195008 6.3562650560674205 2.9559571809574696
leaf_weight=723.67789223790169 576.40968343615532 307.77985200285912 626.4409461915493 182.86430159211159 52.754799157381058 4274.8007811009884 918.99055683612823 42.900061875581741 23.862178534269333 72.064455509185791 3237.5038681924343 556.70694303512573 1228.847638964653 956.83482944965363 893.07983765006065 1837.5545606911182 219.76203191280365 413.26080402731895 2117.9779100716114 82.154628485441208 1942.3545219898224 461.41727140545845 187.67779818177223 344.66948559880257 679.26970759034157 139.37697640061378 1160.2151317000389 623.96642789244652 373.45669853687286 614.55557656288147 1286.4307390153408 38.126245021820068 441.58362093567848 1236.9157092273235 283.29094082117081 73.112364292144775 1498.1295040547848 553.73196560144424 1009.5165296494961 359.09065437316895 1570.3134763240814 315.92967399954796 1481.8577491044998 612.96777555346489 17.038968682289124 149.00813162326813 240.29013657569885 1828.9929001629353 219.13778468966484 1526.5846864581108 350.52765810489655 897.25547128915787 260.19566452503204 209.03013527393341 94.887242645025253 348.3098252415657 397.34738504886627 21.672090381383896 581.02673789858818 625.62012359499931 87.54929918050766 1520.9544058442116
leaf_count=877 913 250 500 197 82 4217 1314 34 17 52 3357 810 1473 957 1292 1573 275 587 2798 90 2721 599 235 363 766 112 1463 865 413 994 1844 53 546 1792 408 107 1691 856 1476 481 2227 441 2025 838 9 171 313 2149 333 1836 473 1266 350 283 122 320 615 18 883 710 122 2002
internal_value=-3.04319e-09 3.06443 0.97301 -1.29174 -5.5627 -7.13954 4.74254 0.817266 -1.28003 -7.66191 7.5307 2.44882 6.20498 5.24848 3.35334 -8.59539 3.86743 2.70211 -7.61688 -3.18733 5.51259 5.40456 -1.96293 -5.54964 -4.7681 -2.41056 -3.52311 -0.982557 -5.11457 3.68672 3.48661 1.13404 -1.23633 0.213272 1.03281 -5.3725 -5.70156 -0.0423389 -4.24615 4.62378 -3.76617 3.26838 5.33838 10.4715 -3.39253 -8.662 -2.2207 -6.1282 5.70981 8.55831 -5.80923 2.64131 -1.05944 0.28933 1.72726 7.89595 5.54875 -4.17035 -4.42012 -3.85608 -6.53788 4.3857
internal_weight=46009.6 29666.6 20205.2 12621.9 16343 11945 7583.29 8440.94 4398.03 11543.9 9461.46 6225.03 6040.33 5413.89 5668.32 9801.58 4457.05 5360.54 7964.02 3455.22 5610.98 3527.15 929.905 4180.94 3836.27 1742.32 3157 1542.96 710.143 3507.99 4947.28 2178.99 1602.95 1602.36 1520.21 3689.22 3616.11 1168.29 2974.13 431.155 2215.91 2298.3 2768.29 3850.47 1171.79 522.465 1813.92 1852.86 942.816 2102.99 388.654 1790.34 1573.63 1313.43 1104.4 401.065 2339.7 2173.01 2151.34 1154.75 713.169 1982.37
internal_count=56956 38470 26340 17095 18486 12820 9245 11762 5666 12418 12130 8600 7066 6566 7790 10386 5609 7540 8813 4456 7935 4515 1094 5333 4970 2032 4204 2179 819 5186 6953 3084 1920 2290 2200 4596 4489 1850 4007 533 3162 3042 3869 4195 1387 584 2544 2166 1210 2749 526 2558 2231 1881 1598 402 3336 3128 3110 1378 832 2601
is_linear=0
shrinkage=0.05


Tree=12
num_leaves=63
num_cat=0
split_feature=48 37 35 12 43 34 11 5 28 28 43 43 28 41 37 12 0 37 44 16 40 43 37 8 40 41 41 38 28 40 41 23 45 16 43 13 45 23 43 44 14 0 39 16 38 43 43 41 12 6 41 40 38 5 23 5 0 14 43 266 14 37
split_gain=2.84987e+08 8.44362e+07 5.61896e+07 5.20233e+07 3.85285e+07 3.1652e+07 2.68227e+07 2.56317e+07 2.5129e+07 1.73505e+07 1.74294e+07 1.54122e+07 1.47569e+07 1.47212e+07 1.46497e+07 1.36656e+07 1.3555e+07 1.30559e+07 1.20717e+07 1.17919e+07 1.12927e+07 1.09978e+07 1.08746e+07 1.07879e+07 1.01886e+07 9.76998e+06 9.72025e+06 9.60739e+06 9.23256e+06 8.62879e+06 8.52695e+06 8.5248e+06 8.00274e+06 7.93246e+06 7.54255e+06 6.68669e+06 6.67857e+06 7.56042e+06 6.61466e+06 6.57856e+06 6.54912e+06 6.71197e+06 6.51587e+06 6.40453e+06 6.38535e+06 6.33075e+06 6.31401e+06 9.7467e+06 6.24058e+06 6.13638e+06 6.01723e+06 5.87186e+06 5.71581e+06 6.35415e+06 5.26139e+06 5.17807e+06 6.34158e+06 9.09535e+06 5.87135e+06 5.59091e+06 5.15853e+06 5.15777e+06
threshold=1.0000000180025095e-35 0.0076875000000000008 0.087500000000000008 1.0000000180025095e-35 0.0075462962962962966 0.0095915265909860565 0.23244068592905806 0.14208074534161494 83.937142857142859 82.141711229946537 0.011314814814814816 0.01052777777777778 62.735087719298257 0.13916666666666669 0.0058796296296296305 1.0000000180025095e-35 57.500000000000007 0.01435416666666667 0.51416666666666677 2.5000000000000004 0.0092128961976872068 0.010351851851851853 0.0060208333333333338 4.5000000000000009 0.020069978000002785 0.067500000000000018 0.39750000000000002 0.99416666666666675 27.761403508771934 0.027608657014535888 0.077500000000000013 78.087645687645704 1.0000000180025095e-35 3.5000000000000004 0.0040238095238095241 12.500000000000002 1.0000000180025095e-35 90.062500000000014 0.0075462962962962966 0.94250000000000012 1.0000000180025095e-35 33.500000000000007 0.02643187830687831 2.5000000000000004 0.44083333333333335 0.022845238095238096 0.0086851851851851864 0.47666666666666674 16.500000000000004 0.071067821067821071 0.16916666666666672 0.012891374662484507 0.30750000000000005 0.063966175668303329 32.813226744186053 0.14729990356798459 53.500000000000007 3.5000000000000004 0.013861111111111114 1.0000000180025095e-35 13.500000000000002 0.012194444444444445
decision_type=2 2 2 2 2 2 2 2 2 2 2 2 2 2 2 2 2 2 2 2 2 2 2 2 2 2 2 2 2 2 2 2 2 2 2 2 2 2 2 2 2 2 2 2 2 2 2 2 2 2 2 2 2 2 2 2 2 2 2 2 2 2
left_child=3 5 6 8 18 19 17 12 60 -4 25 20 -6 36 35 -8 22 31 -5 46 27 51 -14 30 49 38 55 -10 -23 54 -24 -3 39 52 -20 -7 -12 45 -11 -19 -34 -42 -15 -27 -16 -38 -2 -48 -26 -18 -25 -17 -33 -54 -9 56 59 58 -58 -13 -1 -56
right_child=1 2 9 4 7 14 15 29 11 10 13 26 16 42 44 21 24 32 34 -21 -22 28 23 50 48 43 -28 -29 -30 -31 -32 33 40 -35 -36 -37 37 -39 -40 -41 41 -43 -44 -45 -46 -47 47 -49 -50 -51 -52 -53 53 -55 61 -57 57 -59 -60 -61 -62 -63
leaf_value=4.3082190819933706 5.7096594810936514 13.843963993278178 12.522450447169787 7.3465256524499525 11.019035527949702 11.192240200844861 -8.7444901021181227 12.124325111643161 -8.0024804381755441 6.3617961656915298 -5.7184912143783668 -10.042238003229315 3.5723081842319333 10.452775663443227 8.1649152465096133 -2.2294871971184231 1.6151557079425569 -10.670959242869653 5.9910669088792652 -5.2059025602284583 -1.171638166938666 18.007555235447118 -4.7366443690184648 -9.160898373094815 6.684493471325843 10.187753986507214 4.385188168377943 2.4942494886145274 -5.7508354686254801 -0.46926610966571292 5.6119440098849607 7.240651132190246 16.151454399341898 -7.4066751337023566 -1.0393232415530747 6.1142302689745822 3.4919756929653887 -12.668089530458685 -1.0621081833863482 17.002992105255142 -18.353593706636726 0.93950715376209115 1.6422079429014937 -2.4222220916671069 3.3827833838589445 -6.6639028784242544 -1.1793021112051993 13.120246765198111 -4.9768238483432441 -4.8747539605635568 2.0609634266053778 3.8692733830086077 4.0680192348763535 -2.9889241483615203 -6.4555235604409376 -11.824643237646427 29.022272652534493 -6.4044741439561097 -0.22894641513362812 14.197164953323586 20.662910030576015 -10.694107911081709
leaf_weight=184.74253192543983 1802.4782683849335 185.30194437503815 634.38330119848251 971.56097388267517 221.06115651130676 4040.8077221214771 1201.9048096835613 31.614559978246689 2250.8560936152935 724.81415969133377 639.25164863467216 2467.6338862478733 363.03546696901321 454.44854542613029 1426.9787645041943 888.43669706583023 669.50596851110458 359.31889355182648 498.97883188724518 403.32536789774895 1255.9913528263569 41.853692591190338 609.40635475516319 1426.4274171888828 744.61460453271866 1401.8375430107117 128.0489462018013 241.36625871062279 1777.8002064228058 416.32138150930405 295.61188566684723 703.2449101805687 60.130915343761444 179.17116832733154 1620.4545077085495 772.16395941376686 917.81889256834984 98.441465765237808 511.98131436109543 22.839796006679535 51.724768191576004 350.9272218644619 389.88020938634872 108.48525783419609 1366.5009132027626 184.25213703513145 872.89773082733154 138.00654146075249 135.62469810247421 798.79736390709877 130.37373730540276 710.12738877534866 968.5624677836895 475.61803805828094 1577.2782696187496 1697.8377377092838 29.95817768573761 930.35500374436378 40.140791118144989 24.020723968744278 65.242001324892044 1317.0364079475403
leaf_count=204 2547 177 548 1330 188 4371 1397 30 2532 1009 850 2334 489 482 1763 1394 986 390 726 618 1592 24 740 1649 920 1501 160 276 2348 597 417 947 37 264 2437 1048 1347 106 741 14 46 490 535 164 1913 245 1297 119 193 1094 129 1002 1372 675 2077 1484 16 1002 49 29 23 1472
internal_value=-1.59465e-08 3.62869 1.07077 -4.26743 -2.0663 6.94749 -1.68722 -3.76371 -7.06195 4.69785 3.78391 -7.49315 -1.63199 0.918394 8.70585 -4.15861 -2.17257 1.71422 2.73143 2.78954 -5.03759 -2.54613 -4.5062 -5.69751 0.634354 6.58368 -9.22387 -6.9859 -5.20437 -7.20435 -1.35642 3.52273 -3.66223 2.7007 0.615844 10.3776 -1.59013 0.608155 3.28861 -9.01702 0.759676 -1.53889 6.38438 9.28199 5.82562 1.79404 3.93576 0.772842 4.88775 -1.91553 -8.22113 0.479755 3.54401 1.74393 -8.16267 -9.55964 -8.45842 -5.09586 12.2721 -9.80856 8.57653 -8.38426
internal_weight=46009.6 24865.7 14042.6 21143.9 11827.7 10823.2 7976.96 8736.71 9316.19 6065.59 5431.21 9066.21 5394.46 2684.09 7606.45 4620.12 5173.4 3356.84 3090.99 3216.71 3748.21 3418.22 2824.85 2461.82 2348.54 2747.12 5318 2492.22 1819.65 3342.25 905.018 2511.9 844.942 2326.6 2119.43 4812.97 1839.76 1200.51 1236.8 382.159 462.783 402.652 844.329 1510.32 2793.48 1102.07 2813.38 1010.9 880.239 1468.3 1556.8 1598.56 2147.43 1444.18 2925.93 5189.95 3492.11 1000.45 70.099 2491.65 249.985 2894.31
internal_count=56956 31781 18105 25175 15474 13676 10577 10981 9701 7528 6980 9474 6805 3565 9095 6165 6617 4412 4493 4581 4400 4768 3424 2935 3193 3415 5074 2808 2372 4176 1157 3435 977 3258 3163 5419 2548 1698 1750 404 573 536 1017 1665 3676 1592 3963 1416 1113 2080 1778 2396 2994 2047 3579 4914 3430 1067 65 2363 227 3549
is_linear=0
shrinkage=0.05


Tree=13
num_leaves=63
num_cat=0
split_feature=48 12 1 12 1 43 41 43 32 256 32 43 1 41 37 43 40 41 1 41 256 35 1 32 41 27 43 44 1 0 41 1 43 1 37 1 43 0 11 114 37 34 37 51 41 11 22 11 1 0 1 13 34 35 44 37 35 11 37 10 44 11
split_gain=2.57201e+08 7.72754e+07 5.14376e+07 4.6951e+07 3.6524e+07 3.42428e+07 2.9661e+07 2.27232e+07 2.09272e+07 1.98902e+07 1.86602e+07 1.83807e+07 1.63016e+07 1.56161e+07 1.52795e+07 1.48258e+07 1.20315e+07 1.10868e+07 1.1055e+07 1.05728e+07 1.04987e+07 1.03343e+07 1.02943e+07 9.39368e+06 8.93783e+06 9.09673e+06 9.66595e+06 8.56011e+06 8.42861e+06 8.76406e+06 9.94091e+06 8.28954e+06 8.05482e+06 8.0045e+06 7.99464e+06 7.8163e+06 7.78007e+06 7.5137e+06 7.37751e+06 7.33309e+06 7.14101e+06 7.04818e+06 8.91116e+06 7.81024e+06 6.63423e+06 6.28017e+06 6.0168e+06 5.85364e+06 6.43388e+06 5.64679e+06 6.05659e+06 5.55866e+06 5.54332e+06 5.46752e+06 5.40067e+06 5.3388e+06 5.32753e+06 5.31109e+06 5.28359e+06 5.17844e+06 6.01484e+06 5.73043e+06
threshold=1.0000000180025095e-35 1.0000000180025095e-35 5.5000000000000009 1.0000000180025095e-35 6.5000000000000009 0.0084166666666666678 0.13583333333333336 0.0073571428571428581 0.080540540540540564 1.0000000180025095e-35 0.048003072196620589 0.010083333333333335 3.5000000000000004 0.072500000000000023 0.01117857142857143 0.00617857142857143 0.020826180201107502 0.37916666666666671 -10.499999999999998 0.052500000000000012 1.0000000180025095e-35 0.12583333333333338 -9.4999999999999982 0.04210992907801419 0.14083333333333337 0.070298986903879437 0.011314814814814816 0.38416666666666671 9.5000000000000018 43.500000000000007 0.14750000000000005 -11.499999999999998 0.015879629629629636 14.500000000000002 0.005488095238095239 -9.4999999999999982 0.013861111111111114 56.500000000000007 0.17939876215738287 1.0000000180025095e-35 0.0046944444444444447 0.04264989902381288 0.011583333333333336 1.0000000180025095e-35 0.24750000000000003 0.29442724458204339 3.5000000000000004 0.21011448057483864 13.500000000000002 53.500000000000007 11.500000000000002 11.500000000000002 0.019382184081377266 0.087500000000000008 0.33083333333333337 0.0086851851851851864 0.069166666666666682 0.21575680631965019 0.012194444444444445 8.5000000000000018 0.65250000000000008 0.23756188118811883
decision_type=2 2 2 2 2 2 2 2 2 2 2 2 2 2 2 2 2 2 2 2 2 2 2 2 2 2 2 2 2 2 2 2 2 2 2 2 2 2 2 2 2 2 2 2 2 2 2 2 2 2 2 2 2 2 2 2 2 2 2 2 2 2
left_child=3 9 5 8 7 16 10 27 -1 12 -7 47 18 23 19 39 22 38 34 -12 41 -16 -3 -9 25 -20 53 -5 29 -17 31 -31 55 37 -2 -29 46 -6 -13 -10 -24 42 -15 -44 59 52 -33 -4 -49 -40 -51 -8 -42 57 -38 -25 -37 -27 -32 -45 61 -61
right_child=1 2 11 4 33 6 51 13 15 -11 14 17 -14 20 21 28 -18 -19 24 -21 -22 -23 40 32 -26 26 -28 35 -30 30 58 36 -34 -35 -36 56 54 -39 49 -41 45 -43 43 44 -46 -47 -48 48 -50 50 -52 -53 -54 -55 -56 -57 -58 -59 -60 60 -62 -63
leaf_value=7.2866980592175103 10.571101204573456 1.7323741255442944 7.0242343678019799 10.323936657150174 -8.0709764271770013 10.838830376462964 10.71038309450549 9.0366027712121149 -2.824570308279355 -12.545874191519673 -1.3622755187339688 7.3324917327249182 -7.094560276522258 3.6675024330059687 -3.4623724499780497 -8.6581851825371299 11.840908078499734 11.113357604414178 13.143279534448238 5.0288284951309228 -12.868280009730682 3.9490548577444957 10.575560626151702 -0.47134926907109992 10.279095897511018 6.7615669836993408 -4.3169945873130642 -6.497865138038339 -11.675518103604368 -11.417191740352107 14.48614581083395 19.985971747519216 -9.8081004543700434 -9.9591012303312922 -7.9607746927005296 1.5825870152008044 -11.770162164142249 -2.2276987118612492 -10.509080796708567 29.752971943127314 5.9066059637616668 10.480677767502202 7.3182561464091336 -8.3662964000697251 10.421426897711788 1.1087502423319797 -1.8312147270832775 2.5872906687231789 -5.9973229284853664 -0.88736248409179286 -8.3305959893277262 4.662805187735688 10.131306951610588 8.7460864501715996 -2.8810103503785971 -5.2062014265513152 7.5062024407080576 -2.250709066435904 -1.0283679741909855 5.2971522121392702 28.599170134062401 -6.543612109836106
leaf_weight=259.65425032377243 65.824473857879639 752.06806439161301 580.05652725696564 436.29829522967339 957.10103464126587 560.59835147857666 1444.6599568426609 129.70551949739456 1405.2758465111256 457.33635342121124 858.92893248796463 111.61760032176971 970.75551009178162 1328.1076880097389 1918.9275526106358 4002.2658005654812 1816.2845505475998 112.42300817370415 138.59924736618996 2624.0114903748035 132.60507181286812 623.06335458159447 1780.2953790426254 946.24704059958458 284.31182226538658 244.00342020392418 788.31257030367851 211.86075767874718 1285.5156235992908 512.66576927900314 90.308748304843903 32.795722544193268 619.0464261174202 1073.5740883946419 502.23303437232971 1060.1530136168003 409.05071103572845 1293.8855423927307 478.68312394618988 17.488865405321121 2092.954593449831 203.90229830145836 182.64616987109184 524.51141491532326 75.309257328510284 438.59911927580833 867.84568953514099 1294.2342960238457 262.53179979324341 648.97862565517426 472.1314158141613 515.57096844911575 1234.4077418744564 297.96938598155975 293.453344643116 1605.4339547753334 591.26230320334435 495.34439069032669 139.87313333153725 161.54607966542244 16.453604191541672 278.05402573943138
leaf_count=252 76 1153 799 533 1254 511 1438 120 1792 511 1285 138 1163 1793 2578 4037 1721 153 115 3651 162 789 1935 1416 295 349 996 325 1071 505 93 22 702 1120 696 1606 372 1866 601 6 2998 251 257 579 76 657 1053 2036 425 1033 621 632 1367 361 352 2018 802 698 146 233 9 352
internal_value=-1.33234e-08 3.44726 4.71187 -4.05406 -1.96299 5.92945 3.72058 -0.22564 -6.70885 -2.69633 2.11347 -0.409825 -1.50696 -1.79933 1.3016 -7.11011 8.25569 -4.0967 0.418833 3.45272 0.875451 -1.64577 7.22179 -4.15212 1.9933 0.793972 -0.14357 4.0197 -7.98347 -7.23584 -4.80931 -5.88285 -4.69163 -6.40655 -5.81337 2.54352 -4.11303 -4.71221 -5.09585 -2.42412 7.96615 1.53326 0.822448 -2.2284 -3.87979 6.7326 -1.03677 2.73702 1.13959 -5.96298 -4.02192 9.11978 7.47391 3.02804 -8.05694 -3.45036 3.70344 0.723569 5.05854 -4.97815 -1.08142 -2.19232
internal_weight=46009.6 24865.7 20621 21143.9 11827.7 16660.4 8545.76 8503.14 9316.19 4244.69 6585.53 3960.66 3787.35 6203.57 6024.93 9056.54 8114.61 1823.83 2816.6 3482.94 2903.14 2541.99 6298.32 3300.43 2248.54 1964.23 1825.63 2299.57 7633.77 6348.26 2345.99 2115.81 3170.73 3324.56 568.058 1863.28 1603.15 2250.99 1711.41 1422.76 5546.26 2770.53 2566.63 1238.52 1055.87 3765.96 900.641 2136.82 1556.77 1599.79 1121.11 1960.23 3327.36 1037.32 702.504 2551.68 1651.42 739.348 230.182 980.565 456.054 439.6
internal_count=56956 31781 26521 25175 15474 20715 10884 11234 9701 5260 8814 5806 4749 7968 8303 9449 9831 2546 3586 4936 3712 3367 8110 4256 2814 2519 2404 3266 7651 6580 2543 2304 4136 4240 772 2733 1799 3120 2393 1798 6957 3550 3299 1506 1249 5022 1075 3260 2461 2255 1654 2070 4365 1408 724 3434 2408 1047 239 1173 594 585
is_linear=0
shrinkage=0.05


Tree=14
num_leaves=63
num_cat=0
split_feature=13 37 35 34 23 43 1 28 45 34 1 37 256 10 1 5 11 5 43 0 256 11 1 276 1 0 11 37 38 37 37 14 27 0 6 8 43 34 38 37 39 37 4 38 11 35 28 44 45 29 35 1 1 46 14 0 0 16 5 5 37 256
split_gain=2.3366e+08 8.75358e+07 5.20406e+07 3.98288e+07 3.65118e+07 3.33499e+07 2.10679e+07 2.00286e+07 1.92712e+07 1.67345e+07 1.62695e+07 1.6235e+07 1.57906e+07 1.55492e+07 1.46612e+07 1.36664e+07 1.31596e+07 1.27298e+07 1.17454e+07 1.15723e+07 1.13251e+07 1.08657e+07 1.07523e+07 9.88192e+06 9.49244e+06 9.12077e+06 9.04115e+06 8.6392e+06 8.72627e+06 8.47133e+06 7.91027e+06 7.75093e+06 7.69246e+06 7.73147e+06 9.59256e+06 8.00666e+06 7.56329e+06 7.41653e+06 7.22193e+06 7.18186e+06 7.03703e+06 6.97385e+06 6.86208e+06 6.67888e+06 6.41842e+06 6.34947e+06 6.24364e+06 6.16909e+06 6.15262e+06 6.04934e+06 6.01966e+06 5.86615e+06 7.40269e+06 5.57758e+06 5.55052e+06 6.21234e+06 5.35564e+06 5.32599e+06 5.22183e+06 5.20155e+06 5.09259e+06 5.01861e+06
threshold=1.0000000180025095e-35 0.0092129629629629645 0.09583333333333334 0.01535880565596682 68.715197956577285 0.0085092592592592598 8.5000000000000018 82.141711229946537 1.0000000180025095e-35 0.015612560794598457 10.500000000000002 0.0051759259259259267 1.0000000180025095e-35 3.5000000000000004 -7.4999999999999991 0.094987468671679218 0.30283094098883578 0.13182720953326715 0.0056904761904761911 73.500000000000014 1.0000000180025095e-35 0.22648879716981135 3.5000000000000004 1.0000000180025095e-35 -14.499999999999998 69.500000000000014 0.24747371644380936 0.018509259259259263 0.37750000000000006 0.0038611111111111116 0.005488095238095239 11.500000000000002 0.16542288557213933 53.500000000000007 0.12922201138519926 4.5000000000000009 0.052750000000000005 0.036149334132836115 0.22750000000000001 0.0078452380952380978 0.018454585537918875 0.0060208333333333338 12.500000000000002 0.27250000000000002 0.25268941584731064 0.10583333333333335 147.27380952380955 0.88583333333333347 1.0000000180025095e-35 1.5000000000000002 0.014166666666666669 -10.499999999999998 4.5000000000000009 1.0000000180025095e-35 1.5000000000000002 36.500000000000007 95.500000000000014 1.5000000000000002 0.12746615087040622 0.07185886402753873 0.01902380952380953 1.0000000180025095e-35
decision_type=2 2 2 2 2 2 2 2 2 2 2 2 2 2 2 2 2 2 2 2 2 2 2 2 2 2 2 2 2 2 2 2 2 2 2 2 2 2 2 2 2 2 2 2 2 2 2 2 2 2 2 2 2 2 2 2 2 2 2 2 2 2
left_child=4 3 8 6 46 9 11 -4 22 29 13 50 18 -7 36 25 17 24 -9 37 21 42 27 30 -10 49 -8 28 -3 -6 -5 -27 33 35 -35 40 -15 54 -32 58 -26 -17 59 -39 -21 60 -1 61 -23 -16 -2 -40 -53 -31 55 -20 -41 -52 -11 -13 -43 -30
right_child=1 2 7 23 5 10 26 12 16 39 -12 20 -14 14 15 41 -18 -19 19 44 -22 48 -24 -25 32 31 -28 -29 47 53 38 -33 -34 34 -36 -37 -38 43 51 56 -42 45 -44 -45 -46 -47 -48 -49 -50 -51 57 52 -54 -55 -56 -57 -58 -59 -60 -61 -62 -63
leaf_value=10.668357091042319 -3.2309463921210515 3.7144675175597941 12.176167597826348 10.851334316859697 1.5240562243108755 -8.7100528809605695 1.3039505807109757 9.4454043728072019 -9.1562963286715569 12.922203123103566 -10.774315836420898 8.2825445883971014 -11.048066790211767 -9.0923538873507219 16.919328466903483 2.3425164933681528 -6.869190840557251 -5.5162102615455861 -9.627796800735041 7.1073226059665204 -8.3169604770244199 -2.8060688528095596 -9.6393704145693953 -11.387810168108034 9.5125767551679719 12.513635219065225 -7.0365923475687273 -10.258441269261958 -4.007674636425425 -2.4782617429812341 10.003549547275938 -1.0604015173797687 -16.529001262230494 5.8781118010521043 -2.6158127430552138 -3.4061270020072261 10.474897869707707 7.2134012307481203 -3.5989502388064878 -0.90558732485993065 -3.5596210271043649 -6.0273268997827927 -6.6011633355454364 -1.801244941007365 -0.64577898872736039 -1.0437327228203934 -5.5189051659064576 7.3237664736793509 2.3811343291424576 -2.1804611901803219 8.0995305709775263 7.576457230152605 0.031543746135632766 -7.0115866846476411 -3.3588453964353344 11.415994528089444 9.2849382481406177 3.2258807985316142 1.1330117817290291 2.3304995427730586 -12.969692429778584 -13.878042051931434
leaf_weight=434.77866485714912 147.02011609077454 468.45615601539612 608.91800275444984 2364.9563916623592 636.46351197361946 3072.4522232115269 676.94661810994148 638.46105119585991 197.40409335494041 248.91864052414894 2032.8484838306904 1210.9012286365032 204.43820998072624 1526.5233774483204 43.060956180095673 292.68256196379662 747.42292046546936 779.04016679525375 47.375105798244476 1241.4182645976543 242.26908206939697 842.38611614704132 1094.4681050479412 62.465361028909683 287.0098819732666 259.63918441534042 624.81700456142426 404.27688175439835 1179.7236611247063 1279.13065341115 1364.0647044181824 176.76386973261833 54.491835713386536 1737.7273728251457 411.01808050274849 870.21178525686264 51.03557962179184 514.81559318304062 167.84220713376999 883.12856271862984 160.53627562522888 1618.0853667855263 106.42227989435196 341.94185310602188 340.06665590405464 543.45926457643509 69.028226017951965 108.35480725765228 1778.7147468626499 1112.4946060478687 2734.3812020719051 1681.3839090168476 403.03087586164474 1444.9830047786236 1309.978830486536 135.03483071923256 150.97214180231094 705.13073045015335 150.85026642680168 526.73142990469933 315.69673112034798 144.56344920396805
leaf_count=435 208 641 492 2392 827 2997 1094 755 259 257 1769 1557 250 1606 29 417 945 1047 60 1606 358 1242 1234 84 359 289 914 463 1503 1851 1462 228 60 2418 579 1132 60 649 278 1181 222 2039 189 507 485 709 79 151 2715 1365 3483 2100 657 1650 1791 154 185 1049 219 783 294 143
internal_value=-3.99605e-09 2.64466 -0.223184 5.21684 -4.80071 -5.2222 3.21435 3.63641 -2.62628 -1.73996 -6.73382 4.14252 2.54707 -5.82239 -4.32861 -2.83465 -0.725589 0.295408 3.15536 2.13366 2.21161 2.78287 -5.55844 8.39623 1.513 0.857058 -2.69932 -3.62103 -2.20955 -3.6695 8.60285 7.01551 2.11117 2.40418 4.25337 -0.611111 -8.45933 -0.0923429 7.13241 2.78234 4.82354 -4.95639 5.72346 3.61555 5.44017 -5.81875 8.45049 -4.14663 0.714038 -1.46872 6.67688 5.39352 6.11761 -4.88293 -2.22099 5.95055 0.582165 7.10039 8.47363 6.47829 -7.16069 -5.08516
internal_weight=46009.6 29666.6 14027.2 15639.5 16343 15839.2 9595.72 5382.45 8644.71 4794.45 11044.7 8293.96 4773.53 9011.89 5939.44 4361.88 5244.86 4497.44 4569.09 3930.63 4707.42 4465.16 3399.84 6043.74 3718.4 1591.96 1301.76 2305.37 1901.1 3360.58 5981.28 436.403 3521 3466.5 2148.75 1317.76 1577.56 2349.15 3616.32 1433.87 447.546 2769.92 1844.05 856.757 1581.48 2477.24 503.807 1432.64 2621.1 1155.56 3586.53 2252.26 2084.41 2724.11 1492.39 182.41 1034.1 3439.51 399.769 1737.63 1933.78 1324.29
internal_count=56956 38470 17905 20565 18486 17972 13592 6749 11156 6170 11802 11584 6257 10033 7036 5370 7021 6076 6007 5252 6844 6486 4135 6973 5029 1911 2008 2901 2438 4328 6889 517 4770 4710 2997 1713 1666 3161 4497 1842 581 3459 2529 1156 2091 3042 514 1797 3957 1394 4740 3035 2757 3501 2005 214 1366 4532 476 2340 2333 1646
is_linear=0
shrinkage=0.05


Tree=15
num_leaves=63
num_cat=0
split_feature=48 37 256 35 12 1 1 37 35 28 11 35 37 256 35 41 28 72 37 35 27 6 6 40 1 16 35 114 1 10 35 40 1 37 21 296 41 37 1 11 6 1 28 38 11 41 6 6 16 28 35 7 19 15 35 21 35 39 1 16 266 63
split_gain=2.11005e+08 6.50121e+07 4.70697e+07 4.13935e+07 3.91732e+07 3.24788e+07 3.0686e+07 2.35413e+07 2.12662e+07 1.92255e+07 1.70102e+07 1.67536e+07 1.94637e+07 1.17543e+07 1.16669e+07 1.13768e+07 1.07343e+07 1.06105e+07 1.03475e+07 1.22271e+07 1.0067e+07 9.07886e+06 8.85636e+06 8.84413e+06 7.62872e+06 7.58653e+06 7.42411e+06 7.61046e+06 7.25089e+06 8.32274e+06 7.18872e+06 6.88512e+06 6.86552e+06 6.79302e+06 6.69288e+06 6.68568e+06 6.64966e+06 6.6369e+06 6.50058e+06 6.16398e+06 6.13414e+06 6.00555e+06 5.96717e+06 5.8521e+06 5.96536e+06 5.66839e+06 5.9613e+06 5.57637e+06 5.48174e+06 5.21781e+06 5.14277e+06 5.14103e+06 5.13668e+06 5.60297e+06 4.79122e+06 6.37807e+06 5.35311e+06 4.89997e+06 4.65314e+06 4.60847e+06 4.5839e+06 4.55992e+06
threshold=1.0000000180025095e-35 0.00617857142857143 1.0000000180025095e-35 0.10583333333333335 1.0000000180025095e-35 9.5000000000000018 6.5000000000000009 0.013027777777777779 0.04083333333333334 91.163129973474824 0.23348909657320874 0.14250000000000004 0.011361111111111112 1.0000000180025095e-35 0.069166666666666682 0.13583333333333336 91.163129973474824 1.0000000180025095e-35 0.0078452380952380978 0.027500000000000004 0.062895569620253181 0.10923295454545455 0.1167748917748918 0.042677078267540754 8.5000000000000018 2.5000000000000004 0.10916666666666668 1.0000000180025095e-35 -8.4999999999999982 3.5000000000000004 0.054166666666666675 0.0037834492769039437 12.500000000000002 0.0073571428571428581 39.500000000000007 1.0000000180025095e-35 0.26916666666666672 0.0060208333333333338 13.500000000000002 0.23553323768531806 0.15260706430327342 14.500000000000002 47.561111111111117 0.30250000000000005 0.29948453608247427 0.23416666666666669 0.15821566110397947 0.01739261947973382 2.5000000000000004 71.751105216622463 0.070833333333333345 2.5000000000000004 1.0000000180025095e-35 5.5000000000000009 0.045833333333333344 39.500000000000007 0.034166666666666672 0.02643187830687831 -17.499999999999996 3.5000000000000004 1.0000000180025095e-35 1.0000000180025095e-35
decision_type=2 2 2 2 2 2 2 2 2 2 2 2 2 2 2 2 2 2 2 2 2 2 2 2 2 2 2 2 2 2 2 2 2 2 2 2 2 2 2 2 2 2 2 2 2 2 2 2 2 2 2 2 2 2 2 2 2 2 2 2 2 2
left_child=4 8 3 5 9 7 11 10 24 59 25 12 14 17 37 22 -5 18 19 31 -14 38 54 30 -2 58 27 35 -22 -30 40 -11 42 -8 51 36 60 -6 43 -23 49 52 -10 44 -18 46 -39 -17 -44 -12 -24 -31 -35 -54 56 57 -9 61 -3 -1 -20 -56
right_child=1 2 -4 16 6 -7 33 15 32 13 23 -13 20 -15 -16 47 21 -19 26 -21 28 39 50 -25 -26 -27 -28 -29 29 34 -32 -33 -34 41 -36 -37 -38 45 -40 -41 -42 -43 48 -45 -46 -47 -48 -49 -50 -51 -52 -53 53 -55 55 -57 -58 -59 -60 -61 -62 -63
leaf_value=9.5738112590292186 3.9564891299123461 -6.2043263605633836 -10.705069861876311 11.898058923462479 2.4802025923256101 -7.0764648456971742 -1.9742201486647808 10.549853508419616 15.760643821856895 0.82993311114153512 9.5197098126135451 6.372849078053286 8.2261215680086277 -11.481493047003827 4.9441434951832681 -5.9985834352958882 8.9158518327085403 -11.099250774587663 -8.033736308409301 2.7153827496705905 -9.3061478027711164 4.9225609789095266 -11.737304489217381 11.608426455848289 -4.8775262355753011 -1.3350167812563778 -1.9344531462698329 14.382378547668607 -9.5138028031739506 9.0191139350124363 2.2207625931471817 -7.2815119411849141 -0.7203380586490149 -6.737041775939776 4.8710815853707174 15.520246479850634 9.494934881962072 -1.6922759702919039 -4.1503801714657582 -2.9620950608872407 -8.6117716069681887 -10.56224320747957 8.9292398816481615 3.6359917373702011 -4.3301673710681561 11.880858307178638 -9.9986298498968207 7.7425781482452312 1.4386830159584632 -1.7519895037199054 -3.790986030806542 -3.9896420631709142 15.336606674445727 -2.6155049705587876 -1.6663898443082896 5.9006900327875353 -12.503812885311669 -11.599745332788475 6.5450801306345285 -9.6269631624371286 10.292234935624249 22.427950680590698
leaf_weight=235.11151364445686 2026.509826540947 73.329472780227661 766.98631039261818 642.40796300768852 1170.7361906766891 1305.4478176236153 848.56383335590363 29.640499621629715 303.66119602322578 354.41951009631157 111.14912953972816 877.55695956945419 157.5510148704052 1043.4626485407352 1386.0593785345554 92.74873286485672 1910.3229818642139 856.17444518208504 4083.4411469399929 775.89855268597603 669.38496872782707 472.4771765768528 427.14001053571701 172.34638771414757 277.89826479554176 370.89228963851929 770.80794870853424 40.204155534505844 436.55032297968864 80.553933084011078 1818.6271250545979 999.04062095284462 189.89585185050964 1317.0125617384911 309.7994125187397 31.371988415718079 55.809709191322327 1771.6679345965385 142.86953440308571 521.44171506166458 312.53634986281395 850.53491851687431 4703.6206073760986 996.40936174988747 88.95536532998085 68.883600026369095 245.99495193362236 361.99972811341286 257.62541776895523 1346.0988783836365 389.08497902750969 1328.4042530357838 52.347812682390213 256.10153913497925 1170.9232739210129 292.82080298662186 167.35083302855492 126.84242275357246 2975.6848058700562 36.041171878576279 34.410093307495117 19.97154888510704
leaf_count=213 2861 118 966 527 1775 1718 1332 27 185 457 116 1127 152 910 1874 104 2150 752 4191 994 696 629 445 179 426 578 876 41 465 118 2610 1095 271 1707 443 20 63 2509 223 727 428 787 5419 1347 149 63 290 378 409 2094 567 1722 42 372 1590 396 183 131 3814 43 46 16
internal_value=2.08583e-09 3.12237 1.40052 1.96876 -3.67198 0.351681 -1.76194 1.29689 6.91848 -6.09693 2.86515 -0.169488 -0.922384 -6.4902 1.10205 -2.36108 5.88529 -5.8393 -5.20904 -2.28873 -4.07441 4.95059 -3.62649 0.544484 2.89116 5.4171 -6.44874 -7.2684 -4.76049 -3.34872 0.0130988 -5.15743 8.61984 -5.83493 -1.78284 -7.4754 -7.64825 -0.532869 6.26942 0.786018 -2.25549 -7.15806 8.95672 6.76636 8.32649 -2.22347 -2.70499 4.93998 8.54027 -0.89226 -7.94939 -3.2459 -5.37679 0.431199 -1.67443 -0.774135 -9.03502 -2.25738 6.23845 7.02168 -7.8806 -1.26232
internal_weight=46009.6 24865.7 17106.5 16339.5 21143.9 11564.6 11827.7 10259.2 7759.21 9316.19 7180.66 8503.14 7625.59 9045.04 4643.34 3078.52 4774.88 8001.58 7145.4 2129.36 2982.24 4132.48 2623.77 3760.76 2304.41 3419.91 5016.05 4245.24 2824.69 2155.31 3588.41 1353.46 5454.8 3324.56 1718.76 4205.03 4173.66 3257.28 3138.56 993.919 1769.78 2476 5264.91 2995.69 1999.28 2086.55 2017.66 454.748 4961.25 1457.25 816.225 1408.96 1625.46 308.449 1807.55 1610.56 196.991 1317.74 3049.01 271.153 4117.85 1190.89
internal_count=56956 31781 22210 21244 25175 15492 15474 13774 9571 9701 9937 11234 10107 9445 6511 3837 5752 8535 7783 2546 3596 5225 3355 5427 3287 4510 5237 4361 3444 2748 5248 1552 6284 4240 2283 4320 4300 4637 3869 1356 2638 2908 6013 3646 2299 2862 2799 482 5828 2210 1012 1840 2121 414 2343 2133 210 1737 3932 256 4237 1606
is_linear=0
shrinkage=0.05


Tree=16
num_leaves=63
num_cat=0
split_feature=13 43 41 43 23 43 5 256 37 41 28 1 41 1 1 41 41 43 1 9 16 41 256 41 11 28 1 5 1 43 32 1 11 37 37 66 0 28 5 23 7 6 72 13 37 18 277 32 0 43 276 6 1 6 14 28 0 16 32 10 14 16
split_gain=1.91953e+08 7.58465e+07 5.39174e+07 3.89405e+07 3.12366e+07 2.86244e+07 2.23632e+07 1.94832e+07 1.74048e+07 1.61291e+07 1.60121e+07 1.52363e+07 1.42912e+07 1.35554e+07 1.23718e+07 1.19328e+07 1.04946e+07 1.42042e+07 9.77469e+06 1.41553e+07 1.18994e+07 9.60769e+06 8.71171e+06 8.5668e+06 8.18434e+06 8.08989e+06 7.90878e+06 7.58073e+06 7.46823e+06 7.43241e+06 7.29477e+06 7.26725e+06 7.1303e+06 7.11846e+06 6.93902e+06 6.90177e+06 6.68548e+06 7.12367e+06 6.25826e+06 6.17679e+06 6.03392e+06 5.92202e+06 5.85595e+06 5.88634e+06 5.80029e+06 5.76905e+06 5.75793e+06 5.73682e+06 5.67147e+06 5.54358e+06 6.33719e+06 5.53879e+06 5.51266e+06 5.80761e+06 5.49332e+06 5.23518e+06 5.2071e+06 5.1717e+06 5.11684e+06 5.08418e+06 5.47412e+06 5.06914e+06
threshold=1.0000000180025095e-35 0.0056904761904761911 0.092500000000000013 0.013416666666666669 64.199095022624448 0.0080277777777777795 0.073350071736011491 1.0000000180025095e-35 0.0096944444444444465 0.1125 88.301215277777786 -5.4999999999999991 0.034166666666666672 3.5000000000000004 5.5000000000000009 0.034166666666666672 0.19750000000000004 0.022845238095238096 -7.4999999999999991 2.5000000000000004 2.5000000000000004 0.050833333333333341 1.0000000180025095e-35 0.045833333333333344 0.3019850628930818 74.616515837104089 1.5000000000000002 0.17416582406471184 10.500000000000002 0.0030277777777777781 0.048003072196620589 -8.4999999999999982 0.21828631138975971 0.012687500000000003 0.0095119047619047648 1.0000000180025095e-35 50.500000000000007 29.685897435897441 0.13069358178053833 160.61410018552877 9.5000000000000018 0.16152751423149908 1.0000000180025095e-35 13.500000000000002 0.0040238095238095241 2.5000000000000004 1.0000000180025095e-35 0.14379699248120303 70.500000000000014 0.00617857142857143 1.0000000180025095e-35 0.17047223663726002 -1.0000000180025095e-35 0.046693313953488379 1.5000000000000002 63.471428571428582 58.500000000000007 3.5000000000000004 0.15655637254901963 13.500000000000002 8.5000000000000018 2.5000000000000004
decision_type=2 2 2 2 2 2 2 2 2 2 2 2 2 2 2 2 2 2 2 2 2 2 2 2 2 2 2 2 2 2 2 2 2 2 2 2 2 2 2 2 2 2 2 2 2 2 2 2 2 2 2 2 2 2 2 2 2 2 2 2 2 2
left_child=4 15 3 6 55 12 11 8 26 14 -10 34 49 36 18 -2 17 32 -7 -20 30 -8 48 -15 25 -5 41 44 31 -17 -21 -14 -12 51 -3 -19 37 -13 -35 40 -32 -4 46 -44 -23 -39 61 -38 -11 50 -6 -27 -33 -54 -34 -1 -18 -57 -28 60 -56 -31
right_child=1 2 7 24 5 9 21 -9 10 22 16 13 28 23 -16 29 56 35 19 20 -22 27 -24 -25 -26 33 58 -29 -30 42 39 52 54 38 -36 -37 47 45 -40 -41 -42 -43 43 -45 -46 -47 -48 -49 -50 -51 -52 -53 53 -55 59 57 -58 -59 -60 -61 -62 -63
leaf_value=14.643009442636393 3.090519437288151 1.6879740252984767 9.9389335389970483 6.2893852892688447 -1.1954269439375438 -8.9123656702910647 -5.3015712852101746 -8.5495149968285187 11.142187737435313 -2.7041013248283403 6.0710517144949971 15.826831896456731 -4.2834218379898941 -5.4270276755051352 -9.3621072742699756 11.897215572548873 0.75359027378581289 -7.5165057874445296 -8.6479938124458631 15.11974119389569 -6.9198878411554858 10.135701121139853 -13.419407890943418 3.1007581367580093 -9.6012799898666703 -0.96949796094277441 4.7317807136242349 -5.6146801299322817 -5.9532134426103349 8.4443909175878868 -1.6493182089032343 8.4150131512354029 11.851113674772636 -5.221584961904095 -4.1848231423543485 9.8947375234226271 7.8515114676178133 5.423039119478049 -12.961698565920571 -14.510673790794872 6.6528313677428645 2.376417777270762 3.2327208591657524 -19.420608803343978 0.48441476816591184 -0.96745928525583214 -1.2961213066955111 -16.849206699991683 3.5335130267041608 -6.9311631479096594 -15.898533410662319 -8.9174104782856016 5.5883529003605972 -3.1821456474446537 0.36539658702074496 6.7420919393504866 9.171784147014268 -12.803269852162202 -14.489438344854435 10.516424579149302 -7.0470551931229544 1.5286815542568908
leaf_weight=194.66561079025269 1514.5528625547886 1056.5796946287155 2029.9373272657394 185.94516634941101 1429.4573905467987 1649.7538188993931 1557.9834034442902 287.23952820897102 474.00995308160782 1056.7247717380524 719.78683212399483 103.31512784957886 266.61873748898506 507.93047177791595 3193.1620605885983 1046.4362767636776 275.99958711862564 672.16221031546593 1443.9482689797878 70.230312168598175 1164.9258562624454 174.59547778964043 143.24585911631584 700.86503723263741 755.78792676329613 1429.3675581216812 1401.7229647934437 482.3854669034481 253.81687632203102 3680.8176481127739 1987.2704566419125 584.17433360219002 91.151889771223068 1218.5345938205719 959.95720288157463 62.182246625423431 1972.4565817415714 705.91741245985031 332.39339655637741 84.449711054563522 245.94118881225586 296.70459485054016 115.73327723145485 38.122010886669159 1436.5597243905067 706.73340898752213 175.98073968291283 23.790234237909317 556.23941147327423 887.17126137018204 77.245822489261627 258.90969353914261 460.31595256924629 319.9420964717865 908.72284373641014 234.13277474045753 549.26865401864052 39.56330531835556 35.501175403594971 91.927670449018478 343.12315204739571 285.52685004472733
leaf_count=139 2295 1624 2088 204 1932 1704 2264 400 405 1257 927 66 345 722 3106 981 367 786 1402 52 1339 198 117 1104 846 2116 1899 663 358 4245 2417 737 108 1487 1338 86 2557 900 343 68 318 421 170 37 2187 988 334 26 676 1002 72 337 644 461 1251 296 619 44 47 112 470 452
internal_value=2.83435e-09 2.39704 1.01086 -0.817221 -4.35123 -4.7267 0.822574 4.24351 4.7056 -6.01641 2.48813 2.53036 -1.23143 4.08434 -6.80422 7.00797 1.38373 -0.0367361 -5.57534 -4.47357 -2.77699 -2.32852 -1.60248 -0.482579 -4.89189 -3.85272 7.17315 -0.116024 2.02511 8.11851 -0.755894 3.26667 2.00997 -4.43493 -1.10773 -6.04217 5.65614 3.15286 -6.88044 -1.23696 -0.735011 8.97453 7.19812 -2.38028 1.53029 2.22594 7.55389 7.55714 -0.553026 -3.79554 -1.94923 -2.18837 4.742 1.99204 -0.0271525 8.37493 6.35644 3.91677 4.25699 -0.832888 -1.66631 7.94655
internal_weight=46009.6 29666.6 22809.4 14570 16343 15874.6 10389.1 8239.44 7952.2 11595.9 4188.34 6737.55 4278.74 4721.01 9839.68 6857.17 3714.33 2889.06 6646.52 4996.77 3552.82 3651.52 1756.21 1208.8 4180.94 3425.15 3763.87 2093.54 1884.87 5342.62 2387.89 1631.05 2154.71 3239.21 2016.54 734.344 3512.21 1515.97 1550.93 2317.66 2233.21 2326.64 4296.18 153.855 1611.16 1412.65 4142.33 1996.25 1612.96 2393.87 1506.7 1688.28 1364.43 780.258 1434.93 468.362 825.268 273.696 1437.22 1343.77 1251.85 3966.34
internal_count=56956 38470 29956 19970 18486 18007 14637 9986 9586 12456 5131 9325 5551 6363 10406 8514 4726 3740 7300 5596 4194 5312 2050 1826 5333 4487 4455 3048 2545 6219 2855 2187 2868 4283 2962 872 4537 1954 1830 2803 2735 2509 5238 207 2385 1888 5031 2583 1933 3006 2004 2453 1842 1105 1941 479 986 340 1946 1833 1721 4697
is_linear=0
shrinkage=0.05


Tree=17
num_leaves=63
num_cat=0
split_feature=49 43 41 43 23 43 256 0 40 32 41 34 1 40 32 1 37 11 11 40 1 43 10 39 2 11 40 37 1 2 43 40 1 1 43 35 256 35 37 37 1 0 1 39 6 1 39 35 36 30 39 72 43 37 37 29 21 41 39 40 14 0
split_gain=1.73238e+08 6.85502e+07 4.7693e+07 3.01345e+07 2.8213e+07 2.61983e+07 2.04849e+07 1.96208e+07 1.72856e+07 1.62939e+07 1.47318e+07 1.46938e+07 1.46467e+07 1.35938e+07 1.30321e+07 1.08e+07 1.06224e+07 1.04423e+07 9.9596e+06 1.07015e+07 1.0928e+07 9.00547e+06 8.68348e+06 8.41954e+06 7.85752e+06 7.77231e+06 8.19209e+06 7.18546e+06 6.91723e+06 8.05602e+06 6.77863e+06 6.75353e+06 6.6707e+06 1.03405e+07 6.61536e+06 6.27847e+06 5.92747e+06 5.78325e+06 5.72961e+06 5.7095e+06 5.64076e+06 5.59267e+06 5.542e+06 5.54086e+06 5.86517e+06 5.48339e+06 5.47519e+06 5.34568e+06 5.19205e+06 5.18669e+06 4.96764e+06 4.96418e+06 4.92408e+06 6.04233e+06 4.77683e+06 6.24907e+06 4.73206e+06 4.71727e+06 4.65399e+06 7.29007e+06 4.62115e+06 6.59516e+06
threshold=1.0000000180025095e-35 0.0070185185185185194 0.084166666666666681 0.013416666666666669 68.715197956577285 0.0085092592592592598 1.0000000180025095e-35 57.500000000000007 0.0092128961976872068 0.043797953964194385 0.10750000000000003 0.017602290870978827 11.500000000000002 0.012147572753295291 0.17001204335608192 12.500000000000002 0.0080277777777777795 0.23281766650921118 0.19601218865924749 0.040652837085710082 -8.4999999999999982 0.014916666666666668 1.5000000000000002 0.021051678108314268 1.0000000180025095e-35 0.23831367409349064 0.0059292147962307518 0.0043541666666666676 -7.4999999999999991 -1.0000000180025095e-35 0.0046944444444444447 0.018397832518937143 5.5000000000000009 -8.4999999999999982 0.019541666666666669 0.1791666666666667 1.0000000180025095e-35 0.11083333333333335 0.014212962962962964 0.0038611111111111116 6.5000000000000009 32.500000000000007 4.5000000000000009 0.02313839489284086 0.09491634491634493 2.5000000000000004 0.018107084357084361 0.085833333333333359 4.5000000000000009 1.0000000180025095e-35 0.011114379084967324 1.0000000180025095e-35 0.0032500000000000007 0.012845238095238097 0.0071944444444444451 2.5000000000000004 39.500000000000007 0.37916666666666671 0.022985303617571062 0.022509399229547547 3.5000000000000004 39.500000000000007
decision_type=2 2 2 2 2 2 2 2 2 2 2 2 2 2 2 2 2 2 2 2 2 2 2 2 2 2 2 2 2 2 2 2 2 2 2 2 2 2 2 2 2 2 2 2 2 2 2 2 2 2 2 2 2 2 2 2 2 2 2 2 2 2
left_child=1 11 3 9 -2 8 7 16 39 -3 15 17 14 25 18 21 -4 -1 -9 20 -20 22 -7 -12 -22 26 -11 -15 -24 45 -19 -23 33 46 42 -25 56 38 -29 -6 60 -28 -5 -26 -45 54 -10 -33 49 -36 -27 -41 -35 -54 -30 -56 -13 -14 59 -49 -18 -62
right_child=4 2 6 34 5 10 -8 12 32 13 23 36 57 27 -16 -17 40 30 19 -21 24 31 28 35 43 50 41 37 29 -31 -32 47 -34 52 48 -37 -38 -39 -40 51 -42 -43 -44 44 -46 -47 -48 58 -50 -51 -52 -53 53 -55 55 -57 -58 -59 -60 -61 61 -63
leaf_value=6.2634765805567376 7.5146442979433248 10.255784076342234 5.1593286715347872 -2.6053621877379154 0.84444860405188926 -9.3744456531407092 -8.4877976552359904 10.862630854270375 -8.0367189188348558 13.528870644404467 3.5504185647256983 7.4012973803845972 -4.6880619551158826 8.264900201669013 -12.965591859300972 -10.88113621036524 1.617828318749541 4.8116964581603305 -2.2958455295243589 10.388689443153234 8.2177803569217343 -9.8973975154434921 -7.5942766627865641 -5.0694911398692257 5.4280398601377762 -2.2091159408149035 -7.88575296444776 1.1144118901451925 8.5372458751679972 -4.5423165342014356 0.027059528185103234 -7.4020648676561782 -2.6262203069579879 17.42740485448585 13.725804375501941 5.7972258714346987 -8.5318114210358242 5.2630252131791302 -5.0748052387523668 -4.3257256505943209 -7.8065655556569027 0.45916440873315045 -7.6500241330934022 2.1382410825749583 -9.1067847940751321 -10.367979064677558 15.226331234279229 -1.6486133731563666 16.564559280593851 -10.180784393056241 -7.1628871371863063 -13.465035560653156 6.9970392679660183 -2.02244011356701 20.376108753834082 -0.70746822855494362 11.64647753449764 13.807989879992784 -4.7323962842519949 20.578731727698251 -16.139976312998094 -1.6904291269811254
leaf_weight=2959.4260191321373 503.80689087510109 382.02378594875336 762.23780801892281 1830.4460788965225 519.74326035380363 765.00825202465057 350.70623952150345 1048.0392794311047 217.36279991269112 106.07708647847176 524.58788347244263 2918.2501973211765 417.48464173078537 390.62254449725151 87.419332146644592 1308.7786918282509 920.04504102468491 1298.6708017587662 550.61238422989845 862.48459738492966 1320.6205089986324 1902.5456395149231 817.96766230463982 1228.0699749588966 895.46775233745575 1075.4735966920853 237.82025945186615 2039.7143856585026 213.88639423251152 1752.7148340940475 1721.5880332589149 977.67142808437347 519.75692471861839 86.47296404838562 23.284540414810181 149.05533921718597 52.684837430715561 653.50499364733696 457.87245154380798 2173.4856862723827 328.34982460737228 1289.0239999294281 774.91387668251991 449.25214597582817 156.30092492699623 100.42318314313889 28.624168008565903 108.86883613467216 19.412723869085312 885.48310974240303 955.88334238529205 159.48236772418022 852.09201249480247 237.42659810185432 36.707509130239487 825.80191853642464 846.96402496099472 37.575165331363678 276.86042955517769 55.794228702783585 95.090475142002106 465.79106405377388
leaf_count=3929 514 341 987 2519 678 678 472 1093 282 105 652 3366 575 503 103 1030 1187 1881 757 845 1482 1836 932 1410 1204 1587 254 3072 256 2267 2633 1041 754 77 15 183 84 842 612 2789 427 1911 943 645 215 112 24 131 16 1015 1333 144 1101 321 22 940 730 41 261 51 80 666
internal_value=-8.23286e-09 2.27719 0.589425 -1.58311 -4.13367 -4.50417 3.35159 3.84609 -1.41779 0.192955 -5.84395 5.69989 5.45196 -0.340523 6.18178 -6.67676 0.208313 4.15268 6.49863 5.41861 4.14746 -5.97438 -4.51993 -1.83996 5.4048 -2.47556 0.0928307 1.8684 -3.52894 -2.39384 2.08439 -7.95022 2.22116 3.99296 -5.39709 -3.89331 8.12318 1.07546 -0.0202322 -3.8947 -1.87752 -0.840634 -4.1058 2.9299 -0.764243 0.806023 -5.32972 -5.33986 -9.02168 -9.56825 -4.54018 -4.95049 5.94302 5.03153 1.84851 0.189827 8.35623 -3.16081 -0.773507 5.88287 -0.562938 -4.14017
internal_weight=46009.6 29666.6 19869 11121.6 16343 15839.2 8747.48 8396.77 4794.45 7588.02 11044.7 9797.58 5825.26 7205.99 5370.2 9143.03 2571.51 5979.68 5282.78 4234.74 3372.25 7834.25 4512.51 1901.71 2821.64 3664.28 1632.92 3541.71 3747.5 2929.53 3020.26 3321.74 1941.74 1421.98 3533.54 1377.13 3817.9 3151.09 2497.59 2852.71 1809.28 1526.84 2605.36 1501.02 605.553 1176.82 245.987 1419.19 928.18 908.768 2031.36 2332.97 1175.99 1089.52 1076.4 862.509 3765.21 455.06 441.523 164.663 1480.93 560.882
internal_count=56956 38470 25847 15068 18486 17972 10779 10307 6170 10560 11802 12623 6960 10219 6344 9557 3347 8443 6241 5148 4303 8527 5207 2245 3546 5190 2270 5029 4529 3597 4514 3320 2559 1805 4508 1593 4180 4526 3684 3611 2360 2165 3462 2064 860 1330 306 1484 1046 1030 2920 2933 1499 1422 1218 962 4096 616 443 182 1933 746
is_linear=0
shrinkage=0.05


Tree=18
num_leaves=63
num_cat=0
split_feature=48 12 1 43 28 1 51 41 43 37 34 41 43 28 1 40 16 277 5 41 43 6 35 40 11 43 11 13 11 21 43 304 41 37 11 51 37 34 13 1 40 39 276 16 13 5 34 37 263 1 1 23 276 14 15 1 43 11 1 31 5 11
split_gain=1.57464e+08 5.51036e+07 3.58844e+07 3.11729e+07 2.57432e+07 2.35664e+07 2.11879e+07 1.98943e+07 1.92656e+07 1.89084e+07 2.33745e+07 1.61063e+07 1.45459e+07 1.26929e+07 1.26877e+07 1.11492e+07 1.05009e+07 1.0427e+07 1.03996e+07 1.03905e+07 8.42089e+06 8.32236e+06 8.02414e+06 7.76103e+06 7.54354e+06 7.1948e+06 6.34018e+06 6.33821e+06 6.30723e+06 6.12384e+06 5.90364e+06 7.99968e+06 8.25905e+06 5.69106e+06 5.60833e+06 5.50634e+06 6.01112e+06 6.81114e+06 5.47514e+06 5.37233e+06 5.3448e+06 7.33035e+06 5.01818e+06 5.01776e+06 4.92152e+06 4.89981e+06 5.10435e+06 5.83867e+06 4.89467e+06 4.88482e+06 4.88344e+06 4.84816e+06 4.81187e+06 4.76919e+06 4.49017e+06 4.45372e+06 4.41113e+06 4.36746e+06 4.789e+06 4.91246e+06 4.2888e+06 4.14709e+06
threshold=1.0000000180025095e-35 1.0000000180025095e-35 4.5000000000000009 0.0065833333333333343 63.471428571428582 -13.499999999999998 1.0000000180025095e-35 0.4991666666666667 0.0084166666666666678 0.011583333333333336 0.011241486903353397 0.11083333333333335 0.010083333333333335 57.746428571428574 3.5000000000000004 0.0072557819783877434 3.5000000000000004 1.0000000180025095e-35 0.14595037453183524 0.080833333333333354 0.018062500000000006 0.18942218080149117 0.25250000000000006 0.020826180201107502 0.17939876215738287 0.0021944444444444446 0.28220211161387637 11.500000000000002 0.25105042016806728 41.500000000000007 0.014511904761904762 1.0000000180025095e-35 0.035833333333333342 0.0073571428571428581 0.28018691588785055 1.0000000180025095e-35 0.010175925925925927 0.015612560794598457 4.5000000000000009 11.500000000000002 0.017172170937584337 0.015839947089947095 1.0000000180025095e-35 2.5000000000000004 11.500000000000002 0.098678490697270041 0.031460702837027635 0.015083333333333336 1.0000000180025095e-35 14.500000000000002 4.5000000000000009 87.976190476190496 1.0000000180025095e-35 1.0000000180025095e-35 13.500000000000002 -10.499999999999998 0.011842592592592594 0.21011448057483864 13.500000000000002 7.5000000000000009 0.022347066167290892 0.25824574121058358
decision_type=2 2 2 2 2 2 2 2 2 2 2 2 2 2 2 2 2 2 2 2 2 2 2 2 2 2 2 2 2 2 2 2 2 2 2 2 2 2 2 2 2 2 2 2 2 2 2 2 2 2 2 2 2 2 2 2 2 2 2 2 2 2
left_child=3 14 5 15 26 34 49 9 17 10 38 13 27 -10 16 42 21 23 33 -14 28 35 30 43 -21 -17 -5 57 -15 45 31 32 -11 50 -3 -2 -37 -38 -8 -26 -32 54 -1 48 -13 46 47 -27 60 -6 55 -39 -9 -34 -42 -12 -53 -4 59 -59 -7 -29
right_child=1 2 12 4 6 8 7 52 11 22 18 44 19 20 -16 25 -18 -19 -20 24 -22 -23 -24 -25 39 29 -28 61 -30 -31 40 -33 53 -35 -36 36 37 51 -40 -41 41 -43 -44 -45 -46 -47 -48 -49 -50 -51 -52 56 -54 -55 -56 -57 -58 58 -60 -61 -62 -63
leaf_value=-1.4066470960135984 10.308199979017909 -0.97335096420238088 7.7915414403318941 11.419485017504863 3.3660770665318482 9.01151356248036 -6.564511267616064 7.861622651971591 10.537357310524465 -9.6369830338031317 -3.292302178041834 8.2883721911730799 -7.0106357716134413 3.7230656725713112 -7.0591622317205767 18.155769457425034 -8.5782598704890809 -2.3407410528371217 -4.3354383409292998 12.716106880607489 -3.5646991725380746 -4.3742494187105976 1.5114251405733767 10.619588090584022 1.05091540231675 4.2242644054545373 -2.7086422526240321 1.5211879124146368 -0.43566753906611766 10.887710133354618 -11.252215565709358 24.872553814519808 7.634701764073113 -0.31477834748853939 -10.990346216147074 3.881599974003465 -7.8207480193554337 15.725238427085486 -1.7391259222397293 -6.626056182458349 15.226761837668356 -7.9341620939996309 -13.75300762377266 1.0714535894137776 3.3204898908232212 -1.0006819384202301 14.397196440630688 -10.416244960526392 -17.063610335142119 -8.3468968882628012 -1.9854596163963099 5.0962197947603407 -16.774119082160762 -4.8035241603273349 -3.6963644591756615 8.6169574570113365 -4.0274766967956053 4.0190987902914079 -5.5490530481898013 -20.140546201224723 6.0293966029122892 -6.2011840821678987
leaf_weight=1718.54888433218 176.84678936004639 757.32612919807434 539.88648474216461 326.25489622354507 1000.2776824533939 1971.0536088943481 3799.9496386051178 355.86367434263229 401.3873416185379 1086.9633425176144 91.430748164653778 1799.908887386322 947.23867204785347 2492.4694790840149 1119.0622464418411 79.186863511800766 385.78557223081589 275.18007206916809 1107.4600929021835 106.27474248409271 754.65732198953629 722.01282316446304 269.72475901246071 1619.4515169262886 763.57131138443947 783.79762497544289 104.95530268549919 445.35618054866791 1437.5434932410717 208.97742560505867 1307.4634688198566 21.093051165342331 79.664977580308914 1489.586366891861 171.34794145822525 935.7278014421463 311.52893233299255 53.098274290561676 695.44226786494255 324.83631855249405 54.655533283948898 2159.4123616218567 86.441324919462204 371.8241203725338 689.51799437403679 820.40177610516548 109.893190741539 74.578839510679245 20.892352402210236 97.708019077777863 201.24678727984428 232.26596063375473 20.989947885274887 2363.1427315473557 73.513011127710342 555.27250030636787 308.36180865764618 1156.190139323473 163.6420835852623 21.430604457855225 3104.8625135421753 285.17714270949364
leaf_count=2348 205 1094 673 264 1494 2212 4142 459 346 1043 124 1900 1328 3344 1299 64 466 502 1484 107 959 972 365 1446 1124 1177 114 736 2135 268 1132 10 94 1906 238 1248 364 31 1113 423 63 2085 91 613 859 1193 103 93 21 97 286 323 20 2783 65 695 352 1713 265 21 3989 473
internal_value=-1.18865e-08 2.6973 3.76519 -3.17209 -4.0825 4.90682 -4.39156 -4.86022 5.38726 -5.13875 -3.4432 3.61701 -0.0455522 2.00406 -2.4906 0.876416 -0.854928 7.20853 -0.344279 -3.09968 1.27292 0.232561 -6.95429 7.57926 0.00122722 3.37452 7.98074 2.45924 2.20186 2.78859 -7.27383 -5.82777 -6.01122 1.54662 -2.82157 1.88095 1.07142 -1.83335 -5.81802 -1.24028 -8.70212 -7.24461 -1.99792 6.67891 6.91238 1.84233 4.25118 2.95224 7.08799 2.32376 4.81653 1.30825 6.48946 -4.39789 4.37312 6.93323 -0.10773 3.99421 2.46571 3.57944 7.1874 -1.49338
internal_weight=46009.6 24865.7 20621 21143.9 17262.1 15867.4 16830.9 15732.9 14938.7 15356 7940.39 7575.48 4753.6 5086.06 4244.69 3881.83 3125.63 7363.26 3445 2141.92 4684.67 2739.84 7415.63 7088.08 1194.68 2076.84 431.21 2611.68 3930.01 1997.65 7145.91 3550.86 3529.77 2337.54 928.674 2017.83 1840.98 905.255 4495.39 1088.41 3595.04 2287.58 1804.99 5468.63 2489.43 1788.67 968.27 858.376 5096.81 1097.99 847.95 593.726 376.854 2442.81 128.169 646.703 540.628 1881.15 1341.26 1177.62 5075.92 730.533
internal_count=56956 31781 26521 25175 19838 19658 19460 17869 18326 17390 9750 9543 6863 6784 5260 5337 3961 8783 4495 2982 6438 3495 7640 8281 1654 2898 378 3881 5479 2834 7275 3930 3920 3011 1332 2523 2318 1070 5255 1547 3345 2213 2439 6835 2759 2566 1373 1270 6222 1591 1105 706 479 2877 128 819 675 2672 1999 1734 6201 1209
is_linear=0
shrinkage=0.05


Tree=19
num_leaves=63
num_cat=0
split_feature=48 16 37 11 256 43 40 35 43 5 39 34 41 6 0 8 44 28 5 0 7 37 51 37 5 51 41 43 37 28 6 15 72 11 112 23 43 28 278 28 37 37 37 35 43 13 72 35 256 282 23 37 13 44 5 8 16 34 6 35 6 16
split_gain=1.42112e+08 5.14882e+07 3.84327e+07 3.10878e+07 3.0166e+07 2.79465e+07 2.46175e+07 2.30695e+07 1.82234e+07 1.66259e+07 1.55398e+07 1.49272e+07 1.41398e+07 1.38865e+07 1.70078e+07 1.09008e+07 1.03215e+07 9.58414e+06 8.00291e+06 7.98529e+06 7.83976e+06 7.51045e+06 6.8182e+06 6.70445e+06 6.12057e+06 5.86807e+06 7.9011e+06 7.73246e+06 5.78153e+06 5.71874e+06 6.21747e+06 5.61242e+06 5.36877e+06 5.35158e+06 5.55143e+06 5.08567e+06 5.05206e+06 5.04486e+06 5.03667e+06 4.81802e+06 4.71012e+06 4.70362e+06 4.68915e+06 4.66268e+06 4.78705e+06 4.66121e+06 4.62321e+06 5.11243e+06 4.55446e+06 4.44834e+06 4.30013e+06 4.27943e+06 5.25074e+06 4.24926e+06 4.22045e+06 4.87736e+06 4.21894e+06 4.65733e+06 5.6537e+06 4.07106e+06 4.06527e+06 4.03539e+06
threshold=1.0000000180025095e-35 2.5000000000000004 0.0063148148148148156 0.2983765383608275 1.0000000180025095e-35 0.0065833333333333343 0.025687270960150312 0.10916666666666668 0.014916666666666668 0.13182720953326715 0.024894153225806456 0.0095915265909860565 0.04083333333333334 0.10050505050505053 50.500000000000007 4.5000000000000009 0.4991666666666667 36.66771777690186 0.065681622088006916 34.500000000000007 4.5000000000000009 0.015879629629629636 1.0000000180025095e-35 0.01117857142857143 0.15821566110397947 1.0000000180025095e-35 0.4991666666666667 0.02235714285714286 0.01052777777777778 82.141711229946537 0.11451990632318503 1.5000000000000002 1.0000000180025095e-35 0.21828631138975971 1.0000000180025095e-35 55.601330203442892 0.0043541666666666676 52.690000000000005 1.0000000180025095e-35 23.777504105090316 0.0060208333333333338 0.0034166666666666672 0.060916666666666681 0.079166666666666677 0.030527777777777782 12.500000000000002 1.0000000180025095e-35 0.069166666666666682 1.0000000180025095e-35 1.0000000180025095e-35 36.405648267008992 0.013416666666666669 8.5000000000000018 0.94250000000000012 0.055175038051750384 3.5000000000000004 3.5000000000000004 0.015790532324240592 0.12318229715489991 0.085833333333333359 0.15170694284618338 3.5000000000000004
decision_type=2 2 2 2 2 2 2 2 2 2 2 2 2 2 2 2 2 2 2 2 2 2 2 2 2 2 2 2 2 2 2 2 2 2 2 2 2 2 2 2 2 2 2 2 2 2 2 2 2 2 2 2 2 2 2 2 2 2 2 2 2 2
left_child=4 2 11 7 5 16 8 9 12 13 43 41 17 14 20 24 -1 -7 48 31 38 46 -10 -11 61 -12 27 -27 -22 -21 49 -9 56 -15 -35 -24 -5 -20 -4 -13 -29 -2 51 44 -8 -41 47 -17 60 -31 -16 52 -37 -30 -52 -56 57 -18 -59 -38 -3 -14
right_child=1 18 3 36 -6 6 10 19 22 23 25 39 15 33 50 21 32 -19 37 29 28 -23 35 -25 -26 26 -28 40 53 30 -32 -33 -34 34 -36 42 59 -39 -40 45 -42 -43 -44 -45 -46 -47 -48 -49 -50 -51 54 -53 -54 -55 55 -57 -58 58 -60 -61 -62 -63
leaf_value=6.301396264518722 6.8911967867477903 1.1917915497302161 6.8919209447641041 5.1645377892207378 -9.6258805985433096 14.471471069846874 -0.07224876079178412 4.1622728095324524 0.36967965363973965 -0.54571329950646408 4.4211847463420693 16.77845716453643 4.7154150978804497 2.3565833730222323 15.130662566861913 -2.9718017829990928 -0.18890421079203687 -5.6883809326015502 13.497076438507108 11.664145827682516 1.2517351661121481 -7.440450628828235 6.5025071138754074 -7.9266912090133932 -2.3676450341566091 -0.4103741260693422 5.4562592301973929 11.280963526719821 -5.8289730429103379 7.1684554350712304 1.4749317021649118 -15.395887772987676 -9.0770641127973501 -3.0369998351750578 27.816687384500483 -7.3551878857462416 -6.2611071104893625 -6.7536105224880174 -13.553192082828136 8.2731804589423721 -9.6390391183510786 1.5688371202865916 10.308559077092903 9.596725677740034 11.615569320730222 3.9881196903145213 -8.8858267480648774 2.0129363223229801 -8.7231892642490276 -13.203427949944606 7.0415316273561492 -9.5253085476026644 -0.46321839639433232 13.477531899334322 9.3885274931586942 1.9770999719077833 -5.7130417626448429 2.2440394595085782 13.275418113143472 -1.047485259824338 -4.9356596811590618 -2.0775179571055822
leaf_weight=845.62292683124542 558.34383279085159 1137.4055015444756 448.0075378715992 139.97268187999725 1594.715637922287 59.941042244434357 375.7772630751133 75.709863901138306 299.49871444702148 672.03241524100304 300.44844633340836 147.8986351788044 1128.8348157703876 794.366808116436 119.96478280425072 1364.226809322834 1761.9680369198322 3582.7857989370823 31.463586300611496 479.74855881929398 742.76683554053307 771.70764744281769 64.292347252368927 567.44443112611771 685.13860708475113 511.75289636850357 216.31048998236656 28.174608916044235 691.47486889362335 2457.8019333779812 656.3729667365551 71.153275221586227 153.84043049812317 1466.3253800272942 14.725521653890608 1699.3099292516708 1250.4714099466801 1364.7279701828957 32.294896334409714 4156.691769182682 597.53696224093437 1618.1578987538815 35.929915100336075 477.09820148348808 114.24127694964409 748.99013948440552 208.39932736754417 825.71109464764595 178.22047451138496 27.091746419668198 1885.243833988905 1924.7269969880581 330.03243714570999 29.72526279091835 275.92554733157158 1135.5061848461628 245.90001916885376 519.21042150259018 149.61813589930534 534.46212154626846 355.2279886007309 271.14585396647453
leaf_count=1113 742 1682 528 181 1561 44 494 96 437 1008 402 60 1453 1086 78 1923 2504 4038 17 351 1032 823 66 685 897 628 270 37 904 2861 899 71 175 2050 8 1751 1579 1894 28 4579 591 2331 28 548 125 1027 242 1143 263 38 2384 1739 488 32 325 1604 369 755 167 806 552 364
internal_value=2.04192e-09 2.56243 3.41586 1.93686 -3.01348 -2.47408 -3.38386 2.83807 -4.25963 1.44653 1.04341 6.39604 -2.96263 2.31836 3.70747 -1.30316 1.4542 -5.35665 -3.50323 6.11606 -0.0258628 -3.15004 -6.91032 -3.9248 1.50469 -1.90015 -3.30307 -4.96882 -1.84445 6.57962 5.80309 -5.3134 0.00610212 -0.954384 -2.73023 -7.44811 -3.98268 -6.29726 5.51722 7.88701 -8.69705 2.9342 -7.6729 6.07828 2.65261 7.61895 -1.76952 -1.09232 -1.1685 6.94635 5.83196 -7.83629 -6.23435 -5.03323 5.49358 3.42598 0.528148 1.15951 4.71178 -4.69999 -0.266465 3.39977
internal_weight=46009.6 24865.7 21798.7 14568.6 21143.9 19549.2 15873 12643.7 13251.7 8875.8 2621.34 7230.08 8897.89 7636.33 5360.91 5255.16 3676.16 3642.73 3067.05 3767.88 1944.27 3170.04 4353.79 1239.48 2085.12 1654.22 1353.77 1137.46 1463.97 3621.02 3141.27 146.863 2830.54 2275.42 1481.05 4054.29 1924.91 1396.19 480.302 5053.58 625.712 2176.5 3990 967.117 490.019 4905.68 2398.34 2189.94 1670.85 2484.89 3416.64 3954.07 2029.34 721.2 3296.68 1411.43 2676.7 2430.8 668.829 1784.93 1492.63 1399.98
internal_count=56956 31781 27373 18634 25175 23614 18531 16068 15436 11752 3095 8739 10927 10059 6915 6845 5083 4082 4408 4316 2524 4131 4509 1693 2714 1928 1526 1256 1968 4149 3798 167 3970 3144 2058 4072 2566 1911 556 5666 628 3073 4006 1167 619 5606 3308 3066 2497 2899 4391 3978 2239 936 4313 1929 3795 3426 922 2385 2234 1817
is_linear=0
shrinkage=0.05


Tree=20
num_leaves=63
num_cat=0
split_feature=12 1 43 41 37 28 43 34 256 1 35 37 34 41 48 35 1 12 276 23 35 39 72 37 40 37 41 43 1 43 39 40 35 39 16 40 1 40 43 40 1 33 2 16 39 6 0 14 1 0 22 6 34 0 0 12 8 43 28 39 1 43
split_gain=1.2906e+08 6.95519e+07 4.2722e+07 3.32777e+07 2.73398e+07 2.1761e+07 1.93172e+07 1.91216e+07 1.80652e+07 1.71282e+07 1.44624e+07 1.31867e+07 1.43522e+07 1.1761e+07 9.84616e+06 8.91032e+06 8.72996e+06 8.10759e+06 7.76563e+06 7.66251e+06 7.39389e+06 7.29628e+06 6.98856e+06 7.48866e+06 6.85534e+06 6.62278e+06 6.54731e+06 9.14257e+06 7.06194e+06 6.5322e+06 6.41231e+06 7.21232e+06 7.56385e+06 7.59179e+06 6.18816e+06 6.17998e+06 6.16978e+06 5.7671e+06 5.5503e+06 6.57683e+06 5.51992e+06 8.03663e+06 6.38725e+06 5.47937e+06 5.21564e+06 5.19571e+06 4.81174e+06 6.55426e+06 4.69767e+06 5.17223e+06 4.74982e+06 4.6488e+06 4.52399e+06 4.44562e+06 4.20577e+06 4.19058e+06 6.49698e+06 4.13325e+06 4.13159e+06 4.8005e+06 4.10962e+06 4.0088e+06
threshold=1.0000000180025095e-35 5.5000000000000009 0.0050833333333333347 0.11083333333333335 0.011361111111111112 91.163129973474824 0.010083333333333335 0.016248502447290876 1.0000000180025095e-35 9.5000000000000018 0.09583333333333334 0.011842592592592594 0.0096676492086476083 0.080833333333333354 1.0000000180025095e-35 0.049166666666666671 -9.4999999999999982 12.500000000000002 1.0000000180025095e-35 83.635489510489535 0.054166666666666675 0.018019850628930821 1.0000000180025095e-35 0.0071944444444444451 0.0092128961976872068 0.020175925925925927 0.49666666666666676 0.022194444444444451 12.500000000000002 0.031583333333333345 0.03549201161946261 0.042677078267540754 0.13583333333333336 0.024894153225806456 2.5000000000000004 0.009365539234455109 -11.499999999999998 0.012667148499556228 0.00617857142857143 0.044648267525349651 -5.4999999999999991 0.016322684246112242 -1.0000000180025095e-35 1.5000000000000002 0.0096883827683615833 0.15821566110397947 46.500000000000007 3.5000000000000004 -7.4999999999999991 34.500000000000007 33.500000000000007 0.095564253098499682 0.027233158139896591 60.500000000000007 77.500000000000014 8.5000000000000018 4.5000000000000009 0.052250000000000005 23.777504105090316 0.020562330623306237 -16.499999999999996 0.0086851851851851864
decision_type=2 2 2 2 2 2 2 2 2 2 2 2 2 2 2 2 2 2 2 2 2 2 2 2 2 2 2 2 2 2 2 2 2 2 2 2 2 2 2 2 2 2 2 2 2 2 2 2 2 2 2 2 2 2 2 2 2 2 2 2 2 2
left_child=5 2 24 4 7 20 17 14 9 11 25 12 38 -8 51 -13 -9 35 58 -5 45 36 23 -14 -2 48 27 28 55 44 31 32 33 -21 60 -3 -12 -38 -7 -40 57 42 -42 -37 -25 -1 -43 53 -6 -50 -51 54 -49 -48 -4 56 -15 -17 -18 -60 -16 -23
right_child=1 6 3 19 10 8 13 16 -10 -11 21 15 22 26 34 40 18 -19 -20 30 -22 61 -24 29 -26 -27 -28 -29 -30 -31 -32 -33 -34 -35 -36 43 37 -39 39 -41 41 46 -44 -45 -46 -47 47 52 49 50 -52 -53 -54 -55 -56 -57 -58 -59 59 -61 -62 -63
leaf_value=3.74915278566862 4.4717083255996561 -2.1627558009767589 -1.5541222561960877 11.258391162480436 -6.1156848376808099 -0.46795316893517996 -7.2922840231396666 -1.5138894064558601 -9.6858380038131831 -8.7350729561811384 -6.3297141655217999 -9.2029380948058339 5.9269256308541713 15.468024527968007 -6.3214072207076155 -7.291241597540365 16.778928457914795 -3.5885943528701247 -12.654391535774659 4.6115407176846857 9.8088983750748291 7.0825552764571995 -6.4979983989799255 5.6521503398571138 8.6169768963001392 -8.7942340558372187 7.5551721390253679 -7.9558213820292822 -5.7184809881251644 15.946521337249818 -1.6156992790983613 8.9742567583071011 8.9818433287049722 -1.8440227453528089 -3.4330785202602017 4.7930160329728713 1.1534033481196742 8.1173953744655858 -5.7856769582339425 8.4855257212078588 13.420468279041206 -6.0322376352563429 -0.36017659868870261 -1.7831224275903719 -2.0135508963882525 -14.432913840804815 2.0838084083369206 -5.7292579728902346 -6.3571783459190598 -2.5445805063582752 2.9735175796524795 -5.1985975628725436 3.2280398620015269 21.104244336002139 4.6588916332035266 -0.55196524606033515 0.92028958842797626 10.203594926704454 7.4791757390401106 2.024112663675167 3.3918494906174077 -3.5245131008254149
leaf_weight=108.9352542757988 1449.5181432366371 713.259287327528 1328.3636316359043 532.57609006762505 826.41994309425354 862.18233773112297 2164.0120035409927 382.94979655742645 1488.6914715766907 1543.7205844819546 139.76816958189011 1031.4421977698803 820.24675711989403 127.3593313395977 112.50574836134911 1082.6635031998158 101.41714522242546 970.35479551553726 51.864775151014328 1656.2661469876766 364.40305984020233 100.82024049758911 265.20860260725021 270.76799148321152 3197.5960570275784 576.01836609840393 164.94185423851013 594.3432599902153 422.77847620844841 61.883789509534836 347.01147526502609 1073.9586274623871 641.26130327582359 628.14551088213921 407.00022521615028 1419.1639712154865 571.7130067050457 619.35508781671524 2046.2971210479736 84.04589170217514 125.31480020284653 1043.5813955068588 255.56347289681435 407.77465260028839 1229.3001195788383 61.458887338638306 79.590331763029099 444.21665900945663 457.40636071562767 975.40418004989624 649.75496530532837 674.27640056610107 206.48948055505753 50.032605201005936 342.64363640546799 525.82852491736412 193.12328770756721 34.847399234771729 2251.7791259586811 491.2902370095253 3393.9678795933723 764.73831802606583
leaf_count=133 2073 1172 1849 416 1005 1130 2636 575 1406 1445 188 957 973 146 166 1213 50 1461 64 2130 319 113 327 390 3285 633 237 643 504 59 477 1080 686 877 707 2047 755 742 2347 91 147 1135 308 686 1615 64 89 492 559 1376 924 944 247 36 524 811 295 38 2717 697 4777 968
internal_value=-8.77162e-09 1.71193 3.00346 2.00449 0.852525 -4.09635 -2.43711 2.48808 -4.50218 -3.83333 -1.89328 -3.07616 -1.48039 -4.72835 0.867581 -5.14335 5.58091 0.29914 6.51897 5.59774 5.78869 1.28438 1.20125 2.05841 7.32399 -3.89598 -1.99297 -2.83812 -0.44139 0.0268857 4.90416 5.46983 4.18342 2.83645 2.40282 1.78425 3.60846 4.77468 -3.85277 -5.22265 -3.88301 -2.43203 4.17387 3.32521 -0.629863 -2.80888 -3.81151 -0.841599 -2.92606 -1.66033 -0.338389 -1.69421 -2.88683 9.42543 -0.28013 2.1948 6.70154 -6.7457 6.86857 6.50216 3.0802 -2.289
internal_weight=46009.6 32448.7 24745.8 20098.7 15219.5 13560.9 7702.94 9538.06 13026.1 11537.4 5681.4 9993.67 5639.93 4192.39 6258.76 4353.74 3279.3 3510.55 2896.35 4879.22 534.797 2196.39 2647.41 2382.2 4647.11 3485 2028.37 1863.43 1269.09 1561.95 4346.64 3999.63 2925.67 2284.41 3913.47 2540.2 1330.84 1191.07 2992.53 2130.34 3322.3 2204.79 380.878 1826.94 1500.07 170.394 1823.91 780.329 2908.99 2082.57 1625.16 2345.28 650.706 129.623 1671.01 846.311 320.483 1117.51 2844.49 2743.07 3506.47 865.559
internal_count=56956 41995 31357 25999 20333 14961 10638 13070 14445 13039 7263 11594 6932 5272 8967 4662 4103 5366 3528 5666 516 2766 3364 3037 5358 4497 2636 2399 1756 2064 5250 4773 3693 3007 5650 3905 1685 1497 3568 2438 3705 2454 455 2733 2005 197 1999 864 3864 2859 2300 3317 739 125 2373 1252 441 1251 3464 3414 4943 1081
is_linear=0
shrinkage=0.05


Tree=21
num_leaves=63
num_cat=0
split_feature=13 256 43 11 23 28 1 12 40 5 1 10 1 43 5 13 34 1 1 11 34 33 34 13 43 11 43 43 40 8 72 1 40 6 23 22 40 40 40 6 33 5 38 40 15 23 1 1 34 10 5 16 9 6 16 16 11 27 39 6 43 5
split_gain=1.18344e+08 5.1366e+07 4.35776e+07 3.01978e+07 2.23136e+07 2.05512e+07 2.02242e+07 1.89801e+07 1.79815e+07 1.68041e+07 1.45024e+07 1.60056e+07 1.29893e+07 1.20402e+07 1.15265e+07 8.98298e+06 8.09755e+06 7.99651e+06 7.35335e+06 7.34832e+06 7.32347e+06 8.2831e+06 8.81909e+06 7.01743e+06 6.9975e+06 6.84362e+06 6.82579e+06 6.18926e+06 5.98553e+06 5.81244e+06 5.73201e+06 5.67814e+06 5.61182e+06 5.50947e+06 5.45401e+06 5.40538e+06 5.2678e+06 5.12334e+06 5.79851e+06 5.40111e+06 5.05524e+06 4.92367e+06 4.87266e+06 4.8272e+06 5.45626e+06 4.76278e+06 4.66812e+06 5.98829e+06 4.60982e+06 4.52764e+06 5.50218e+06 4.4937e+06 4.46519e+06 4.41383e+06 4.40078e+06 4.36173e+06 4.33657e+06 4.19069e+06 4.17374e+06 4.13661e+06 4.10617e+06 4.02411e+06
threshold=1.0000000180025095e-35 1.0000000180025095e-35 0.0058796296296296305 0.25824574121058358 64.199095022624448 88.301215277777786 9.5000000000000018 4.5000000000000009 0.047467981820753832 0.13667496886674971 -13.499999999999998 8.5000000000000018 8.5000000000000018 0.0080277777777777795 0.039344685242518065 7.5000000000000009 0.015983608139680378 13.500000000000002 -10.499999999999998 0.34641025641025647 0.026059807361136795 0.022397103658536591 0.015790532324240592 14.500000000000002 0.02052777777777778 0.22476265133699158 0.01052777777777778 0.012194444444444445 0.0092128961976872068 3.5000000000000004 1.0000000180025095e-35 -13.499999999999998 0.016126793191102284 0.1283882783882784 160.61410018552877 32.500000000000007 0.037078432431504015 0.018513322678348976 0.0079910499206325893 0.17684288905435594 0.010837912087912091 0.17684288905435594 0.99416666666666675 0.015741604082263796 18.500000000000004 105.36317567567569 -8.4999999999999982 2.5000000000000004 0.011241486903353397 1.5000000000000002 0.11342195540308748 2.5000000000000004 1.0000000180025095e-35 0.10733486943164364 1.5000000000000002 2.5000000000000004 0.17579087579087582 0.14650406504065042 0.03549201161946261 0.17047223663726002 0.0032500000000000007 0.038278388278388288
decision_type=2 2 2 2 2 2 2 2 2 2 2 2 2 2 2 2 2 2 2 2 2 2 2 2 2 2 2 2 2 2 2 2 2 2 2 2 2 2 2 2 2 2 2 2 2 2 2 2 2 2 2 2 2 2 2 2 2 2 2 2 2 2
left_child=4 2 16 5 -1 45 7 26 12 10 59 14 15 31 27 33 25 23 -17 24 21 22 40 43 41 -2 28 52 42 -16 55 -9 -11 35 61 -5 56 38 39 -28 48 -20 -6 44 -13 -4 -30 -48 -15 -33 -51 -31 -12 -49 -22 -27 -29 -37 -38 -7 -18 -24
right_child=1 -3 3 8 6 9 -8 13 -10 32 11 17 -14 20 29 18 60 -19 19 -21 54 -23 34 -25 -26 30 37 36 46 51 -32 49 -34 -35 -36 57 58 -39 -40 -41 -42 -43 -44 -45 -46 -47 47 53 -50 50 -52 -53 -54 -55 -56 -57 -58 -59 -60 -61 -62 -63
leaf_value=7.3394478071643396 6.5606995028237201 -7.8843476223539639 10.003675444624191 0.26473542091051566 -5.1866521793706406 -0.47368622610456446 -7.4543374812635452 -7.6839673848932755 7.9630975800091193 -5.0518556786276356 -7.905051066773698 5.9342941887887442 -6.7689745994946211 -2.4347232702472104 4.2308717504511968 -7.5220874314266384 10.825078754597557 -3.9866899680729264 0.75142291929598215 -7.88601541954253 5.7079340082612866 -9.965315312516962 9.4098080399753616 1.941507485839997 -6.1487395867955463 3.7472634501159123 -3.243379396393236 4.1129044695237722 -7.3184178367579653 -1.95030959974111 -8.7304937451958136 -8.3528672480634931 0.36025654998606943 -3.5972010363606559 -14.058986674759055 8.2221253794023337 10.362261200635652 -3.6557490573153637 -8.0759572524553622 18.234400607839671 -6.1309862391161447 -7.8962322511111358 2.497208542912337 7.9732701276777096 -1.5046360163002348 0.025577854346525944 5.4130957283589485 1.4830451618130021 9.496933528816939 6.5920876043507493 0.59898219459718804 -9.2767418739125382 5.6963706763073114 -11.696852345289617 -2.2657148636089501 -3.4337526253457025 -3.3516429759688551 -16.825407239253678 -2.3652513603861283 -7.8560767172399402 6.5918271475534995 0.86239990726845583
leaf_weight=468.36169084906578 1681.3760153353214 1287.8486832678318 1052.9794813096523 470.87009847164154 1872.0337990522385 411.76090744137764 2969.4751569032669 123.55469343066216 483.93250474333763 949.25117611885071 62.720863580703735 1146.9973614513874 1187.1340506076813 706.11983901262283 324.70510599017143 549.06209027767181 743.03762695193291 225.68548026680946 2886.4081638157368 387.32759922742844 412.56046426296234 401.03758260607719 166.0957113802433 1017.0892675817013 495.08607867360115 1808.8074724376202 133.41327494382858 270.20201727747917 157.34234136343002 1306.7057967782021 111.55872124433517 77.654613852500916 966.79784986376762 284.82192263007164 53.606443971395493 562.00791794061661 203.9203722178936 1426.9523715078831 2305.4009829163551 37.498857378959656 1289.6871592700481 174.55512458086014 231.8789276778698 2427.0515320301056 313.97376671433449 134.91604298353195 490.33454099297523 154.15995639562607 91.433184057474136 891.19229298830032 671.57253751158714 249.21113705635071 1590.1652543246746 108.04348206520081 298.06192761659622 239.45293125510216 695.13642808794975 17.210598289966583 94.15518319606781 351.94040074944496 2500.7548497915268 805.52404543757439
leaf_count=479 2144 1725 868 693 2180 579 2896 135 507 1346 69 1599 1542 972 457 791 618 339 4251 529 507 411 188 1472 576 2654 148 353 206 1807 150 101 1310 387 41 673 197 1492 2117 32 1576 240 267 2794 490 198 600 217 117 1194 1041 279 2007 99 405 410 964 14 128 483 2827 1065
internal_value=-2.4402e-09 1.88214 2.32534 1.19516 -3.41655 2.58336 -3.73389 -2.87781 -1.35879 1.99098 2.76375 3.2745 -2.00191 -0.816927 1.19819 -1.03078 5.72208 5.2157 -2.10089 -1.34606 -2.26577 -3.20205 -2.33062 5.6391 -0.633729 4.16873 -4.66192 3.16641 -2.87443 -1.85394 2.30663 2.65256 -2.32102 2.57052 1.46695 4.24343 0.531767 -6.04208 -7.41718 1.46894 -4.19594 0.25828 -4.33979 6.60638 4.33561 8.87041 0.513901 2.1515 -1.06685 3.4311 4.01665 -3.12378 5.18025 -3.94786 2.36348 2.90776 -1.26229 7.47788 6.34193 -3.87575 7.56151 2.32356
internal_weight=46009.6 29666.6 28378.8 21293.8 16343 13795.4 15874.6 12905.2 7498.42 12607.5 10691.4 9927.72 7014.48 5988.1 4796.92 5827.35 7084.99 5130.8 4492.44 3943.38 4224.13 3513.5 3112.47 4905.11 3556.05 3841.2 6917.06 2916.3 3013.79 1880.62 2159.82 1763.97 1916.05 1334.91 1025.23 1050.09 1263.41 3903.27 2476.31 170.912 2087.24 3060.96 2103.91 3888.02 1460.97 1187.9 909.88 752.538 797.553 1640.42 1562.76 1555.92 1652.89 262.203 710.622 2048.26 965.338 579.219 298.076 763.701 3243.79 971.62
internal_count=56956 38470 36745 27942 18486 17739 18007 15111 10203 16673 14017 12955 9696 7753 6261 8154 8803 6694 6387 5596 5282 4370 3959 6355 5067 5358 7358 3718 3569 2543 3214 2471 2656 1767 1294 1380 1642 3789 2297 180 2665 4491 2447 4883 2089 1066 1122 916 1089 2336 2235 2086 2076 316 912 3064 1317 687 325 1062 3445 1253
is_linear=0
shrinkage=0.05


Tree=22
num_leaves=63
num_cat=0
split_feature=12 5 43 0 51 256 277 256 41 28 28 5 11 43 41 43 0 15 41 11 41 43 51 43 27 35 21 34 17 21 7 34 33 0 35 72 21 11 38 39 43 32 27 7 22 0 43 13 15 27 41 15 25 22 41 27 21 33 303 31 27 18
split_gain=1.07239e+08 6.54342e+07 3.71077e+07 2.50039e+07 1.89518e+07 1.70883e+07 1.67616e+07 1.63574e+07 1.43727e+07 1.41643e+07 1.31705e+07 1.30584e+07 1.19933e+07 1.09585e+07 1.27107e+07 1.04262e+07 1.11548e+07 9.51489e+06 9.48386e+06 7.02712e+06 7.01872e+06 6.51421e+06 6.40491e+06 6.01638e+06 5.97345e+06 6.2752e+06 5.94041e+06 6.10978e+06 5.86318e+06 6.01528e+06 5.65819e+06 6.06245e+06 7.98622e+06 5.33927e+06 5.26445e+06 5.25065e+06 5.16993e+06 5.10178e+06 5.05124e+06 4.83701e+06 4.81505e+06 4.81062e+06 4.79395e+06 4.9321e+06 4.67122e+06 4.87853e+06 4.66918e+06 5.15418e+06 4.57366e+06 4.48829e+06 4.47134e+06 4.66096e+06 4.35328e+06 4.23634e+06 4.05059e+06 4.33326e+06 3.99898e+06 3.99164e+06 3.90947e+06 3.8751e+06 3.84205e+06 3.77971e+06
threshold=1.0000000180025095e-35 0.13293172690763055 0.0082500000000000021 52.500000000000007 1.0000000180025095e-35 1.0000000180025095e-35 1.0000000180025095e-35 1.0000000180025095e-35 0.11083333333333335 60.988095238095248 26.831349206349213 0.16152751423149908 0.2208547266686802 0.0092129629629629645 0.11750000000000001 0.0067500000000000008 53.500000000000007 4.5000000000000009 0.067500000000000018 0.1862407031778229 0.47666666666666674 0.0042129629629629635 1.0000000180025095e-35 0.0026875000000000007 0.13383084577114432 0.067500000000000018 33.500000000000007 0.016074245777367782 3.5000000000000004 41.500000000000007 4.5000000000000009 0.02817975328053831 0.01934983896940419 70.500000000000014 0.062500000000000014 1.0000000180025095e-35 39.500000000000007 0.26106541323932636 0.26250000000000001 0.0099743529040404056 0.096500000000000016 0.17108013937282232 0.13819628647214857 7.5000000000000009 30.500000000000004 26.500000000000004 0.031583333333333345 15.500000000000002 17.500000000000004 0.16542288557213933 0.099166666666666681 3.5000000000000004 1.0000000180025095e-35 32.500000000000007 0.28583333333333338 0.068337484433374854 41.500000000000007 0.028013312852022531 1.0000000180025095e-35 4.5000000000000009 0.028991596638655467 2.5000000000000004
decision_type=2 2 2 2 2 2 2 2 2 2 2 2 2 2 2 2 2 2 2 2 2 2 2 2 2 2 2 2 2 2 2 2 2 2 2 2 2 2 2 2 2 2 2 2 2 2 2 2 2 2 2 2 2 2 2 2 2 2 2 2 2 2
left_child=4 2 6 10 38 8 18 9 12 -6 -4 15 48 23 60 34 20 -14 21 -18 -17 -2 -12 -3 25 -19 -21 -28 30 50 44 32 61 -16 -11 53 39 -23 -1 -25 -22 56 43 -39 -24 -46 47 58 49 -5 52 -52 -30 -13 55 -10 -20 -33 -27 -36 -15 -32
right_child=1 13 3 5 7 -7 -8 -9 54 11 22 35 17 14 33 16 19 24 41 26 40 37 28 36 -26 46 27 -29 29 -31 31 57 -34 -35 59 -37 -38 42 -40 -41 -42 -43 -44 -45 45 -47 -48 -49 -50 -51 51 -53 -54 -55 -56 -57 -58 -59 -60 -61 -62 -63
leaf_value=12.326189333962104 6.6282166255609418 10.200218051575908 11.19129958916456 6.5304304599062322 7.8596625297098974 -8.2057509754965405 -4.0184474480615604 -9.2049661036316497 10.845914274834954 -1.3785956354507114 3.6384122689046237 -8.2346109292745862 4.7134862643667859 5.6159509767572358 -3.0638402979403381 -5.755209357214305 8.2963410581721551 -3.4531002349919522 6.7679841308865853 -4.6365247517380013 11.059155512926095 4.3213074953086856 -3.3380689878638372 -5.0190392861339959 -12.10686424595716 1.7477085116349464 -2.8709938140168694 4.0904953085336766 13.08081082251541 4.368568967541111 0.29030233800072097 8.410207101153274 -9.224205825734094 4.5830800547124637 3.501116334893223 -13.584325778042302 3.8931252280830031 -0.72262045322948598 1.8569122787950869 -0.054869552598855488 -15.199738180623493 -12.60617299319007 -17.028051827806415 5.8720306933706246 -5.1892345134125026 6.4794924184455631 22.135052285872362 -6.6143513796138524 0.23483176018000762 -13.613094215082555 3.8613624530211212 -9.1200600558724734 -9.3341820006912215 -3.3274706021804898 9.0475812470055654 4.0157595328663751 11.253268973800763 -1.6885993248108289 25.878983717561308 23.409522846248791 -5.7179507810458823 -4.5060306828269585
leaf_weight=138.52395632863045 1853.8310638666153 133.51758062839508 193.59248211979866 1493.4859584569931 264.85963028669357 344.5981083214283 493.02102911472321 1451.7671321332455 265.11220195889473 1359.9680295884609 445.00559267401695 1150.4537146389484 848.27804961800575 76.404403895139694 418.10557150840759 4274.8017191886902 178.56729996204376 1257.6198805868626 3608.1582284867764 1121.7366673350334 99.719253957271576 2791.9897803366184 293.08380255103111 737.90242946147919 122.51223748922348 1311.7390736043453 679.2417798936367 588.04794332385063 22.27242723107338 134.79268488287926 820.41350689530373 180.03225329518318 519.32566106319427 502.75544956326485 519.02995786070824 290.65008071064949 504.57411161065102 1010.0162550806999 684.67701494693756 1464.825380384922 21.162636041641235 30.308678597211838 37.321164280176163 394.17180013656616 109.47328051924706 492.77788206934929 26.429727405309677 196.76749601960182 414.83423763513565 28.175212681293488 169.0423643887043 117.00903379917145 789.0725254714489 712.02619618177414 793.03990992903709 1871.5078044831753 576.32200536131859 214.34411486983299 17.001607596874237 25.650701254606247 3501.5684786438942 822.59750980138779
leaf_count=139 2301 141 138 1916 222 462 893 1355 209 1755 631 1141 1176 92 601 4463 237 1826 4076 1336 104 3871 429 1156 124 1772 837 692 20 166 1049 217 564 625 692 203 689 1590 949 2226 16 33 39 559 146 655 16 282 640 25 202 124 931 807 732 2448 467 283 4 13 4348 1101
internal_value=-2.81344e-09 1.56051 2.77445 1.1052 -3.73402 2.7131 4.98781 -4.2092 3.14826 -3.56657 -1.6108 -3.84116 1.68895 -2.59239 -4.12764 -2.9931 -3.88975 0.0498569 5.41881 -1.27131 -5.41923 4.15648 -2.09399 -0.1611 -1.29938 -0.828113 -1.98644 0.359277 -2.63857 -5.59942 -1.58171 -2.77962 -3.81941 1.11109 0.284992 -7.33401 -0.672095 3.07412 3.61863 -1.71784 6.46204 7.24197 0.658493 1.12857 1.83901 4.35843 1.29906 0.938069 4.88871 6.15745 -6.82379 -1.44868 -8.71886 -6.35861 5.99592 4.86325 7.38574 2.92149 2.05647 4.43866 -5.47593 -2.11105
internal_weight=46009.6 32448.7 25109.1 14313.9 13560.9 8991.1 10795.1 12737.7 8646.5 11285.9 5322.84 11021.1 5716.84 7339.65 4498.83 8867.93 6963.28 3780.35 10302.1 2567.59 4395.68 6087.33 5129.24 2840.82 2932.07 2809.56 2389.03 1267.29 4684.24 1232.19 3452.05 2556.71 2162.34 920.861 1904.65 2153.13 2707.3 4233.5 823.201 2202.73 120.882 4214.79 1441.51 1404.19 895.335 602.251 1551.94 1525.51 1936.5 1521.66 1097.4 286.051 811.345 1862.48 2929.66 2136.62 4184.48 394.376 1328.74 544.681 3577.97 1643.01
internal_count=56956 41995 32117 18288 14961 11632 13829 13873 11170 12518 6656 12296 7781 9878 5666 10145 7685 5200 12936 3102 4583 8360 6518 4212 4024 3900 2865 1529 5887 1443 4444 3214 2714 1226 2460 2151 4071 6059 1088 3382 120 4576 2188 2149 1230 801 2074 2058 2581 1941 1277 326 951 1948 3389 2657 4543 500 1776 705 4440 2150
is_linear=0
shrinkage=0.05


Tree=23
num_leaves=63
num_cat=0
split_feature=13 37 51 38 1 38 23 12 1 16 37 43 37 11 1 21 1 43 40 22 40 39 43 1 39 40 40 21 0 276 16 0 114 1 413 40 40 28 43 37 40 7 7 276 23 21 10 17 239 37 1 43 114 28 39 37 12 1 21 296 13 38
split_gain=9.76618e+07 4.56691e+07 2.66693e+07 2.36362e+07 1.94582e+07 1.76884e+07 1.72674e+07 1.40836e+07 1.40102e+07 1.27936e+07 1.08348e+07 1.04243e+07 1.01759e+07 9.83552e+06 8.40458e+06 7.11928e+06 7.05523e+06 6.6037e+06 7.59777e+06 6.11968e+06 5.86352e+06 6.67839e+06 6.24201e+06 5.67228e+06 6.36555e+06 9.08466e+06 6.23786e+06 6.17982e+06 5.59875e+06 5.53871e+06 5.81218e+06 6.40078e+06 6.37161e+06 5.4354e+06 5.27875e+06 5.43579e+06 5.19649e+06 5.15531e+06 4.88228e+06 4.8557e+06 4.88212e+06 4.74791e+06 4.70751e+06 4.65213e+06 4.57623e+06 4.55864e+06 4.33595e+06 4.49182e+06 4.30874e+06 4.26586e+06 4.24833e+06 4.17456e+06 4.13904e+06 4.1062e+06 4.06487e+06 3.93293e+06 3.97765e+06 3.87713e+06 3.83761e+06 3.81863e+06 3.81578e+06 3.81182e+06
threshold=1.0000000180025095e-35 0.0092129629629629645 1.0000000180025095e-35 0.45250000000000007 8.5000000000000018 0.34250000000000008 68.715197956577285 4.5000000000000009 9.5000000000000018 3.5000000000000004 0.00617857142857143 0.011361111111111112 0.0036851851851851859 0.2208547266686802 -7.4999999999999991 39.500000000000007 4.5000000000000009 0.0058796296296296305 0.020434774159192325 23.500000000000004 0.036128571823097942 0.038400106837606841 0.01902380952380953 -10.499999999999998 0.019922438672438678 0.027292458209171842 0.017087583550442369 38.500000000000007 117.50000000000001 1.0000000180025095e-35 1.5000000000000002 13.500000000000002 1.0000000180025095e-35 3.5000000000000004 1.0000000180025095e-35 0.042677078267540754 0.012224729090118363 64.078999341672173 0.013027777777777779 0.0086851851851851864 0.021271141431093685 7.5000000000000009 7.5000000000000009 1.0000000180025095e-35 159.07658536585367 37.500000000000007 3.5000000000000004 3.5000000000000004 1.0000000180025095e-35 0.012845238095238097 -9.4999999999999982 0.0070185185185185194 1.0000000180025095e-35 131.95095693779908 0.012638009845288329 0.005488095238095239 18.500000000000004 -8.4999999999999982 41.500000000000007 1.0000000180025095e-35 19.500000000000004 0.76750000000000018
decision_type=2 2 2 2 2 2 2 2 2 2 2 2 2 2 2 2 2 2 2 2 2 2 2 2 2 2 2 2 2 2 2 2 2 2 2 2 2 2 2 2 2 2 2 2 2 2 2 2 2 2 2 2 2 2 2 2 2 2 2 2 2 2
left_child=4 3 33 43 6 9 -1 29 12 13 19 36 -5 44 48 34 23 -14 38 -9 22 60 49 -15 26 27 -25 -26 -6 30 32 -32 39 50 35 37 -7 -16 41 40 -8 -19 59 55 57 -41 -39 -48 -12 -13 -3 -49 -38 -43 -17 -2 -57 -4 -59 -33 -22 -56
right_child=1 2 5 8 28 11 7 10 -10 -11 14 20 17 16 15 54 -18 18 -20 -21 21 -23 -24 24 25 -27 -28 -29 -30 -31 31 42 -34 -35 -36 -37 52 46 -40 45 -42 53 -44 -45 -46 -47 47 51 -50 -51 -52 -53 -54 -55 61 56 -58 58 -60 -61 -62 -63
leaf_value=7.6747109990606948 7.8279201057480154 -0.46290588364576668 -0.72591259990375345 6.197694187753874 -6.9448624657636318 -2.6224091678434145 -1.0949964077504084 -8.4425602470449927 -3.8714319956215735 -6.5897435391271975 -6.3521022201048032 -1.4821744823540999 4.167952333144938 -4.338503626700045 13.617459276556014 9.5176230819296261 -4.1273187646589191 -0.95272210150264591 3.7707804518752419 4.8065037481882786 5.6523965838204866 -11.756916871269498 -8.6908941449411383 1.5355811572042537 -9.9040268109445524 4.4239302453690188 8.8879127075124362 5.4553312331347463 0.63327119490599104 -11.155463221402302 -10.122582886070642 -3.3782185644042566 22.429562724591037 0.55801829254678992 26.24028591925806 7.6702682941178795 1.8581716616914628 -6.7753109088008632 -4.1623342979741142 -5.4907564776698816 9.229526909963532 3.9207940206067455 -7.8529127065655802 -8.114979877816948 -13.825162263692258 1.157581673386292 0.85526967351171612 2.4678045751265962 17.379002558302119 -6.0102059428220329 8.3493687977026667 -5.0845936870152686 -20.622704388095265 -19.234936464661061 3.747709020226563 5.4716528783771485 -4.0246199223902392 4.5720655158524641 11.685326652983814 14.343323070054078 -16.663665302430175 -6.8809301824970408
leaf_weight=428.26565563678741 2279.6310790777206 156.39185869693756 298.04300677776337 1654.6795029342175 3281.329257696867 1721.4699671566486 1129.9840528070927 95.228839606046677 904.31125792860985 523.30001065135002 967.50792118906975 958.02583369612694 2150.8517997264862 379.2063864171505 49.295581489801407 218.90733939409256 827.34842699766159 1859.9054094254971 1550.1804106533527 1028.1367719471455 297.06806007027626 82.460083663463593 1032.0664613842964 684.5556298494339 303.23952892422676 363.2835805118084 498.61198365688324 83.528363168239594 263.28475880622864 267.16549214720726 552.98225793242455 2189.7888532280922 26.104703336954117 402.10135129094124 16.739242434501648 140.63408771157265 1337.5871081054211 525.71569487452507 702.16466671228409 1310.9647361934185 127.41120088100433 905.20473608374596 692.88363033533096 57.258675783872604 34.442264050245285 320.9667800962925 955.13011333346367 223.54904025793076 19.513078600168228 1138.0276520550251 1089.9226408302784 1007.9957084357738 20.792774260044098 19.559028267860413 362.77017363905907 3441.7967100441456 113.92072728276253 1559.3466050922871 215.8587464094162 30.825917273759842 20.475546926259995 109.91498816013336
leaf_count=412 2334 240 474 2055 3273 2461 1366 130 1341 665 1146 1305 2945 519 36 286 1086 2825 2003 1396 347 103 1071 976 376 423 520 101 322 253 473 2447 19 564 5 164 1857 607 1049 1357 165 1385 640 92 36 341 1335 328 20 1309 1248 1299 12 16 531 4324 196 1985 209 20 18 115
internal_value=-3.57389e-09 1.70978 -0.361666 3.56767 -3.10368 -1.15725 -2.19572 -2.53745 2.05631 0.865274 -0.718654 -2.92353 2.66253 1.60872 -1.79422 -0.676505 -0.164848 1.84872 0.858381 3.68337 -4.77898 0.921173 -5.50788 1.25286 2.34962 -1.25388 4.63401 -6.58694 -6.38198 -4.10238 -3.80712 -5.19091 -2.16178 5.61275 -1.75719 -1.91867 -0.798005 -2.40697 -0.436417 -2.38396 -0.0488179 0.503087 -4.25488 6.06759 4.25076 -4.18317 -2.6982 -1.71799 -5.88295 -3.94062 7.24357 -3.71369 1.51406 3.43104 3.88483 6.20676 5.1674 4.55105 5.43701 -3.13221 4.21343 1.2762
internal_weight=46009.6 29666.6 14027.2 15639.5 16343 12378.7 12798.4 12370.1 9746.86 5770.76 5721.04 6607.97 8842.55 5247.46 4597.67 3610.65 3139.77 7187.87 5037.01 1123.37 3528.12 400.004 3128.12 2312.43 1933.22 750.051 1183.17 386.768 3544.61 6649.08 6381.91 3466.48 2915.43 1648.42 2919.06 2902.32 3079.85 2761.69 3486.83 2889.33 1257.4 2784.67 2913.5 5892.61 2107.69 1631.93 2712.39 2186.67 987.021 2096.05 1246.31 1231.54 1358.38 924.764 691.593 5835.35 3555.72 2073.25 1775.21 2220.61 317.544 472.685
internal_count=56956 38470 17905 20565 18486 15853 14891 14479 13619 7370 7398 8483 12278 6705 5872 4706 4001 10223 7278 1526 4153 468 3685 2915 2396 900 1496 477 3595 7081 6828 3580 3248 2052 3774 3769 4330 3605 5275 3229 1531 4226 3107 6946 2704 1698 3569 2962 1166 2614 1488 1627 1869 1401 932 6854 4520 2668 2194 2467 365 646
is_linear=0
shrinkage=0.05


Tree=24
num_leaves=63
num_cat=0
split_feature=12 5 16 0 43 51 6 256 28 72 23 2 1 37 1 23 37 35 51 12 35 256 25 0 15 8 0 37 277 37 34 43 22 43 22 8 43 40 35 40 155 37 43 40 35 43 277 43 1 41 1 43 40 276 43 0 41 35 5 12 41 0
split_gain=8.94769e+07 5.60311e+07 3.19669e+07 2.58522e+07 1.81861e+07 1.6314e+07 1.60235e+07 1.42385e+07 1.25309e+07 1.23894e+07 1.20064e+07 1.21701e+07 1.17317e+07 1.08848e+07 1.0687e+07 9.84071e+06 9.54915e+06 1.02699e+07 9.50521e+06 7.66426e+06 7.62786e+06 7.51619e+06 7.39668e+06 7.27446e+06 7.12613e+06 9.02992e+06 7.22805e+06 6.90878e+06 6.30568e+06 6.27564e+06 6.59337e+06 5.98554e+06 6.67472e+06 5.96109e+06 5.84404e+06 5.80254e+06 5.78928e+06 6.0333e+06 5.68418e+06 5.50401e+06 5.42294e+06 5.60193e+06 5.29032e+06 5.24854e+06 5.19599e+06 5.13918e+06 4.89823e+06 4.81078e+06 4.61454e+06 4.74094e+06 4.44678e+06 4.46106e+06 6.52901e+06 4.2423e+06 4.23297e+06 4.19553e+06 4.13565e+06 4.07745e+06 4.02821e+06 3.95243e+06 3.86535e+06 3.78114e+06
threshold=1.0000000180025095e-35 0.13293172690763055 2.5000000000000004 57.500000000000007 0.0050833333333333347 1.0000000180025095e-35 0.13021739130434787 1.0000000180025095e-35 23.022727272727277 1.0000000180025095e-35 52.667181467181472 -1.0000000180025095e-35 13.500000000000002 0.005488095238095239 -8.4999999999999982 147.91071428571431 0.01117857142857143 0.070833333333333345 1.0000000180025095e-35 15.500000000000002 0.16583333333333336 1.0000000180025095e-35 4.5000000000000009 81.500000000000014 3.5000000000000004 4.5000000000000009 38.500000000000007 0.0092129629629629645 1.0000000180025095e-35 0.014916666666666668 0.011803337562552448 0.0043541666666666676 23.500000000000004 0.011361111111111112 33.500000000000007 8.5000000000000018 0.0096944444444444465 0.018080740981365358 0.069166666666666682 0.011493691234738113 1.0000000180025095e-35 0.0084166666666666678 0.020879629629629633 0.021884897744585356 0.070833333333333345 0.052250000000000005 1.0000000180025095e-35 0.0055277777777777782 1.5000000000000002 0.047500000000000007 8.5000000000000018 0.015351851851851853 0.013039979237907879 1.0000000180025095e-35 0.031583333333333345 36.500000000000007 0.14583333333333334 0.1491666666666667 0.11451990632318503 13.500000000000002 0.20750000000000005 48.500000000000007
decision_type=2 2 2 2 2 2 2 2 2 2 2 2 2 2 2 2 2 2 2 2 2 2 2 2 2 2 2 2 2 2 2 2 2 2 2 2 2 2 2 2 2 2 2 2 2 2 2 2 2 2 2 2 2 2 2 2 2 2 2 2 2 2
left_child=5 2 3 4 -2 48 12 9 -6 10 -7 14 15 39 45 19 17 56 -15 28 27 35 24 29 25 34 40 -8 44 30 42 -13 -33 58 59 -4 -18 -38 43 -10 41 -27 47 -29 -5 -12 -26 -16 -1 -50 51 52 -34 -19 -35 -36 -3 -53 -32 -20 -11 -54
right_child=1 16 21 6 8 7 20 -9 13 60 11 31 -14 18 23 -17 36 53 22 -21 -22 -23 -24 -25 46 26 -28 38 -30 -31 33 32 50 54 55 -37 37 -39 -40 -41 -42 -43 -44 -45 -46 -47 -48 -49 49 -51 -52 57 61 -55 -56 -57 -58 -59 -60 -61 -62 -63
leaf_value=6.2516404702879322 6.0716839303784447 -3.1547009061987943 -0.58344575223780959 5.289756730270212 12.246335286471435 9.8682422914463643 2.5566853032401013 -8.5126518406131844 -0.73722252571732316 -8.601316040272712 -5.0814743105419655 1.3010259595518014 -3.1183923734419663 5.0164162803733339 3.4132948738747837 -7.7588884187134912 -0.93240398563359772 3.0390158619913992 2.1503017712242061 2.0965670656638409 8.6014139884104939 -9.4277464053932825 -14.305882095978099 7.0419747594083262 -3.4536488074952518 0.70535233514699691 0.67761372380166041 -10.534793626535153 -0.16561273032070925 -3.9890877582644699 9.6260426335559277 -9.9812758068284548 -4.3628732877177097 -2.3345893015813841 2.2320238797100269 -8.4127440658484414 -8.2587685754737503 -3.0822097827131363 -0.039622857054466082 6.3549789093659772 18.728290662536882 -7.5040557263329974 9.8545425533185131 5.709893908964756 7.847333315073989 10.17776017293788 -14.791741039890548 -4.377202516239791 -9.6989678165621953 3.2965889661577794 -6.8151903147547408 -6.7141717438172126 -2.4090515048345225 -12.867466389993883 14.427279285802081 11.640739401867755 4.3909106189209686 6.6196614613935809 -5.4098648936762572 -8.208831524715956 5.3376579423103969 4.6002162625157403
leaf_weight=522.40099108219147 1563.05385440588 2630.7209556102753 2752.3098951280117 3263.0305512845516 207.44148460030556 187.2289314866066 1339.6908816695213 1451.7671321332455 406.68923750519753 1169.1112837791443 1471.7586247622967 398.20192083716393 374.20508959889412 570.66934815049171 267.92517530918121 130.11171314120293 817.23692226409912 1391.922656416893 534.85687676072121 1072.7698900401592 307.29612219333649 310.44848591089249 115.18983688950539 382.77465343475342 1631.9811771810055 279.56219044327736 1232.554425150156 306.56003233790398 333.45099851489067 818.69612076878548 442.45765715837479 606.30157268047333 1066.8209999799728 318.02775850892067 206.48070195317268 258.91588494181633 1205.9266102015972 1055.5721572339535 619.21689003705978 835.70870453119278 23.802559554576874 809.58174827694893 97.200584143400192 59.348988771438599 5073.7324531972408 57.327591180801392 101.16227692365646 761.06933400034904 111.54183477163315 189.25814542174339 1282.5320184826851 964.86295092105865 333.29422330856323 43.218817293643951 42.725318044424057 278.02797257900238 195.0552866756916 60.957145929336548 49.530824512243271 111.22636100649834 51.945467352867126 455.16545364260674
leaf_count=716 1902 3797 4108 4353 129 169 1819 1355 592 1144 1787 549 518 766 338 142 1185 1910 751 1522 292 419 111 464 2212 387 1674 346 576 883 522 495 1338 376 275 363 1299 1372 847 1039 18 979 97 79 5365 54 112 889 107 265 1277 957 394 50 27 317 265 86 68 104 42 562
internal_value=-7.22418e-09 1.42543 2.54876 3.24536 1.17439 -3.4108 4.67774 -3.85167 0.132208 -3.2521 -2.67508 -2.91284 5.57155 -0.219872 -1.07431 5.90091 -2.41751 -0.884483 -1.11625 6.08333 1.19795 -2.02032 -1.77355 0.577211 -1.49643 -0.190614 -1.95991 0.219356 6.57662 -0.307304 1.21587 -4.58821 -5.07985 4.53257 3.47993 -1.25664 -4.53919 -5.84257 -2.95922 4.0334 -4.8809 -5.39686 -1.29549 -7.89997 6.84629 -4.50938 -4.11544 -2.34875 3.41099 -1.52239 -4.36612 -3.2759 -1.81292 2.56 -0.349419 7.63107 -2.63385 -5.92184 8.11231 0.366927 -8.00833 1.63729
internal_weight=46009.6 32448.7 25109.1 21787.4 8907.99 13560.9 12879.4 12737.7 7344.93 11285.9 10064.9 9877.63 10247.3 7137.49 4709.49 9873.1 7339.65 4260.92 5895.1 9742.98 2632.11 3321.67 5324.43 3180.41 5209.24 3476.09 2345.5 2324.82 8670.21 2797.63 1978.94 5168.14 4769.93 852.742 1130.59 3011.23 3078.74 2261.5 985.126 1242.4 1112.95 1089.14 1126.2 365.909 8336.76 1529.09 1733.14 1028.99 823.201 300.8 4163.63 2881.1 1855.28 1435.14 360.753 484.509 2825.78 1025.82 491.988 646.083 1221.06 788.46
internal_count=56956 41995 32117 27227 11368 14961 15859 13873 9466 12518 11332 11163 12476 9337 5505 11958 9878 6022 7706 11816 3383 4890 6940 3664 6829 4505 3058 3091 10294 3200 2317 5658 5109 993 1447 4471 3856 2671 1272 1631 1384 1366 1324 425 9718 1841 2324 1227 1088 372 4614 3337 2294 1960 403 592 4062 1043 590 855 1186 956
is_linear=0
shrinkage=0.05


Tree=25
num_leaves=63
num_cat=0
split_feature=46 5 43 0 6 32 277 1 5 37 34 27 16 21 41 43 38 6 11 41 23 32 41 43 32 17 0 1 37 44 38 37 37 34 15 1 8 43 11 16 22 6 34 37 43 20 8 23 37 35 8 34 16 34 37 43 11 11 43 276 14 21
split_gain=8.07529e+07 5.05681e+07 2.92033e+07 2.02493e+07 1.65162e+07 1.50066e+07 1.43149e+07 1.42215e+07 1.23711e+07 1.1137e+07 1.22506e+07 9.57885e+06 9.45728e+06 9.07615e+06 8.61988e+06 1.12136e+07 8.43114e+06 8.28707e+06 7.68634e+06 1.01754e+07 7.37287e+06 6.25888e+06 6.56532e+06 5.85106e+06 5.43753e+06 5.32944e+06 5.75787e+06 7.19093e+06 5.18788e+06 5.56638e+06 5.131e+06 4.99637e+06 4.97871e+06 6.19702e+06 4.96779e+06 4.90927e+06 4.90838e+06 4.83004e+06 4.93468e+06 4.74327e+06 4.73558e+06 4.68498e+06 5.13372e+06 6.44648e+06 4.64907e+06 4.57008e+06 4.43278e+06 4.35952e+06 4.44967e+06 4.94561e+06 4.26095e+06 4.12335e+06 4.08665e+06 4.10276e+06 5.47561e+06 4.2271e+06 4.05014e+06 3.9962e+06 4.23222e+06 3.92513e+06 3.88948e+06 3.80833e+06
threshold=1.0000000180025095e-35 0.13293172690763055 0.0085092592592592598 52.500000000000007 0.12922201138519926 0.070925553319919524 1.0000000180025095e-35 14.500000000000002 0.16152751423149908 0.0071944444444444451 0.00690358279254132 0.14608739837398377 2.5000000000000004 41.500000000000007 0.11750000000000001 0.0092129629629629645 0.31250000000000006 0.13811445341159209 0.21455026455026457 0.13416666666666668 83.635489510489535 0.13182720953326715 0.082500000000000004 0.0026875000000000007 0.085960591133004943 3.5000000000000004 37.500000000000007 -11.499999999999998 0.0030277777777777781 0.94583333333333341 0.99416666666666675 0.0046944444444444447 0.01235714285714286 0.010378978448293819 3.5000000000000004 -17.499999999999996 3.5000000000000004 0.030527777777777782 0.2242184982275218 1.0000000180025095e-35 33.500000000000007 0.042705167173252283 0.010808518564666922 0.018861111111111117 0.028638888888888891 1.0000000180025095e-35 3.5000000000000004 32.813226744186053 0.01117857142857143 0.070833333333333345 4.5000000000000009 0.028833729458265542 2.5000000000000004 0.021265684989302768 0.014694444444444447 0.034714285714285718 0.24257134451309212 0.28800719054956353 0.00617857142857143 1.0000000180025095e-35 32.500000000000007 26.500000000000004
decision_type=2 2 2 2 2 2 2 2 2 2 2 2 2 2 2 2 2 2 2 2 2 2 2 2 2 2 2 2 2 2 2 2 2 2 2 2 2 2 2 2 2 2 2 2 2 2 2 2 2 2 2 2 2 2 2 2 2 2 2 2 2 2
left_child=1 2 6 20 7 -2 12 11 9 10 28 18 13 21 15 23 17 50 -5 35 -4 22 31 -3 25 26 -22 -28 29 -7 32 -1 33 -18 44 -20 -15 38 -6 61 -29 42 -27 -44 46 -34 -35 -17 49 -49 -11 -40 53 54 55 -37 60 -33 -59 -25 -12 -16
right_child=5 14 3 4 37 8 -8 -9 -10 16 56 -13 -14 36 39 47 30 -19 19 -21 24 -23 -24 59 -26 41 27 40 -30 -31 -32 57 45 34 -36 52 -38 -39 51 -41 -42 -43 43 -45 -46 -47 -48 48 -50 -51 -52 -53 -54 -55 -56 -57 -58 58 -60 -61 -62 -63
leaf_value=6.0827764606780432 5.5660270048561928 9.9853758533279873 4.907247803088695 6.94040899166309 0.61696112882344945 10.895007003966136 -3.8895477844144866 -7.4104095476032485 -6.5401502544017989 8.8642580371130535 6.8914980748612926 -8.6800925694554696 -0.0033829506531084619 11.181388761590849 -11.555943957468275 10.332190702947358 -5.5569643072306736 -4.123150620166494 -11.96422340965298 7.2753962804227585 -3.053827757904934 -5.9689269120062143 6.8973716642771725 -0.63115401429917972 -12.321707820705747 -9.2738478454121775 -9.6122272594709059 -0.3929141779606054 -5.0200334589462043 -2.3964650731047441 7.458138955318133 3.6348018031127092 -6.3411684535032729 8.9677501823404633 -3.6539809772116074 2.8479441282893614 3.2215491279677977 5.4011887549673148 -6.1482542709935624 -0.98265815409259172 5.0050640005701537 -8.4031726364383612 4.0721792451132739 -9.6548090292478967 19.925456541898093 12.085197350232651 -1.0190704225800276 -4.9151015472980042 -6.7698902327586667 1.0874387511309838 0.76385224714136968 3.6956210086232737 -1.83525200809314 5.5249394987760247 -5.383644473619519 -21.355232764976833 0.61357652320933187 3.2558657595180209 -4.4119237169212893 -10.397936965842966 -13.429705990901159 6.5257907487303548
leaf_weight=1806.0922781825066 467.10346251726151 125.98273253440857 398.04727351665497 1889.5054504871368 664.94343981146812 116.93947032094002 510.3491376042366 286.28580850362778 2742.6421006917953 237.66799655556679 648.54468637704849 146.09977000951767 981.13591659069061 863.58734855055809 31.115007668733597 46.559863269329071 1472.0743371546268 741.52624863386154 64.005127727985382 1111.2296025753021 1631.4177013635635 137.78191056847572 2558.2214895486832 2295.9154509603977 128.54474943876266 175.72518217563629 145.28475314378738 919.75718033313751 1057.2963905930519 241.33746406435966 87.437079578638077 3551.1980926096439 3066.1785278320312 143.16964903473854 789.92520108819008 1496.9857952594757 249.66421821713448 205.97746366262436 872.47447139024734 746.75145915150642 727.81828278303146 511.6259877383709 353.75564667582512 112.8010096848011 35.026505142450333 34.023302912712097 496.23193046450615 1213.053543895483 1839.8383687436581 478.52110663056374 512.2260203063488 121.15126478672028 568.20263329148293 927.04145947098732 253.46257695555687 18.2601138651371 647.09934678673744 372.45822966098785 348.18526649475098 107.69591519236565 24.433993577957153 454.21995764970779
leaf_count=2226 451 127 437 2301 892 164 926 317 2696 258 836 172 1626 743 41 44 1627 907 83 1190 1966 168 2666 3524 125 195 172 1317 1233 251 128 4875 3093 168 1017 2247 344 219 1181 1037 984 626 428 131 27 40 598 1614 2129 653 601 159 863 1121 361 13 839 539 504 132 27 577
internal_value=7.14071e-10 1.35416 2.42133 0.86903 2.34619 -3.24026 4.29445 3.49516 -3.55441 -2.76331 -0.0269097 3.97735 4.67875 5.14337 -2.29663 -3.06624 -3.74628 -0.375085 4.26955 3.13272 -1.62695 4.60376 4.77243 -0.518228 -2.17954 -1.89478 -0.904479 1.05133 -3.25802 1.94179 -4.56729 3.87804 -4.74147 -3.26604 -0.963045 1.74945 9.39627 -1.82012 -2.71693 1.51838 1.99165 -4.83353 -1.99004 0.753358 2.18872 -6.13895 1.2171 -4.86766 -5.06806 -3.21707 3.33116 -4.94801 2.01838 2.83063 1.41845 2.55627 3.43794 2.9459 -0.448894 -1.06876 6.15369 5.36656
internal_weight=46009.6 32448.7 25109.1 13730.4 8625.62 13560.9 11378.7 6761.08 13093.8 10351.1 2735.65 6474.79 10868.3 9887.19 7339.65 6107.57 7615.49 1491.42 6328.69 4439.19 5104.78 8773.94 8636.16 2529.59 4706.73 4578.19 3424.28 1792.86 1415.57 358.277 6124.07 6077.93 6036.63 2936.43 1464.35 3327.96 1113.25 1864.55 1658.57 1232.09 1647.58 1153.91 642.282 466.557 674.428 3100.2 639.402 3577.97 3531.41 1691.57 749.894 993.626 3263.95 2695.75 1768.71 1515.25 1320.08 4271.84 720.643 2403.61 672.979 485.335
internal_count=56956 41995 32117 17500 11119 14961 14617 8668 14510 11814 3350 8351 13691 12065 9878 8223 8464 1766 8179 5878 6381 10978 10810 3783 5944 5819 4439 2473 1648 415 6698 8144 6570 3437 1810 4688 1087 2451 2232 1655 2301 1380 754 559 793 3133 766 4440 4396 2267 859 1340 4605 3742 2621 2260 1702 5918 1043 3656 863 618
is_linear=0
shrinkage=0.05


Tree=26
num_leaves=63
num_cat=0
split_feature=48 256 1 13 256 1 10 1 0 6 5 32 11 28 43 11 28 282 1 21 277 16 6 0 29 6 38 43 14 6 15 35 35 40 44 39 20 114 1 28 329 21 178 28 1 0 11 5 23 11 40 0 33 8 43 43 35 6 23 43 42 43
split_gain=7.3833e+07 3.22938e+07 2.68962e+07 2.16693e+07 1.88417e+07 1.78278e+07 2.0736e+07 2.17818e+07 1.69336e+07 1.46099e+07 1.27007e+07 1.10014e+07 9.89846e+06 9.47046e+06 1.04974e+07 8.77711e+06 8.4406e+06 7.6735e+06 7.33783e+06 6.93372e+06 6.75044e+06 6.60194e+06 6.49635e+06 6.8018e+06 6.40008e+06 5.75015e+06 5.69125e+06 5.55235e+06 5.21827e+06 5.27368e+06 5.08658e+06 5.00562e+06 5.34476e+06 4.86411e+06 5.48881e+06 5.22736e+06 4.85787e+06 4.81672e+06 4.68652e+06 4.5692e+06 4.44016e+06 4.42624e+06 4.35479e+06 4.32751e+06 4.20003e+06 4.64231e+06 4.53575e+06 4.15398e+06 4.02037e+06 3.89572e+06 4.12444e+06 3.88285e+06 5.69835e+06 5.13998e+06 4.87918e+06 3.77794e+06 3.89472e+06 3.74385e+06 3.6628e+06 3.79421e+06 3.6838e+06 3.57115e+06
threshold=1.0000000180025095e-35 1.0000000180025095e-35 10.500000000000002 12.500000000000002 1.0000000180025095e-35 5.5000000000000009 3.5000000000000004 -10.499999999999998 47.500000000000007 0.12208672086720869 0.12560679611650488 0.14379699248120303 0.2310870947234584 28.928205128205132 0.0086388888888888904 0.19678585258809864 166.36231884057975 1.0000000180025095e-35 -13.499999999999998 39.500000000000007 1.0000000180025095e-35 1.5000000000000002 0.14608739837398377 52.500000000000007 1.5000000000000002 0.10050505050505053 0.99416666666666675 0.031888888888888904 4.5000000000000009 0.12318229715489991 3.5000000000000004 0.10750000000000003 0.13416666666666668 0.036128571823097942 0.24083333333333337 0.026682389937106924 1.0000000180025095e-35 1.0000000180025095e-35 -8.4999999999999982 60.988095238095248 1.0000000180025095e-35 39.500000000000007 1.0000000180025095e-35 26.831349206349213 12.500000000000002 42.500000000000007 0.24747371644380936 0.17047223663726002 94.775985663082452 0.23887201162329946 0.020308210010451848 13.500000000000002 0.010161945974298455 3.5000000000000004 0.00617857142857143 0.0055277777777777782 0.12750000000000003 0.19378911892152145 35.666295884315915 0.0036851851851851859 6.5000000000000009 0.016178571428571431
decision_type=2 2 2 2 2 2 2 2 2 2 2 2 2 2 2 2 2 2 2 2 2 2 2 2 2 2 2 2 2 2 2 2 2 2 2 2 2 2 2 2 2 2 2 2 2 2 2 2 2 2 2 2 2 2 2 2 2 2 2 2 2 2
left_child=4 2 3 8 5 6 26 27 13 16 11 20 41 -2 48 -4 17 21 -11 58 22 49 23 28 -24 43 31 -8 38 -30 33 36 -33 35 -35 -16 37 42 -9 -20 -25 57 51 -14 45 -7 -47 -23 -15 -10 -51 -1 54 -54 -53 -17 -57 -5 -12 -60 -61 -43
right_child=1 -3 15 12 -6 44 7 10 9 18 19 -13 25 14 30 55 -18 -19 39 -21 -22 47 24 40 -26 -27 -28 -29 29 -31 -32 32 -34 34 -36 -37 -38 -39 -40 -41 -42 61 -44 -45 -46 46 -48 -49 -50 50 -52 52 53 -55 -56 56 -58 -59 59 60 -62 -63
leaf_value=-8.2250503106278696 11.339374550977245 -7.0695049240903973 5.040973879993448 2.0126473921365853 -7.3979789773956517 -5.4532973197199643 -5.3607844003080016 -5.9933719936433407 7.2539943466737897 -4.4492912348582117 12.045945772375584 -10.796304163975568 14.732828220899718 3.6472677942604506 -0.63861622013946429 1.1904804251837002 -10.544752447550453 -6.6251257592471591 10.540116406518729 4.123313125591725 -5.1144326149052493 3.4949841300225621 19.466260898805693 6.9406408458637205 -0.43941507822916237 -5.221857391769543 3.3647370439514606 7.2599515453091712 -5.6959691284631431 15.430775377429967 -6.4691310486830718 11.800330397470843 -2.4553042051132419 -10.216168699863246 9.0102691698197344 -9.3068614678794628 15.657455736589379 14.820535375082365 4.340717353121013 1.8297106171600157 -3.6406156826232157 9.0818019749134837 13.79440285164711 -0.86819946645588519 -5.8652462597368791 0.7213330066192426 -3.8631742639242148 -6.1571254300501845 -11.789278902448622 3.5857204825808688 7.08355083388573 5.9413847302571225 -1.1156694914821428 -7.6186970053366272 -3.0764933533739458 -6.8816589634679097 2.0979019870152329 -5.0306021995710779 7.4956932067660667 -3.5413246906154243 13.003092210485079 -2.4408588185980271
leaf_weight=870.93214690685272 204.81201258301735 975.63600534200668 251.31289702653885 1726.245596498251 1594.715637922287 1264.4986561834812 1622.0855568349361 119.02953141927719 4499.4094881117344 464.16898748278618 42.198703467845917 143.38030099868774 45.563673287630081 1695.5354933738708 1403.8907252252102 211.52105566859245 82.34863069653511 128.11706683039665 161.87605386972427 476.22212117910385 231.64285582304001 1490.009718388319 41.913301706314087 2085.5971488654613 1104.1758405566216 977.35666000843048 259.62270006537437 92.093727797269821 285.33652454614639 32.949475437402725 477.6657931804657 93.05925777554512 224.04896706342697 44.914033561944962 213.94459515810013 198.51807349920273 28.687855869531631 30.37444993853569 1401.2224110662937 2153.3068045377731 104.09161487221718 346.93177652359009 29.980197906494141 1818.5328664183617 2153.904486566782 1048.0517245233059 1111.8957637250423 120.48418721556664 43.255964159965515 2046.6455825269222 1432.7380189597607 193.37111470103264 399.61390700936317 1268.0741003453732 668.68920761346817 1221.7402686476707 133.99975481629372 211.82624390721321 85.377090066671371 2002.8398842215538 34.220828086137772 83.408633440732956
leaf_count=844 142 1317 355 2297 1561 1409 1909 124 4814 661 30 127 17 2277 1891 358 113 203 107 646 378 2118 20 2636 1400 1402 309 98 366 30 645 111 281 61 217 195 33 29 1767 2878 134 372 44 2706 2188 1467 1559 169 61 2753 1483 290 477 1231 811 1540 229 292 108 2725 33 108
internal_value=6.02685e-09 1.84698 2.21112 2.69269 -2.1721 -1.7458 -0.791691 0.442595 3.56353 4.48806 1.51531 2.87359 -0.12578 0.847907 0.320952 -3.63351 5.39553 5.53061 1.28839 -1.3389 3.23615 5.69302 3.60999 4.55499 0.28855 -2.11553 -3.79795 -4.68274 2.31276 -3.50889 -1.86639 -4.28644 1.72818 -0.685167 5.67433 -1.7125 -4.83299 -5.00283 3.5316 2.43874 6.43764 2.26138 -5.17834 -0.486867 -4.13533 -3.04725 -1.63868 2.77289 3.26325 6.28244 5.02605 -5.34561 -4.35428 -6.06043 -1.05367 -5.02448 -5.99413 1.24284 -2.54059 -2.8306 -3.26339 6.84848
internal_weight=46009.6 24865.7 23890.1 22071.5 21143.9 19549.2 13970.8 9904.38 16861.6 12579.1 8190.2 5549.34 5209.87 4282.54 4077.72 1818.57 9799.75 9717.4 2779.35 2640.86 5405.96 9589.29 5174.32 4028.23 1146.09 2841.45 4066.45 1714.18 1838.54 318.286 2338.93 3806.83 317.108 1861.27 258.859 1602.41 3489.72 3461.04 1520.25 2315.18 2189.69 2368.41 3430.66 1864.1 5578.35 3424.45 2159.95 1610.49 1738.79 7978.79 3479.38 3400.68 2529.75 1667.69 862.06 1567.26 1355.74 1938.07 2164.64 2122.44 2037.06 430.34
internal_count=56956 31781 30464 27982 25175 23614 16991 12531 20788 15299 10524 6982 7194 5489 5347 2482 11653 11540 3646 3542 6855 11337 6477 5057 1420 4125 4460 2007 2287 396 3009 4151 392 2364 278 2086 3759 3726 1891 2985 2770 3069 3697 2723 6623 4435 3026 2287 2338 9050 4236 3653 2809 1708 1101 2127 1769 2589 2896 2866 2758 480
is_linear=0
shrinkage=0.05


end of trees

feature_importances:
Column_1=194
Column_43=170
Column_37=129
Column_41=110
Column_11=82
Column_35=80
Column_28=70
Column_0=63
Column_40=60
Column_5=52
Column_23=49
Column_6=47
Column_16=44
Column_34=42
Column_39=39
Column_12=38
Column_256=34
Column_13=29
Column_38=27
Column_32=22
Column_51=22
Column_27=20
Column_21=18
Column_8=17
Column_44=14
Column_46=14
Column_48=14
Column_14=13
Column_15=12
Column_10=11
Column_7=10
Column_33=10
Column_72=10
Column_22=9
Column_45=9
Column_276=9
Column_277=7
Column_9=6
Column_2=5
Column_49=5
Column_114=5
Column_36=4
Column_4=3
Column_17=3
Column_29=3
Column_296=3
Column_3=2
Column_18=2
Column_19=2
Column_20=2
Column_25=2
Column_31=2
Column_63=2
Column_66=2
Column_239=2
Column_266=2
Column_282=2
Column_26=1
Column_30=1
Column_42=1
Column_50=1
Column_76=1
Column_112=1
Column_116=1
Column_155=1
Column_178=1
Column_263=1
Column_278=1
Column_303=1
Column_304=1
Column_329=1
Column_413=1

parameters:
[boosting: gbdt]
[objective: regression]
[metric: l2]
[tree_learner: serial]
[device_type: cpu]
[data_sample_strategy: bagging]
[data: ]
[valid: ]
[num_iterations: 500]
[learning_rate: 0.05]
[num_leaves: 63]
[num_threads: 16]
[seed: 42]
[deterministic: 0]
[force_col_wise: 0]
[force_row_wise: 0]
[histogram_pool_size: -1]
[max_depth: -1]
[min_data_in_leaf: 20]
[min_sum_hessian_in_leaf: 0.001]
[bagging_fraction: 0.8]
[pos_bagging_fraction: 1]
[neg_bagging_fraction: 1]
[bagging_freq: 0]
[bagging_seed: 400]
[bagging_by_query: 0]
[feature_fraction: 0.8]
[feature_fraction_bynode: 1]
[feature_fraction_seed: 30056]
[extra_trees: 0]
[extra_seed: 12879]
[early_stopping_round: 0]
[early_stopping_min_delta: 0]
[first_metric_only: 0]
[max_delta_step: 0]
[lambda_l1: 0]
[lambda_l2: 0]
[linear_lambda: 0]
[min_gain_to_split: 0]
[drop_rate: 0.1]
[max_drop: 50]
[skip_drop: 0.5]
[xgboost_dart_mode: 0]
[uniform_drop: 0]
[drop_seed: 17869]
[top_rate: 0.2]
[other_rate: 0.1]
[min_data_per_group: 100]
[max_cat_threshold: 32]
[cat_l2: 10]
[cat_smooth: 10]
[max_cat_to_onehot: 4]
[top_k: 20]
[monotone_constraints: ]
[monotone_constraints_method: basic]
[monotone_penalty: 0]
[feature_contri: ]
[forcedsplits_filename: ]
[refit_decay_rate: 0.9]
[cegb_tradeoff: 1]
[cegb_penalty_split: 0]
[cegb_penalty_feature_lazy: ]
[cegb_penalty_feature_coupled: ]
[path_smooth: 0]
[interaction_constraints: ]
[verbosity: -1]
[saved_feature_importance_type: 0]
[use_quantized_grad: 0]
[num_grad_quant_bins: 4]
[quant_train_renew_leaf: 0]
[stochastic_rounding: 1]
[linear_tree: 0]
[max_bin: 255]
[max_bin_by_feature: ]
[min_data_in_bin: 3]
[bin_construct_sample_cnt: 200000]
[data_random_seed: 175]
[is_enable_sparse: 1]
[enable_bundle: 1]
[use_missing: 1]
[zero_as_missing: 0]
[feature_pre_filter: 1]
[pre_partition: 0]
[two_round: 0]
[header: 0]
[label_column: ]
[weight_column: ]
[group_column: ]
[ignore_column: ]
[categorical_feature: ]
[forcedbins_filename: ]
[precise_float_parser: 0]
[parser_config_file: ]
[objective_seed: 16083]
[num_class: 1]
[is_unbalance: 0]
[scale_pos_weight: 1]
[sigmoid: 1]
[boost_from_average: 1]
[reg_sqrt: 0]
[alpha: 0.9]
[fair_c: 1]
[poisson_max_delta_step: 0.7]
[tweedie_variance_power: 1.5]
[lambdarank_truncation_level: 30]
[lambdarank_norm: 1]
[label_gain: ]
[lambdarank_position_bias_regularization: 0]
[eval_at: ]
[multi_error_top_k: 1]
[auc_mu_weights: ]
[num_machines: 1]
[local_listen_port: 12400]
[time_out: 120]
[machine_list_filename: ]
[machines: ]
[gpu_platform_id: -1]
[gpu_device_id: -1]
[gpu_use_dp: 0]
[num_gpu: 1]

end of parameters

pandas_categorical:null
